[
    {
        "#": 1,
        "Track Title": "PAM",
        "Artist": "Justin Quiles, Daddy Yankee, El Alfa",
        "Key": "1B",
        "Energy": 8.767,
        "Popularity": 6.8500000000000005,
        "BPM": 113,
        "DJ Play Count": 0,
        "Rating": "*******",
        "My Tag": [
            "Sp- Bach Israel",
            "2020s",
            "Latin",
            "Hip Hop",
            "Happy",
            "PEGI 16 [Age]"
        ],
        "Additional Info": {
            "id": "0eeKDrQxjqNl5bX5VCHDcn",
            "explicit": true,
            "album": "PAM",
            "release_date": "2020-05-01",
            "genres": [
                "reggaeton",
                "trap latino",
                "urbano latino",
                "latin hip hop",
                "reggaeton",
                "trap latino",
                "urbano latino",
                "dembow",
                "rap dominicano",
                "reggaeton",
                "trap latino",
                "urbano latino"
            ],
            "duration": 201000,
            "acousticness": 0.289,
            "danceability": 9.001,
            "instrumentalness": 0.000603,
            "liveness": 0.0798,
            "loudness": -3.011,
            "speechiness": 0.0757,
            "time_signature": 4,
            "happiness": 7.984
        }
    },
    {
        "#": 2,
        "Track Title": "Papi",
        "Artist": "Daddiest",
        "Key": "6A",
        "Energy": 7.723,
        "Popularity": 3.88,
        "BPM": 122,
        "DJ Play Count": 0,
        "Rating": "*******",
        "My Tag": [
            "Sp- Bach Israel",
            "2020s"
        ],
        "Additional Info": {
            "id": "4cNtEEaqYk1m2F0c5WtQUq",
            "explicit": false,
            "album": "Papi",
            "release_date": "2023-03-11",
            "genres": [],
            "duration": 333089,
            "acousticness": 0.0137,
            "danceability": 7.048,
            "instrumentalness": 0.76,
            "liveness": 0.248,
            "loudness": -9.981,
            "speechiness": 0.0322,
            "time_signature": 4,
            "happiness": 3.079
        }
    },
    {
        "#": 3,
        "Track Title": "Bucovina - Ian Oliver's Radio Mix",
        "Artist": "Shantel, Ian Oliver",
        "Key": "1B",
        "Energy": 9.208,
        "Popularity": 3.97,
        "BPM": 125,
        "DJ Play Count": 0,
        "Rating": "*******",
        "My Tag": [
            "Sp- Bach Israel",
            "2010s",
            "Happy"
        ],
        "Additional Info": {
            "id": "5BmyGjYqmgN5TK6RVSrpQR",
            "explicit": false,
            "album": "Shantology // The Bucovina Club Years",
            "release_date": "2017-11-02",
            "genres": [
                "balkan beats",
                "balkan brass",
                "gypsy fusion"
            ],
            "duration": 188217,
            "acousticness": 0.00262,
            "danceability": 8.290000000000001,
            "instrumentalness": 0.881,
            "liveness": 0.293,
            "loudness": -4.375,
            "speechiness": 0.0458,
            "time_signature": 4,
            "happiness": 7.191999999999999
        }
    },
    {
        "#": 4,
        "Track Title": "La Mamá de la Mamá",
        "Artist": "El Alfa, Chael Produciendo, CJ, El Cherry Scom",
        "Key": "1B",
        "Energy": 9.343,
        "Popularity": 7.66,
        "BPM": 130,
        "DJ Play Count": 0,
        "Rating": "*******",
        "My Tag": [
            "Sp- Bach Israel",
            "2020s",
            "Latin",
            "Hip Hop",
            "Happy",
            "PEGI 16 [Age]"
        ],
        "Additional Info": {
            "id": "2L95U6syP0bV3fkYYOzmiW",
            "explicit": true,
            "album": "La Mamá de la Mamá",
            "release_date": "2021-04-08",
            "genres": [
                "dembow",
                "rap dominicano",
                "reggaeton",
                "trap latino",
                "urbano latino",
                "dembow dominicano",
                "nyc rap",
                "dembow"
            ],
            "duration": 219000,
            "acousticness": 0.283,
            "danceability": 9.298,
            "instrumentalness": 0.00331,
            "liveness": 0.719,
            "loudness": -3.025,
            "speechiness": 0.105,
            "time_signature": 4,
            "happiness": 8.164000000000001
        }
    },
    {
        "#": 5,
        "Track Title": "שרדונה",
        "Artist": "ECHO",
        "Key": "7A",
        "Energy": 7.353999999999999,
        "Popularity": 4.51,
        "BPM": 129,
        "DJ Play Count": 0,
        "Rating": "*******",
        "My Tag": [
            "Sp- Bach Israel",
            "2020s",
            "Hip Hop",
            "Israeli - Kibutz",
            "Happy"
        ],
        "Additional Info": {
            "id": "3OXXhXS9mzhONhOq88OE8b",
            "explicit": false,
            "album": "שרדונה",
            "release_date": "2023-05-15",
            "genres": [
                "israeli hip hop"
            ],
            "duration": 176279,
            "acousticness": 0.0516,
            "danceability": 8.389,
            "instrumentalness": 1.23e-05,
            "liveness": 0.0858,
            "loudness": -7.706,
            "speechiness": 0.133,
            "time_signature": 4,
            "happiness": 9.450999999999999
        }
    },
    {
        "#": 6,
        "Track Title": "Dam Dam - (Ena Tefariki)",
        "Artist": "Shlomi Saranga",
        "Key": "6A",
        "Energy": 6.418,
        "Popularity": 3.97,
        "BPM": 141,
        "DJ Play Count": 0,
        "Rating": "*******",
        "My Tag": [
            "Sp- Bach Israel",
            "2010s",
            "Pop",
            "Israeli - Kibutz",
            "Happy"
        ],
        "Additional Info": {
            "id": "6u0PDwOTh6Mu8ORJ1xOnU6",
            "explicit": false,
            "album": "מיסירלו",
            "release_date": "2018-03-21",
            "genres": [
                "classic israeli pop",
                "israeli pop"
            ],
            "duration": 224978,
            "acousticness": 0.448,
            "danceability": 7.516,
            "instrumentalness": 0,
            "liveness": 0.169,
            "loudness": -5.443,
            "speechiness": 0.0304,
            "time_signature": 4,
            "happiness": 8.245000000000001
        }
    },
    {
        "#": 7,
        "Track Title": "Melody",
        "Artist": "Polo & Pan",
        "Key": "10B",
        "Energy": 5.869000000000001,
        "Popularity": 5.2299999999999995,
        "BPM": 121,
        "DJ Play Count": 0,
        "Rating": "*******",
        "My Tag": [
            "Sp- Bach Israel",
            "2020s"
        ],
        "Additional Info": {
            "id": "6GIbY3GZ0FCUvls8L3UVG7",
            "explicit": false,
            "album": "Cyclorama",
            "release_date": "2021-06-25",
            "genres": [
                "dark disco",
                "electro-pop francais",
                "french indietronica"
            ],
            "duration": 297880,
            "acousticness": 0.241,
            "danceability": 7.1290000000000004,
            "instrumentalness": 0.306,
            "liveness": 0.103,
            "loudness": -9.64,
            "speechiness": 0.04,
            "time_signature": 4,
            "happiness": 4.311999999999999
        }
    },
    {
        "#": 8,
        "Track Title": "Bye Dubai (باي دُبيّ)",
        "Artist": "Riff Cohen",
        "Key": "10B",
        "Energy": 6.9670000000000005,
        "Popularity": 3.0700000000000003,
        "BPM": 124,
        "DJ Play Count": 0,
        "Rating": "*******",
        "My Tag": [
            "Sp- Bach Israel",
            "2020s"
        ],
        "Additional Info": {
            "id": "3KqGcccFGmWr8bC7t6TUk3",
            "explicit": false,
            "album": "Bye Dubai (باي دُبيّ)",
            "release_date": "2022-05-13",
            "genres": [
                "israeli indie",
                "israeli singer-songwriter"
            ],
            "duration": 277742,
            "acousticness": 5.51e-05,
            "danceability": 7.209999999999999,
            "instrumentalness": 0.0122,
            "liveness": 0.202,
            "loudness": -7.676,
            "speechiness": 0.0451,
            "time_signature": 4,
            "happiness": 1.306
        }
    },
    {
        "#": 9,
        "Track Title": "Copines",
        "Artist": "Aya Nakamura",
        "Key": "4A",
        "Energy": 8.083,
        "Popularity": 7.75,
        "BPM": 90,
        "DJ Play Count": 0,
        "Rating": "*******",
        "My Tag": [
            "Sp- Bach Israel",
            "2010s",
            "Happy"
        ],
        "Additional Info": {
            "id": "1Bhm5HNO1cq8olDbBmokyL",
            "explicit": false,
            "album": "NAKAMURA",
            "release_date": "2018-11-02",
            "genres": [
                "basshall",
                "pop urbaine",
                "r&b francais"
            ],
            "duration": 171720,
            "acousticness": 0.27,
            "danceability": 7.308999999999999,
            "instrumentalness": 0,
            "liveness": 0.105,
            "loudness": -3.941,
            "speechiness": 0.0855,
            "time_signature": 4,
            "happiness": 9.136000000000001
        }
    },
    {
        "#": 10,
        "Track Title": "אין לנו סוף",
        "Artist": "Narkis",
        "Key": "6B",
        "Energy": 6.4719999999999995,
        "Popularity": 4.87,
        "BPM": 89,
        "DJ Play Count": 0,
        "Rating": "*******",
        "My Tag": [
            "Sp- Bach Israel",
            "2020s",
            "Pop",
            "Israeli - Kibutz"
        ],
        "Additional Info": {
            "id": "2eS1TH7IsLKMuG29fejmp4",
            "explicit": false,
            "album": "אין לנו סוף",
            "release_date": "2023-01-02",
            "genres": [
                "israeli pop"
            ],
            "duration": 190449,
            "acousticness": 0.304,
            "danceability": 5.716,
            "instrumentalness": 2.7e-05,
            "liveness": 0.0754,
            "loudness": -6.579,
            "speechiness": 0.0435,
            "time_signature": 4,
            "happiness": 5.455
        }
    },
    {
        "#": 11,
        "Track Title": "HOT",
        "Artist": "Daddy Yankee, Pitbull",
        "Key": "1A",
        "Energy": 7.093,
        "Popularity": 1.9,
        "BPM": 130,
        "DJ Play Count": 0,
        "Rating": "*******",
        "My Tag": [
            "Sp- Bach Israel",
            "2020s",
            "Dance Remixes",
            "Hip Hop",
            "Pop",
            "Latin",
            "PEGI 16 [Age]"
        ],
        "Additional Info": {
            "id": "58yWZ3DGpKF8DuF90RQrQC",
            "explicit": true,
            "album": "Dance O'clock - Hot Dance Hits",
            "release_date": "2023-03-08",
            "genres": [
                "latin hip hop",
                "reggaeton",
                "trap latino",
                "urbano latino",
                "dance pop",
                "miami hip hop",
                "pop"
            ],
            "duration": 154493,
            "acousticness": 0.0223,
            "danceability": 9.082,
            "instrumentalness": 0,
            "liveness": 0.35,
            "loudness": -6.422,
            "speechiness": 0.243,
            "time_signature": 4,
            "happiness": 6.202
        }
    },
    {
        "#": 12,
        "Track Title": "MY POWER",
        "Artist": "Nija, Beyoncé, Busiswa, Yemi Alade, Tierra Whack, Moonchild Sanelly, DJ Lag",
        "Key": "9B",
        "Energy": 8.74,
        "Popularity": 7.03,
        "BPM": 127,
        "DJ Play Count": 0,
        "Rating": "*******",
        "My Tag": [
            "Sp- Bach Israel",
            "2010s",
            "Romantic & Slow Dance",
            "Pop",
            "Happy"
        ],
        "Additional Info": {
            "id": "7ia5l12mCvbQTeAnG1oYpg",
            "explicit": false,
            "album": "The Lion King: The Gift",
            "release_date": "2019-07-19",
            "genres": [
                "pop",
                "r&b",
                "afro soul",
                "south african house",
                "south african pop",
                "afrobeats",
                "afropop",
                "azontobeats",
                "nigerian pop",
                "alternative r&b",
                "south african pop",
                "south african pop dance",
                "gqom"
            ],
            "duration": 259742,
            "acousticness": 0.0159,
            "danceability": 7.957,
            "instrumentalness": 0,
            "liveness": 0.236,
            "loudness": -4.966,
            "speechiness": 0.13,
            "time_signature": 4,
            "happiness": 7.435
        }
    },
    {
        "#": 13,
        "Track Title": "תיק קטן",
        "Artist": "Ness, סטילה",
        "Key": "3B",
        "Energy": 4.141,
        "Popularity": 6.8500000000000005,
        "BPM": 138,
        "DJ Play Count": 0,
        "Rating": "*******",
        "My Tag": [
            "Sp- Bach Israel",
            "2020s",
            "Hip Hop",
            "Israeli - Kibutz"
        ],
        "Additional Info": {
            "id": "3mCCFs2hdDM2mObzARzxOg",
            "explicit": false,
            "album": "תיק קטן",
            "release_date": "2023-04-30",
            "genres": [
                "israeli hip hop"
            ],
            "duration": 173897,
            "acousticness": 0.531,
            "danceability": 8.623,
            "instrumentalness": 2.33e-06,
            "liveness": 0.0621,
            "loudness": -14.929,
            "speechiness": 0.486,
            "time_signature": 4,
            "happiness": 4.771
        }
    },
    {
        "#": 14,
        "Track Title": "ג׳ינג׳ר ג׳ראס",
        "Artist": "ECHO",
        "Key": "1A",
        "Energy": 6.1209999999999996,
        "Popularity": 2.5300000000000002,
        "BPM": 96,
        "DJ Play Count": 0,
        "Rating": "*******",
        "My Tag": [
            "Sp- Bach Israel",
            "2010s",
            "Hip Hop",
            "Israeli - Kibutz"
        ],
        "Additional Info": {
            "id": "2OehquRkN6Cb8aIDDNKHgi",
            "explicit": false,
            "album": "אחת",
            "release_date": "2018-08-19",
            "genres": [
                "israeli hip hop"
            ],
            "duration": 221972,
            "acousticness": 0.107,
            "danceability": 7.57,
            "instrumentalness": 0.000347,
            "liveness": 0.139,
            "loudness": -8.319,
            "speechiness": 0.396,
            "time_signature": 4,
            "happiness": 4.9239999999999995
        }
    },
    {
        "#": 15,
        "Track Title": "מושלמת",
        "Artist": "ECHO, Nunu",
        "Key": "9B",
        "Energy": 4.429,
        "Popularity": 4.51,
        "BPM": 120,
        "DJ Play Count": 0,
        "Rating": "*******",
        "My Tag": [
            "Sp- Bach Israel",
            "2020s",
            "Hip Hop",
            "Israeli - Kibutz",
            "Happy"
        ],
        "Additional Info": {
            "id": "0jxvn0Efq7d65OGQAV8N7s",
            "explicit": false,
            "album": "מושלמת",
            "release_date": "2022-11-06",
            "genres": [
                "israeli hip hop",
                "israeli hip hop"
            ],
            "duration": 162533,
            "acousticness": 0.023,
            "danceability": 8.875,
            "instrumentalness": 0.00398,
            "liveness": 0.0897,
            "loudness": -9.505,
            "speechiness": 0.397,
            "time_signature": 5,
            "happiness": 7.156000000000001
        }
    },
    {
        "#": 16,
        "Track Title": "קחי אותי לסיני",
        "Artist": "Shekel, Eden Derso",
        "Key": "2B",
        "Energy": 5.8420000000000005,
        "Popularity": 3.79,
        "BPM": 111,
        "DJ Play Count": 0,
        "Rating": "*******",
        "My Tag": [
            "Sp- Bach Israel",
            "2020s",
            "Hip Hop",
            "Israeli - Kibutz",
            "Happy"
        ],
        "Additional Info": {
            "id": "4jQ2IaZSBiGzwDVm5xcCAw",
            "explicit": false,
            "album": "קחי אותי לסיני",
            "release_date": "2021-04-30",
            "genres": [
                "israeli hip hop",
                "israeli trap",
                "israeli hip hop",
                "israeli trap"
            ],
            "duration": 139006,
            "acousticness": 0.179,
            "danceability": 9.504999999999999,
            "instrumentalness": 0,
            "liveness": 0.0872,
            "loudness": -8.073,
            "speechiness": 0.266,
            "time_signature": 4,
            "happiness": 7.84
        }
    },
    {
        "#": 17,
        "Track Title": "עפה על עצמי",
        "Artist": "Jasmin Moallem",
        "Key": "12A",
        "Energy": 4.618,
        "Popularity": 4.24,
        "BPM": 120,
        "DJ Play Count": 0,
        "Rating": "*******",
        "My Tag": [
            "Sp- Bach Israel",
            "2020s",
            "Pop",
            "Israeli - Kibutz"
        ],
        "Additional Info": {
            "id": "08zuyXamNSLn6fsuCvIFeC",
            "explicit": false,
            "album": "אריה",
            "release_date": "2020-02-27",
            "genres": [
                "israeli pop"
            ],
            "duration": 113085,
            "acousticness": 0.695,
            "danceability": 9.397,
            "instrumentalness": 0.0195,
            "liveness": 0.0808,
            "loudness": -10.699,
            "speechiness": 0.0838,
            "time_signature": 4,
            "happiness": 5.104
        }
    },
    {
        "#": 18,
        "Track Title": "שמש",
        "Artist": "ECHO",
        "Key": "9B",
        "Energy": 5.662,
        "Popularity": 3.43,
        "BPM": 88,
        "DJ Play Count": 0,
        "Rating": "*******",
        "My Tag": [
            "Sp- Bach Israel",
            "2010s",
            "Hip Hop",
            "Israeli - Kibutz"
        ],
        "Additional Info": {
            "id": "0mXn23fOGH9OXrRJINWrLo",
            "explicit": false,
            "album": "אחת",
            "release_date": "2018-08-19",
            "genres": [
                "israeli hip hop"
            ],
            "duration": 169375,
            "acousticness": 0.155,
            "danceability": 7.678,
            "instrumentalness": 4.27e-06,
            "liveness": 0.178,
            "loudness": -6.791,
            "speechiness": 0.343,
            "time_signature": 4,
            "happiness": 6.58
        }
    },
    {
        "#": 19,
        "Track Title": "MOVE (feat. Grace Jones & Tems)",
        "Artist": "Beyoncé, Grace Jones, Tems",
        "Key": "3B",
        "Energy": 6.652,
        "Popularity": 7.75,
        "BPM": 118,
        "DJ Play Count": 0,
        "Rating": "*******",
        "My Tag": [
            "Sp- Bach Israel",
            "2020s",
            "Romantic & Slow Dance",
            "Pop",
            "Happy"
        ],
        "Additional Info": {
            "id": "5YLGlPYkZBDXieMwzVve7g",
            "explicit": false,
            "album": "RENAISSANCE",
            "release_date": "2022-07-29",
            "genres": [
                "pop",
                "r&b",
                "afro r&b",
                "afrobeats",
                "alte",
                "nigerian pop"
            ],
            "duration": 203383,
            "acousticness": 0.0165,
            "danceability": 8.884,
            "instrumentalness": 0.0339,
            "liveness": 0.0938,
            "loudness": -6.595,
            "speechiness": 0.0935,
            "time_signature": 4,
            "happiness": 8.281
        }
    },
    {
        "#": 20,
        "Track Title": "HEATED",
        "Artist": "Beyoncé",
        "Key": "3B",
        "Energy": 7.588,
        "Popularity": 8.290000000000001,
        "BPM": 111,
        "DJ Play Count": 0,
        "Rating": "*******",
        "My Tag": [
            "Sp- Bach Israel",
            "2020s",
            "Romantic & Slow Dance",
            "Pop",
            "PEGI 16 [Age]"
        ],
        "Additional Info": {
            "id": "1w7cgGZR86yWz1pA2puVJD",
            "explicit": true,
            "album": "RENAISSANCE",
            "release_date": "2022-07-29",
            "genres": [
                "pop",
                "r&b"
            ],
            "duration": 260771,
            "acousticness": 0.0636,
            "danceability": 8.065000000000001,
            "instrumentalness": 0.000807,
            "liveness": 0.265,
            "loudness": -5.724,
            "speechiness": 0.164,
            "time_signature": 4,
            "happiness": 5.464
        }
    },
    {
        "#": 21,
        "Track Title": "BESO",
        "Artist": "ROSALÍA, Rauw Alejandro",
        "Key": "7A",
        "Energy": 6.796,
        "Popularity": 9.64,
        "BPM": 95,
        "DJ Play Count": 0,
        "Rating": "*******",
        "My Tag": [
            "Sp- Bach Israel",
            "2020s",
            "Romantic & Slow Dance",
            "Latin",
            "Pop",
            "Hip Hop"
        ],
        "Additional Info": {
            "id": "609E1JCInJncactoMmkDon",
            "explicit": false,
            "album": "RR",
            "release_date": "2023-03-24",
            "genres": [
                "pop",
                "r&b en espanol",
                "puerto rican pop",
                "reggaeton",
                "trap latino",
                "urbano latino"
            ],
            "duration": 194543,
            "acousticness": 0.736,
            "danceability": 7.912,
            "instrumentalness": 0.000837,
            "liveness": 0.173,
            "loudness": -6.671,
            "speechiness": 0.136,
            "time_signature": 4,
            "happiness": 5.7700000000000005
        }
    },
    {
        "#": 22,
        "Track Title": "Tití Me Preguntó",
        "Artist": "Bad Bunny",
        "Key": "7A",
        "Energy": 7.435,
        "Popularity": 9.19,
        "BPM": 107,
        "DJ Play Count": 0,
        "Rating": "*******",
        "My Tag": [
            "Sp- Bach Israel",
            "2020s",
            "Latin",
            "Hip Hop",
            "Fight & Fog",
            "PEGI 16 [Age]"
        ],
        "Additional Info": {
            "id": "1IHWl5LamUGEuP4ozKQSXZ",
            "explicit": true,
            "album": "Un Verano Sin Ti",
            "release_date": "2022-05-06",
            "genres": [
                "reggaeton",
                "trap latino",
                "urbano latino"
            ],
            "duration": 243717,
            "acousticness": 0.0993,
            "danceability": 6.8500000000000005,
            "instrumentalness": 0.000291,
            "liveness": 0.126,
            "loudness": -5.198,
            "speechiness": 0.253,
            "time_signature": 4,
            "happiness": 2.683
        }
    },
    {
        "#": 23,
        "Track Title": "Calm Down (with Selena Gomez)",
        "Artist": "Rema, Selena Gomez",
        "Key": "1B",
        "Energy": 8.218,
        "Popularity": 8.379999999999999,
        "BPM": 107,
        "DJ Play Count": 0,
        "Rating": "*******",
        "My Tag": [
            "Sp- Bach Israel",
            "2020s",
            "Pop",
            "Happy",
            "Happy"
        ],
        "Additional Info": {
            "id": "1s7oOCT8vauUh01PbJD6ps",
            "explicit": false,
            "album": "Rave & Roses Ultra",
            "release_date": "2023-04-27",
            "genres": [
                "afrobeats",
                "nigerian pop",
                "pop",
                "post-teen pop"
            ],
            "duration": 239318,
            "acousticness": 0.429,
            "danceability": 8.191,
            "instrumentalness": 0.00128,
            "liveness": 0.171,
            "loudness": -5.196,
            "speechiness": 0.0371,
            "time_signature": 4,
            "happiness": 8.299
        }
    },
    {
        "#": 24,
        "Track Title": "AfroGochi",
        "Artist": "S.N.O.X",
        "Key": "3B",
        "Energy": 3.718,
        "Popularity": 5.32,
        "BPM": 121,
        "DJ Play Count": 0,
        "Rating": "*******",
        "My Tag": [
            "Sp- Bach Israel",
            "2020s"
        ],
        "Additional Info": {
            "id": "68TotDKg1UqscPvksL8qQB",
            "explicit": false,
            "album": "AfroGochi",
            "release_date": "2021-08-16",
            "genres": [],
            "duration": 137561,
            "acousticness": 0.000626,
            "danceability": 9.766,
            "instrumentalness": 0.93,
            "liveness": 0.0933,
            "loudness": -14.145,
            "speechiness": 0.211,
            "time_signature": 4,
            "happiness": 3.808
        }
    },
    {
        "#": 25,
        "Track Title": "Que Rica (Tocame)",
        "Artist": "Pitbull, Sak Noel, Salvi",
        "Key": "9B",
        "Energy": 8.119,
        "Popularity": 5.95,
        "BPM": 128,
        "DJ Play Count": 0,
        "Rating": "*******",
        "My Tag": [
            "Sp- Bach Israel",
            "2020s",
            "Hip Hop",
            "Pop",
            "Dance Remixes",
            "PEGI 16 [Age]"
        ],
        "Additional Info": {
            "id": "1rNwUMlrGFUMn5LaYy71Gq",
            "explicit": true,
            "album": "Que Rica (Tocame)",
            "release_date": "2020-11-13",
            "genres": [
                "dance pop",
                "miami hip hop",
                "pop"
            ],
            "duration": 157500,
            "acousticness": 0.276,
            "danceability": 7.912,
            "instrumentalness": 1.05e-06,
            "liveness": 0.0601,
            "loudness": -5.957,
            "speechiness": 0.175,
            "time_signature": 4,
            "happiness": 5.914000000000001
        }
    },
    {
        "#": 26,
        "Track Title": "Mi Poni",
        "Artist": "Captain Planet, Zuzuka Poderosa",
        "Key": "3B",
        "Energy": 6.372999999999999,
        "Popularity": 1.6300000000000001,
        "BPM": 128,
        "DJ Play Count": 0,
        "Rating": "*******",
        "My Tag": [
            "Sp- Bach Israel",
            "2020s",
            "Hip Hop",
            "Latin",
            "Happy"
        ],
        "Additional Info": {
            "id": "2mkaIpJfNqzFzVUVQ0tSMc",
            "explicit": false,
            "album": "NO VISA",
            "release_date": "2020-06-26",
            "genres": [
                "deep german punk",
                "rap latina"
            ],
            "duration": 195469,
            "acousticness": 0.137,
            "danceability": 9.577,
            "instrumentalness": 0.0282,
            "liveness": 0.103,
            "loudness": -6.302,
            "speechiness": 0.158,
            "time_signature": 4,
            "happiness": 8.587
        }
    },
    {
        "#": 27,
        "Track Title": "Lo Que Pasó, Pasó",
        "Artist": "Daddy Yankee",
        "Key": "4A",
        "Energy": 7.723,
        "Popularity": 1.09,
        "BPM": 97,
        "DJ Play Count": 0,
        "Rating": "*******",
        "My Tag": [
            "Sp- Bach Israel",
            "2000s",
            "Hip Hop",
            "Latin",
            "Happy"
        ],
        "Additional Info": {
            "id": "6z5Xrx58p5Bs18RIe6KXbI",
            "explicit": false,
            "album": "Barrio Fino (Bonus Track Version)",
            "release_date": "2004-07-13",
            "genres": [
                "latin hip hop",
                "reggaeton",
                "trap latino",
                "urbano latino"
            ],
            "duration": 210933,
            "acousticness": 0.102,
            "danceability": 8.344,
            "instrumentalness": 0,
            "liveness": 0.263,
            "loudness": -6.468,
            "speechiness": 0.0411,
            "time_signature": 4,
            "happiness": 8.632
        }
    },
    {
        "#": 28,
        "Track Title": "Abu Ali - Angata Remix",
        "Artist": "T-Puse, LennyTunes, Angata",
        "Key": "2B",
        "Energy": 6.066999999999999,
        "Popularity": 2.17,
        "BPM": 124,
        "DJ Play Count": 0,
        "Rating": "*******",
        "My Tag": [
            "Sp- Bach Israel",
            "2020s"
        ],
        "Additional Info": {
            "id": "57XcaLUf5JG0JNDZLFv1P2",
            "explicit": false,
            "album": "Shukran City",
            "release_date": "2022-08-02",
            "genres": [
                "ethnotronica",
                "organic house"
            ],
            "duration": 294586,
            "acousticness": 0.0019,
            "danceability": 6.49,
            "instrumentalness": 0.868,
            "liveness": 0.298,
            "loudness": -9.173,
            "speechiness": 0.125,
            "time_signature": 4,
            "happiness": 3.745
        }
    },
    {
        "#": 29,
        "Track Title": "Saudação a Ogum Beira-Mar - Angata Remix",
        "Artist": "Dudu Tucci, Angata",
        "Key": "2A",
        "Energy": 8.479,
        "Popularity": 2.17,
        "BPM": 118,
        "DJ Play Count": 0,
        "Rating": "*******",
        "My Tag": [
            "Sp- Bach Israel",
            "2020s"
        ],
        "Additional Info": {
            "id": "5AMMvJ8WnEU4YlSw0Ybh3v",
            "explicit": false,
            "album": "Saudação a Ogum Beira-Mar (Angata Remix)",
            "release_date": "2023-03-08",
            "genres": [
                "african percussion",
                "brazilian percussion",
                "umbanda"
            ],
            "duration": 272500,
            "acousticness": 0.137,
            "danceability": 5.95,
            "instrumentalness": 5.35e-05,
            "liveness": 0.619,
            "loudness": -7.486,
            "speechiness": 0.256,
            "time_signature": 4,
            "happiness": 5.455
        }
    },
    {
        "#": 30,
        "Track Title": "Yeke Yeke",
        "Artist": "Stylo, Space Motion",
        "Key": "8B",
        "Energy": 7.993,
        "Popularity": 4.87,
        "BPM": 122,
        "DJ Play Count": 0,
        "Rating": "*******",
        "My Tag": [
            "Sp- Bach Israel",
            "2020s"
        ],
        "Additional Info": {
            "id": "7LjswiwJTEq6wXKqf8Yb05",
            "explicit": false,
            "album": "Yeke Yeke",
            "release_date": "2021-05-10",
            "genres": [
                "melodic techno",
                "serbian electronic"
            ],
            "duration": 363934,
            "acousticness": 0.00533,
            "danceability": 7.579,
            "instrumentalness": 0.669,
            "liveness": 0.0341,
            "loudness": -7.056,
            "speechiness": 0.0511,
            "time_signature": 4,
            "happiness": 6.589
        }
    },
    {
        "#": 31,
        "Track Title": "כולם על הגל",
        "Artist": "ECHO",
        "Key": "1A",
        "Energy": 5.338,
        "Popularity": 2.98,
        "BPM": 139,
        "DJ Play Count": 0,
        "Rating": "*******",
        "My Tag": [
            "Sp- Bach Israel",
            "2020s",
            "Hip Hop",
            "Israeli - Kibutz"
        ],
        "Additional Info": {
            "id": "5mw61vj1jiCwlzFJFiZHOj",
            "explicit": false,
            "album": "שניה",
            "release_date": "2021-10-10",
            "genres": [
                "israeli hip hop"
            ],
            "duration": 200200,
            "acousticness": 0.366,
            "danceability": 6.508,
            "instrumentalness": 7.35e-06,
            "liveness": 0.122,
            "loudness": -8.781,
            "speechiness": 0.113,
            "time_signature": 4,
            "happiness": 5.005
        }
    },
    {
        "#": 32,
        "Track Title": "חיימשלי",
        "Artist": "ECHO",
        "Key": "3A",
        "Energy": 6.255999999999999,
        "Popularity": 4.42,
        "BPM": 90,
        "DJ Play Count": 0,
        "Rating": "*******",
        "My Tag": [
            "Sp- Bach Israel",
            "2020s",
            "Hip Hop",
            "Israeli - Kibutz"
        ],
        "Additional Info": {
            "id": "0rds9hxN8hfjSTkH37LUQB",
            "explicit": false,
            "album": "שניה",
            "release_date": "2021-10-10",
            "genres": [
                "israeli hip hop"
            ],
            "duration": 177274,
            "acousticness": 0.223,
            "danceability": 7.984,
            "instrumentalness": 0.0219,
            "liveness": 0.106,
            "loudness": -8.413,
            "speechiness": 0.251,
            "time_signature": 4,
            "happiness": 6.571
        }
    },
    {
        "#": 33,
        "Track Title": "F The Disco",
        "Artist": "Cavi",
        "Key": "7A",
        "Energy": 7.984,
        "Popularity": 5.2299999999999995,
        "BPM": 124,
        "DJ Play Count": 0,
        "Rating": "*******",
        "My Tag": [
            "Sp- Bach Israel",
            "2020s",
            "Happy"
        ],
        "Additional Info": {
            "id": "7elX5HalbHX0ce1dql4ckd",
            "explicit": false,
            "album": "Our Beats",
            "release_date": "2020-01-24",
            "genres": [],
            "duration": 284507,
            "acousticness": 0.00894,
            "danceability": 7.606,
            "instrumentalness": 0.738,
            "liveness": 0.0916,
            "loudness": -7.717,
            "speechiness": 0.0992,
            "time_signature": 4,
            "happiness": 8.137
        }
    },
    {
        "#": 34,
        "Track Title": "Let the Sun Shine - Purple Disco Machine Remix",
        "Artist": "Milk & Sugar, Purple Disco Machine",
        "Key": "2A",
        "Energy": 8.875,
        "Popularity": 5.5,
        "BPM": 123,
        "DJ Play Count": 0,
        "Rating": "*******",
        "My Tag": [
            "Sp- Bach Israel",
            "2020s",
            "Club-Hotel",
            "EDM"
        ],
        "Additional Info": {
            "id": "1W02hcbdwd4do45YJqSlED",
            "explicit": false,
            "album": "Let the Sun Shine (Purple Disco Machine Remix)",
            "release_date": "2021-04-23",
            "genres": [
                "disco house",
                "munich electronic",
                "vocal house",
                "deep house",
                "house"
            ],
            "duration": 166750,
            "acousticness": 0.0494,
            "danceability": 6.481,
            "instrumentalness": 0.00772,
            "liveness": 0.668,
            "loudness": -6.129,
            "speechiness": 0.136,
            "time_signature": 4,
            "happiness": 6.643
        }
    },
    {
        "#": 35,
        "Track Title": "NaboDayèra - Kiko Navarro Afroterraneo Remix",
        "Artist": "Angata, Fanta Koné, Kiko Navarro",
        "Key": "9B",
        "Energy": 9.379000000000001,
        "Popularity": 2.8899999999999997,
        "BPM": 124,
        "DJ Play Count": 0,
        "Rating": "*******",
        "My Tag": [
            "Sp- Bach Israel",
            "2020s"
        ],
        "Additional Info": {
            "id": "2k1JpPIf2uQr1b5om128kk",
            "explicit": false,
            "album": "NaboDayèra",
            "release_date": "2022-01-07",
            "genres": [
                "latin house"
            ],
            "duration": 458875,
            "acousticness": 0.00844,
            "danceability": 7.3,
            "instrumentalness": 0.675,
            "liveness": 0.184,
            "loudness": -6.953,
            "speechiness": 0.0409,
            "time_signature": 4,
            "happiness": 4.734999999999999
        }
    },
    {
        "#": 36,
        "Track Title": "Pa'amonim",
        "Artist": "Omri Smadar, Roy Shpilman, Ahuva Ozeri",
        "Key": "12B",
        "Energy": 8.794,
        "Popularity": 3.6999999999999997,
        "BPM": 105,
        "DJ Play Count": 0,
        "Rating": "*******",
        "My Tag": [
            "Sp- Bach Israel",
            "2010s",
            "Mizrahit"
        ],
        "Additional Info": {
            "id": "6nwWOBlg88oxXMTlJtKCMg",
            "explicit": false,
            "album": "Pa'amonim",
            "release_date": "2018-07-09",
            "genres": [
                "israeli indie",
                "classic israeli pop",
                "mizrahi"
            ],
            "duration": 274857,
            "acousticness": 0.00271,
            "danceability": 6.445,
            "instrumentalness": 0.559,
            "liveness": 0.339,
            "loudness": -6.686,
            "speechiness": 0.0332,
            "time_signature": 4,
            "happiness": 4.384
        }
    },
    {
        "#": 37,
        "Track Title": "Hakol Beseder - Omri Smadar Remix",
        "Artist": "Yehudit Ravitz, Omri Smadar",
        "Key": "11B",
        "Energy": 9.532,
        "Popularity": 4.24,
        "BPM": 123,
        "DJ Play Count": 0,
        "Rating": "*******",
        "My Tag": [
            "Sp- Bach Israel",
            "2010s",
            "Happy"
        ],
        "Additional Info": {
            "id": "11SQ5UJECpHwJVbmen2kXZ",
            "explicit": false,
            "album": "Hakol Beseder (Omri Smadar Remix)",
            "release_date": "2019-01-30",
            "genres": [
                "classic israeli pop",
                "israeli rock",
                "israeli indie"
            ],
            "duration": 261132,
            "acousticness": 0.0355,
            "danceability": 7.102,
            "instrumentalness": 0.0394,
            "liveness": 0.0719,
            "loudness": -6.095,
            "speechiness": 0.0434,
            "time_signature": 4,
            "happiness": 9.145
        }
    },
    {
        "#": 38,
        "Track Title": "Dile",
        "Artist": "Don Omar",
        "Key": "12A",
        "Energy": 7.426,
        "Popularity": 8.74,
        "BPM": 94,
        "DJ Play Count": 0,
        "Rating": "*******",
        "My Tag": [
            "Sp- Bach Israel",
            "2000s",
            "Hip Hop",
            "Pop",
            "Latin",
            "Happy"
        ],
        "Additional Info": {
            "id": "69Ej1xrGjOcHvIMtMKxK0G",
            "explicit": false,
            "album": "The Last Don",
            "release_date": "2003-01-01",
            "genres": [
                "latin hip hop",
                "puerto rican pop",
                "reggaeton",
                "trap latino",
                "urbano latino"
            ],
            "duration": 204600,
            "acousticness": 0.184,
            "danceability": 8.353,
            "instrumentalness": 0.000132,
            "liveness": 0.042,
            "loudness": -7.501,
            "speechiness": 0.141,
            "time_signature": 4,
            "happiness": 7.426
        }
    },
    {
        "#": 39,
        "Track Title": "ENERGY (feat. Beam)",
        "Artist": "Beyoncé, BEAM",
        "Key": "3B",
        "Energy": 5.671,
        "Popularity": 8.11,
        "BPM": 115,
        "DJ Play Count": 0,
        "Rating": "*******",
        "My Tag": [
            "Sp- Bach Israel",
            "2020s",
            "Romantic & Slow Dance",
            "Hip Hop",
            "Pop"
        ],
        "Additional Info": {
            "id": "0314PeD1sQNonfVWix3B2K",
            "explicit": false,
            "album": "RENAISSANCE",
            "release_date": "2022-07-29",
            "genres": [
                "pop",
                "r&b",
                "trap soul"
            ],
            "duration": 116727,
            "acousticness": 0.281,
            "danceability": 9.127,
            "instrumentalness": 0.000106,
            "liveness": 0.155,
            "loudness": -9.151,
            "speechiness": 0.26,
            "time_signature": 4,
            "happiness": 6.2829999999999995
        }
    },
    {
        "#": 40,
        "Track Title": "CUFF IT",
        "Artist": "Beyoncé",
        "Key": "9B",
        "Energy": 7.201,
        "Popularity": 9.1,
        "BPM": 115,
        "DJ Play Count": 0,
        "Rating": "*******",
        "My Tag": [
            "Sp- Bach Israel",
            "2020s",
            "Romantic & Slow Dance",
            "Pop",
            "PEGI 16 [Age]"
        ],
        "Additional Info": {
            "id": "1xzi1Jcr7mEi9K2RfzLOqS",
            "explicit": true,
            "album": "RENAISSANCE",
            "release_date": "2022-07-29",
            "genres": [
                "pop",
                "r&b"
            ],
            "duration": 225389,
            "acousticness": 0.0368,
            "danceability": 8.02,
            "instrumentalness": 9.69e-06,
            "liveness": 0.0698,
            "loudness": -5.668,
            "speechiness": 0.141,
            "time_signature": 4,
            "happiness": 6.7780000000000005
        }
    },
    {
        "#": 41,
        "Track Title": "עולה על שולחנות",
        "Artist": "Marina Maximilian, Itay Galo",
        "Key": "12A",
        "Energy": 8.047,
        "Popularity": 5.95,
        "BPM": 125,
        "DJ Play Count": 0,
        "Rating": "*******",
        "My Tag": [
            "Sp- Bach Israel",
            "2020s",
            "Pop",
            "Israeli - Kibutz"
        ],
        "Additional Info": {
            "id": "5tNrVA1ySsk7HkV5yg2iXN",
            "explicit": false,
            "album": "עולה על שולחנות",
            "release_date": "2022-07-12",
            "genres": [
                "israeli pop"
            ],
            "duration": 196320,
            "acousticness": 0.123,
            "danceability": 8.425,
            "instrumentalness": 0.00117,
            "liveness": 0.117,
            "loudness": -6.674,
            "speechiness": 0.0452,
            "time_signature": 4,
            "happiness": 6.868
        }
    },
    {
        "#": 42,
        "Track Title": "BREAK MY SOUL",
        "Artist": "Beyoncé",
        "Key": "3A",
        "Energy": 8.983,
        "Popularity": 5.7700000000000005,
        "BPM": 115,
        "DJ Play Count": 0,
        "Rating": "*******",
        "My Tag": [
            "Sp- Bach Israel",
            "2020s",
            "Romantic & Slow Dance",
            "Pop",
            "Happy"
        ],
        "Additional Info": {
            "id": "40KCN2nYImUounlfO5Cdzn",
            "explicit": false,
            "album": "RENAISSANCE",
            "release_date": "2022-07-29",
            "genres": [
                "pop",
                "r&b"
            ],
            "duration": 278282,
            "acousticness": 0.0581,
            "danceability": 7.236999999999999,
            "instrumentalness": 2.71e-06,
            "liveness": 0.27,
            "loudness": -5.039,
            "speechiness": 0.0795,
            "time_signature": 4,
            "happiness": 8.776
        }
    },
    {
        "#": 43,
        "Track Title": "About Damn Time",
        "Artist": "Lizzo",
        "Key": "6A",
        "Energy": 7.687,
        "Popularity": 8.469999999999999,
        "BPM": 109,
        "DJ Play Count": 0,
        "Rating": "*******",
        "My Tag": [
            "Sp- Bach Israel",
            "2020s",
            "Hip Hop",
            "Calm",
            "Pop",
            "EDM",
            "Happy",
            "PEGI 16 [Age]"
        ],
        "Additional Info": {
            "id": "1PckUlxKqWQs3RlWXVBLw3",
            "explicit": true,
            "album": "About Damn Time",
            "release_date": "2022-04-14",
            "genres": [
                "escape room",
                "minnesota hip hop",
                "pop",
                "trap queen"
            ],
            "duration": 191822,
            "acousticness": 0.0995,
            "danceability": 8.524000000000001,
            "instrumentalness": 0,
            "liveness": 0.335,
            "loudness": -6.305,
            "speechiness": 0.0656,
            "time_signature": 4,
            "happiness": 7.497999999999999
        }
    },
    {
        "#": 44,
        "Track Title": "בוקר טוב",
        "Artist": "Benaia Barabi",
        "Key": "12A",
        "Energy": 7.948,
        "Popularity": 4.0600000000000005,
        "BPM": 112,
        "DJ Play Count": 0,
        "Rating": "*******",
        "My Tag": [
            "Sp- Bach Israel",
            "2010s",
            "Israeli - Kibutz"
        ],
        "Additional Info": {
            "id": "62QFXYw2AiQx9hHNhrtP8D",
            "explicit": false,
            "album": "חלקים מהניגון",
            "release_date": "2015-10-01",
            "genres": [
                "israeli mediterranean"
            ],
            "duration": 218020,
            "acousticness": 0.589,
            "danceability": 7.444,
            "instrumentalness": 1.37e-06,
            "liveness": 0.057,
            "loudness": -5.219,
            "speechiness": 0.0269,
            "time_signature": 4,
            "happiness": 6.94
        }
    },
    {
        "#": 45,
        "Track Title": "Gözleme",
        "Artist": "anna RF",
        "Key": "6A",
        "Energy": 9.235,
        "Popularity": 2.44,
        "BPM": 125,
        "DJ Play Count": 0,
        "Rating": "*******",
        "My Tag": [
            "Sp- Bach Israel",
            "2010s",
            "Happy"
        ],
        "Additional Info": {
            "id": "0BocSzliSSEFxYWfHaQZSj",
            "explicit": false,
            "album": "Hasan Is Loco",
            "release_date": "2015-05-28",
            "genres": [
                "israeli folk"
            ],
            "duration": 230080,
            "acousticness": 0.00309,
            "danceability": 7.452999999999999,
            "instrumentalness": 0.136,
            "liveness": 0.215,
            "loudness": -8.001,
            "speechiness": 0.0475,
            "time_signature": 4,
            "happiness": 9.649
        }
    },
    {
        "#": 46,
        "Track Title": "DESPECHÁ",
        "Artist": "ROSALÍA",
        "Key": "9B",
        "Energy": 6.607,
        "Popularity": 8.559999999999999,
        "BPM": 130,
        "DJ Play Count": 0,
        "Rating": "*******",
        "My Tag": [
            "Sp- Bach Israel",
            "2020s",
            "Romantic & Slow Dance",
            "Latin",
            "Pop",
            "Happy"
        ],
        "Additional Info": {
            "id": "5ildQOEKmJuWGl2vRkFdYc",
            "explicit": false,
            "album": "DESPECHÁ",
            "release_date": "2022-07-28",
            "genres": [
                "pop",
                "r&b en espanol"
            ],
            "duration": 157018,
            "acousticness": 0.184,
            "danceability": 9.271,
            "instrumentalness": 1.63e-05,
            "liveness": 0.0609,
            "loudness": -6.521,
            "speechiness": 0.0992,
            "time_signature": 4,
            "happiness": 7.9750000000000005
        }
    },
    {
        "#": 47,
        "Track Title": "Calm Down",
        "Artist": "Rema",
        "Key": "1B",
        "Energy": 8.029,
        "Popularity": 8.469999999999999,
        "BPM": 107,
        "DJ Play Count": 0,
        "Rating": "*******",
        "My Tag": [
            "Sp- Bach Israel",
            "2020s",
            "Happy"
        ],
        "Additional Info": {
            "id": "6hgoYQDUcPyCz7LcTUHKxa",
            "explicit": false,
            "album": "Calm Down",
            "release_date": "2022-02-10",
            "genres": [
                "afrobeats",
                "nigerian pop"
            ],
            "duration": 219813,
            "acousticness": 0.376,
            "danceability": 8.299,
            "instrumentalness": 0.001,
            "liveness": 0.121,
            "loudness": -6.333,
            "speechiness": 0.0428,
            "time_signature": 4,
            "happiness": 8.416
        }
    },
    {
        "#": 48,
        "Track Title": "עומס לב & Views",
        "Artist": "Tuna, Noga Erez, ROUSSO",
        "Key": "2A",
        "Energy": 6.202,
        "Popularity": 5.68,
        "BPM": 92,
        "DJ Play Count": 0,
        "Rating": "*******",
        "My Tag": [
            "Sp- Bach Israel",
            "2020s",
            "Hip Hop",
            "Pop",
            "Israeli - Kibutz",
            "PEGI 16 [Age]"
        ],
        "Additional Info": {
            "id": "3ez2Vwn4Dd8UmPxviNalrn",
            "explicit": true,
            "album": "עומס לב & Views",
            "release_date": "2022-10-07",
            "genres": [
                "israeli hip hop",
                "israeli pop",
                "israeli hip hop",
                "israeli indie"
            ],
            "duration": 233000,
            "acousticness": 0.187,
            "danceability": 6.796,
            "instrumentalness": 0,
            "liveness": 0.108,
            "loudness": -7.036,
            "speechiness": 0.0407,
            "time_signature": 4,
            "happiness": 5.644
        }
    },
    {
        "#": 49,
        "Track Title": "איילת חן",
        "Artist": "Tarante Groove Machine",
        "Key": "7B",
        "Energy": 9.091000000000001,
        "Popularity": 3.0700000000000003,
        "BPM": 95,
        "DJ Play Count": 0,
        "Rating": "*******",
        "My Tag": [
            "Sp- Bach Israel",
            "2020s",
            "Happy"
        ],
        "Additional Info": {
            "id": "5cSZBSZya2qUrpP2PozxLh",
            "explicit": false,
            "album": "איילת חן",
            "release_date": "2022-05-22",
            "genres": [
                "israeli indie"
            ],
            "duration": 134526,
            "acousticness": 0.149,
            "danceability": 7.741,
            "instrumentalness": 0.000777,
            "liveness": 0.0759,
            "loudness": -2.504,
            "speechiness": 0.102,
            "time_signature": 4,
            "happiness": 8.488
        }
    },
    {
        "#": 50,
        "Track Title": "מה שבא בא",
        "Artist": "Benaia Barabi, Glykeria",
        "Key": "11A",
        "Energy": 5.194,
        "Popularity": 3.88,
        "BPM": 112,
        "DJ Play Count": 0,
        "Rating": "*******",
        "My Tag": [
            "Sp- Bach Israel",
            "2020s",
            "Israeli - Kibutz"
        ],
        "Additional Info": {
            "id": "1RmEivjbmhLS40NuuTSHr7",
            "explicit": false,
            "album": "קרן שמש",
            "release_date": "2022-08-09",
            "genres": [
                "israeli mediterranean",
                "entehno",
                "laiko"
            ],
            "duration": 182339,
            "acousticness": 0.442,
            "danceability": 8.821,
            "instrumentalness": 0,
            "liveness": 0.325,
            "loudness": -8.345,
            "speechiness": 0.0512,
            "time_signature": 4,
            "happiness": 4.852
        }
    },
    {
        "#": 51,
        "Track Title": "פנתרה",
        "Artist": "Noa Kirel",
        "Key": "11A",
        "Energy": 6.823,
        "Popularity": 6.3999999999999995,
        "BPM": 102,
        "DJ Play Count": 0,
        "Rating": "*******",
        "My Tag": [
            "Sp- Bach Israel",
            "2020s",
            "Pop",
            "Israeli - Kibutz"
        ],
        "Additional Info": {
            "id": "5A3bEckI7AjWTguGqZOzUm",
            "explicit": false,
            "album": "פנתרה",
            "release_date": "2022-08-11",
            "genres": [
                "israeli pop"
            ],
            "duration": 173603,
            "acousticness": 0.0588,
            "danceability": 8.488,
            "instrumentalness": 0.0014,
            "liveness": 0.411,
            "loudness": -7.954,
            "speechiness": 0.0755,
            "time_signature": 4,
            "happiness": 5.3919999999999995
        }
    },
    {
        "#": 52,
        "Track Title": "Bloody Samaritan",
        "Artist": "Ayra Starr",
        "Key": "4A",
        "Energy": 7.471,
        "Popularity": 6.58,
        "BPM": 105,
        "DJ Play Count": 0,
        "Rating": "*******",
        "My Tag": [
            "Sp- Bach Israel",
            "2020s",
            "PEGI 16 [Age]"
        ],
        "Additional Info": {
            "id": "3Keas2doqXf1veo2DOOIdz",
            "explicit": true,
            "album": "Bloody Samaritan",
            "release_date": "2021-07-31",
            "genres": [
                "afrobeats"
            ],
            "duration": 187000,
            "acousticness": 0.036,
            "danceability": 8.164000000000001,
            "instrumentalness": 0,
            "liveness": 0.0718,
            "loudness": -7.018,
            "speechiness": 0.138,
            "time_signature": 4,
            "happiness": 3.178
        }
    },
    {
        "#": 53,
        "Track Title": "Sapari",
        "Artist": "Omri Smadar, Shoshana Damari, Shai Tsabari",
        "Key": "3B",
        "Energy": 9.001,
        "Popularity": 3.16,
        "BPM": 95,
        "DJ Play Count": 0,
        "Rating": "*******",
        "My Tag": [
            "Sp- Bach Israel",
            "2010s",
            "Pop",
            "Israeli - Kibutz",
            "Happy"
        ],
        "Additional Info": {
            "id": "5kJPEdsgwQ4ROBnybjTvpS",
            "explicit": false,
            "album": "Sapari",
            "release_date": "2019-08-12",
            "genres": [
                "israeli indie",
                "classic israeli pop",
                "classic israeli pop",
                "israeli pop"
            ],
            "duration": 347780,
            "acousticness": 0.279,
            "danceability": 7.3,
            "instrumentalness": 0.000574,
            "liveness": 0.0475,
            "loudness": -6.09,
            "speechiness": 0.0753,
            "time_signature": 4,
            "happiness": 8.281
        }
    },
    {
        "#": 54,
        "Track Title": "מודה אני",
        "Artist": "Meir Ariel",
        "Key": "8B",
        "Energy": 4.888,
        "Popularity": 4.6,
        "BPM": 144,
        "DJ Play Count": 0,
        "Rating": "*******",
        "My Tag": [
            "Sp- Bach Israel",
            "2000s"
        ],
        "Additional Info": {
            "id": "6B7bWgUleo2lgIqdMjK2IZ",
            "explicit": false,
            "album": "מודה אני",
            "release_date": "2000-07-01",
            "genres": [
                "classic israeli pop",
                "israeli rock"
            ],
            "duration": 282747,
            "acousticness": 0.712,
            "danceability": 4.5280000000000005,
            "instrumentalness": 0.628,
            "liveness": 0.112,
            "loudness": -7.844,
            "speechiness": 0.0359,
            "time_signature": 3,
            "happiness": 3.25
        }
    },
    {
        "#": 55,
        "Track Title": "Azalam Lie",
        "Artist": "anna RF",
        "Key": "2A",
        "Energy": 6.499,
        "Popularity": 2.08,
        "BPM": 119,
        "DJ Play Count": 0,
        "Rating": "*******",
        "My Tag": [
            "Sp- Bach Israel",
            "2010s"
        ],
        "Additional Info": {
            "id": "5sLJrNj4gsSDZ4uhDfjqxh",
            "explicit": false,
            "album": "Hasan Is Loco",
            "release_date": "2015-05-28",
            "genres": [
                "israeli folk"
            ],
            "duration": 266880,
            "acousticness": 0.0324,
            "danceability": 5.707,
            "instrumentalness": 0,
            "liveness": 0.708,
            "loudness": -8.46,
            "speechiness": 0.189,
            "time_signature": 4,
            "happiness": 4.942
        }
    },
    {
        "#": 56,
        "Track Title": "מכור לאהבה",
        "Artist": "Shai Tsabari",
        "Key": "7A",
        "Energy": 5.41,
        "Popularity": 3.97,
        "BPM": 90,
        "DJ Play Count": 0,
        "Rating": "*******",
        "My Tag": [
            "Sp- Bach Israel",
            "2020s",
            "Pop",
            "Israeli - Kibutz",
            "Happy"
        ],
        "Additional Info": {
            "id": "6PxSlxALguGJF1rO4eJkAF",
            "explicit": false,
            "album": "מכור לאהבה",
            "release_date": "2021-06-01",
            "genres": [
                "classic israeli pop",
                "israeli pop"
            ],
            "duration": 220000,
            "acousticness": 0.149,
            "danceability": 5.743,
            "instrumentalness": 2.17e-05,
            "liveness": 0.131,
            "loudness": -8.14,
            "speechiness": 0.112,
            "time_signature": 3,
            "happiness": 8.911
        }
    },
    {
        "#": 57,
        "Track Title": "חתולים",
        "Artist": "Jimbo J, Ravid Plotnik",
        "Key": "11A",
        "Energy": 6.2829999999999995,
        "Popularity": 1.99,
        "BPM": 105,
        "DJ Play Count": 0,
        "Rating": "*******",
        "My Tag": [
            "Sp- Bach Israel",
            "2020s",
            "Hip Hop",
            "Israeli - Kibutz"
        ],
        "Additional Info": {
            "id": "6jFzK1JUzC4Mr7kU12rTbQ",
            "explicit": false,
            "album": "עובדי נמל",
            "release_date": "2021-05-27",
            "genres": [
                "israeli hip hop",
                "israeli hip hop",
                "israeli trap"
            ],
            "duration": 218370,
            "acousticness": 0.264,
            "danceability": 6.994000000000001,
            "instrumentalness": 2.54e-05,
            "liveness": 0.318,
            "loudness": -7.271,
            "speechiness": 0.0384,
            "time_signature": 4,
            "happiness": 4.5280000000000005
        }
    },
    {
        "#": 58,
        "Track Title": "תמיד לקום",
        "Artist": "Ester Rada",
        "Key": "8A",
        "Energy": 4.51,
        "Popularity": 3.0700000000000003,
        "BPM": 135,
        "DJ Play Count": 0,
        "Rating": "*******",
        "My Tag": [
            "Sp- Bach Israel",
            "2020s"
        ],
        "Additional Info": {
            "id": "4AAuvzavD6WJd8HQCWKThQ",
            "explicit": false,
            "album": "תמיד לקום",
            "release_date": "2022-03-06",
            "genres": [
                "israeli singer-songwriter"
            ],
            "duration": 190910,
            "acousticness": 0.495,
            "danceability": 7.174,
            "instrumentalness": 0,
            "liveness": 0.0612,
            "loudness": -9.723,
            "speechiness": 0.0581,
            "time_signature": 4,
            "happiness": 4.573
        }
    },
    {
        "#": 59,
        "Track Title": "Emta Njawzak Yamma",
        "Artist": "DAM",
        "Key": "3B",
        "Energy": 7.579,
        "Popularity": 4.6,
        "BPM": 122,
        "DJ Play Count": 0,
        "Rating": "*******",
        "My Tag": [
            "Sp- Bach Israel",
            "2010s",
            "Hip Hop",
            "Inspiring",
            "Fight & Fog"
        ],
        "Additional Info": {
            "id": "3tKP4uEWIbOhsFzPBkSumU",
            "explicit": false,
            "album": "Ben Haana Wa Maana",
            "release_date": "2019-06-07",
            "genres": [
                "arabic hip hop",
                "conscious hip hop",
                "middle east hip hop",
                "palestinian alternative",
                "palestinian hip hop",
                "palestinian pop"
            ],
            "duration": 268986,
            "acousticness": 0.026,
            "danceability": 8.370999999999999,
            "instrumentalness": 0.0731,
            "liveness": 0.118,
            "loudness": -6.502,
            "speechiness": 0.0479,
            "time_signature": 4,
            "happiness": 1.4356
        }
    },
    {
        "#": 60,
        "Track Title": "והפעם שיר אהבה",
        "Artist": "Teapacks",
        "Key": "12A",
        "Energy": 5.131,
        "Popularity": 4.33,
        "BPM": 122,
        "DJ Play Count": 0,
        "Rating": "*******",
        "My Tag": [
            "Sp- Bach Israel",
            "90s",
            "Pop",
            "Israeli - Kibutz"
        ],
        "Additional Info": {
            "id": "6RyVbZlxrgGUnik4WtnHkK",
            "explicit": false,
            "album": "החיים שלך בלאפה",
            "release_date": "1995-01-01",
            "genres": [
                "israeli pop"
            ],
            "duration": 230653,
            "acousticness": 0.811,
            "danceability": 7.102,
            "instrumentalness": 0.000107,
            "liveness": 0.0912,
            "loudness": -10.371,
            "speechiness": 0.0356,
            "time_signature": 4,
            "happiness": 4.167999999999999
        }
    },
    {
        "#": 61,
        "Track Title": "בחוף של טראפטוני",
        "Artist": "Shlomi Shabat",
        "Key": "8A",
        "Energy": 8.416,
        "Popularity": 4.6899999999999995,
        "BPM": 102,
        "DJ Play Count": 0,
        "Rating": "*******",
        "My Tag": [
            "Sp- Bach Israel",
            "2000s",
            "Mizrahit",
            "Israeli - Kibutz",
            "Happy"
        ],
        "Additional Info": {
            "id": "4MrW3lMdMpKUZ2Cn2mMvBX",
            "explicit": false,
            "album": "זמן אהבה",
            "release_date": "2003-01-01",
            "genres": [
                "israeli mediterranean",
                "mizrahi"
            ],
            "duration": 210320,
            "acousticness": 0.316,
            "danceability": 7.579,
            "instrumentalness": 0,
            "liveness": 0.0793,
            "loudness": -4.906,
            "speechiness": 0.0258,
            "time_signature": 4,
            "happiness": 9.712
        }
    },
    {
        "#": 62,
        "Track Title": "פירות",
        "Artist": "J.Lamotta",
        "Key": "6A",
        "Energy": 6.391,
        "Popularity": 2.98,
        "BPM": 97,
        "DJ Play Count": 0,
        "Rating": "*******",
        "My Tag": [
            "Sp- Bach Israel",
            "2020s",
            "Happy"
        ],
        "Additional Info": {
            "id": "7ngqBftYL9Lv5LneLnXekY",
            "explicit": false,
            "album": "פירות",
            "release_date": "2022-01-07",
            "genres": [],
            "duration": 171500,
            "acousticness": 0.0327,
            "danceability": 8.497,
            "instrumentalness": 0.00748,
            "liveness": 0.0811,
            "loudness": -9.406,
            "speechiness": 0.0506,
            "time_signature": 4,
            "happiness": 7.723
        }
    },
    {
        "#": 63,
        "Track Title": "Better",
        "Artist": "Tamir",
        "Key": "8B",
        "Energy": 5.617,
        "Popularity": 4.779999999999999,
        "BPM": 94,
        "DJ Play Count": 0,
        "Rating": "*******",
        "My Tag": [
            "Sp- Bach Israel",
            "2020s"
        ],
        "Additional Info": {
            "id": "0P8Knv0pJYhahdGvKAqJcM",
            "explicit": false,
            "album": "Better",
            "release_date": "2022-02-15",
            "genres": [],
            "duration": 208564,
            "acousticness": 0.14,
            "danceability": 7.93,
            "instrumentalness": 2.63e-06,
            "liveness": 0.34,
            "loudness": -6.02,
            "speechiness": 0.0503,
            "time_signature": 4,
            "happiness": 5.239
        }
    },
    {
        "#": 64,
        "Track Title": "Love Tonight (Mike Simonetti Remix)",
        "Artist": "Shouse, Mike Simonetti",
        "Key": "3B",
        "Energy": 4.996,
        "Popularity": 4.0600000000000005,
        "BPM": 124,
        "DJ Play Count": 0,
        "Rating": "*******",
        "My Tag": [
            "Sp- Bach Israel",
            "2010s",
            "EDM"
        ],
        "Additional Info": {
            "id": "68S9Ubb7UTpWtnvIPIW0Yp",
            "explicit": false,
            "album": "Love Tonight (The Remixes)",
            "release_date": "2017-12-14",
            "genres": [
                "aussietronica"
            ],
            "duration": 360803,
            "acousticness": 0.0356,
            "danceability": 6.868,
            "instrumentalness": 0.754,
            "liveness": 0.0804,
            "loudness": -13.63,
            "speechiness": 0.0347,
            "time_signature": 4,
            "happiness": 1.4365
        }
    },
    {
        "#": 65,
        "Track Title": "הולכת איתך",
        "Artist": "Narkis",
        "Key": "2A",
        "Energy": 8.173,
        "Popularity": 5.7700000000000005,
        "BPM": 108,
        "DJ Play Count": 0,
        "Rating": "*******",
        "My Tag": [
            "Sp- Bach Israel",
            "2020s",
            "Pop",
            "Israeli - Kibutz"
        ],
        "Additional Info": {
            "id": "26ffnwQVV4votOweWSwpeN",
            "explicit": false,
            "album": "הולכת איתך",
            "release_date": "2021-05-10",
            "genres": [
                "israeli pop"
            ],
            "duration": 213333,
            "acousticness": 0.0251,
            "danceability": 7.263999999999999,
            "instrumentalness": 0,
            "liveness": 0.105,
            "loudness": -6.031,
            "speechiness": 0.0696,
            "time_signature": 4,
            "happiness": 5.086
        }
    }
]