[
    {
        "#": 1,
        "Track Title": "Unholy (feat. Kim Petras) - ACRAZE Remix",
        "Artist": "Sam Smith, Kim Petras, ACRAZE",
        "Key": "3B",
        "Energy": 9.037,
        "Popularity": 7.4799999999999995,
        "BPM": 130,
        "DJ Play Count": 0,
        "Rating": "*******",
        "My Tag": [
            "Sp- Bach Israel",
            "2020s",
            "Dance Remixes",
            "Mad",
            "Club-Hotel",
            "Rock",
            "Pop",
            "EDM"
        ],
        "Additional Info": {
            "id": "2Jn3wcH9TSCFMQjlWreTft",
            "explicit": false,
            "album": "Unholy (feat. Kim Petras) [ACRAZE Remix]",
            "release_date": "2022-10-12",
            "genres": [
                "pop",
                "uk pop",
                "alt z",
                "pop",
                "transpop",
                "pop dance",
                "tech house"
            ],
            "duration": 176500,
            "acousticness": 0.00284,
            "danceability": 7.687,
            "instrumentalness": 0.000369,
            "liveness": 0.113,
            "loudness": -5.261,
            "speechiness": 0.129,
            "time_signature": 4,
            "happiness": 4.321
        }
    },
    {
        "#": 2,
        "Track Title": "דרופ עם חצוצרה",
        "Artist": "Itay Galo, ליאור נרקיס, Ron B",
        "Key": "6A",
        "Energy": 8.731,
        "Popularity": 4.24,
        "BPM": 126,
        "DJ Play Count": 0,
        "Rating": "*******",
        "My Tag": [
            "Sp- Bach Israel",
            "2020s",
            "Mizrahit",
            "Israeli - Kibutz",
            "Happy"
        ],
        "Additional Info": {
            "id": "4JonYKn3dVeL5eUszNcDxf",
            "explicit": false,
            "album": "דרופ עם חצוצרה",
            "release_date": "2023-03-22",
            "genres": [
                "israeli mediterranean",
                "mizrahi"
            ],
            "duration": 148571,
            "acousticness": 0.0269,
            "danceability": 8.551,
            "instrumentalness": 0.000473,
            "liveness": 0.055,
            "loudness": -6.361,
            "speechiness": 0.0789,
            "time_signature": 4,
            "happiness": 7.335999999999999
        }
    },
    {
        "#": 3,
        "Track Title": "על הראסי",
        "Artist": "Static",
        "Key": "7B",
        "Energy": 8.605,
        "Popularity": 5.5,
        "BPM": 125,
        "DJ Play Count": 0,
        "Rating": "*******",
        "My Tag": [
            "Sp- Bach Israel",
            "2020s"
        ],
        "Additional Info": {
            "id": "6F2z1AOAQaD7KiPc4PmtZL",
            "explicit": false,
            "album": "לירז",
            "release_date": "2023-02-22",
            "genres": [],
            "duration": 154419,
            "acousticness": 0.0272,
            "danceability": 8.416,
            "instrumentalness": 2.65e-06,
            "liveness": 0.133,
            "loudness": -4.735,
            "speechiness": 0.0406,
            "time_signature": 4,
            "happiness": 6.859
        }
    },
    {
        "#": 4,
        "Track Title": "משוגעת (Prod. by Triangle)",
        "Artist": "Gal Adam, NOROZ",
        "Key": "4B",
        "Energy": 8.083,
        "Popularity": 6.3999999999999995,
        "BPM": 140,
        "DJ Play Count": 0,
        "Rating": "*******",
        "My Tag": [
            "Sp- Bach Israel",
            "2020s",
            "Hip Hop",
            "Israeli - Kibutz"
        ],
        "Additional Info": {
            "id": "3idINUuyRidKbQiMFt6EkU",
            "explicit": false,
            "album": "משוגעת (Prod. by Triangle)",
            "release_date": "2022-10-19",
            "genres": [
                "israeli mediterranean",
                "israeli hip hop",
                "israeli trap"
            ],
            "duration": 136500,
            "acousticness": 0.134,
            "danceability": 7.849,
            "instrumentalness": 0.00145,
            "liveness": 0.161,
            "loudness": -6.503,
            "speechiness": 0.249,
            "time_signature": 4,
            "happiness": 5.878
        }
    },
    {
        "#": 5,
        "Track Title": "תהביל תרבח רמיקס - Dj Braindead Remix",
        "Artist": "Quarter to Africa, Dj Braindead",
        "Key": "12A",
        "Energy": 9.19,
        "Popularity": 1.45,
        "BPM": 107,
        "DJ Play Count": 0,
        "Rating": "*******",
        "My Tag": [
            "Sp- Bach Israel",
            "2020s"
        ],
        "Additional Info": {
            "id": "7kVN2xn2VsLBx6MK3i8snm",
            "explicit": false,
            "album": "תהביל תרבח רמיקס (Dj Braindead Remix)",
            "release_date": "2022-04-20",
            "genres": [
                "israeli jazz"
            ],
            "duration": 182245,
            "acousticness": 0.00654,
            "danceability": 7.543,
            "instrumentalness": 0.0178,
            "liveness": 0.0503,
            "loudness": -2.77,
            "speechiness": 0.052,
            "time_signature": 4,
            "happiness": 5.824
        }
    },
    {
        "#": 6,
        "Track Title": "אח שלי מתחתן - DJ Braindead Remix",
        "Artist": "Doli & Penn, Mosh Ben Ari, Dj Braindead",
        "Key": "9A",
        "Energy": 9.361,
        "Popularity": 1.0,
        "BPM": 108,
        "DJ Play Count": 0,
        "Rating": "*******",
        "My Tag": [
            "Sp- Bach Israel",
            "2010s",
            "Mizrahit",
            "Pop",
            "Israeli - Kibutz",
            "Happy"
        ],
        "Additional Info": {
            "id": "5mtoYYPxHSaXW5zNmygXb1",
            "explicit": false,
            "album": "אח שלי מתחתן (DJ Braindead Remix)",
            "release_date": "2019-09-01",
            "genres": [
                "israeli pop",
                "mizrahi"
            ],
            "duration": 202117,
            "acousticness": 0.00483,
            "danceability": 7.633,
            "instrumentalness": 5.28e-05,
            "liveness": 0.0926,
            "loudness": -1.458,
            "speechiness": 0.071,
            "time_signature": 4,
            "happiness": 7.4799999999999995
        }
    },
    {
        "#": 7,
        "Track Title": "טאם טאם - גרסת מועדונים",
        "Artist": "אלקנה מרציאנו",
        "Key": "4B",
        "Energy": 7.165000000000001,
        "Popularity": 4.779999999999999,
        "BPM": 130,
        "DJ Play Count": 0,
        "Rating": "*******",
        "My Tag": [
            "Sp- Bach Israel",
            "2020s"
        ],
        "Additional Info": {
            "id": "7dTAQLG7I4sFsZFVPfRNiu",
            "explicit": false,
            "album": "טאם טאם (גרסת מועדונים)",
            "release_date": "2022-06-06",
            "genres": [],
            "duration": 116769,
            "acousticness": 0.309,
            "danceability": 8.658999999999999,
            "instrumentalness": 0.0693,
            "liveness": 0.0654,
            "loudness": -6.68,
            "speechiness": 0.0505,
            "time_signature": 4,
            "happiness": 6.436
        }
    },
    {
        "#": 8,
        "Track Title": "כוסות ריקות",
        "Artist": "Static & Ben El, ליאור נרקיס",
        "Key": "7B",
        "Energy": 8.767,
        "Popularity": 4.96,
        "BPM": 130,
        "DJ Play Count": 0,
        "Rating": "*******",
        "My Tag": [
            "Sp- Bach Israel",
            "2020s",
            "Mizrahit",
            "Pop",
            "Israeli - Kibutz",
            "Happy"
        ],
        "Additional Info": {
            "id": "6NzCGR1aXkl3z4tjUph4zH",
            "explicit": false,
            "album": "שבעה ירחים",
            "release_date": "2021-07-06",
            "genres": [
                "israeli pop",
                "jewish pop",
                "israeli mediterranean",
                "mizrahi"
            ],
            "duration": 134769,
            "acousticness": 0.0385,
            "danceability": 7.9750000000000005,
            "instrumentalness": 0,
            "liveness": 0.489,
            "loudness": -5.23,
            "speechiness": 0.0412,
            "time_signature": 4,
            "happiness": 9.693999999999999
        }
    },
    {
        "#": 9,
        "Track Title": "גן חיות",
        "Artist": "ליאור נרקיס",
        "Key": "3B",
        "Energy": 8.02,
        "Popularity": 3.5200000000000005,
        "BPM": 128,
        "DJ Play Count": 0,
        "Rating": "*******",
        "My Tag": [
            "Sp- Bach Israel",
            "2020s",
            "Mizrahit",
            "Israeli - Kibutz",
            "Fight & Fog"
        ],
        "Additional Info": {
            "id": "6PVUcbxOv2jETtgZx5iRCS",
            "explicit": false,
            "album": "גן חיות",
            "release_date": "2021-05-06",
            "genres": [
                "israeli mediterranean",
                "mizrahi"
            ],
            "duration": 195625,
            "acousticness": 0.0182,
            "danceability": 8.02,
            "instrumentalness": 5.09e-05,
            "liveness": 0.225,
            "loudness": -7.482,
            "speechiness": 0.0663,
            "time_signature": 4,
            "happiness": 2.971
        }
    },
    {
        "#": 10,
        "Track Title": "מי לא יבוא - Mikel Mermelstein Remix",
        "Artist": "Avraham Tal, Benaia Barabi, Mikel Mermelstein",
        "Key": "11A",
        "Energy": 9.226,
        "Popularity": 3.79,
        "BPM": 128,
        "DJ Play Count": 0,
        "Rating": "*******",
        "My Tag": [
            "Sp- Bach Israel",
            "2020s",
            "Pop",
            "Israeli - Kibutz",
            "Happy"
        ],
        "Additional Info": {
            "id": "5aSK9kKW40ycGHTSckBQEy",
            "explicit": false,
            "album": "מי לא יבוא (Mikel Mermelstein Remix)",
            "release_date": "2021-06-02",
            "genres": [
                "israeli pop",
                "israeli mediterranean"
            ],
            "duration": 217676,
            "acousticness": 0.00389,
            "danceability": 6.661,
            "instrumentalness": 2.9e-05,
            "liveness": 0.169,
            "loudness": -5.142,
            "speechiness": 0.041,
            "time_signature": 4,
            "happiness": 9.064
        }
    },
    {
        "#": 11,
        "Track Title": "בית משוגעים - Itay Galo Remix",
        "Artist": "Ran Danker, Itay Galo",
        "Key": "7A",
        "Energy": 6.742,
        "Popularity": 4.24,
        "BPM": 122,
        "DJ Play Count": 0,
        "Rating": "*******",
        "My Tag": [
            "Sp- Bach Israel",
            "2020s",
            "Pop",
            "Israeli - Kibutz",
            "Happy"
        ],
        "Additional Info": {
            "id": "7wG0fHodj1i90zPPXqv90d",
            "explicit": false,
            "album": "בית משוגעים (Itay Galo Remix)",
            "release_date": "2021-04-04",
            "genres": [
                "festigal",
                "israeli pop"
            ],
            "duration": 208525,
            "acousticness": 0.0949,
            "danceability": 8.038,
            "instrumentalness": 0.00077,
            "liveness": 0.0659,
            "loudness": -7.785,
            "speechiness": 0.111,
            "time_signature": 4,
            "happiness": 7.165000000000001
        }
    },
    {
        "#": 12,
        "Track Title": "מסיבת רווקים - Sharon Yosefov Remix",
        "Artist": "Itay Levi, ליאור נרקיס, Vivo, Sharon Yosefov",
        "Key": "11A",
        "Energy": 9.712,
        "Popularity": 2.5300000000000002,
        "BPM": 132,
        "DJ Play Count": 0,
        "Rating": "*******",
        "My Tag": [
            "Sp- Bach Israel",
            "2010s",
            "Mizrahit",
            "Israeli - Kibutz",
            "Happy"
        ],
        "Additional Info": {
            "id": "5l43eMVLKjYTgf81CjMgq7",
            "explicit": false,
            "album": "מסיבת רווקים (Sharon Yosefov Remix)",
            "release_date": "2018-08-22",
            "genres": [
                "israeli mediterranean",
                "mizrahi",
                "israeli mediterranean",
                "mizrahi"
            ],
            "duration": 300069,
            "acousticness": 0.0208,
            "danceability": 6.832,
            "instrumentalness": 0.00109,
            "liveness": 0.218,
            "loudness": -2.652,
            "speechiness": 0.0775,
            "time_signature": 4,
            "happiness": 9.478
        }
    },
    {
        "#": 13,
        "Track Title": "לא כוחות - DJ Braindead Official Remix",
        "Artist": "Eliad, Dj Braindead",
        "Key": "6A",
        "Energy": 8.389,
        "Popularity": 2.8,
        "BPM": 104,
        "DJ Play Count": 0,
        "Rating": "*******",
        "My Tag": [
            "Sp- Bach Israel",
            "2020s",
            "Pop",
            "Israeli - Kibutz"
        ],
        "Additional Info": {
            "id": "6cIwdqT3mkQg4N1pwOnEZe",
            "explicit": false,
            "album": "לא כוחות (DJ Braindead Official Remix)",
            "release_date": "2022-03-24",
            "genres": [
                "israeli pop"
            ],
            "duration": 194733,
            "acousticness": 0.00357,
            "danceability": 6.031000000000001,
            "instrumentalness": 0.00183,
            "liveness": 0.0788,
            "loudness": -3.197,
            "speechiness": 0.0826,
            "time_signature": 4,
            "happiness": 6.0040000000000004
        }
    },
    {
        "#": 14,
        "Track Title": "Baila Conmigo",
        "Artist": "Tiësto",
        "Key": "9B",
        "Energy": 8.695,
        "Popularity": 7.57,
        "BPM": 128,
        "DJ Play Count": 0,
        "Rating": "*******",
        "My Tag": [
            "Sp- Bach Israel",
            "2020s",
            "Dance Remixes",
            "Flying High",
            "Club-Hotel",
            "Pop",
            "EDM",
            "Fight & Fog"
        ],
        "Additional Info": {
            "id": "3KruoUtSkm84Az0bJunnxl",
            "explicit": false,
            "album": "Baila Conmigo",
            "release_date": "2022-07-29",
            "genres": [
                "big room",
                "brostep",
                "dutch edm",
                "edm",
                "house",
                "pop dance",
                "slap house",
                "trance"
            ],
            "duration": 146250,
            "acousticness": 0.00658,
            "danceability": 6.868,
            "instrumentalness": 0.409,
            "liveness": 0.341,
            "loudness": -6.411,
            "speechiness": 0.0775,
            "time_signature": 4,
            "happiness": 1.7506
        }
    },
    {
        "#": 15,
        "Track Title": "עושה לי בלאגן",
        "Artist": "Osher Cohen, Nadav Navi Aharoni",
        "Key": "7A",
        "Energy": 7.039000000000001,
        "Popularity": 4.96,
        "BPM": 125,
        "DJ Play Count": 0,
        "Rating": "*******",
        "My Tag": [
            "Sp- Bach Israel",
            "2020s",
            "Israeli - Kibutz"
        ],
        "Additional Info": {
            "id": "7kbMlbfDBhQGfd0AnbYqnC",
            "explicit": false,
            "album": "עושה לי בלאגן",
            "release_date": "2021-10-17",
            "genres": [
                "israeli mediterranean"
            ],
            "duration": 203520,
            "acousticness": 0.00384,
            "danceability": 7.669,
            "instrumentalness": 0.00115,
            "liveness": 0.905,
            "loudness": -6.515,
            "speechiness": 0.0346,
            "time_signature": 4,
            "happiness": 3.646
        }
    },
    {
        "#": 16,
        "Track Title": "More Than You Know - Wiwek Remix",
        "Artist": "Axwell /\\ Ingrosso, Wiwek",
        "Key": "7A",
        "Energy": 9.469,
        "Popularity": 2.8,
        "BPM": 125,
        "DJ Play Count": 0,
        "Rating": "*******",
        "My Tag": [
            "Sp- Bach Israel",
            "2010s",
            "Latin",
            "Dance Remixes",
            "Hip Hop",
            "Pop",
            "EDM",
            "Fight & Fog"
        ],
        "Additional Info": {
            "id": "5D5VNakck0lHxXo3iNx2y9",
            "explicit": false,
            "album": "More Than You Know (Remixes)",
            "release_date": "2017-10-11",
            "genres": [
                "edm",
                "pop dance",
                "progressive electro house",
                "brostep",
                "dutch house",
                "electro house",
                "electronic trap",
                "moombahton"
            ],
            "duration": 228560,
            "acousticness": 0.0081,
            "danceability": 7.471,
            "instrumentalness": 0.000614,
            "liveness": 0.0774,
            "loudness": -2.864,
            "speechiness": 0.0471,
            "time_signature": 4,
            "happiness": 2.395
        }
    },
    {
        "#": 17,
        "Track Title": "Mi Gente - Cedric Gervais Remix",
        "Artist": "J Balvin, Willy William, Cedric Gervais",
        "Key": "1B",
        "Energy": 8.776,
        "Popularity": 3.79,
        "BPM": 128,
        "DJ Play Count": 0,
        "Rating": "*******",
        "My Tag": [
            "Sp- Bach Israel",
            "2010s",
            "Latin",
            "Dance Remixes",
            "Hip Hop",
            "Pop",
            "EDM",
            "Happy"
        ],
        "Additional Info": {
            "id": "30HRDlhCOENLR1o4LRF8mF",
            "explicit": false,
            "album": "Mi Gente (Cedric Gervais Remix)",
            "release_date": "2017-10-20",
            "genres": [
                "reggaeton",
                "reggaeton colombiano",
                "trap latino",
                "urbano latino",
                "dutch house",
                "edm",
                "electro house",
                "pop dance",
                "progressive electro house",
                "progressive house"
            ],
            "duration": 269262,
            "acousticness": 0.107,
            "danceability": 8.182,
            "instrumentalness": 0.00106,
            "liveness": 0.104,
            "loudness": -4.874,
            "speechiness": 0.106,
            "time_signature": 4,
            "happiness": 8.803
        }
    },
    {
        "#": 18,
        "Track Title": "Calabria - Firebeatz Remix",
        "Artist": "Rune RK, Firebeatz",
        "Key": "6B",
        "Energy": 8.911,
        "Popularity": 6.22,
        "BPM": 128,
        "DJ Play Count": 0,
        "Rating": "*******",
        "My Tag": [
            "Sp- Bach Israel",
            "2010s",
            "Pop",
            "Dance Remixes",
            "EDM"
        ],
        "Additional Info": {
            "id": "6lYdV7rTtv3dVpQ89htlRU",
            "explicit": false,
            "album": "Calabria (Firebeatz Remix)",
            "release_date": "2014-10-27",
            "genres": [
                "dakke dak",
                "danish electronic",
                "dutch edm",
                "dutch house",
                "edm",
                "electro house",
                "pop dance",
                "progressive electro house",
                "progressive house"
            ],
            "duration": 221250,
            "acousticness": 0.000732,
            "danceability": 6.724,
            "instrumentalness": 0.446,
            "liveness": 0.324,
            "loudness": -2.862,
            "speechiness": 0.0702,
            "time_signature": 4,
            "happiness": 4.555
        }
    },
    {
        "#": 19,
        "Track Title": "Seven Nation Army",
        "Artist": "DJ Fluke, Jaki Nelson",
        "Key": "12A",
        "Energy": 8.488,
        "Popularity": 7.39,
        "BPM": 126,
        "DJ Play Count": 0,
        "Rating": "*******",
        "My Tag": [
            "Sp- Bach Israel",
            "2020s"
        ],
        "Additional Info": {
            "id": "4ntwMws17qmbQUI1NemGqd",
            "explicit": false,
            "album": "Seven Nation Army",
            "release_date": "2021-01-22",
            "genres": [],
            "duration": 156310,
            "acousticness": 0.00694,
            "danceability": 7.201,
            "instrumentalness": 0.11,
            "liveness": 0.0885,
            "loudness": -4.248,
            "speechiness": 0.0443,
            "time_signature": 4,
            "happiness": 3.484
        }
    },
    {
        "#": 20,
        "Track Title": "Devotion - 2020 Remix",
        "Artist": "Bingo Players, Felguk, Fafaq",
        "Key": "10B",
        "Energy": 8.218,
        "Popularity": 6.22,
        "BPM": 124,
        "DJ Play Count": 0,
        "Rating": "*******",
        "My Tag": [
            "Sp- Bach Israel",
            "2020s",
            "Dance Remixes",
            "Club-Hotel",
            "Pop",
            "EDM"
        ],
        "Additional Info": {
            "id": "039VxfSo5FErqE65169VZL",
            "explicit": false,
            "album": "Devotion (2020 Remix)",
            "release_date": "2020-10-09",
            "genres": [
                "big room",
                "dutch house",
                "edm",
                "electro house",
                "melbourne bounce",
                "pop dance",
                "progressive electro house",
                "progressive house",
                "brazilian bass",
                "brazilian edm",
                "complextro",
                "electro house",
                "melbourne bounce",
                "progressive uplifting trance"
            ],
            "duration": 152131,
            "acousticness": 0.00059,
            "danceability": 7.308999999999999,
            "instrumentalness": 0.819,
            "liveness": 0.332,
            "loudness": -4.771,
            "speechiness": 0.0451,
            "time_signature": 4,
            "happiness": 4.285
        }
    },
    {
        "#": 21,
        "Track Title": "Loco Papi",
        "Artist": "Sevenn",
        "Key": "2A",
        "Energy": 9.883,
        "Popularity": 6.13,
        "BPM": 125,
        "DJ Play Count": 0,
        "Rating": "*******",
        "My Tag": [
            "Sp- Bach Israel",
            "2010s",
            "EDM",
            "Happy"
        ],
        "Additional Info": {
            "id": "5EuVplVa6I5vbAUBuCRnvS",
            "explicit": false,
            "album": "Loco Papi",
            "release_date": "2019-06-14",
            "genres": [
                "brazilian edm"
            ],
            "duration": 178560,
            "acousticness": 0.0754,
            "danceability": 7.831,
            "instrumentalness": 0.788,
            "liveness": 0.268,
            "loudness": -2.516,
            "speechiness": 0.0928,
            "time_signature": 4,
            "happiness": 8.074
        }
    },
    {
        "#": 22,
        "Track Title": "Dirty Talk",
        "Artist": "LOthief",
        "Key": "1A",
        "Energy": 8.974,
        "Popularity": 5.68,
        "BPM": 123,
        "DJ Play Count": 0,
        "Rating": "*******",
        "My Tag": [
            "Sp- Bach Israel",
            "2010s",
            "EDM",
            "Fight & Fog"
        ],
        "Additional Info": {
            "id": "1b4WGUgsfdiJYStI6W1mo4",
            "explicit": false,
            "album": "Dirty Talk",
            "release_date": "2018-12-07",
            "genres": [
                "brazilian edm"
            ],
            "duration": 175040,
            "acousticness": 0.00193,
            "danceability": 6.084999999999999,
            "instrumentalness": 0.935,
            "liveness": 0.636,
            "loudness": -7.436,
            "speechiness": 0.126,
            "time_signature": 4,
            "happiness": 1.5634000000000001
        }
    },
    {
        "#": 23,
        "Track Title": "Love Tonight (David Guetta Remix Edit)",
        "Artist": "Shouse, David Guetta",
        "Key": "6A",
        "Energy": 9.901,
        "Popularity": 8.379999999999999,
        "BPM": 126,
        "DJ Play Count": 0,
        "Rating": "*******",
        "My Tag": [
            "Sp- Bach Israel",
            "2020s",
            "Dance Remixes",
            "Club-Hotel",
            "Pop",
            "EDM",
            "Fight & Fog"
        ],
        "Additional Info": {
            "id": "2prnn41CblB8B4yWACDljP",
            "explicit": false,
            "album": "Love Tonight (David Guetta Remix)",
            "release_date": "2021-06-11",
            "genres": [
                "aussietronica",
                "big room",
                "dance pop",
                "edm",
                "pop",
                "pop dance"
            ],
            "duration": 158095,
            "acousticness": 0.015,
            "danceability": 6.589,
            "instrumentalness": 0.357,
            "liveness": 0.184,
            "loudness": -4.225,
            "speechiness": 0.0434,
            "time_signature": 4,
            "happiness": 1.3132
        }
    },
    {
        "#": 24,
        "Track Title": "Alors On Danse - DubDogz Remix",
        "Artist": "Stromae, Dubdogz",
        "Key": "3A",
        "Energy": 7.768,
        "Popularity": 7.57,
        "BPM": 123,
        "DJ Play Count": 0,
        "Rating": "*******",
        "My Tag": [
            "Sp- Bach Israel",
            "2010s",
            "EDM",
            "Happy"
        ],
        "Additional Info": {
            "id": "19eIZmuXlBmLTha1lPHef7",
            "explicit": false,
            "album": "Alors On Danse (DubDogz Remix)",
            "release_date": "2019-05-03",
            "genres": [
                "belgian pop",
                "g-house",
                "brazilian bass",
                "brazilian edm"
            ],
            "duration": 168577,
            "acousticness": 0.027,
            "danceability": 8.100999999999999,
            "instrumentalness": 2.69e-05,
            "liveness": 0.613,
            "loudness": -4.274,
            "speechiness": 0.164,
            "time_signature": 4,
            "happiness": 7.651
        }
    },
    {
        "#": 25,
        "Track Title": "Pepas - Tiësto Remix",
        "Artist": "Farruko, Tiësto",
        "Key": "9B",
        "Energy": 7.191999999999999,
        "Popularity": 7.39,
        "BPM": 130,
        "DJ Play Count": 0,
        "Rating": "*******",
        "My Tag": [
            "Sp- Bach Israel",
            "2020s",
            "Latin",
            "Dance Remixes",
            "Flying High",
            "Hip Hop",
            "Club-Hotel",
            "Pop",
            "EDM",
            "PEGI 16 [Age]"
        ],
        "Additional Info": {
            "id": "1bFgMkoazsyZGSflpCzYm6",
            "explicit": true,
            "album": "Pepas (Tiësto Remix)",
            "release_date": "2021-09-29",
            "genres": [
                "reggaeton",
                "trap latino",
                "urbano latino",
                "big room",
                "brostep",
                "dutch edm",
                "edm",
                "house",
                "pop dance",
                "slap house",
                "trance"
            ],
            "duration": 223385,
            "acousticness": 0.00215,
            "danceability": 7.921,
            "instrumentalness": 0.107,
            "liveness": 0.088,
            "loudness": -4.378,
            "speechiness": 0.0501,
            "time_signature": 4,
            "happiness": 4.4830000000000005
        }
    },
    {
        "#": 26,
        "Track Title": "Bad Habits - MEDUZA Remix",
        "Artist": "Ed Sheeran, MEDUZA",
        "Key": "1A",
        "Energy": 8.2,
        "Popularity": 7.12,
        "BPM": 126,
        "DJ Play Count": 0,
        "Rating": "*******",
        "My Tag": [
            "Sp- Bach Israel",
            "2020s",
            "Pop",
            "Dance Remixes",
            "EDM",
            "Fight & Fog"
        ],
        "Additional Info": {
            "id": "12N23tQKmfGcEO0z8ObwtM",
            "explicit": false,
            "album": "Bad Habits (MEDUZA Remix)",
            "release_date": "2021-07-30",
            "genres": [
                "pop",
                "uk pop",
                "pop dance",
                "pop house",
                "uk dance"
            ],
            "duration": 194332,
            "acousticness": 0.0992,
            "danceability": 6.481,
            "instrumentalness": 0.00132,
            "liveness": 0.0887,
            "loudness": -5.102,
            "speechiness": 0.0337,
            "time_signature": 4,
            "happiness": 2.7279999999999998
        }
    },
    {
        "#": 27,
        "Track Title": "Bella Ciao (Remix)",
        "Artist": "Claudinho Brasil",
        "Key": "6B",
        "Energy": 8.334999999999999,
        "Popularity": 4.33,
        "BPM": 145,
        "DJ Play Count": 0,
        "Rating": "*******",
        "My Tag": [
            "Sp- Bach Israel",
            "2010s"
        ],
        "Additional Info": {
            "id": "4frQSxTFYzg8kzAe9VcLY8",
            "explicit": false,
            "album": "Bella Ciao (Remix)",
            "release_date": "2018-04-13",
            "genres": [
                "trance brasileiro"
            ],
            "duration": 233089,
            "acousticness": 0.0447,
            "danceability": 6.904,
            "instrumentalness": 0.00119,
            "liveness": 0.352,
            "loudness": -7.086,
            "speechiness": 0.213,
            "time_signature": 4,
            "happiness": 3.853
        }
    },
    {
        "#": 28,
        "Track Title": "Stanga - Original Mix",
        "Artist": "Sagi Abitbul, Guy Haliva",
        "Key": "9B",
        "Energy": 9.226,
        "Popularity": 4.51,
        "BPM": 130,
        "DJ Play Count": 0,
        "Rating": "*******",
        "My Tag": [
            "Sp- Bach Israel",
            "2010s"
        ],
        "Additional Info": {
            "id": "7bbNlAhphqFH80Xk5wNvx8",
            "explicit": false,
            "album": "Stanga",
            "release_date": "2016-05-01",
            "genres": [],
            "duration": 232646,
            "acousticness": 7.52e-05,
            "danceability": 6.562,
            "instrumentalness": 0.577,
            "liveness": 0.0466,
            "loudness": -3.273,
            "speechiness": 0.0509,
            "time_signature": 4,
            "happiness": 3.9970000000000003
        }
    },
    {
        "#": 29,
        "Track Title": "Contra La Pared - GTA Remix",
        "Artist": "Sean Paul, J Balvin, Good Times Ahead",
        "Key": "6B",
        "Energy": 8.767,
        "Popularity": 5.41,
        "BPM": 126,
        "DJ Play Count": 0,
        "Rating": "*******",
        "My Tag": [
            "Sp- Bach Israel",
            "2010s",
            "Latin",
            "Dance Remixes",
            "Hip Hop",
            "Pop",
            "EDM"
        ],
        "Additional Info": {
            "id": "5RE2mMitKRWTQuh1jSzlBu",
            "explicit": false,
            "album": "Contra La Pared (Remixes)",
            "release_date": "2019-06-17",
            "genres": [
                "dance pop",
                "dancehall",
                "pop",
                "pop rap",
                "reggaeton",
                "reggaeton colombiano",
                "trap latino",
                "urbano latino",
                "brostep",
                "edm",
                "electro house",
                "electronic trap",
                "pop dance"
            ],
            "duration": 257274,
            "acousticness": 0.00206,
            "danceability": 8.460999999999999,
            "instrumentalness": 0.0193,
            "liveness": 0.116,
            "loudness": -3.591,
            "speechiness": 0.067,
            "time_signature": 4,
            "happiness": 6.769
        }
    },
    {
        "#": 30,
        "Track Title": "Que Calor (with J Balvin & El Alfa) - Aaar Remix",
        "Artist": "Major Lazer, J Balvin, El Alfa, Diplo, Aaar",
        "Key": "9A",
        "Energy": 9.118,
        "Popularity": 2.8899999999999997,
        "BPM": 126,
        "DJ Play Count": 0,
        "Rating": "*******",
        "My Tag": [
            "Sp- Bach Israel",
            "2010s",
            "Latin",
            "Dance Remixes",
            "Hip Hop",
            "Pop",
            "EDM"
        ],
        "Additional Info": {
            "id": "6CwK07Kd8ghEm0mfTmmdAP",
            "explicit": false,
            "album": "Que Calor (with J Balvin & El Alfa) [Remixes]",
            "release_date": "2019-12-13",
            "genres": [
                "dance pop",
                "edm",
                "electro house",
                "moombahton",
                "pop",
                "pop dance",
                "reggaeton",
                "reggaeton colombiano",
                "trap latino",
                "urbano latino",
                "dembow",
                "rap dominicano",
                "reggaeton",
                "trap latino",
                "urbano latino",
                "edm",
                "electro house",
                "moombahton",
                "pop dance"
            ],
            "duration": 144008,
            "acousticness": 0.0545,
            "danceability": 8.641,
            "instrumentalness": 0.451,
            "liveness": 0.312,
            "loudness": -2.727,
            "speechiness": 0.109,
            "time_signature": 4,
            "happiness": 5.284
        }
    },
    {
        "#": 31,
        "Track Title": "Loco Contigo (with J. Balvin & Tyga) - Cedric Gervais Remix",
        "Artist": "DJ Snake, J Balvin, Tyga, Cedric Gervais",
        "Key": "2A",
        "Energy": 8.559999999999999,
        "Popularity": 4.6899999999999995,
        "BPM": 124,
        "DJ Play Count": 0,
        "Rating": "*******",
        "My Tag": [
            "Sp- Bach Israel",
            "2010s",
            "Latin",
            "Dance Remixes",
            "Hip Hop",
            "Pop",
            "EDM"
        ],
        "Additional Info": {
            "id": "5Shjuje8PRcX7ueEVajrLH",
            "explicit": false,
            "album": "Loco Contigo (with J. Balvin & Tyga) [Cedric Gervais Remix]",
            "release_date": "2019-08-09",
            "genres": [
                "edm",
                "electronic trap",
                "pop",
                "pop dance",
                "reggaeton",
                "reggaeton colombiano",
                "trap latino",
                "urbano latino",
                "hip hop",
                "pop rap",
                "rap",
                "trap",
                "dutch house",
                "edm",
                "electro house",
                "pop dance",
                "progressive electro house",
                "progressive house"
            ],
            "duration": 279800,
            "acousticness": 0.00486,
            "danceability": 7.768,
            "instrumentalness": 0.0109,
            "liveness": 0.0916,
            "loudness": -4.451,
            "speechiness": 0.0373,
            "time_signature": 4,
            "happiness": 5.149
        }
    },
    {
        "#": 32,
        "Track Title": "Keep Moving",
        "Artist": "Quintino",
        "Key": "4B",
        "Energy": 9.928,
        "Popularity": 6.040000000000001,
        "BPM": 128,
        "DJ Play Count": 0,
        "Rating": "*******",
        "My Tag": [
            "Sp- Bach Israel",
            "2020s",
            "Pop",
            "Dance Remixes",
            "Club-Hotel",
            "EDM"
        ],
        "Additional Info": {
            "id": "0QFKNWVDzx68m98IMDSxyY",
            "explicit": false,
            "album": "Keep Moving",
            "release_date": "2022-07-01",
            "genres": [
                "dutch edm",
                "dutch house",
                "edm",
                "electro house",
                "pop dance",
                "progressive electro house",
                "slap house"
            ],
            "duration": 146250,
            "acousticness": 0.0312,
            "danceability": 6.805,
            "instrumentalness": 0.91,
            "liveness": 0.169,
            "loudness": -4.375,
            "speechiness": 0.0426,
            "time_signature": 4,
            "happiness": 4.285
        }
    },
    {
        "#": 33,
        "Track Title": "פנתרה - Itay Galo Official Remix",
        "Artist": "Noa Kirel, Itay Galo",
        "Key": "11B",
        "Energy": 8.704,
        "Popularity": 4.0600000000000005,
        "BPM": 123,
        "DJ Play Count": 0,
        "Rating": "*******",
        "My Tag": [
            "Sp- Bach Israel",
            "2020s",
            "Pop",
            "Israeli - Kibutz"
        ],
        "Additional Info": {
            "id": "0KXKeccHMltISQWxb4JQDx",
            "explicit": false,
            "album": "פנתרה (Itay Galo Official Remix)",
            "release_date": "2022-10-06",
            "genres": [
                "israeli pop"
            ],
            "duration": 165366,
            "acousticness": 0.00231,
            "danceability": 7.57,
            "instrumentalness": 0.0151,
            "liveness": 0.282,
            "loudness": -4.685,
            "speechiness": 0.056,
            "time_signature": 4,
            "happiness": 4.438000000000001
        }
    },
    {
        "#": 34,
        "Track Title": "מי זאת - Dalit Rechester Remix",
        "Artist": "Anna Zak",
        "Key": "5B",
        "Energy": 9.136000000000001,
        "Popularity": 3.61,
        "BPM": 100,
        "DJ Play Count": 0,
        "Rating": "*******",
        "My Tag": [
            "Sp- Bach Israel",
            "2020s",
            "Pop",
            "Israeli - Kibutz",
            "Happy"
        ],
        "Additional Info": {
            "id": "4J55jDTczNNNZ1nJColfio",
            "explicit": false,
            "album": "מי זאת (Dalit Rechester Remix)",
            "release_date": "2022-06-16",
            "genres": [
                "israeli pop"
            ],
            "duration": 144000,
            "acousticness": 0.061,
            "danceability": 7.849,
            "instrumentalness": 0.00345,
            "liveness": 0.353,
            "loudness": -3.954,
            "speechiness": 0.0807,
            "time_signature": 4,
            "happiness": 8.551
        }
    },
    {
        "#": 35,
        "Track Title": "חנניה - Gil Lugasy Official Remix",
        "Artist": "Hanan Ben Ari, Gil Lugasy",
        "Key": "9B",
        "Energy": 9.370000000000001,
        "Popularity": 3.61,
        "BPM": 125,
        "DJ Play Count": 0,
        "Rating": "*******",
        "My Tag": [
            "Sp- Bach Israel",
            "2020s",
            "Pop",
            "Israeli - Kibutz"
        ],
        "Additional Info": {
            "id": "3N4CSkrXM2hjQbFljDRxJB",
            "explicit": false,
            "album": "חנניה (Gil Lugasy Official Remix)",
            "release_date": "2022-07-19",
            "genres": [
                "israeli pop"
            ],
            "duration": 168000,
            "acousticness": 0.00072,
            "danceability": 6.391,
            "instrumentalness": 0.000702,
            "liveness": 0.736,
            "loudness": -4.898,
            "speechiness": 0.0765,
            "time_signature": 4,
            "happiness": 4.942
        }
    },
    {
        "#": 36,
        "Track Title": "פאוץ' - Remix",
        "Artist": "Noa Kirel, Dalit Rechester, Ran Ziv",
        "Key": "9A",
        "Energy": 8.605,
        "Popularity": 3.6999999999999997,
        "BPM": 128,
        "DJ Play Count": 0,
        "Rating": "*******",
        "My Tag": [
            "Sp- Bach Israel",
            "2010s",
            "Pop",
            "Israeli - Kibutz"
        ],
        "Additional Info": {
            "id": "0NUa1EDN3tGWpSzikKSrXg",
            "explicit": false,
            "album": "פאוץ' (Remix)",
            "release_date": "2019-08-22",
            "genres": [
                "israeli pop"
            ],
            "duration": 310781,
            "acousticness": 0.00469,
            "danceability": 7.3,
            "instrumentalness": 0.0699,
            "liveness": 0.169,
            "loudness": -5.569,
            "speechiness": 0.0362,
            "time_signature": 4,
            "happiness": 3.709
        }
    },
    {
        "#": 37,
        "Track Title": "חתונת השמחות - רמיקס",
        "Artist": "Regev Hod, איתמר לדין",
        "Key": "2B",
        "Energy": 6.526,
        "Popularity": 2.8,
        "BPM": 132,
        "DJ Play Count": 0,
        "Rating": "*******",
        "My Tag": [
            "Sp- Bach Israel",
            "2020s",
            "Israeli - Kibutz"
        ],
        "Additional Info": {
            "id": "0CmG9JRCvCKu5vd57YBmgU",
            "explicit": false,
            "album": "חתונת השמחות - רמיקס",
            "release_date": "2021-06-01",
            "genres": [
                "israeli mediterranean",
                "israeli rock"
            ],
            "duration": 197003,
            "acousticness": 0.0275,
            "danceability": 6.994000000000001,
            "instrumentalness": 0,
            "liveness": 0.926,
            "loudness": -10.153,
            "speechiness": 0.118,
            "time_signature": 4,
            "happiness": 6.3999999999999995
        }
    },
    {
        "#": 38,
        "Track Title": "שלושה בנות - Yinon Yahel Remix",
        "Artist": "Noa Kirel, Gitit Fisher, Yinon Yahel",
        "Key": "7A",
        "Energy": 7.93,
        "Popularity": 3.0700000000000003,
        "BPM": 128,
        "DJ Play Count": 0,
        "Rating": "*******",
        "My Tag": [
            "Sp- Bach Israel",
            "2020s",
            "Pop",
            "Israeli - Kibutz",
            "EDM",
            "Happy"
        ],
        "Additional Info": {
            "id": "0AFZxPYIDoIkjCh2txy0nq",
            "explicit": false,
            "album": "שלושה בנות (Yinon Yahel Remix)",
            "release_date": "2022-06-27",
            "genres": [
                "israeli pop",
                "circuit",
                "vocal house"
            ],
            "duration": 303750,
            "acousticness": 0.0208,
            "danceability": 8.047,
            "instrumentalness": 0.0445,
            "liveness": 0.101,
            "loudness": -5.654,
            "speechiness": 0.0474,
            "time_signature": 4,
            "happiness": 7.633
        }
    },
    {
        "#": 39,
        "Track Title": "טרילילי טרללה - Dalit Rechester Remix",
        "Artist": "Noa Kirel, Ilan Peled, Dalit Rechester",
        "Key": "7A",
        "Energy": 8.578,
        "Popularity": 3.6999999999999997,
        "BPM": 127,
        "DJ Play Count": 0,
        "Rating": "*******",
        "My Tag": [
            "Sp- Bach Israel",
            "2020s",
            "Pop",
            "Israeli - Kibutz",
            "Fight & Fog"
        ],
        "Additional Info": {
            "id": "4QZViRMm1xHelQ5FygZt58",
            "explicit": false,
            "album": "טרילילי טרללה (Dalit Rechester Remix)",
            "release_date": "2021-06-24",
            "genres": [
                "israeli pop"
            ],
            "duration": 199370,
            "acousticness": 0.00197,
            "danceability": 6.7330000000000005,
            "instrumentalness": 0.11,
            "liveness": 0.126,
            "loudness": -7.225,
            "speechiness": 0.0338,
            "time_signature": 4,
            "happiness": 2.638
        }
    },
    {
        "#": 40,
        "Track Title": "מסיבה עם פפיון",
        "Artist": "Eyal Golan, ליאור נרקיס",
        "Key": "8B",
        "Energy": 8.353,
        "Popularity": 4.6899999999999995,
        "BPM": 130,
        "DJ Play Count": 0,
        "Rating": "*******",
        "My Tag": [
            "Sp- Bach Israel",
            "2020s",
            "Mizrahit",
            "Pop",
            "Israeli - Kibutz"
        ],
        "Additional Info": {
            "id": "2ANLIYZ4lydjKacfYouaDH",
            "explicit": false,
            "album": "מסיבה עם פפיון",
            "release_date": "2022-03-10",
            "genres": [
                "israeli mediterranean",
                "israeli pop",
                "mizrahi",
                "persian pop",
                "israeli mediterranean",
                "mizrahi"
            ],
            "duration": 186065,
            "acousticness": 0.0228,
            "danceability": 8.029,
            "instrumentalness": 0,
            "liveness": 0.259,
            "loudness": -2.805,
            "speechiness": 0.0391,
            "time_signature": 4,
            "happiness": 5.581
        }
    },
    {
        "#": 41,
        "Track Title": "הופה - Remix",
        "Artist": "Omer Adam, Gilad Markovich",
        "Key": "11A",
        "Energy": 9.145,
        "Popularity": 2.8899999999999997,
        "BPM": 128,
        "DJ Play Count": 0,
        "Rating": "*******",
        "My Tag": [
            "Sp- Bach Israel",
            "2010s",
            "Mizrahit",
            "Pop",
            "Israeli - Kibutz"
        ],
        "Additional Info": {
            "id": "57KxWRDVc974sG0KTDW7lg",
            "explicit": false,
            "album": "נמס ממך",
            "release_date": "2011-06-01",
            "genres": [
                "israeli mediterranean",
                "israeli pop",
                "mizrahi"
            ],
            "duration": 232507,
            "acousticness": 0.000923,
            "danceability": 7.687,
            "instrumentalness": 0.0298,
            "liveness": 0.0798,
            "loudness": -6.978,
            "speechiness": 0.0538,
            "time_signature": 4,
            "happiness": 4.663
        }
    },
    {
        "#": 42,
        "Track Title": "מועבט",
        "Artist": "Eden Ben Zaken, Itay Galo",
        "Key": "9B",
        "Energy": 5.239,
        "Popularity": 4.42,
        "BPM": 124,
        "DJ Play Count": 0,
        "Rating": "*******",
        "My Tag": [
            "Sp- Bach Israel",
            "2020s",
            "Pop",
            "Israeli - Kibutz"
        ],
        "Additional Info": {
            "id": "6GCoKavQd5wOqScl5wVXOp",
            "explicit": false,
            "album": "מועבט",
            "release_date": "2021-05-06",
            "genres": [
                "israeli mediterranean",
                "israeli pop"
            ],
            "duration": 251613,
            "acousticness": 0.0685,
            "danceability": 8.551,
            "instrumentalness": 0.128,
            "liveness": 0.0971,
            "loudness": -9.136,
            "speechiness": 0.0416,
            "time_signature": 4,
            "happiness": 5.158
        }
    },
    {
        "#": 43,
        "Track Title": "טכנו וג'ין",
        "Artist": "Ido Shoam",
        "Key": "5B",
        "Energy": 8.92,
        "Popularity": 4.42,
        "BPM": 124,
        "DJ Play Count": 0,
        "Rating": "*******",
        "My Tag": [
            "Sp- Bach Israel",
            "2020s",
            "Happy"
        ],
        "Additional Info": {
            "id": "6gjSc23orWgRsZDEPkr5tt",
            "explicit": false,
            "album": "טכנו וג'ין",
            "release_date": "2021-08-04",
            "genres": [],
            "duration": 144919,
            "acousticness": 0.0382,
            "danceability": 7.723,
            "instrumentalness": 0.0413,
            "liveness": 0.0689,
            "loudness": -6.936,
            "speechiness": 0.112,
            "time_signature": 4,
            "happiness": 7.777
        }
    },
    {
        "#": 44,
        "Track Title": "תגיד לי Je T'aime - Yohan Cohen Remix",
        "Artist": "Eden Ben Zaken, Yohan Cohen",
        "Key": "9A",
        "Energy": 9.073,
        "Popularity": 2.71,
        "BPM": 132,
        "DJ Play Count": 0,
        "Rating": "*******",
        "My Tag": [
            "Sp- Bach Israel",
            "2010s",
            "Pop",
            "Israeli - Kibutz"
        ],
        "Additional Info": {
            "id": "3Q4gvsPjwmmC9PvX7l534F",
            "explicit": false,
            "album": "תגיד לי Je T'aime (Yohan Cohen Remix)",
            "release_date": "2019-05-21",
            "genres": [
                "israeli mediterranean",
                "israeli pop"
            ],
            "duration": 281818,
            "acousticness": 0.0159,
            "danceability": 7.516,
            "instrumentalness": 0.00497,
            "liveness": 0.0799,
            "loudness": -2.884,
            "speechiness": 0.0352,
            "time_signature": 4,
            "happiness": 4.096
        }
    },
    {
        "#": 45,
        "Track Title": "מברוק - רמיקס",
        "Artist": "Maor Edri, Moshiko Mor, Sharon Yosefov",
        "Key": "1A",
        "Energy": 9.172,
        "Popularity": 2.5300000000000002,
        "BPM": 132,
        "DJ Play Count": 0,
        "Rating": "*******",
        "My Tag": [
            "Sp- Bach Israel",
            "2020s",
            "Israeli - Kibutz"
        ],
        "Additional Info": {
            "id": "4FqrAj9s9ATnVAkDAruqJe",
            "explicit": false,
            "album": "מברוק (רמיקס)",
            "release_date": "2021-06-08",
            "genres": [
                "israeli mediterranean",
                "israeli mediterranean"
            ],
            "duration": 175379,
            "acousticness": 0.0454,
            "danceability": 6.634,
            "instrumentalness": 0,
            "liveness": 0.246,
            "loudness": -3.382,
            "speechiness": 0.185,
            "time_signature": 4,
            "happiness": 6.183999999999999
        }
    },
    {
        "#": 46,
        "Track Title": "באה לי בחלום - Gil Lugasy Official Remix",
        "Artist": "Eliad, Gil Lugasy",
        "Key": "8A",
        "Energy": 9.082,
        "Popularity": 3.43,
        "BPM": 128,
        "DJ Play Count": 0,
        "Rating": "*******",
        "My Tag": [
            "Sp- Bach Israel",
            "2020s",
            "Pop",
            "Israeli - Kibutz"
        ],
        "Additional Info": {
            "id": "6r8zhTEf7FCHQemoCZhvgs",
            "explicit": false,
            "album": "באה לי בחלום (Gil Lugasy Official Remix)",
            "release_date": "2023-03-16",
            "genres": [
                "israeli pop"
            ],
            "duration": 202500,
            "acousticness": 0.0114,
            "danceability": 7.2909999999999995,
            "instrumentalness": 0.00011,
            "liveness": 0.191,
            "loudness": -6.383,
            "speechiness": 0.0466,
            "time_signature": 4,
            "happiness": 3.3040000000000003
        }
    },
    {
        "#": 47,
        "Track Title": "Full Moon",
        "Artist": "ליאור נרקיס, Vivo",
        "Key": "4B",
        "Energy": 9.325000000000001,
        "Popularity": 3.61,
        "BPM": 132,
        "DJ Play Count": 0,
        "Rating": "*******",
        "My Tag": [
            "Sp- Bach Israel",
            "2010s",
            "Mizrahit",
            "Israeli - Kibutz"
        ],
        "Additional Info": {
            "id": "4FAtzaaTJEcwUjWPwlFhr2",
            "explicit": false,
            "album": "Full Moon",
            "release_date": "2018-02-15",
            "genres": [
                "israeli mediterranean",
                "mizrahi"
            ],
            "duration": 206978,
            "acousticness": 0.176,
            "danceability": 6.454,
            "instrumentalness": 0,
            "liveness": 0.334,
            "loudness": -3.869,
            "speechiness": 0.144,
            "time_signature": 4,
            "happiness": 3.3850000000000002
        }
    },
    {
        "#": 48,
        "Track Title": "קאטליה (זוג שחייבים לחטוף)",
        "Artist": "Omer Adam",
        "Key": "8B",
        "Energy": 6.193,
        "Popularity": 5.86,
        "BPM": 93,
        "DJ Play Count": 0,
        "Rating": "*******",
        "My Tag": [
            "Sp- Bach Israel",
            "2020s",
            "Mizrahit",
            "Pop",
            "Israeli - Kibutz"
        ],
        "Additional Info": {
            "id": "3bicKwpfRpuSAgdIAvmZdz",
            "explicit": false,
            "album": "קאטליה (זוג שחייבים לחטוף)",
            "release_date": "2023-05-04",
            "genres": [
                "israeli mediterranean",
                "israeli pop",
                "mizrahi"
            ],
            "duration": 169436,
            "acousticness": 0.457,
            "danceability": 7.5969999999999995,
            "instrumentalness": 4.55e-06,
            "liveness": 0.0943,
            "loudness": -8.504,
            "speechiness": 0.113,
            "time_signature": 4,
            "happiness": 5.293
        }
    },
    {
        "#": 49,
        "Track Title": "Ayy Muchacho",
        "Artist": "Skazi, Triangle, TOX1C",
        "Key": "3B",
        "Energy": 8.596,
        "Popularity": 4.6899999999999995,
        "BPM": 142,
        "DJ Play Count": 0,
        "Rating": "*******",
        "My Tag": [
            "Sp- Bach Israel",
            "2020s"
        ],
        "Additional Info": {
            "id": "24fxmiUAmszGm5gJounqZ0",
            "explicit": false,
            "album": "Ayy Muchacho",
            "release_date": "2020-03-19",
            "genres": [
                "psychedelic trance"
            ],
            "duration": 153803,
            "acousticness": 0.0177,
            "danceability": 7.723,
            "instrumentalness": 0.0965,
            "liveness": 0.166,
            "loudness": -5.948,
            "speechiness": 0.0481,
            "time_signature": 4,
            "happiness": 6.625
        }
    },
    {
        "#": 50,
        "Track Title": "In The Guetto (Remix Oficial)",
        "Artist": "Arath Rios",
        "Key": "1B",
        "Energy": 9.604,
        "Popularity": 1.09,
        "BPM": 130,
        "DJ Play Count": 0,
        "Rating": "*******",
        "My Tag": [
            "Sp- Bach Israel",
            "2020s"
        ],
        "Additional Info": {
            "id": "4250wlYZ2jSVoKGva9ecnn",
            "explicit": false,
            "album": "In The Guetto (Remix Oficial)",
            "release_date": "2021-03-08",
            "genres": [],
            "duration": 169874,
            "acousticness": 0.0763,
            "danceability": 8.011,
            "instrumentalness": 0.647,
            "liveness": 0.673,
            "loudness": -7.583,
            "speechiness": 0.142,
            "time_signature": 4,
            "happiness": 6.886
        }
    },
    {
        "#": 51,
        "Track Title": "Players (with David Guetta) - David Guetta Remix",
        "Artist": "Coi Leray, David Guetta",
        "Key": "3B",
        "Energy": 9.667,
        "Popularity": 6.8500000000000005,
        "BPM": 125,
        "DJ Play Count": 0,
        "Rating": "*******",
        "My Tag": [
            "Sp- Bach Israel",
            "2020s",
            "Dance Remixes",
            "Hip Hop",
            "Club-Hotel",
            "Pop",
            "EDM",
            "PEGI 16 [Age]"
        ],
        "Additional Info": {
            "id": "44r7xArc4bciyyzRU7js7X",
            "explicit": true,
            "album": "Players (David Guetta Remix)",
            "release_date": "2023-03-17",
            "genres": [
                "new jersey underground rap",
                "trap queen",
                "big room",
                "dance pop",
                "edm",
                "pop",
                "pop dance"
            ],
            "duration": 152495,
            "acousticness": 0.0511,
            "danceability": 8.11,
            "instrumentalness": 0.0166,
            "liveness": 0.0852,
            "loudness": -5.593,
            "speechiness": 0.078,
            "time_signature": 4,
            "happiness": 5.905
        }
    },
    {
        "#": 52,
        "Track Title": "I'm Good (Blue) - R3HAB Remix",
        "Artist": "David Guetta, Bebe Rexha, R3HAB",
        "Key": "9A",
        "Energy": 8.488,
        "Popularity": 6.13,
        "BPM": 128,
        "DJ Play Count": 0,
        "Rating": "*******",
        "My Tag": [
            "Sp- Bach Israel",
            "2020s",
            "Dance Remixes",
            "Club-Hotel",
            "Pop",
            "EDM",
            "PEGI 16 [Age]"
        ],
        "Additional Info": {
            "id": "4NPJY8yFbu6YpgsgsKiEu1",
            "explicit": true,
            "album": "I'm Good (Blue) [R3HAB Remix]",
            "release_date": "2022-10-27",
            "genres": [
                "big room",
                "dance pop",
                "edm",
                "pop",
                "pop dance",
                "dance pop",
                "pop",
                "dutch house",
                "edm",
                "electro house",
                "pop dance",
                "progressive electro house",
                "slap house"
            ],
            "duration": 167578,
            "acousticness": 0.152,
            "danceability": 6.679,
            "instrumentalness": 0.00426,
            "liveness": 0.147,
            "loudness": -6.747,
            "speechiness": 0.145,
            "time_signature": 4,
            "happiness": 3.322
        }
    },
    {
        "#": 53,
        "Track Title": "רונדלים",
        "Artist": "Static",
        "Key": "1A",
        "Energy": 6.589,
        "Popularity": 6.58,
        "BPM": 109,
        "DJ Play Count": 0,
        "Rating": "*******",
        "My Tag": [
            "Sp- Bach Israel",
            "2020s"
        ],
        "Additional Info": {
            "id": "3Au0H4VhjcXZ5HGOHo8Nc3",
            "explicit": false,
            "album": "לירז",
            "release_date": "2023-02-22",
            "genres": [],
            "duration": 114625,
            "acousticness": 0.117,
            "danceability": 8.713000000000001,
            "instrumentalness": 2.38e-05,
            "liveness": 0.0975,
            "loudness": -6.86,
            "speechiness": 0.203,
            "time_signature": 4,
            "happiness": 6.535
        }
    },
    {
        "#": 54,
        "Track Title": "טרנטולה",
        "Artist": "Static, Agam Buhbut",
        "Key": "6B",
        "Energy": 7.0120000000000005,
        "Popularity": 6.13,
        "BPM": 140,
        "DJ Play Count": 0,
        "Rating": "*******",
        "My Tag": [
            "Sp- Bach Israel",
            "2020s",
            "Israeli - Kibutz",
            "Happy"
        ],
        "Additional Info": {
            "id": "4py8ddBPFRTYqL3vbh2FXq",
            "explicit": false,
            "album": "לירז",
            "release_date": "2023-02-22",
            "genres": [
                "israeli mediterranean"
            ],
            "duration": 130694,
            "acousticness": 0.196,
            "danceability": 8.2,
            "instrumentalness": 0.000266,
            "liveness": 0.157,
            "loudness": -5.439,
            "speechiness": 0.0758,
            "time_signature": 4,
            "happiness": 8.326
        }
    },
    {
        "#": 55,
        "Track Title": "טאפס וטריפונס",
        "Artist": "Omer Adam",
        "Key": "1A",
        "Energy": 6.958,
        "Popularity": 5.68,
        "BPM": 105,
        "DJ Play Count": 0,
        "Rating": "*******",
        "My Tag": [
            "Sp- Bach Israel",
            "2020s",
            "Mizrahit",
            "Pop",
            "Israeli - Kibutz",
            "Happy"
        ],
        "Additional Info": {
            "id": "3oKNqxtmdKOmHzIga9300l",
            "explicit": false,
            "album": "סוף העולם",
            "release_date": "2023-06-01",
            "genres": [
                "israeli mediterranean",
                "israeli pop",
                "mizrahi"
            ],
            "duration": 174774,
            "acousticness": 0.194,
            "danceability": 8.100999999999999,
            "instrumentalness": 0,
            "liveness": 0.362,
            "loudness": -5.262,
            "speechiness": 0.045,
            "time_signature": 4,
            "happiness": 7.426
        }
    },
    {
        "#": 56,
        "Track Title": "בארכה",
        "Artist": "Itay Levi, Ido Shoam",
        "Key": "7B",
        "Energy": 6.8950000000000005,
        "Popularity": 3.43,
        "BPM": 128,
        "DJ Play Count": 0,
        "Rating": "*******",
        "My Tag": [
            "Sp- Bach Israel",
            "2020s",
            "Mizrahit",
            "Israeli - Kibutz"
        ],
        "Additional Info": {
            "id": "5wYyOg1YJbbUd8XLzQSM5b",
            "explicit": false,
            "album": "בארכה",
            "release_date": "2022-05-29",
            "genres": [
                "israeli mediterranean",
                "mizrahi"
            ],
            "duration": 164062,
            "acousticness": 0.00657,
            "danceability": 8.649999999999999,
            "instrumentalness": 2.26e-05,
            "liveness": 0.212,
            "loudness": -9.348,
            "speechiness": 0.0877,
            "time_signature": 4,
            "happiness": 2.674
        }
    },
    {
        "#": 57,
        "Track Title": "Everything You Have Done - Meduza Edit",
        "Artist": "GENESI, MEDUZA",
        "Key": "10B",
        "Energy": 9.415000000000001,
        "Popularity": 7.75,
        "BPM": 125,
        "DJ Play Count": 0,
        "Rating": "*******",
        "My Tag": [
            "Sp- Bach Israel",
            "2020s",
            "Pop",
            "Dance Remixes",
            "EDM"
        ],
        "Additional Info": {
            "id": "5ooCfBqZyTB5CTdu1x7S77",
            "explicit": false,
            "album": "Everything You Have Done (Meduza Edit)",
            "release_date": "2023-03-10",
            "genres": [
                "pop dance",
                "pop house",
                "uk dance"
            ],
            "duration": 156218,
            "acousticness": 0.0459,
            "danceability": 7.102,
            "instrumentalness": 0.202,
            "liveness": 0.198,
            "loudness": -6.382,
            "speechiness": 0.0592,
            "time_signature": 4,
            "happiness": 5.365
        }
    },
    {
        "#": 58,
        "Track Title": "After Midnight (feat. Xoro) [VINNE Remix]",
        "Artist": "Lucas & Steve, Yves V, VINNE, Xoro",
        "Key": "1A",
        "Energy": 9.082,
        "Popularity": 3.79,
        "BPM": 126,
        "DJ Play Count": 0,
        "Rating": "*******",
        "My Tag": [
            "Sp- Bach Israel",
            "2020s",
            "Pop",
            "Dance Remixes",
            "Club-Hotel",
            "EDM",
            "Happy"
        ],
        "Additional Info": {
            "id": "6FiyfXilKoVCqZx7ZYSXkY",
            "explicit": false,
            "album": "After Midnight (feat. Xoro) [VINNE Remix]",
            "release_date": "2023-02-24",
            "genres": [
                "dutch house",
                "edm",
                "electro house",
                "pop dance",
                "progressive electro house",
                "belgian edm",
                "dutch house",
                "edm",
                "electro house",
                "pop dance",
                "progressive electro house",
                "progressive house",
                "slap house",
                "brazilian edm"
            ],
            "duration": 181905,
            "acousticness": 0.0314,
            "danceability": 6.787,
            "instrumentalness": 8.77e-05,
            "liveness": 0.461,
            "loudness": -4.456,
            "speechiness": 0.0467,
            "time_signature": 4,
            "happiness": 8.137
        }
    }
]