[
    {
        "#": 1,
        "Track Title": "Pyro X Gasolina - Remix",
        "Artist": "Tunahan Taşkın",
        "Key": "3B",
        "Energy": 8.866,
        "Popularity": 2.62,
        "BPM": 126,
        "DJ Play Count": 0,
        "Rating": "*******",
        "My Tag": [
            "Sp- Bach Israel",
            "2020s"
        ],
        "Additional Info": {
            "id": "5FUUkjZQBuyMXPzbSx6OLw",
            "explicit": false,
            "album": "Pyro X Gasolina (Remix)",
            "release_date": "2021-08-28",
            "genres": [],
            "duration": 173546,
            "acousticness": 0.00712,
            "danceability": 6.607,
            "instrumentalness": 0.684,
            "liveness": 0.11,
            "loudness": -10.88,
            "speechiness": 0.0615,
            "time_signature": 4,
            "happiness": 3.763
        }
    },
    {
        "#": 2,
        "Track Title": "Get in Trouble (So What)",
        "Artist": "Dimitri Vegas & Like Mike, Vini Vici, Dimitri Vegas",
        "Key": "3B",
        "Energy": 9.91,
        "Popularity": 6.76,
        "BPM": 138,
        "DJ Play Count": 0,
        "Rating": "*******",
        "My Tag": [
            "Sp- Bach Israel",
            "2020s",
            "Dance Remixes",
            "Club-Hotel",
            "Pop",
            "EDM",
            "Fight & Fog"
        ],
        "Additional Info": {
            "id": "5KC7ginqShi7mhDQLttQh0",
            "explicit": false,
            "album": "Get in Trouble (So What)",
            "release_date": "2020-06-05",
            "genres": [
                "belgian dance",
                "belgian edm",
                "big room",
                "dutch house",
                "edm",
                "electro house",
                "pop dance",
                "progressive electro house",
                "progressive uplifting trance",
                "belgian edm"
            ],
            "duration": 161739,
            "acousticness": 0.000206,
            "danceability": 6.022,
            "instrumentalness": 0.376,
            "liveness": 0.0797,
            "loudness": -3.877,
            "speechiness": 0.128,
            "time_signature": 4,
            "happiness": 1.6642000000000001
        }
    },
    {
        "#": 3,
        "Track Title": "Tell Me Why - MEDUZA Remix",
        "Artist": "Supermode, MEDUZA",
        "Key": "2A",
        "Energy": 9.352,
        "Popularity": 8.11,
        "BPM": 126,
        "DJ Play Count": 0,
        "Rating": "*******",
        "My Tag": [
            "Sp- Bach Israel",
            "2020s",
            "Pop",
            "Dance Remixes",
            "EDM",
            "Fight & Fog"
        ],
        "Additional Info": {
            "id": "7jrMFjEq0t09f7m3HnnWXl",
            "explicit": false,
            "album": "Tell Me Why (MEDUZA Remix)",
            "release_date": "2022-09-02",
            "genres": [
                "pop dance",
                "pop house",
                "uk dance"
            ],
            "duration": 171429,
            "acousticness": 0.087,
            "danceability": 6.049,
            "instrumentalness": 0.894,
            "liveness": 0.332,
            "loudness": -5.812,
            "speechiness": 0.0371,
            "time_signature": 4,
            "happiness": 2.638
        }
    },
    {
        "#": 4,
        "Track Title": "Say It Again",
        "Artist": "Will Sparks",
        "Key": "3A",
        "Energy": 9.847,
        "Popularity": 6.58,
        "BPM": 132,
        "DJ Play Count": 0,
        "Rating": "*******",
        "My Tag": [
            "Sp- Bach Israel",
            "2020s",
            "Club-Hotel",
            "EDM",
            "Fight & Fog"
        ],
        "Additional Info": {
            "id": "0dDGl66J8riMFyp2yUn88W",
            "explicit": false,
            "album": "Say It Again",
            "release_date": "2022-04-01",
            "genres": [
                "big room",
                "melbourne bounce",
                "melbourne bounce international"
            ],
            "duration": 207273,
            "acousticness": 0.199,
            "danceability": 6.715,
            "instrumentalness": 0.852,
            "liveness": 0.419,
            "loudness": -6.252,
            "speechiness": 0.0516,
            "time_signature": 4,
            "happiness": 1.315
        }
    },
    {
        "#": 5,
        "Track Title": "The Chase",
        "Artist": "Dimitri Vegas & Like Mike, Quintino",
        "Key": "7A",
        "Energy": 9.073,
        "Popularity": 5.68,
        "BPM": 140,
        "DJ Play Count": 0,
        "Rating": "*******",
        "My Tag": [
            "Sp- Bach Israel",
            "2020s",
            "Dance Remixes",
            "Club-Hotel",
            "Pop",
            "EDM"
        ],
        "Additional Info": {
            "id": "00JoqMc5KZFLpdrtymo6f0",
            "explicit": false,
            "album": "The Chase",
            "release_date": "2020-03-27",
            "genres": [
                "belgian dance",
                "belgian edm",
                "big room",
                "dutch house",
                "edm",
                "electro house",
                "pop dance",
                "progressive electro house",
                "dutch edm",
                "dutch house",
                "edm",
                "electro house",
                "pop dance",
                "progressive electro house",
                "slap house"
            ],
            "duration": 194571,
            "acousticness": 0.00106,
            "danceability": 6.076,
            "instrumentalness": 0.674,
            "liveness": 0.0967,
            "loudness": -5.794,
            "speechiness": 0.0814,
            "time_signature": 4,
            "happiness": 3.0340000000000003
        }
    },
    {
        "#": 6,
        "Track Title": "Happiness",
        "Artist": "Menumas",
        "Key": "11A",
        "Energy": 8.965,
        "Popularity": 4.15,
        "BPM": 145,
        "DJ Play Count": 0,
        "Rating": "*******",
        "My Tag": [
            "Sp- Bach Israel",
            "2010s",
            "Fight & Fog"
        ],
        "Additional Info": {
            "id": "2rfHuw7fMHH2BioEMl5NHT",
            "explicit": false,
            "album": "Happiness",
            "release_date": "2016-02-22",
            "genres": [],
            "duration": 441966,
            "acousticness": 0.0169,
            "danceability": 7.0840000000000005,
            "instrumentalness": 0.694,
            "liveness": 0.0909,
            "loudness": -8.482,
            "speechiness": 0.1,
            "time_signature": 4,
            "happiness": 1.8586
        }
    },
    {
        "#": 7,
        "Track Title": "Revival - Original Mix",
        "Artist": "Vermont (BR), Pondora",
        "Key": "9B",
        "Energy": 8.794,
        "Popularity": 4.24,
        "BPM": 105,
        "DJ Play Count": 0,
        "Rating": "*******",
        "My Tag": [
            "Sp- Bach Israel",
            "2010s",
            "Fight & Fog"
        ],
        "Additional Info": {
            "id": "1GQDiMcvhXlnz9G90n9q6h",
            "explicit": false,
            "album": "Revival",
            "release_date": "2016-08-12",
            "genres": [
                "trance brasileiro",
                "psychedelic trance"
            ],
            "duration": 354857,
            "acousticness": 0.0203,
            "danceability": 5.662,
            "instrumentalness": 0.737,
            "liveness": 0.595,
            "loudness": -6.549,
            "speechiness": 0.0823,
            "time_signature": 3,
            "happiness": 2.341
        }
    },
    {
        "#": 8,
        "Track Title": "Tantra",
        "Artist": "Berg",
        "Key": "3B",
        "Energy": 9.046,
        "Popularity": 4.6899999999999995,
        "BPM": 140,
        "DJ Play Count": 0,
        "Rating": "*******",
        "My Tag": [
            "Sp- Bach Israel",
            "2010s",
            "Fight & Fog"
        ],
        "Additional Info": {
            "id": "3FZJvSZFHmCk4gASYCHixf",
            "explicit": false,
            "album": "Tantra",
            "release_date": "2018-09-10",
            "genres": [
                "progressive psytrance",
                "psychedelic trance"
            ],
            "duration": 327429,
            "acousticness": 0.00436,
            "danceability": 6.868,
            "instrumentalness": 0.21,
            "liveness": 0.337,
            "loudness": -6.71,
            "speechiness": 0.0603,
            "time_signature": 4,
            "happiness": 2.773
        }
    },
    {
        "#": 9,
        "Track Title": "Power",
        "Artist": "Menumas, The Witcher",
        "Key": "1A",
        "Energy": 7.588,
        "Popularity": 3.88,
        "BPM": 145,
        "DJ Play Count": 0,
        "Rating": "*******",
        "My Tag": [
            "Sp- Bach Israel",
            "2020s"
        ],
        "Additional Info": {
            "id": "4i8QAWAKm368EOorr8j3By",
            "explicit": false,
            "album": "Power",
            "release_date": "2021-07-17",
            "genres": [],
            "duration": 427453,
            "acousticness": 0.0587,
            "danceability": 5.293,
            "instrumentalness": 0.879,
            "liveness": 0.146,
            "loudness": -6.565,
            "speechiness": 0.086,
            "time_signature": 4,
            "happiness": 4.375
        }
    },
    {
        "#": 10,
        "Track Title": "Roobaai",
        "Artist": "Dzp",
        "Key": "3B",
        "Energy": 9.559,
        "Popularity": 4.15,
        "BPM": 104,
        "DJ Play Count": 0,
        "Rating": "*******",
        "My Tag": [
            "Sp- Bach Israel",
            "2010s"
        ],
        "Additional Info": {
            "id": "1lK6R9b6oNANXOsFxSv427",
            "explicit": false,
            "album": "Roobaai - Single",
            "release_date": "2017-05-29",
            "genres": [
                "trance brasileiro"
            ],
            "duration": 333913,
            "acousticness": 0.0103,
            "danceability": 4.824999999999999,
            "instrumentalness": 0.107,
            "liveness": 0.396,
            "loudness": -7.194,
            "speechiness": 0.0913,
            "time_signature": 3,
            "happiness": 4.213
        }
    },
    {
        "#": 11,
        "Track Title": "Interlude",
        "Artist": "Blazy, Aura Vortex",
        "Key": "2A",
        "Energy": 9.01,
        "Popularity": 5.68,
        "BPM": 140,
        "DJ Play Count": 0,
        "Rating": "*******",
        "My Tag": [
            "Sp- Bach Israel",
            "2010s"
        ],
        "Additional Info": {
            "id": "5SIJt068nCivJx4X1Zyior",
            "explicit": false,
            "album": "Interlude",
            "release_date": "2018-07-09",
            "genres": [
                "trance brasileiro",
                "psychedelic trance",
                "trance brasileiro"
            ],
            "duration": 206515,
            "acousticness": 0.0132,
            "danceability": 7.3,
            "instrumentalness": 0.745,
            "liveness": 0.186,
            "loudness": -4.802,
            "speechiness": 0.119,
            "time_signature": 4,
            "happiness": 4.672
        }
    },
    {
        "#": 12,
        "Track Title": "Kazahi",
        "Artist": "Vermont (BR), Bandi",
        "Key": "2A",
        "Energy": 9.019,
        "Popularity": 5.32,
        "BPM": 107,
        "DJ Play Count": 0,
        "Rating": "*******",
        "My Tag": [
            "Sp- Bach Israel",
            "2010s",
            "Fight & Fog"
        ],
        "Additional Info": {
            "id": "5djymDPX9E9k6kHzEukIeS",
            "explicit": false,
            "album": "Kazahi",
            "release_date": "2018-03-01",
            "genres": [
                "trance brasileiro"
            ],
            "duration": 385775,
            "acousticness": 0.000153,
            "danceability": 4.042,
            "instrumentalness": 0.541,
            "liveness": 0.0442,
            "loudness": -5.181,
            "speechiness": 0.0446,
            "time_signature": 1,
            "happiness": 2.215
        }
    },
    {
        "#": 13,
        "Track Title": "The Tribe",
        "Artist": "Vini Vici",
        "Key": "2A",
        "Energy": 9.604,
        "Popularity": 1.0,
        "BPM": 138,
        "DJ Play Count": 0,
        "Rating": "*******",
        "My Tag": [
            "Sp- Bach Israel",
            "2010s",
            "Fight & Fog"
        ],
        "Additional Info": {
            "id": "6fs4FmJFPisknFKnmSwTrn",
            "explicit": false,
            "album": "Future Classics",
            "release_date": "2015-04-13",
            "genres": [
                "progressive uplifting trance"
            ],
            "duration": 475652,
            "acousticness": 0.00728,
            "danceability": 6.436,
            "instrumentalness": 0.49,
            "liveness": 0.919,
            "loudness": -6.513,
            "speechiness": 0.12,
            "time_signature": 4,
            "happiness": 2.629
        }
    },
    {
        "#": 14,
        "Track Title": "Namaste",
        "Artist": "Vini Vici",
        "Key": "1A",
        "Energy": 9.829,
        "Popularity": 5.140000000000001,
        "BPM": 138,
        "DJ Play Count": 0,
        "Rating": "*******",
        "My Tag": [
            "Sp- Bach Israel",
            "2010s",
            "Fight & Fog"
        ],
        "Additional Info": {
            "id": "59Bg2fdusOwU7a5ExDGf3J",
            "explicit": false,
            "album": "Future Classics",
            "release_date": "2015-04-27",
            "genres": [
                "progressive uplifting trance"
            ],
            "duration": 462609,
            "acousticness": 0.000604,
            "danceability": 6.904,
            "instrumentalness": 0.643,
            "liveness": 0.354,
            "loudness": -6.26,
            "speechiness": 0.0512,
            "time_signature": 4,
            "happiness": 2.404
        }
    },
    {
        "#": 15,
        "Track Title": "Bhangra",
        "Artist": "Two Birds",
        "Key": "2A",
        "Energy": 9.001,
        "Popularity": 4.87,
        "BPM": 104,
        "DJ Play Count": 0,
        "Rating": "*******",
        "My Tag": [
            "Sp- Bach Israel",
            "2010s",
            "Fight & Fog"
        ],
        "Additional Info": {
            "id": "0SLQbwOhbFGyURuTYGakwm",
            "explicit": false,
            "album": "Bhangra",
            "release_date": "2017-04-26",
            "genres": [],
            "duration": 219130,
            "acousticness": 0.00451,
            "danceability": 5.3919999999999995,
            "instrumentalness": 0.314,
            "liveness": 0.122,
            "loudness": -6.412,
            "speechiness": 0.0812,
            "time_signature": 4,
            "happiness": 2.548
        }
    },
    {
        "#": 16,
        "Track Title": "Passion",
        "Artist": "Reality Test, Shanti People",
        "Key": "2A",
        "Energy": 8.722,
        "Popularity": 5.41,
        "BPM": 138,
        "DJ Play Count": 0,
        "Rating": "*******",
        "My Tag": [
            "Sp- Bach Israel",
            "2010s"
        ],
        "Additional Info": {
            "id": "09IdXXMhrxNnmWqIStQ8hv",
            "explicit": false,
            "album": "Passion",
            "release_date": "2018-05-04",
            "genres": [
                "psychedelic trance",
                "ukrainian electronic"
            ],
            "duration": 210435,
            "acousticness": 0.0753,
            "danceability": 6.7330000000000005,
            "instrumentalness": 0.00787,
            "liveness": 0.368,
            "loudness": -5.923,
            "speechiness": 0.161,
            "time_signature": 4,
            "happiness": 3.4480000000000004
        }
    },
    {
        "#": 17,
        "Track Title": "Mi'ma'amakim - KrodaX Remix",
        "Artist": "Idan Raichel, Krodax",
        "Key": "11A",
        "Energy": 8.398,
        "Popularity": 1.9,
        "BPM": 142,
        "DJ Play Count": 0,
        "Rating": "*******",
        "My Tag": [
            "Sp- Bach Israel",
            "2020s",
            "Pop",
            "Israeli - Kibutz"
        ],
        "Additional Info": {
            "id": "0HktaLyrRnf6Jv5YSr7wir",
            "explicit": false,
            "album": "Mi'ma'amakim (KrodaX Remix)",
            "release_date": "2022-03-01",
            "genres": [
                "israeli mediterranean",
                "israeli pop",
                "israeli singer-songwriter"
            ],
            "duration": 321127,
            "acousticness": 0.0027,
            "danceability": 6.337,
            "instrumentalness": 0.351,
            "liveness": 0.149,
            "loudness": -7.755,
            "speechiness": 0.0437,
            "time_signature": 4,
            "happiness": 4.132
        }
    },
    {
        "#": 18,
        "Track Title": "Eternity",
        "Artist": "Anyma, Chris Avantgarde",
        "Key": "4B",
        "Energy": 8.956,
        "Popularity": 7.66,
        "BPM": 125,
        "DJ Play Count": 0,
        "Rating": "*******",
        "My Tag": [
            "Sp- Bach Israel",
            "2020s"
        ],
        "Additional Info": {
            "id": "4XzeThE3txvCBIrP40tj85",
            "explicit": false,
            "album": "Eternity",
            "release_date": "2023-02-10",
            "genres": [
                "stutter house"
            ],
            "duration": 186285,
            "acousticness": 0.00541,
            "danceability": 6.454,
            "instrumentalness": 0.848,
            "liveness": 0.102,
            "loudness": -5.897,
            "speechiness": 0.0412,
            "time_signature": 4,
            "happiness": 3.187
        }
    }
]