[
    {
        "#": 1,
        "Track Title": "Ginza - Remix",
        "Artist": "J Balvin, Yandel, Farruko, Nicky Jam, De La Ghetto, Daddy Yankee, Zion, Arcángel, Sky Rompiendo, Alejandro \"Mosty\" Patiño",
        "Key": "7A",
        "Energy": 8.92,
        "Popularity": 6.31,
        "BPM": 102,
        "DJ Play Count": 0,
        "Rating": "*******",
        "My Tag": [
            "Sp- Bach Israel",
            "2010s",
            "Latin",
            "Hip Hop",
            "Happy"
        ],
        "Additional Info": {
            "id": "1tJw60G9KHl7fYVdQ2JDgo",
            "explicit": false,
            "album": "Ginza (Remix)",
            "release_date": "2015-12-18",
            "genres": [
                "reggaeton",
                "reggaeton colombiano",
                "trap latino",
                "urbano latino",
                "latin hip hop",
                "reggaeton",
                "trap latino",
                "urbano latino",
                "reggaeton",
                "trap latino",
                "urbano latino",
                "latin hip hop",
                "reggaeton",
                "trap latino",
                "urbano latino",
                "reggaeton",
                "reggaeton flow",
                "trap latino",
                "urbano latino",
                "latin hip hop",
                "reggaeton",
                "trap latino",
                "urbano latino",
                "reggaeton",
                "urbano latino",
                "latin hip hop",
                "reggaeton",
                "trap latino",
                "urbano latino",
                "urbano latino"
            ],
            "duration": 373960,
            "acousticness": 0.129,
            "danceability": 7.39,
            "instrumentalness": 0,
            "liveness": 0.0935,
            "loudness": -3.16,
            "speechiness": 0.211,
            "time_signature": 4,
            "happiness": 8.434
        }
    },
    {
        "#": 2,
        "Track Title": "No Me Conoce - Remix",
        "Artist": "Jhayco, J Balvin, Bad Bunny",
        "Key": "6A",
        "Energy": 8.074,
        "Popularity": 2.71,
        "BPM": 92,
        "DJ Play Count": 0,
        "Rating": "*******",
        "My Tag": [
            "Sp- Bach Israel",
            "2010s",
            "Latin",
            "Hip Hop"
        ],
        "Additional Info": {
            "id": "4R8BJggjosTswLxtkw8V7P",
            "explicit": false,
            "album": "Famouz",
            "release_date": "2019-05-24",
            "genres": [
                "reggaeton",
                "trap latino",
                "urbano latino",
                "reggaeton",
                "reggaeton colombiano",
                "trap latino",
                "urbano latino",
                "reggaeton",
                "trap latino",
                "urbano latino"
            ],
            "duration": 309120,
            "acousticness": 0.145,
            "danceability": 8.254000000000001,
            "instrumentalness": 0,
            "liveness": 0.0935,
            "loudness": -3.831,
            "speechiness": 0.0741,
            "time_signature": 4,
            "happiness": 6.22
        }
    },
    {
        "#": 3,
        "Track Title": "MOJAITA",
        "Artist": "J Balvin, Bad Bunny",
        "Key": "8B",
        "Energy": 8.578,
        "Popularity": 6.94,
        "BPM": 86,
        "DJ Play Count": 0,
        "Rating": "*******",
        "My Tag": [
            "Sp- Bach Israel",
            "2010s",
            "Latin",
            "Hip Hop",
            "Happy"
        ],
        "Additional Info": {
            "id": "71pEiUWwfDFiRO6RmFpnBf",
            "explicit": false,
            "album": "OASIS",
            "release_date": "2019-06-28",
            "genres": [
                "reggaeton",
                "reggaeton colombiano",
                "trap latino",
                "urbano latino",
                "reggaeton",
                "trap latino",
                "urbano latino"
            ],
            "duration": 187333,
            "acousticness": 0.0171,
            "danceability": 5.05,
            "instrumentalness": 0,
            "liveness": 0.377,
            "loudness": -3.602,
            "speechiness": 0.102,
            "time_signature": 4,
            "happiness": 8.965
        }
    },
    {
        "#": 4,
        "Track Title": "PA' ROMPERLA",
        "Artist": "Bad Bunny, Don Omar",
        "Key": "9B",
        "Energy": 8.469999999999999,
        "Popularity": 7.3,
        "BPM": 94,
        "DJ Play Count": 0,
        "Rating": "*******",
        "My Tag": [
            "Sp- Bach Israel",
            "2020s",
            "Latin",
            "Pop",
            "Hip Hop",
            "Happy",
            "PEGI 16 [Age]"
        ],
        "Additional Info": {
            "id": "5XqCz18k96K8tx6DAYM97i",
            "explicit": true,
            "album": "LAS QUE NO IBAN A SALIR",
            "release_date": "2020-05-10",
            "genres": [
                "reggaeton",
                "trap latino",
                "urbano latino",
                "latin hip hop",
                "puerto rican pop",
                "reggaeton",
                "trap latino",
                "urbano latino"
            ],
            "duration": 194200,
            "acousticness": 0.016,
            "danceability": 7.948,
            "instrumentalness": 0,
            "liveness": 0.0843,
            "loudness": -5.019,
            "speechiness": 0.0599,
            "time_signature": 4,
            "happiness": 7.273
        }
    },
    {
        "#": 5,
        "Track Title": "QUE PRETENDES",
        "Artist": "J Balvin, Bad Bunny",
        "Key": "6A",
        "Energy": 8.119,
        "Popularity": 8.379999999999999,
        "BPM": 93,
        "DJ Play Count": 0,
        "Rating": "*******",
        "My Tag": [
            "Sp- Bach Israel",
            "2010s",
            "Latin",
            "Hip Hop",
            "Happy"
        ],
        "Additional Info": {
            "id": "25ZAibhr3bdlMCLmubZDVt",
            "explicit": false,
            "album": "OASIS",
            "release_date": "2019-06-28",
            "genres": [
                "reggaeton",
                "reggaeton colombiano",
                "trap latino",
                "urbano latino",
                "reggaeton",
                "trap latino",
                "urbano latino"
            ],
            "duration": 222347,
            "acousticness": 0.0275,
            "danceability": 6.751,
            "instrumentalness": 0,
            "liveness": 0.362,
            "loudness": -4.443,
            "speechiness": 0.253,
            "time_signature": 4,
            "happiness": 9.450999999999999
        }
    },
    {
        "#": 6,
        "Track Title": "The Carnival",
        "Artist": "Aazar, French Montana, Mariah Angeliq, ZAAC, Dany Synthé",
        "Key": "1A",
        "Energy": 8.209,
        "Popularity": 5.86,
        "BPM": 110,
        "DJ Play Count": 0,
        "Rating": "*******",
        "My Tag": [
            "Sp- Bach Israel",
            "2020s",
            "Latin",
            "Dance Remixes",
            "Hip Hop",
            "Pop",
            "EDM"
        ],
        "Additional Info": {
            "id": "1A7lwaWzcPtflW1bvrrvDJ",
            "explicit": false,
            "album": "The Carnival",
            "release_date": "2022-04-28",
            "genres": [
                "electro house",
                "electronic trap",
                "hip hop",
                "pop rap",
                "rap",
                "southern hip hop",
                "trap",
                "rap latina",
                "trap latino",
                "urbano latino",
                "funk carioca",
                "funk ostentacao",
                "funk pop"
            ],
            "duration": 165818,
            "acousticness": 0.231,
            "danceability": 7.218999999999999,
            "instrumentalness": 1.63e-06,
            "liveness": 0.537,
            "loudness": -4.172,
            "speechiness": 0.0623,
            "time_signature": 4,
            "happiness": 6.346
        }
    },
    {
        "#": 7,
        "Track Title": "Gyal You A Party Animal - Remix",
        "Artist": "Charly Black, Daddy Yankee",
        "Key": "8B",
        "Energy": 9.046,
        "Popularity": 4.15,
        "BPM": 101,
        "DJ Play Count": 0,
        "Rating": "*******",
        "My Tag": [
            "Sp- Bach Israel",
            "2010s",
            "Hip Hop",
            "Dance Remixes",
            "Latin",
            "Happy"
        ],
        "Additional Info": {
            "id": "0Rj2yNpEvXOl8yn9UOuIRs",
            "explicit": false,
            "album": "Gyal You A Party Animal (Remix)",
            "release_date": "2016-10-07",
            "genres": [
                "dancehall",
                "jamaican dancehall",
                "latin hip hop",
                "reggaeton",
                "trap latino",
                "urbano latino"
            ],
            "duration": 224320,
            "acousticness": 0.0612,
            "danceability": 7.561,
            "instrumentalness": 0,
            "liveness": 0.36,
            "loudness": -4.054,
            "speechiness": 0.0798,
            "time_signature": 4,
            "happiness": 7.813
        }
    },
    {
        "#": 8,
        "Track Title": "3 Malas",
        "Artist": "BADDIES ONLY",
        "Key": "6B",
        "Energy": 8.254000000000001,
        "Popularity": 6.31,
        "BPM": 125,
        "DJ Play Count": 0,
        "Rating": "*******",
        "My Tag": [
            "Sp- Bach Israel",
            "2020s"
        ],
        "Additional Info": {
            "id": "7hcsfB62NBGaBHdin3V2o5",
            "explicit": false,
            "album": "3 Malas",
            "release_date": "2023-04-14",
            "genres": [],
            "duration": 95040,
            "acousticness": 0.000435,
            "danceability": 8.146,
            "instrumentalness": 0.65,
            "liveness": 0.102,
            "loudness": -8.37,
            "speechiness": 0.0562,
            "time_signature": 4,
            "happiness": 4.465
        }
    },
    {
        "#": 9,
        "Track Title": "Caimanera",
        "Artist": "Federico Scavo, Tello",
        "Key": "11A",
        "Energy": 8.443,
        "Popularity": 5.2299999999999995,
        "BPM": 123,
        "DJ Play Count": 0,
        "Rating": "*******",
        "My Tag": [
            "Sp- Bach Israel",
            "2020s"
        ],
        "Additional Info": {
            "id": "5a8jcSpLLbEpPV6JOnXiLg",
            "explicit": false,
            "album": "Caimanera",
            "release_date": "2022-06-17",
            "genres": [
                "funky tech house"
            ],
            "duration": 145107,
            "acousticness": 0.00914,
            "danceability": 7.218999999999999,
            "instrumentalness": 0.00123,
            "liveness": 0.381,
            "loudness": -7.079,
            "speechiness": 0.264,
            "time_signature": 4,
            "happiness": 4.122999999999999
        }
    },
    {
        "#": 10,
        "Track Title": "Aqui las Colombianas",
        "Artist": "BADDIES ONLY, Martina Camargo",
        "Key": "7B",
        "Energy": 8.245000000000001,
        "Popularity": 6.31,
        "BPM": 127,
        "DJ Play Count": 0,
        "Rating": "*******",
        "My Tag": [
            "Sp- Bach Israel",
            "2020s"
        ],
        "Additional Info": {
            "id": "0gCUBLmHnhWumLVzwLLavf",
            "explicit": false,
            "album": "Aqui las Colombianas",
            "release_date": "2020-11-13",
            "genres": [
                "folclor afrocolombiano"
            ],
            "duration": 173875,
            "acousticness": 0.0023,
            "danceability": 8.236,
            "instrumentalness": 0.0291,
            "liveness": 0.0771,
            "loudness": -7.838,
            "speechiness": 0.0649,
            "time_signature": 4,
            "happiness": 4.2219999999999995
        }
    },
    {
        "#": 11,
        "Track Title": "Rio Rio (feat. Martina Camargo)",
        "Artist": "HUGEL, Jude & Frank, Paolo Pellegrino, Martina Camargo",
        "Key": "2A",
        "Energy": 8.370999999999999,
        "Popularity": 5.2299999999999995,
        "BPM": 126,
        "DJ Play Count": 0,
        "Rating": "*******",
        "My Tag": [
            "Sp- Bach Israel",
            "2020s"
        ],
        "Additional Info": {
            "id": "0vnbMEahl3Lj1AixLnCGje",
            "explicit": false,
            "album": "Rio Rio (feat. Martina Camargo)",
            "release_date": "2022-10-14",
            "genres": [
                "deep house",
                "italian tech house",
                "folclor afrocolombiano"
            ],
            "duration": 171845,
            "acousticness": 0.00178,
            "danceability": 7.380999999999999,
            "instrumentalness": 3.22e-05,
            "liveness": 0.338,
            "loudness": -5.835,
            "speechiness": 0.0721,
            "time_signature": 4,
            "happiness": 5.428
        }
    },
    {
        "#": 12,
        "Track Title": "Voy",
        "Artist": "San Pacho, Vale",
        "Key": "2A",
        "Energy": 8.992,
        "Popularity": 5.95,
        "BPM": 126,
        "DJ Play Count": 0,
        "Rating": "*******",
        "My Tag": [
            "Sp- Bach Israel",
            "2020s",
            "Club-Hotel",
            "EDM"
        ],
        "Additional Info": {
            "id": "7eVAueNTldeMplUKSlOKs9",
            "explicit": false,
            "album": "Voy",
            "release_date": "2022-08-05",
            "genres": [
                "tech house"
            ],
            "duration": 185774,
            "acousticness": 0.0116,
            "danceability": 7.8580000000000005,
            "instrumentalness": 0.47,
            "liveness": 0.213,
            "loudness": -4.538,
            "speechiness": 0.122,
            "time_signature": 4,
            "happiness": 3.898
        }
    },
    {
        "#": 13,
        "Track Title": "Florianopolis",
        "Artist": "BADDIES ONLY, HUGEL",
        "Key": "7B",
        "Energy": 9.649,
        "Popularity": 5.41,
        "BPM": 127,
        "DJ Play Count": 0,
        "Rating": "*******",
        "My Tag": [
            "Sp- Bach Israel",
            "2020s"
        ],
        "Additional Info": {
            "id": "0Mn0K9k16wbDlyOPm0k4nU",
            "explicit": false,
            "album": "Florianopolis",
            "release_date": "2022-09-16",
            "genres": [
                "deep house"
            ],
            "duration": 141468,
            "acousticness": 0.00171,
            "danceability": 6.183999999999999,
            "instrumentalness": 0.649,
            "liveness": 0.057,
            "loudness": -5.979,
            "speechiness": 0.0951,
            "time_signature": 4,
            "happiness": 4.582000000000001
        }
    },
    {
        "#": 14,
        "Track Title": "Baila Baila Baila - Remix",
        "Artist": "Ozuna, Daddy Yankee, J Balvin, Farruko, Anuel AA",
        "Key": "10B",
        "Energy": 6.148,
        "Popularity": 8.02,
        "BPM": 100,
        "DJ Play Count": 0,
        "Rating": "*******",
        "My Tag": [
            "Sp- Bach Israel",
            "2010s",
            "Latin",
            "Pop",
            "Hip Hop"
        ],
        "Additional Info": {
            "id": "7mWFF4gPADjTQjC97CgFVt",
            "explicit": false,
            "album": "Baila Baila Baila (Remix) [feat. Farruko, Anuel Aa]",
            "release_date": "2019-04-25",
            "genres": [
                "puerto rican pop",
                "reggaeton",
                "trap latino",
                "urbano latino",
                "latin hip hop",
                "reggaeton",
                "trap latino",
                "urbano latino",
                "reggaeton",
                "reggaeton colombiano",
                "trap latino",
                "urbano latino",
                "reggaeton",
                "trap latino",
                "urbano latino",
                "reggaeton",
                "reggaeton flow",
                "trap boricua",
                "trap latino",
                "urbano latino"
            ],
            "duration": 235284,
            "acousticness": 0.0598,
            "danceability": 8.065000000000001,
            "instrumentalness": 0,
            "liveness": 0.218,
            "loudness": -7.504,
            "speechiness": 0.123,
            "time_signature": 4,
            "happiness": 5.41
        }
    },
    {
        "#": 15,
        "Track Title": "Tom's Diner",
        "Artist": "Quintino",
        "Key": "2A",
        "Energy": 8.317,
        "Popularity": 6.94,
        "BPM": 128,
        "DJ Play Count": 0,
        "Rating": "*******",
        "My Tag": [
            "Sp- Bach Israel",
            "2020s",
            "Pop",
            "Dance Remixes",
            "Club-Hotel",
            "EDM"
        ],
        "Additional Info": {
            "id": "3airfCeA6ArkAxDpwgBDBn",
            "explicit": false,
            "album": "Tom's Diner",
            "release_date": "2022-12-09",
            "genres": [
                "dutch edm",
                "dutch house",
                "edm",
                "electro house",
                "pop dance",
                "progressive electro house",
                "slap house"
            ],
            "duration": 139687,
            "acousticness": 0.112,
            "danceability": 6.877000000000001,
            "instrumentalness": 0.863,
            "liveness": 0.226,
            "loudness": -5.898,
            "speechiness": 0.0295,
            "time_signature": 4,
            "happiness": 3.097
        }
    },
    {
        "#": 16,
        "Track Title": "Ritmo - HUGEL Edit",
        "Artist": "Raffa Fl, HUGEL",
        "Key": "9B",
        "Energy": 8.542,
        "Popularity": 6.67,
        "BPM": 124,
        "DJ Play Count": 0,
        "Rating": "*******",
        "My Tag": [
            "Sp- Bach Israel",
            "2020s",
            "Club-Hotel",
            "EDM"
        ],
        "Additional Info": {
            "id": "6U0NVioYt4nZARPNOKhExY",
            "explicit": false,
            "album": "Ritmo (HUGEL Edit)",
            "release_date": "2023-02-03",
            "genres": [
                "italian tech house",
                "tech house",
                "deep house"
            ],
            "duration": 165484,
            "acousticness": 0.00929,
            "danceability": 7.66,
            "instrumentalness": 0.696,
            "liveness": 0.0925,
            "loudness": -8.036,
            "speechiness": 0.0805,
            "time_signature": 4,
            "happiness": 3.6189999999999998
        }
    },
    {
        "#": 17,
        "Track Title": "Trompeta",
        "Artist": "San Pacho",
        "Key": "10B",
        "Energy": 9.262,
        "Popularity": 6.67,
        "BPM": 126,
        "DJ Play Count": 0,
        "Rating": "*******",
        "My Tag": [
            "Sp- Bach Israel",
            "2020s",
            "Club-Hotel",
            "EDM"
        ],
        "Additional Info": {
            "id": "6o4BO9LLCPe5p43YKZzFuv",
            "explicit": false,
            "album": "Trompeta",
            "release_date": "2022-07-01",
            "genres": [
                "tech house"
            ],
            "duration": 188571,
            "acousticness": 0.00245,
            "danceability": 7.218999999999999,
            "instrumentalness": 0.864,
            "liveness": 0.0612,
            "loudness": -5.619,
            "speechiness": 0.0435,
            "time_signature": 4,
            "happiness": 5.176
        }
    },
    {
        "#": 18,
        "Track Title": "Tengo ganas de ti",
        "Artist": "HUGEL, Damien N-Drix",
        "Key": "3B",
        "Energy": 8.776,
        "Popularity": 5.140000000000001,
        "BPM": 125,
        "DJ Play Count": 0,
        "Rating": "*******",
        "My Tag": [
            "Sp- Bach Israel",
            "2020s",
            "Fight & Fog"
        ],
        "Additional Info": {
            "id": "1lLeKTdKpvxrICyW4bD95B",
            "explicit": false,
            "album": "Tengo ganas de ti",
            "release_date": "2022-08-19",
            "genres": [
                "deep house"
            ],
            "duration": 218880,
            "acousticness": 0.00182,
            "danceability": 7.4079999999999995,
            "instrumentalness": 0.651,
            "liveness": 0.0385,
            "loudness": -6.875,
            "speechiness": 0.0456,
            "time_signature": 4,
            "happiness": 1.7704
        }
    },
    {
        "#": 19,
        "Track Title": "Con Calma - Remix",
        "Artist": "DJ Karim",
        "Key": "4A",
        "Energy": 8.497,
        "Popularity": 3.6999999999999997,
        "BPM": 100,
        "DJ Play Count": 0,
        "Rating": "*******",
        "My Tag": [
            "Sp- Bach Israel",
            "2010s",
            "Happy"
        ],
        "Additional Info": {
            "id": "61BOvG8g5QhutpmswQEDJw",
            "explicit": false,
            "album": "Con Calma (Remix)",
            "release_date": "2019-02-15",
            "genres": [],
            "duration": 191504,
            "acousticness": 0.135,
            "danceability": 7.921,
            "instrumentalness": 0,
            "liveness": 0.0632,
            "loudness": -6.219,
            "speechiness": 0.0422,
            "time_signature": 4,
            "happiness": 9.594999999999999
        }
    },
    {
        "#": 20,
        "Track Title": "Losing It",
        "Artist": "FISHER",
        "Key": "10B",
        "Energy": 9.676,
        "Popularity": 7.84,
        "BPM": 125,
        "DJ Play Count": 0,
        "Rating": "*******",
        "My Tag": [
            "Sp- Bach Israel",
            "2010s",
            "Club-Hotel",
            "EDM"
        ],
        "Additional Info": {
            "id": "6ho0GyrWZN3mhi9zVRW7xi",
            "explicit": false,
            "album": "Losing It",
            "release_date": "2018-07-13",
            "genres": [
                "australian house",
                "house"
            ],
            "duration": 248036,
            "acousticness": 0.00181,
            "danceability": 7.84,
            "instrumentalness": 0.703,
            "liveness": 0.0975,
            "loudness": -5.844,
            "speechiness": 0.0577,
            "time_signature": 4,
            "happiness": 6.787
        }
    },
    {
        "#": 21,
        "Track Title": "World Hold On - FISHER Rework",
        "Artist": "Bob Sinclar, FISHER, Steve Edwards",
        "Key": "3A",
        "Energy": 8.947,
        "Popularity": 7.84,
        "BPM": 127,
        "DJ Play Count": 0,
        "Rating": "*******",
        "My Tag": [
            "Sp- Bach Israel",
            "2020s",
            "Club-Hotel",
            "EDM",
            "Happy"
        ],
        "Additional Info": {
            "id": "2YDOjCfkGciEXxSutB6LJR",
            "explicit": false,
            "album": "World Hold On (FISHER Rework)",
            "release_date": "2022-07-08",
            "genres": [
                "disco house",
                "filter house",
                "australian house",
                "house"
            ],
            "duration": 178305,
            "acousticness": 0.00596,
            "danceability": 7.939,
            "instrumentalness": 0.00607,
            "liveness": 0.135,
            "loudness": -5.243,
            "speechiness": 0.0584,
            "time_signature": 4,
            "happiness": 9.055
        }
    },
    {
        "#": 22,
        "Track Title": "Drugs From Amsterdam",
        "Artist": "Mau P",
        "Key": "4B",
        "Energy": 9.388,
        "Popularity": 8.11,
        "BPM": 125,
        "DJ Play Count": 0,
        "Rating": "*******",
        "My Tag": [
            "Sp- Bach Israel",
            "2020s",
            "Club-Hotel",
            "EDM"
        ],
        "Additional Info": {
            "id": "0w7JPlp7eEQI2EKW3ayXrv",
            "explicit": false,
            "album": "Drugs From Amsterdam",
            "release_date": "2022-09-16",
            "genres": [
                "tech house"
            ],
            "duration": 235786,
            "acousticness": 0.0389,
            "danceability": 7.147,
            "instrumentalness": 0.605,
            "liveness": 0.0615,
            "loudness": -10.402,
            "speechiness": 0.0513,
            "time_signature": 4,
            "happiness": 5.977
        }
    },
    {
        "#": 23,
        "Track Title": "יש לי חור בלב בצורה שלך (DUDU PAHIMA REMIX)",
        "Artist": "Girafot",
        "Key": "4A",
        "Energy": 8.668,
        "Popularity": 3.61,
        "BPM": 100,
        "DJ Play Count": 0,
        "Rating": "*******",
        "My Tag": [
            "Sp- Bach Israel",
            "2020s",
            "Pop",
            "Israeli - Kibutz",
            "Happy"
        ],
        "Additional Info": {
            "id": "5zLgNuS1Lr7dd6HypvXxPl",
            "explicit": false,
            "album": "יש לי חור בלב בצורה שלך (DUDU PAHIMA REMIX)",
            "release_date": "2021-07-21",
            "genres": [
                "israeli pop",
                "israeli rock"
            ],
            "duration": 184800,
            "acousticness": 0.0157,
            "danceability": 7.048,
            "instrumentalness": 0,
            "liveness": 0.118,
            "loudness": -3.163,
            "speechiness": 0.0373,
            "time_signature": 4,
            "happiness": 8.74
        }
    },
    {
        "#": 24,
        "Track Title": "Bang Bang",
        "Artist": "Sevek, Jake Tarry",
        "Key": "7A",
        "Energy": 8.2,
        "Popularity": 5.2299999999999995,
        "BPM": 125,
        "DJ Play Count": 0,
        "Rating": "*******",
        "My Tag": [
            "Sp- Bach Israel",
            "2020s"
        ],
        "Additional Info": {
            "id": "4IC1c5WgaeW1k3kAB7VMTH",
            "explicit": false,
            "album": "Bang Bang",
            "release_date": "2022-07-22",
            "genres": [],
            "duration": 144677,
            "acousticness": 0.0589,
            "danceability": 6.751,
            "instrumentalness": 0.0643,
            "liveness": 0.164,
            "loudness": -6.737,
            "speechiness": 0.103,
            "time_signature": 4,
            "happiness": 4.213
        }
    },
    {
        "#": 25,
        "Track Title": "Rockstar",
        "Artist": "Ilkay Sencan, Dynoro",
        "Key": "1B",
        "Energy": 8.434,
        "Popularity": 7.4799999999999995,
        "BPM": 100,
        "DJ Play Count": 0,
        "Rating": "*******",
        "My Tag": [
            "Sp- Bach Israel",
            "2010s",
            "EDM",
            "Fight & Fog"
        ],
        "Additional Info": {
            "id": "4OgwXdylh75fHfwUzJTUqg",
            "explicit": false,
            "album": "Rockstar",
            "release_date": "2019-06-21",
            "genres": [
                "turkish deep house",
                "turkish edm",
                "edm"
            ],
            "duration": 212280,
            "acousticness": 0.142,
            "danceability": 7.939,
            "instrumentalness": 0.03,
            "liveness": 0.145,
            "loudness": -3.978,
            "speechiness": 0.0604,
            "time_signature": 4,
            "happiness": 2.665
        }
    },
    {
        "#": 26,
        "Track Title": "E Samba - DJ Kuba & Neitan Remix",
        "Artist": "David Jones, DJ Kuba, Neitan",
        "Key": "4B",
        "Energy": 8.748999999999999,
        "Popularity": 4.15,
        "BPM": 126,
        "DJ Play Count": 0,
        "Rating": "*******",
        "My Tag": [
            "Sp- Bach Israel",
            "2020s",
            "Club-Hotel",
            "EDM"
        ],
        "Additional Info": {
            "id": "4TC8y9AcorKcdy3Ak4Rlba",
            "explicit": false,
            "album": "E Samba (DJ Kuba & Neitan Remix)",
            "release_date": "2022-09-30",
            "genres": [
                "big room"
            ],
            "duration": 154405,
            "acousticness": 0.0441,
            "danceability": 8.128,
            "instrumentalness": 0.00395,
            "liveness": 0.286,
            "loudness": -5.162,
            "speechiness": 0.249,
            "time_signature": 4,
            "happiness": 4.122999999999999
        }
    },
    {
        "#": 27,
        "Track Title": "Bongo cha cha cha - Radio remix",
        "Artist": "Doctor Keos",
        "Key": "4B",
        "Energy": 8.767,
        "Popularity": 1.27,
        "BPM": 128,
        "DJ Play Count": 0,
        "Rating": "*******",
        "My Tag": [
            "Sp- Bach Israel",
            "2020s"
        ],
        "Additional Info": {
            "id": "0y6RMJd23ttzDqpkJF42cg",
            "explicit": false,
            "album": "Bongo cha cha cha",
            "release_date": "2021-08-13",
            "genres": [],
            "duration": 144385,
            "acousticness": 0.131,
            "danceability": 8.857,
            "instrumentalness": 0.000146,
            "liveness": 0.112,
            "loudness": -4.569,
            "speechiness": 0.0938,
            "time_signature": 4,
            "happiness": 6.706
        }
    },
    {
        "#": 28,
        "Track Title": "California Dreamin' - Vintage Culture Remix",
        "Artist": "Chris Lorenzo, Vintage Culture, High Jinx",
        "Key": "3B",
        "Energy": 8.002,
        "Popularity": 4.6,
        "BPM": 128,
        "DJ Play Count": 0,
        "Rating": "*******",
        "My Tag": [
            "Sp- Bach Israel",
            "2020s",
            "Club-Hotel",
            "EDM",
            "Fight & Fog"
        ],
        "Additional Info": {
            "id": "2nj9jdK34mn0nZ4a5F1kVG",
            "explicit": false,
            "album": "California Dreamin' (Vintage Culture Remix)",
            "release_date": "2021-11-26",
            "genres": [
                "bass house",
                "house",
                "tech house",
                "brazilian edm"
            ],
            "duration": 183750,
            "acousticness": 0.00123,
            "danceability": 7.066000000000001,
            "instrumentalness": 0.224,
            "liveness": 0.0955,
            "loudness": -5.341,
            "speechiness": 0.0356,
            "time_signature": 4,
            "happiness": 2.17
        }
    },
    {
        "#": 29,
        "Track Title": "Where Are You Now",
        "Artist": "Navagio, Joel Coopa",
        "Key": "2A",
        "Energy": 6.985,
        "Popularity": 6.13,
        "BPM": 121,
        "DJ Play Count": 0,
        "Rating": "*******",
        "My Tag": [
            "Sp- Bach Israel",
            "2020s",
            "EDM"
        ],
        "Additional Info": {
            "id": "15DuhoBsZm4sOiloiMeP3D",
            "explicit": false,
            "album": "Where Are You Now",
            "release_date": "2022-03-03",
            "genres": [
                "tropical house"
            ],
            "duration": 140517,
            "acousticness": 0.299,
            "danceability": 8.488,
            "instrumentalness": 3.12e-06,
            "liveness": 0.0742,
            "loudness": -7.704,
            "speechiness": 0.0368,
            "time_signature": 4,
            "happiness": 5.644
        }
    },
    {
        "#": 30,
        "Track Title": "Another Love - Zwette Edit",
        "Artist": "Tom Odell, Zwette",
        "Key": "12A",
        "Energy": 5.986000000000001,
        "Popularity": 7.03,
        "BPM": 124,
        "DJ Play Count": 0,
        "Rating": "*******",
        "My Tag": [
            "Sp- Bach Israel",
            "2010s"
        ],
        "Additional Info": {
            "id": "5snyhxAh55A2wlNRH7VVZJ",
            "explicit": false,
            "album": "Another Love (Zwette Edit)",
            "release_date": "2013-09-27",
            "genres": [
                "chill pop",
                "german house"
            ],
            "duration": 394573,
            "acousticness": 0.0802,
            "danceability": 8.83,
            "instrumentalness": 0.0739,
            "liveness": 0.115,
            "loudness": -5.828,
            "speechiness": 0.0635,
            "time_signature": 4,
            "happiness": 5.158
        }
    },
    {
        "#": 31,
        "Track Title": "Flowers",
        "Artist": "Level 8, Mingue, MITCH DB",
        "Key": "8B",
        "Energy": 8.74,
        "Popularity": 6.31,
        "BPM": 124,
        "DJ Play Count": 0,
        "Rating": "*******",
        "My Tag": [
            "Sp- Bach Israel",
            "2020s",
            "Happy"
        ],
        "Additional Info": {
            "id": "5WVG4MP29MfXX4PdJ7jY4N",
            "explicit": false,
            "album": "Flowers",
            "release_date": "2023-04-06",
            "genres": [
                "covertronica",
                "samurai trap"
            ],
            "duration": 164516,
            "acousticness": 0.105,
            "danceability": 6.913,
            "instrumentalness": 0,
            "liveness": 0.339,
            "loudness": -3.673,
            "speechiness": 0.0933,
            "time_signature": 4,
            "happiness": 7.633
        }
    },
    {
        "#": 32,
        "Track Title": "Lay Low",
        "Artist": "Tiësto",
        "Key": "3A",
        "Energy": 8.695,
        "Popularity": 8.83,
        "BPM": 122,
        "DJ Play Count": 0,
        "Rating": "*******",
        "My Tag": [
            "Sp- Bach Israel",
            "2020s",
            "Dance Remixes",
            "Flying High",
            "Club-Hotel",
            "Pop",
            "EDM"
        ],
        "Additional Info": {
            "id": "0zKbDrEXKpnExhGQRe9dxt",
            "explicit": false,
            "album": "Lay Low",
            "release_date": "2023-01-06",
            "genres": [
                "big room",
                "brostep",
                "dutch edm",
                "edm",
                "house",
                "pop dance",
                "slap house",
                "trance"
            ],
            "duration": 153443,
            "acousticness": 0.0607,
            "danceability": 5.806,
            "instrumentalness": 0.000263,
            "liveness": 0.346,
            "loudness": -4.923,
            "speechiness": 0.183,
            "time_signature": 4,
            "happiness": 4.779999999999999
        }
    },
    {
        "#": 33,
        "Track Title": "Welcome To The People",
        "Artist": "JADED",
        "Key": "2B",
        "Energy": 9.253,
        "Popularity": 7.12,
        "BPM": 124,
        "DJ Play Count": 0,
        "Rating": "*******",
        "My Tag": [
            "Sp- Bach Israel",
            "2020s",
            "EDM",
            "Happy"
        ],
        "Additional Info": {
            "id": "4O3APpGNhOldqDsPF8IaS5",
            "explicit": false,
            "album": "Welcome To The People",
            "release_date": "2021-09-10",
            "genres": [
                "uk dance"
            ],
            "duration": 160669,
            "acousticness": 0.123,
            "danceability": 7.444,
            "instrumentalness": 0.396,
            "liveness": 0.0628,
            "loudness": -5.091,
            "speechiness": 0.0331,
            "time_signature": 4,
            "happiness": 7.759
        }
    },
    {
        "#": 34,
        "Track Title": "Pump It Louder",
        "Artist": "Tiësto, Black Eyed Peas",
        "Key": "12B",
        "Energy": 9.478,
        "Popularity": 6.67,
        "BPM": 126,
        "DJ Play Count": 0,
        "Rating": "*******",
        "My Tag": [
            "Sp- Bach Israel",
            "2020s",
            "Dance Remixes",
            "Flying High",
            "Hip Hop",
            "Club-Hotel",
            "Pop",
            "EDM"
        ],
        "Additional Info": {
            "id": "4PNKy9P3xrzqMwVzRjxBKt",
            "explicit": false,
            "album": "DRIVE",
            "release_date": "2023-04-21",
            "genres": [
                "big room",
                "brostep",
                "dutch edm",
                "edm",
                "house",
                "pop dance",
                "slap house",
                "trance",
                "dance pop",
                "pop",
                "pop rap"
            ],
            "duration": 158571,
            "acousticness": 0.00789,
            "danceability": 6.94,
            "instrumentalness": 1.76e-05,
            "liveness": 0.834,
            "loudness": -2.273,
            "speechiness": 0.185,
            "time_signature": 4,
            "happiness": 5.8870000000000005
        }
    },
    {
        "#": 35,
        "Track Title": "Drinkee - Vintage Culture & John Summit Remix",
        "Artist": "Sofi Tukker, Vintage Culture, John Summit",
        "Key": "1A",
        "Energy": 7.534,
        "Popularity": 6.67,
        "BPM": 124,
        "DJ Play Count": 0,
        "Rating": "*******",
        "My Tag": [
            "Sp- Bach Israel",
            "2020s",
            "Club-Hotel",
            "EDM"
        ],
        "Additional Info": {
            "id": "68raS6F0ad2Iilql3yYeCt",
            "explicit": false,
            "album": "Drinkee (Vintage Culture & John Summit Remix)",
            "release_date": "2021-07-23",
            "genres": [
                "edm",
                "brazilian edm",
                "house",
                "tech house",
                "uk dance"
            ],
            "duration": 205161,
            "acousticness": 0.021,
            "danceability": 7.669,
            "instrumentalness": 0.776,
            "liveness": 0.0776,
            "loudness": -6.404,
            "speechiness": 0.0462,
            "time_signature": 4,
            "happiness": 4.33
        }
    },
    {
        "#": 36,
        "Track Title": "לא ממהר",
        "Artist": "Tamir Bar, Ravid Plotnik",
        "Key": "10B",
        "Energy": 7.741,
        "Popularity": 4.96,
        "BPM": 92,
        "DJ Play Count": 0,
        "Rating": "*******",
        "My Tag": [
            "Sp- Bach Israel",
            "2020s",
            "Hip Hop",
            "Israeli - Kibutz",
            "Happy",
            "PEGI 16 [Age]"
        ],
        "Additional Info": {
            "id": "0QSQfgshG2YaosrKcWhgoy",
            "explicit": true,
            "album": "החופש הגדול",
            "release_date": "2022-11-25",
            "genres": [
                "israeli hip hop",
                "israeli trap"
            ],
            "duration": 200541,
            "acousticness": 0.023,
            "danceability": 8.469999999999999,
            "instrumentalness": 3.55e-06,
            "liveness": 0.228,
            "loudness": -5.802,
            "speechiness": 0.13,
            "time_signature": 4,
            "happiness": 8.983
        }
    },
    {
        "#": 37,
        "Track Title": "Back 2 The Oldskool",
        "Artist": "DJ Raymundo, 3NRGY, Hreez",
        "Key": "1A",
        "Energy": 9.469,
        "Popularity": 3.61,
        "BPM": 125,
        "DJ Play Count": 0,
        "Rating": "*******",
        "My Tag": [
            "Sp- Bach Israel",
            "2020s",
            "Happy"
        ],
        "Additional Info": {
            "id": "56MGkijS9u9SVg1ZT02SLE",
            "explicit": false,
            "album": "Back 2 The Oldskool",
            "release_date": "2023-06-09",
            "genres": [],
            "duration": 153600,
            "acousticness": 0.0504,
            "danceability": 7.561,
            "instrumentalness": 0.865,
            "liveness": 0.192,
            "loudness": -5.59,
            "speechiness": 0.117,
            "time_signature": 4,
            "happiness": 7.048
        }
    },
    {
        "#": 38,
        "Track Title": "New Gold (feat. Tame Impala and Bootie Brown) - Dom Dolla Remix",
        "Artist": "Gorillaz, Tame Impala, Dom Dolla, Bootie Brown",
        "Key": "12A",
        "Energy": 9.073,
        "Popularity": 7.3,
        "BPM": 127,
        "DJ Play Count": 0,
        "Rating": "*******",
        "My Tag": [
            "Sp- Bach Israel",
            "2020s",
            "Rock",
            "Club-Hotel",
            "EDM",
            "PEGI 16 [Age]"
        ],
        "Additional Info": {
            "id": "2c3KCGq6UojB2c8UAFrRON",
            "explicit": true,
            "album": "New Gold (feat. Tame Impala and Bootie Brown) [Dom Dolla Remix]",
            "release_date": "2022-11-18",
            "genres": [
                "alternative hip hop",
                "modern rock",
                "rock",
                "australian psych",
                "modern rock",
                "neo-psychedelic",
                "rock",
                "australian house",
                "deep groove house",
                "house"
            ],
            "duration": 274142,
            "acousticness": 0.012,
            "danceability": 7.444,
            "instrumentalness": 0.262,
            "liveness": 0.325,
            "loudness": -7.185,
            "speechiness": 0.0629,
            "time_signature": 4,
            "happiness": 4.2219999999999995
        }
    },
    {
        "#": 39,
        "Track Title": "Silence - Kryder Remix",
        "Artist": "Delerium, Sarah McLachlan, Kryder",
        "Key": "9B",
        "Energy": 8.857,
        "Popularity": 5.32,
        "BPM": 125,
        "DJ Play Count": 0,
        "Rating": "*******",
        "My Tag": [
            "Sp- Bach Israel",
            "2020s",
            "Rock",
            "Calm",
            "Nostalgic",
            "Girl Power",
            "Pop",
            "EDM",
            "Fight & Fog"
        ],
        "Additional Info": {
            "id": "34CtI9lzEVzmq8NcQ6dJLP",
            "explicit": false,
            "album": "Silence (Kryder Remix)",
            "release_date": "2023-04-21",
            "genres": [
                "gregorian dance",
                "canadian pop",
                "canadian singer-songwriter",
                "ectofolk",
                "lilith",
                "permanent wave",
                "pop rock",
                "dutch house",
                "electro house",
                "progressive electro house",
                "progressive house"
            ],
            "duration": 195841,
            "acousticness": 0.00868,
            "danceability": 5.716,
            "instrumentalness": 0.0137,
            "liveness": 0.176,
            "loudness": -5.19,
            "speechiness": 0.0629,
            "time_signature": 4,
            "happiness": 2.242
        }
    },
    {
        "#": 40,
        "Track Title": "A Milli - SIDEPIECE Remix",
        "Artist": "Lil Wayne, SIDEPIECE",
        "Key": "4B",
        "Energy": 9.343,
        "Popularity": 7.12,
        "BPM": 128,
        "DJ Play Count": 0,
        "Rating": "*******",
        "My Tag": [
            "Sp- Bach Israel",
            "2020s",
            "Hip Hop",
            "Pop",
            "Club-Hotel",
            "EDM",
            "PEGI 16 [Age]"
        ],
        "Additional Info": {
            "id": "7nDxeN6NDc7v3v774IXiC5",
            "explicit": true,
            "album": "A Milli (SIDEPIECE Remix)",
            "release_date": "2023-01-13",
            "genres": [
                "hip hop",
                "new orleans rap",
                "pop rap",
                "rap",
                "trap",
                "edm",
                "tech house"
            ],
            "duration": 153750,
            "acousticness": 0.000192,
            "danceability": 8.649999999999999,
            "instrumentalness": 0.00659,
            "liveness": 0.0683,
            "loudness": -4.265,
            "speechiness": 0.0422,
            "time_signature": 4,
            "happiness": 6.409
        }
    },
    {
        "#": 41,
        "Track Title": "On & On",
        "Artist": "Alok, Dynoro",
        "Key": "6A",
        "Energy": 7.984,
        "Popularity": 7.03,
        "BPM": 125,
        "DJ Play Count": 0,
        "Rating": "*******",
        "My Tag": [
            "Sp- Bach Israel",
            "2010s",
            "Nostalgic",
            "Pop",
            "Club-Hotel",
            "EDM",
            "Happy"
        ],
        "Additional Info": {
            "id": "7sYAS4CpbV90oSemgaEQat",
            "explicit": false,
            "album": "On & On",
            "release_date": "2019-11-22",
            "genres": [
                "electro house",
                "pop nacional",
                "sertanejo universitario",
                "slap house",
                "edm"
            ],
            "duration": 147027,
            "acousticness": 0.0233,
            "danceability": 7.723,
            "instrumentalness": 1.38e-05,
            "liveness": 0.761,
            "loudness": -5.898,
            "speechiness": 0.0722,
            "time_signature": 4,
            "happiness": 7.03
        }
    }
]