[
    {
        "#": 1,
        "Track Title": "פלפלית",
        "Artist": "NOROZ",
        "Key": "3B",
        "Energy": 5.077,
        "Popularity": 4.87,
        "BPM": 110,
        "DJ Play Count": 0,
        "Rating": "*******",
        "My Tag": [
            "Sp- Bach Israel",
            "2020s",
            "Hip Hop",
            "Israeli - Kibutz"
        ],
        "Additional Info": {
            "id": "6X7FTwYJcQt1kyYj6PbLnt",
            "explicit": false,
            "album": "פלפלית",
            "release_date": "2023-01-22",
            "genres": [
                "israeli hip hop",
                "israeli trap"
            ],
            "duration": 153293,
            "acousticness": 0.0898,
            "danceability": 9.181000000000001,
            "instrumentalness": 2.32e-06,
            "liveness": 0.0696,
            "loudness": -7.964,
            "speechiness": 0.0497,
            "time_signature": 4,
            "happiness": 4.231
        }
    },
    {
        "#": 2,
        "Track Title": "משוגעת (Prod. by Triangle)",
        "Artist": "Gal Adam, NOROZ",
        "Key": "4B",
        "Energy": 8.083,
        "Popularity": 6.3999999999999995,
        "BPM": 140,
        "DJ Play Count": 0,
        "Rating": "*******",
        "My Tag": [
            "Sp- Bach Israel",
            "2020s",
            "Hip Hop",
            "Israeli - Kibutz"
        ],
        "Additional Info": {
            "id": "3idINUuyRidKbQiMFt6EkU",
            "explicit": false,
            "album": "משוגעת (Prod. by Triangle)",
            "release_date": "2022-10-19",
            "genres": [
                "israeli mediterranean",
                "israeli hip hop",
                "israeli trap"
            ],
            "duration": 136500,
            "acousticness": 0.134,
            "danceability": 7.849,
            "instrumentalness": 0.00145,
            "liveness": 0.161,
            "loudness": -6.503,
            "speechiness": 0.249,
            "time_signature": 4,
            "happiness": 5.878
        }
    },
    {
        "#": 3,
        "Track Title": "ברוך הבא לבלאגן",
        "Artist": "Harel Skaat, NOROZ",
        "Key": "3A",
        "Energy": 7.471,
        "Popularity": 4.6899999999999995,
        "BPM": 148,
        "DJ Play Count": 0,
        "Rating": "*******",
        "My Tag": [
            "Sp- Bach Israel",
            "2020s",
            "Hip Hop",
            "Pop",
            "Israeli - Kibutz"
        ],
        "Additional Info": {
            "id": "1XHUfow1vLFFlJaQnAUCVN",
            "explicit": false,
            "album": "ברוך הבא לבלאגן",
            "release_date": "2022-06-14",
            "genres": [
                "festigal",
                "israeli pop",
                "israeli hip hop",
                "israeli trap"
            ],
            "duration": 167838,
            "acousticness": 0.36,
            "danceability": 7.579,
            "instrumentalness": 0,
            "liveness": 0.22,
            "loudness": -4.799,
            "speechiness": 0.0447,
            "time_signature": 4,
            "happiness": 6.3999999999999995
        }
    },
    {
        "#": 4,
        "Track Title": "עמנואלה",
        "Artist": "Eden Ben Zaken",
        "Key": "5B",
        "Energy": 6.607,
        "Popularity": 5.05,
        "BPM": 100,
        "DJ Play Count": 0,
        "Rating": "*******",
        "My Tag": [
            "Sp- Bach Israel",
            "2020s",
            "Pop",
            "Israeli - Kibutz"
        ],
        "Additional Info": {
            "id": "7N3pHUbRABUTYBWdwHPpLu",
            "explicit": false,
            "album": "עמנואלה",
            "release_date": "2023-05-24",
            "genres": [
                "israeli mediterranean",
                "israeli pop"
            ],
            "duration": 160800,
            "acousticness": 0.371,
            "danceability": 6.922000000000001,
            "instrumentalness": 0.000206,
            "liveness": 0.0682,
            "loudness": -4.657,
            "speechiness": 0.0952,
            "time_signature": 4,
            "happiness": 6.859
        }
    },
    {
        "#": 5,
        "Track Title": "Say My Name",
        "Artist": "David Guetta, Bebe Rexha, J Balvin",
        "Key": "6A",
        "Energy": 6.94,
        "Popularity": 7.66,
        "BPM": 95,
        "DJ Play Count": 0,
        "Rating": "*******",
        "My Tag": [
            "Sp- Bach Israel",
            "2010s",
            "Latin",
            "Dance Remixes",
            "Hip Hop",
            "Club-Hotel",
            "Pop",
            "EDM",
            "Happy"
        ],
        "Additional Info": {
            "id": "0YammaEkYSeo9vQYZ1OwS6",
            "explicit": false,
            "album": "7",
            "release_date": "2018-09-14",
            "genres": [
                "big room",
                "dance pop",
                "edm",
                "pop",
                "pop dance",
                "dance pop",
                "pop",
                "reggaeton",
                "reggaeton colombiano",
                "trap latino",
                "urbano latino"
            ],
            "duration": 198947,
            "acousticness": 0.137,
            "danceability": 7.327,
            "instrumentalness": 0,
            "liveness": 0.192,
            "loudness": -5.119,
            "speechiness": 0.123,
            "time_signature": 4,
            "happiness": 8.11
        }
    },
    {
        "#": 6,
        "Track Title": "I'm Good (Blue)",
        "Artist": "David Guetta, Bebe Rexha",
        "Key": "9A",
        "Energy": 9.685,
        "Popularity": 9.549999999999999,
        "BPM": 128,
        "DJ Play Count": 0,
        "Rating": "*******",
        "My Tag": [
            "Sp- Bach Israel",
            "2020s",
            "Dance Remixes",
            "Club-Hotel",
            "Pop",
            "EDM",
            "PEGI 16 [Age]"
        ],
        "Additional Info": {
            "id": "4uUG5RXrOk84mYEfFvj3cK",
            "explicit": true,
            "album": "I'm Good (Blue)",
            "release_date": "2022-08-26",
            "genres": [
                "big room",
                "dance pop",
                "edm",
                "pop",
                "pop dance",
                "dance pop",
                "pop"
            ],
            "duration": 175238,
            "acousticness": 0.00383,
            "danceability": 6.049,
            "instrumentalness": 7.07e-06,
            "liveness": 0.371,
            "loudness": -3.673,
            "speechiness": 0.0343,
            "time_signature": 4,
            "happiness": 3.7359999999999998
        }
    },
    {
        "#": 7,
        "Track Title": "עולה על שולחנות",
        "Artist": "Marina Maximilian, Itay Galo",
        "Key": "12A",
        "Energy": 8.047,
        "Popularity": 5.95,
        "BPM": 125,
        "DJ Play Count": 0,
        "Rating": "*******",
        "My Tag": [
            "Sp- Bach Israel",
            "2020s",
            "Pop",
            "Israeli - Kibutz"
        ],
        "Additional Info": {
            "id": "5tNrVA1ySsk7HkV5yg2iXN",
            "explicit": false,
            "album": "עולה על שולחנות",
            "release_date": "2022-07-12",
            "genres": [
                "israeli pop"
            ],
            "duration": 196320,
            "acousticness": 0.123,
            "danceability": 8.425,
            "instrumentalness": 0.00117,
            "liveness": 0.117,
            "loudness": -6.674,
            "speechiness": 0.0452,
            "time_signature": 4,
            "happiness": 6.868
        }
    },
    {
        "#": 8,
        "Track Title": "Unicorn",
        "Artist": "Noa Kirel",
        "Key": "2A",
        "Energy": 8.812000000000001,
        "Popularity": 8.2,
        "BPM": 130,
        "DJ Play Count": 0,
        "Rating": "*******",
        "My Tag": [
            "Sp- Bach Israel",
            "2020s",
            "Pop",
            "Israeli - Kibutz"
        ],
        "Additional Info": {
            "id": "6dUregFbvUNqHP5nphqesK",
            "explicit": false,
            "album": "Unicorn",
            "release_date": "2023-03-08",
            "genres": [
                "israeli pop"
            ],
            "duration": 170900,
            "acousticness": 0.0216,
            "danceability": 7.1290000000000004,
            "instrumentalness": 0.00023,
            "liveness": 0.323,
            "loudness": -5.499,
            "speechiness": 0.095,
            "time_signature": 4,
            "happiness": 3.538
        }
    },
    {
        "#": 9,
        "Track Title": "עושה מסיבות (איך היא אוהבת)",
        "Artist": "Dudi Bar David",
        "Key": "11A",
        "Energy": 4.51,
        "Popularity": 3.16,
        "BPM": 120,
        "DJ Play Count": 0,
        "Rating": "*******",
        "My Tag": [
            "Sp- Bach Israel",
            "2020s",
            "Pop",
            "Israeli - Kibutz",
            "Happy"
        ],
        "Additional Info": {
            "id": "5xV1zAKWViaaNJxGYN4Jer",
            "explicit": false,
            "album": "עושה מסיבות (איך היא אוהבת)",
            "release_date": "2021-08-09",
            "genres": [
                "israeli pop"
            ],
            "duration": 189500,
            "acousticness": 0.147,
            "danceability": 8.767,
            "instrumentalness": 0.000683,
            "liveness": 0.122,
            "loudness": -12.086,
            "speechiness": 0.0666,
            "time_signature": 4,
            "happiness": 7.138000000000001
        }
    },
    {
        "#": 10,
        "Track Title": "פרובוקטיבית",
        "Artist": "Noa Kirel, Forever Tel Aviv, Sagi Kariv",
        "Key": "7A",
        "Energy": 7.2909999999999995,
        "Popularity": 6.49,
        "BPM": 128,
        "DJ Play Count": 0,
        "Rating": "*******",
        "My Tag": [
            "Sp- Bach Israel",
            "2020s",
            "Pop",
            "Israeli - Kibutz",
            "Happy"
        ],
        "Additional Info": {
            "id": "2b9TjqgLxE6zOZc4DSmYYx",
            "explicit": false,
            "album": "פרובוקטיבית",
            "release_date": "2023-06-06",
            "genres": [
                "israeli pop",
                "circuit"
            ],
            "duration": 154922,
            "acousticness": 0.124,
            "danceability": 8.389,
            "instrumentalness": 5.06e-05,
            "liveness": 0.0544,
            "loudness": -6.188,
            "speechiness": 0.0474,
            "time_signature": 4,
            "happiness": 7.353999999999999
        }
    },
    {
        "#": 11,
        "Track Title": "עד שתבואי עד אליי",
        "Artist": "Eden Hason",
        "Key": "1A",
        "Energy": 6.5169999999999995,
        "Popularity": 6.49,
        "BPM": 124,
        "DJ Play Count": 0,
        "Rating": "*******",
        "My Tag": [
            "Sp- Bach Israel",
            "2020s",
            "Israeli - Kibutz"
        ],
        "Additional Info": {
            "id": "1Rh5r9vUOumJ1sbPuv3dkO",
            "explicit": false,
            "album": "עד שתבואי עד אליי",
            "release_date": "2022-11-29",
            "genres": [
                "israeli mediterranean"
            ],
            "duration": 199419,
            "acousticness": 0.137,
            "danceability": 7.327,
            "instrumentalness": 8.28e-05,
            "liveness": 0.102,
            "loudness": -9.642,
            "speechiness": 0.0699,
            "time_signature": 4,
            "happiness": 5.662
        }
    },
    {
        "#": 12,
        "Track Title": "Calm Down (with Selena Gomez)",
        "Artist": "Rema, Selena Gomez",
        "Key": "1B",
        "Energy": 8.254000000000001,
        "Popularity": 9.549999999999999,
        "BPM": 107,
        "DJ Play Count": 0,
        "Rating": "*******",
        "My Tag": [
            "Sp- Bach Israel",
            "2020s",
            "Pop",
            "Happy",
            "Happy"
        ],
        "Additional Info": {
            "id": "0WtM2NBVQNNJLh6scP13H8",
            "explicit": false,
            "album": "Calm Down (with Selena Gomez)",
            "release_date": "2022-08-25",
            "genres": [
                "afrobeats",
                "nigerian pop",
                "pop",
                "post-teen pop"
            ],
            "duration": 239318,
            "acousticness": 0.382,
            "danceability": 8.209,
            "instrumentalness": 0.000669,
            "liveness": 0.114,
            "loudness": -5.206,
            "speechiness": 0.0381,
            "time_signature": 4,
            "happiness": 8.218
        }
    },
    {
        "#": 13,
        "Track Title": "Unholy (feat. Kim Petras)",
        "Artist": "Sam Smith, Kim Petras",
        "Key": "10B",
        "Energy": 5.247999999999999,
        "Popularity": 9.19,
        "BPM": 131,
        "DJ Play Count": 0,
        "Rating": "*******",
        "My Tag": [
            "Sp- Bach Israel",
            "2020s",
            "Rock",
            "Pop",
            "Mad"
        ],
        "Additional Info": {
            "id": "3nqQXoyQOWXiESFLlDF1hG",
            "explicit": false,
            "album": "Unholy (feat. Kim Petras)",
            "release_date": "2022-09-22",
            "genres": [
                "pop",
                "uk pop",
                "alt z",
                "pop",
                "transpop"
            ],
            "duration": 156943,
            "acousticness": 0.013,
            "danceability": 7.426,
            "instrumentalness": 4.51e-06,
            "liveness": 0.266,
            "loudness": -7.375,
            "speechiness": 0.0864,
            "time_signature": 4,
            "happiness": 3.142
        }
    },
    {
        "#": 14,
        "Track Title": "Players",
        "Artist": "Coi Leray",
        "Key": "2B",
        "Energy": 5.644,
        "Popularity": 9.19,
        "BPM": 105,
        "DJ Play Count": 0,
        "Rating": "*******",
        "My Tag": [
            "Sp- Bach Israel",
            "2020s",
            "Hip Hop",
            "EDM",
            "PEGI 16 [Age]"
        ],
        "Additional Info": {
            "id": "6UN73IYd0hZxLi8wFPMQij",
            "explicit": true,
            "album": "Players",
            "release_date": "2022-11-30",
            "genres": [
                "new jersey underground rap",
                "trap queen"
            ],
            "duration": 139560,
            "acousticness": 0.03,
            "danceability": 9.586,
            "instrumentalness": 7.54e-06,
            "liveness": 0.0504,
            "loudness": -5.817,
            "speechiness": 0.16,
            "time_signature": 4,
            "happiness": 6.616
        }
    },
    {
        "#": 15,
        "Track Title": "Where Are You Now",
        "Artist": "Lost Frequencies, Calum Scott",
        "Key": "2A",
        "Energy": 6.724,
        "Popularity": 8.92,
        "BPM": 121,
        "DJ Play Count": 0,
        "Rating": "*******",
        "My Tag": [
            "Sp- Bach Israel",
            "2020s",
            "Pop",
            "Dance Remixes",
            "EDM"
        ],
        "Additional Info": {
            "id": "3uUuGVFu1V7jTQL60S1r8z",
            "explicit": false,
            "album": "Where Are You Now",
            "release_date": "2021-07-30",
            "genres": [
                "belgian edm",
                "edm",
                "pop dance",
                "tropical house",
                "pop"
            ],
            "duration": 148197,
            "acousticness": 0.515,
            "danceability": 7.039000000000001,
            "instrumentalness": 0.000411,
            "liveness": 0.172,
            "loudness": -8.117,
            "speechiness": 0.103,
            "time_signature": 4,
            "happiness": 3.358
        }
    },
    {
        "#": 16,
        "Track Title": "La Isla Bonita",
        "Artist": "NAJA, B.R.T",
        "Key": "8A",
        "Energy": 7.795,
        "Popularity": 6.49,
        "BPM": 122,
        "DJ Play Count": 0,
        "Rating": "*******",
        "My Tag": [
            "Sp- Bach Israel",
            "2020s"
        ],
        "Additional Info": {
            "id": "6lVxE1HbTGOiDPD7oBeoSr",
            "explicit": false,
            "album": "La Isla Bonita",
            "release_date": "2023-05-25",
            "genres": [],
            "duration": 165430,
            "acousticness": 0.139,
            "danceability": 7.345,
            "instrumentalness": 1.29e-05,
            "liveness": 0.14,
            "loudness": -7.831,
            "speechiness": 0.129,
            "time_signature": 4,
            "happiness": 4.933
        }
    },
    {
        "#": 17,
        "Track Title": "Made You Look",
        "Artist": "Meghan Trainor",
        "Key": "6B",
        "Energy": 5.7250000000000005,
        "Popularity": 9.01,
        "BPM": 145,
        "DJ Play Count": 0,
        "Rating": "*******",
        "My Tag": [
            "Sp- Bach Israel",
            "2020s",
            "Hip Hop",
            "Pop",
            "Happy"
        ],
        "Additional Info": {
            "id": "0QHEIqNKsMoOY5urbzN48u",
            "explicit": false,
            "album": "Takin' It Back",
            "release_date": "2022-10-21",
            "genres": [
                "hip pop",
                "pop"
            ],
            "duration": 134256,
            "acousticness": 0.345,
            "danceability": 8.542,
            "instrumentalness": 1.92e-06,
            "liveness": 0.0771,
            "loudness": -3.562,
            "speechiness": 0.0665,
            "time_signature": 4,
            "happiness": 8.956
        }
    },
    {
        "#": 18,
        "Track Title": "Shivers",
        "Artist": "Ed Sheeran",
        "Key": "10B",
        "Energy": 8.731,
        "Popularity": 1.09,
        "BPM": 141,
        "DJ Play Count": 0,
        "Rating": "*******",
        "My Tag": [
            "Sp- Bach Israel",
            "2020s",
            "Pop",
            "Happy"
        ],
        "Additional Info": {
            "id": "6bQfNiqyCX7UaQSvVVGo4I",
            "explicit": false,
            "album": "Shivers",
            "release_date": "2021-09-10",
            "genres": [
                "pop",
                "uk pop"
            ],
            "duration": 207853,
            "acousticness": 0.281,
            "danceability": 8.092,
            "instrumentalness": 0,
            "liveness": 0.0424,
            "loudness": -2.724,
            "speechiness": 0.0856,
            "time_signature": 4,
            "happiness": 8.398
        }
    },
    {
        "#": 19,
        "Track Title": "Ferrari",
        "Artist": "James Hype, Miggy Dela Rosa",
        "Key": "3A",
        "Energy": 7.209999999999999,
        "Popularity": 8.74,
        "BPM": 125,
        "DJ Play Count": 0,
        "Rating": "*******",
        "My Tag": [
            "Sp- Bach Israel",
            "2020s",
            "Pop",
            "Dance Remixes",
            "EDM",
            "Happy"
        ],
        "Additional Info": {
            "id": "4zN21mbAuaD0WqtmaTZZeP",
            "explicit": false,
            "album": "Ferrari",
            "release_date": "2022-04-01",
            "genres": [
                "deep groove house",
                "pop dance",
                "uk dance",
                "dance pop",
                "pop dance"
            ],
            "duration": 186662,
            "acousticness": 0.0127,
            "danceability": 8.623,
            "instrumentalness": 6e-05,
            "liveness": 0.0526,
            "loudness": -7.877,
            "speechiness": 0.0493,
            "time_signature": 4,
            "happiness": 7.228
        }
    },
    {
        "#": 20,
        "Track Title": "The Motto",
        "Artist": "Tiësto, Ava Max",
        "Key": "9A",
        "Energy": 7.867,
        "Popularity": 8.559999999999999,
        "BPM": 118,
        "DJ Play Count": 0,
        "Rating": "*******",
        "My Tag": [
            "Sp- Bach Israel",
            "2020s",
            "Dance Remixes",
            "Flying High",
            "Club-Hotel",
            "Pop",
            "EDM"
        ],
        "Additional Info": {
            "id": "18asYwWugKjjsihZ0YvRxO",
            "explicit": false,
            "album": "The Motto",
            "release_date": "2021-11-04",
            "genres": [
                "big room",
                "brostep",
                "dutch edm",
                "edm",
                "house",
                "pop dance",
                "slap house",
                "trance",
                "pop"
            ],
            "duration": 164819,
            "acousticness": 0.0301,
            "danceability": 7.786,
            "instrumentalness": 2.23e-05,
            "liveness": 0.0901,
            "loudness": -4.627,
            "speechiness": 0.0435,
            "time_signature": 4,
            "happiness": 5.176
        }
    },
    {
        "#": 21,
        "Track Title": "Miracle (with Ellie Goulding)",
        "Artist": "Calvin Harris, Ellie Goulding",
        "Key": "11B",
        "Energy": 8.821,
        "Popularity": 9.280000000000001,
        "BPM": 143,
        "DJ Play Count": 0,
        "Rating": "*******",
        "My Tag": [
            "Sp- Bach Israel",
            "2020s",
            "Inspiring",
            "Dance Remixes",
            "Club-Hotel",
            "Pop",
            "EDM"
        ],
        "Additional Info": {
            "id": "5eTaQYBE1yrActixMAeLcZ",
            "explicit": false,
            "album": "Miracle (with Ellie Goulding)",
            "release_date": "2023-03-10",
            "genres": [
                "dance pop",
                "edm",
                "electro house",
                "house",
                "pop",
                "progressive house",
                "uk dance",
                "indietronica",
                "metropopolis",
                "pop",
                "uk pop"
            ],
            "duration": 186496,
            "acousticness": 0.0378,
            "danceability": 6.724,
            "instrumentalness": 0.0446,
            "liveness": 0.0808,
            "loudness": -5.289,
            "speechiness": 0.0412,
            "time_signature": 4,
            "happiness": 3.754
        }
    },
    {
        "#": 22,
        "Track Title": "love nwantiti (ah ah ah)",
        "Artist": "CKay",
        "Key": "4B",
        "Energy": 7.651,
        "Popularity": 8.559999999999999,
        "BPM": 93,
        "DJ Play Count": 0,
        "Rating": "*******",
        "My Tag": [
            "Sp- Bach Israel",
            "2010s",
            "PEGI 16 [Age]"
        ],
        "Additional Info": {
            "id": "2Xr1dTzJee307rmrkt8c0g",
            "explicit": true,
            "album": "CKay The First",
            "release_date": "2019-08-30",
            "genres": [
                "afro r&b",
                "afrobeats"
            ],
            "duration": 145800,
            "acousticness": 0.365,
            "danceability": 7.543,
            "instrumentalness": 0.00137,
            "liveness": 0.161,
            "loudness": -3.805,
            "speechiness": 0.0411,
            "time_signature": 4,
            "happiness": 5.797000000000001
        }
    },
    {
        "#": 23,
        "Track Title": "Don't Be Shy",
        "Artist": "Tiësto, KAROL G",
        "Key": "1A",
        "Energy": 8.083,
        "Popularity": 8.2,
        "BPM": 120,
        "DJ Play Count": 0,
        "Rating": "*******",
        "My Tag": [
            "Sp- Bach Israel",
            "2020s",
            "Latin",
            "Dance Remixes",
            "Flying High",
            "Hip Hop",
            "Club-Hotel",
            "Pop",
            "EDM",
            "PEGI 16 [Age]"
        ],
        "Additional Info": {
            "id": "0bI7K9Becu2dtXK1Q3cZNB",
            "explicit": true,
            "album": "Don't Be Shy",
            "release_date": "2021-08-12",
            "genres": [
                "big room",
                "brostep",
                "dutch edm",
                "edm",
                "house",
                "pop dance",
                "slap house",
                "trance",
                "reggaeton",
                "reggaeton colombiano",
                "trap latino",
                "urbano latino"
            ],
            "duration": 140500,
            "acousticness": 0.198,
            "danceability": 7.93,
            "instrumentalness": 0,
            "liveness": 0.262,
            "loudness": -3.748,
            "speechiness": 0.0583,
            "time_signature": 4,
            "happiness": 5.617
        }
    },
    {
        "#": 24,
        "Track Title": "Do It To It",
        "Artist": "ACRAZE, Cherish",
        "Key": "1A",
        "Energy": 8.254000000000001,
        "Popularity": 8.469999999999999,
        "BPM": 125,
        "DJ Play Count": 0,
        "Rating": "*******",
        "My Tag": [
            "Sp- Bach Israel",
            "2020s",
            "Romantic & Slow Dance",
            "Dance Remixes",
            "Hip Hop",
            "Club-Hotel",
            "Happy",
            "Girl Power",
            "Pop",
            "EDM"
        ],
        "Additional Info": {
            "id": "20on25jryn53hWghthWWW3",
            "explicit": false,
            "album": "Do It To It",
            "release_date": "2021-08-20",
            "genres": [
                "pop dance",
                "tech house",
                "atl hip hop",
                "girl group",
                "hip pop",
                "r&b",
                "southern hip hop",
                "urban contemporary"
            ],
            "duration": 157890,
            "acousticness": 0.0209,
            "danceability": 8.686,
            "instrumentalness": 0.0542,
            "liveness": 0.0703,
            "loudness": -8.262,
            "speechiness": 0.0886,
            "time_signature": 4,
            "happiness": 6.7330000000000005
        }
    },
    {
        "#": 25,
        "Track Title": "עזוב אותי מטכנו",
        "Artist": "Doli & Penn, ליאור נרקיס",
        "Key": "8B",
        "Energy": 7.353999999999999,
        "Popularity": 4.51,
        "BPM": 145,
        "DJ Play Count": 0,
        "Rating": "*******",
        "My Tag": [
            "Sp- Bach Israel",
            "2020s",
            "Mizrahit",
            "Pop",
            "Israeli - Kibutz",
            "Happy"
        ],
        "Additional Info": {
            "id": "1st1G4ms39bWno8xaL4wrA",
            "explicit": false,
            "album": "עזוב אותי מטכנו",
            "release_date": "2022-06-14",
            "genres": [
                "israeli pop",
                "israeli mediterranean",
                "mizrahi"
            ],
            "duration": 132309,
            "acousticness": 0.0253,
            "danceability": 8.974,
            "instrumentalness": 0.000465,
            "liveness": 0.187,
            "loudness": -8.356,
            "speechiness": 0.274,
            "time_signature": 4,
            "happiness": 8.524000000000001
        }
    },
    {
        "#": 26,
        "Track Title": "שם טבעת עליה",
        "Artist": "Dudu Aharon",
        "Key": "10B",
        "Energy": 7.606,
        "Popularity": 1.0,
        "BPM": 102,
        "DJ Play Count": 0,
        "Rating": "*******",
        "My Tag": [
            "Sp- Bach Israel",
            "2010s",
            "Mizrahit",
            "Pop",
            "Israeli - Kibutz",
            "Happy"
        ],
        "Additional Info": {
            "id": "0X1OUfovqRvsGLCdzNPkSa",
            "explicit": false,
            "album": "השמחה שלנו",
            "release_date": "2019-05-23",
            "genres": [
                "israeli mediterranean",
                "israeli pop",
                "mizrahi"
            ],
            "duration": 225063,
            "acousticness": 0.287,
            "danceability": 7.273,
            "instrumentalness": 0,
            "liveness": 0.126,
            "loudness": -5.586,
            "speechiness": 0.0382,
            "time_signature": 4,
            "happiness": 7.353999999999999
        }
    },
    {
        "#": 27,
        "Track Title": "סיבובים",
        "Artist": "Eden Hason",
        "Key": "2A",
        "Energy": 8.074,
        "Popularity": 4.779999999999999,
        "BPM": 100,
        "DJ Play Count": 0,
        "Rating": "*******",
        "My Tag": [
            "Sp- Bach Israel",
            "2020s",
            "Israeli - Kibutz",
            "Happy"
        ],
        "Additional Info": {
            "id": "21qCzrANOK7gB0KPoNE1zP",
            "explicit": false,
            "album": "סיבובים",
            "release_date": "2020-07-07",
            "genres": [
                "israeli mediterranean"
            ],
            "duration": 185400,
            "acousticness": 0.135,
            "danceability": 8.992,
            "instrumentalness": 2.95e-06,
            "liveness": 0.0754,
            "loudness": -4.2,
            "speechiness": 0.0517,
            "time_signature": 4,
            "happiness": 7.939
        }
    },
    {
        "#": 28,
        "Track Title": "מה אתה רוצה",
        "Artist": "Ella Lee",
        "Key": "2B",
        "Energy": 7.021000000000001,
        "Popularity": 4.51,
        "BPM": 115,
        "DJ Play Count": 0,
        "Rating": "*******",
        "My Tag": [
            "Sp- Bach Israel",
            "2020s",
            "Pop",
            "Israeli - Kibutz"
        ],
        "Additional Info": {
            "id": "1inqeo4qN7t9nSPiwZtR82",
            "explicit": false,
            "album": "מה אתה רוצה",
            "release_date": "2020-11-15",
            "genres": [
                "israeli pop"
            ],
            "duration": 146087,
            "acousticness": 0.0685,
            "danceability": 7.2459999999999996,
            "instrumentalness": 0,
            "liveness": 0.114,
            "loudness": -6.722,
            "speechiness": 0.0385,
            "time_signature": 4,
            "happiness": 6.562
        }
    },
    {
        "#": 29,
        "Track Title": "מיליון דולר - Itay Galo Remix",
        "Artist": "Noa Kirel, Itay Galo, שחר סאול",
        "Key": "9A",
        "Energy": 9.244,
        "Popularity": 3.5200000000000005,
        "BPM": 124,
        "DJ Play Count": 0,
        "Rating": "*******",
        "My Tag": [
            "Sp- Bach Israel",
            "2020s",
            "Hip Hop",
            "Pop",
            "Israeli - Kibutz",
            "Happy"
        ],
        "Additional Info": {
            "id": "6TA2HoWmquGTkPr8gm1LwJ",
            "explicit": false,
            "album": "מיליון דולר (Itay Galo Remix)",
            "release_date": "2020-06-29",
            "genres": [
                "israeli pop",
                "israeli hip hop"
            ],
            "duration": 255484,
            "acousticness": 0.0313,
            "danceability": 6.364,
            "instrumentalness": 0.513,
            "liveness": 0.276,
            "loudness": -5.792,
            "speechiness": 0.0339,
            "time_signature": 4,
            "happiness": 7.327
        }
    },
    {
        "#": 30,
        "Track Title": "קופידון (Prod. By Triangle)",
        "Artist": "Agam Buhbut",
        "Key": "10B",
        "Energy": 6.562,
        "Popularity": 5.95,
        "BPM": 110,
        "DJ Play Count": 0,
        "Rating": "*******",
        "My Tag": [
            "Sp- Bach Israel",
            "2020s",
            "Israeli - Kibutz",
            "Happy"
        ],
        "Additional Info": {
            "id": "4W1G1xlxcirdtXosgsR0m0",
            "explicit": false,
            "album": "קופידון (Prod. By Triangle)",
            "release_date": "2022-09-12",
            "genres": [
                "israeli mediterranean"
            ],
            "duration": 163355,
            "acousticness": 0.166,
            "danceability": 7.867,
            "instrumentalness": 0,
            "liveness": 0.149,
            "loudness": -5.919,
            "speechiness": 0.072,
            "time_signature": 4,
            "happiness": 8.245000000000001
        }
    },
    {
        "#": 31,
        "Track Title": "יהלומים - BLING BLING",
        "Artist": "Noa Kirel",
        "Key": "7A",
        "Energy": 7.588,
        "Popularity": 5.05,
        "BPM": 146,
        "DJ Play Count": 0,
        "Rating": "*******",
        "My Tag": [
            "Sp- Bach Israel",
            "2020s",
            "Pop",
            "Israeli - Kibutz",
            "Happy"
        ],
        "Additional Info": {
            "id": "7v63pRo1RXcYzrCxaMkGc5",
            "explicit": false,
            "album": "יהלומים - BLING BLING",
            "release_date": "2021-03-07",
            "genres": [
                "israeli pop"
            ],
            "duration": 185548,
            "acousticness": 0.118,
            "danceability": 7.353999999999999,
            "instrumentalness": 0,
            "liveness": 0.13,
            "loudness": -4.917,
            "speechiness": 0.0379,
            "time_signature": 4,
            "happiness": 7.138000000000001
        }
    },
    {
        "#": 32,
        "Track Title": "BEG",
        "Artist": "Omer Adam, Netta",
        "Key": "8A",
        "Energy": 7.615,
        "Popularity": 1.0,
        "BPM": 100,
        "DJ Play Count": 0,
        "Rating": "*******",
        "My Tag": [
            "Sp- Bach Israel",
            "2020s",
            "Mizrahit",
            "Pop",
            "Israeli - Kibutz"
        ],
        "Additional Info": {
            "id": "44pKbfoyixQSaiiJde9i1F",
            "explicit": false,
            "album": "עומר",
            "release_date": "2020-01-01",
            "genres": [
                "israeli mediterranean",
                "israeli pop",
                "mizrahi",
                "israeli pop"
            ],
            "duration": 175924,
            "acousticness": 0.0176,
            "danceability": 9.244,
            "instrumentalness": 1.06e-05,
            "liveness": 0.0689,
            "loudness": -3.927,
            "speechiness": 0.0657,
            "time_signature": 4,
            "happiness": 6.2829999999999995
        }
    },
    {
        "#": 33,
        "Track Title": "טיקיטאס",
        "Artist": "Noa Kirel, Stephane Legar, Arisa",
        "Key": "4A",
        "Energy": 9.109,
        "Popularity": 1.0,
        "BPM": 98,
        "DJ Play Count": 0,
        "Rating": "*******",
        "My Tag": [
            "Sp- Bach Israel",
            "2010s",
            "Hip Hop",
            "Pop",
            "Israeli - Kibutz",
            "Happy"
        ],
        "Additional Info": {
            "id": "1JRoPBsjLNfWvstDTUaztP",
            "explicit": false,
            "album": "טיקיטאס",
            "release_date": "2017-10-19",
            "genres": [
                "israeli pop",
                "israeli hip hop",
                "israeli pop"
            ],
            "duration": 237580,
            "acousticness": 0.0134,
            "danceability": 7.759,
            "instrumentalness": 0,
            "liveness": 0.316,
            "loudness": -3.461,
            "speechiness": 0.0654,
            "time_signature": 4,
            "happiness": 8.227
        }
    },
    {
        "#": 34,
        "Track Title": "אין יותר מועדונים",
        "Artist": "Eden Hason",
        "Key": "4B",
        "Energy": 6.49,
        "Popularity": 5.59,
        "BPM": 90,
        "DJ Play Count": 0,
        "Rating": "*******",
        "My Tag": [
            "Sp- Bach Israel",
            "2010s",
            "Israeli - Kibutz"
        ],
        "Additional Info": {
            "id": "0q3yDDxPh0k5nvgh2SPcsS",
            "explicit": false,
            "album": "שמישהו יעצור אותי",
            "release_date": "2019-03-31",
            "genres": [
                "israeli mediterranean"
            ],
            "duration": 184003,
            "acousticness": 0.0952,
            "danceability": 6.508,
            "instrumentalness": 6.03e-06,
            "liveness": 0.0743,
            "loudness": -5.241,
            "speechiness": 0.0612,
            "time_signature": 4,
            "happiness": 6.688
        }
    },
    {
        "#": 35,
        "Track Title": "טמפרטורה",
        "Artist": "Omer Adam, Richie Loop",
        "Key": "4B",
        "Energy": 7.777,
        "Popularity": 1.0,
        "BPM": 98,
        "DJ Play Count": 0,
        "Rating": "*******",
        "My Tag": [
            "Sp- Bach Israel",
            "2010s",
            "Mizrahit",
            "Pop",
            "Israeli - Kibutz"
        ],
        "Additional Info": {
            "id": "1YBHjsD9R7kEgGnXBlONjy",
            "explicit": false,
            "album": "5 בום!",
            "release_date": "2019-06-06",
            "genres": [
                "israeli mediterranean",
                "israeli pop",
                "mizrahi",
                "basshall"
            ],
            "duration": 182449,
            "acousticness": 0.0173,
            "danceability": 8.353,
            "instrumentalness": 4.31e-06,
            "liveness": 0.049,
            "loudness": -3.427,
            "speechiness": 0.0497,
            "time_signature": 4,
            "happiness": 6.436
        }
    },
    {
        "#": 36,
        "Track Title": "עור ברווז",
        "Artist": "Arutz Hakibud, Lidoy, Astma, Shaked Ferrera",
        "Key": "9B",
        "Energy": 8.370999999999999,
        "Popularity": 1.0,
        "BPM": 127,
        "DJ Play Count": 0,
        "Rating": "*******",
        "My Tag": [
            "Sp- Bach Israel",
            "2010s",
            "Hip Hop",
            "Israeli - Kibutz"
        ],
        "Additional Info": {
            "id": "7x4UW1hIIEhU3hlMclJckP",
            "explicit": false,
            "album": "עור ברווז",
            "release_date": "2016-02-16",
            "genres": [
                "israeli hip hop"
            ],
            "duration": 202893,
            "acousticness": 0.0595,
            "danceability": 6.3549999999999995,
            "instrumentalness": 0,
            "liveness": 0.0968,
            "loudness": -3.297,
            "speechiness": 0.1,
            "time_signature": 3,
            "happiness": 5.743
        }
    },
    {
        "#": 37,
        "Track Title": "חתונה של השמחות",
        "Artist": "Dudu Aharon",
        "Key": "8A",
        "Energy": 8.767,
        "Popularity": 4.42,
        "BPM": 132,
        "DJ Play Count": 0,
        "Rating": "*******",
        "My Tag": [
            "Sp- Bach Israel",
            "2010s",
            "Mizrahit",
            "Pop",
            "Israeli - Kibutz"
        ],
        "Additional Info": {
            "id": "5baEP1SMxrnUwJ638H6UyA",
            "explicit": false,
            "album": "השמחה שלנו",
            "release_date": "2019-05-23",
            "genres": [
                "israeli mediterranean",
                "israeli pop",
                "mizrahi"
            ],
            "duration": 221387,
            "acousticness": 0.251,
            "danceability": 7.75,
            "instrumentalness": 0,
            "liveness": 0.0931,
            "loudness": -4.156,
            "speechiness": 0.0454,
            "time_signature": 4,
            "happiness": 6.292
        }
    },
    {
        "#": 38,
        "Track Title": "מהפכה של שמחה",
        "Artist": "Omer Adam, ליאור נרקיס",
        "Key": "7A",
        "Energy": 8.893,
        "Popularity": 5.32,
        "BPM": 132,
        "DJ Play Count": 0,
        "Rating": "*******",
        "My Tag": [
            "Sp- Bach Israel",
            "2010s",
            "Mizrahit",
            "Pop",
            "Israeli - Kibutz",
            "Happy"
        ],
        "Additional Info": {
            "id": "1BKXM5acD2NHjBaWTCsXFk",
            "explicit": false,
            "album": "מודה אני",
            "release_date": "2015-08-01",
            "genres": [
                "israeli mediterranean",
                "israeli pop",
                "mizrahi",
                "israeli mediterranean",
                "mizrahi"
            ],
            "duration": 240453,
            "acousticness": 0.13,
            "danceability": 7.048,
            "instrumentalness": 0,
            "liveness": 0.385,
            "loudness": -4.219,
            "speechiness": 0.0417,
            "time_signature": 4,
            "happiness": 7.885
        }
    },
    {
        "#": 39,
        "Track Title": "שלושה בנות",
        "Artist": "Noa Kirel, Gitit Fisher",
        "Key": "3B",
        "Energy": 8.218,
        "Popularity": 5.5,
        "BPM": 128,
        "DJ Play Count": 0,
        "Rating": "*******",
        "My Tag": [
            "Sp- Bach Israel",
            "2020s",
            "Pop",
            "Israeli - Kibutz",
            "Happy"
        ],
        "Additional Info": {
            "id": "63TUZWEmunvQnAdLUD61yY",
            "explicit": false,
            "album": "שלושה בנות",
            "release_date": "2022-06-01",
            "genres": [
                "israeli pop"
            ],
            "duration": 217500,
            "acousticness": 0.146,
            "danceability": 8.568999999999999,
            "instrumentalness": 3.78e-06,
            "liveness": 0.228,
            "loudness": -4.064,
            "speechiness": 0.0654,
            "time_signature": 4,
            "happiness": 8.290000000000001
        }
    },
    {
        "#": 40,
        "Track Title": "דובשנייה",
        "Artist": "שחר סאול, Agam Buhbut, NOROZ",
        "Key": "9B",
        "Energy": 9.046,
        "Popularity": 6.040000000000001,
        "BPM": 105,
        "DJ Play Count": 0,
        "Rating": "*******",
        "My Tag": [
            "Sp- Bach Israel",
            "2020s",
            "Hip Hop",
            "Israeli - Kibutz",
            "Happy"
        ],
        "Additional Info": {
            "id": "67PF7VLcYEKKF82ziNf9Ur",
            "explicit": false,
            "album": "דובשנייה",
            "release_date": "2022-01-19",
            "genres": [
                "israeli hip hop",
                "israeli mediterranean",
                "israeli hip hop",
                "israeli trap"
            ],
            "duration": 152000,
            "acousticness": 0.318,
            "danceability": 7.93,
            "instrumentalness": 0.00238,
            "liveness": 0.3,
            "loudness": -4.653,
            "speechiness": 0.218,
            "time_signature": 4,
            "happiness": 7.039000000000001
        }
    },
    {
        "#": 41,
        "Track Title": "פנתרה",
        "Artist": "Noa Kirel",
        "Key": "11A",
        "Energy": 6.823,
        "Popularity": 6.3999999999999995,
        "BPM": 102,
        "DJ Play Count": 0,
        "Rating": "*******",
        "My Tag": [
            "Sp- Bach Israel",
            "2020s",
            "Pop",
            "Israeli - Kibutz"
        ],
        "Additional Info": {
            "id": "5A3bEckI7AjWTguGqZOzUm",
            "explicit": false,
            "album": "פנתרה",
            "release_date": "2022-08-11",
            "genres": [
                "israeli pop"
            ],
            "duration": 173603,
            "acousticness": 0.0588,
            "danceability": 8.488,
            "instrumentalness": 0.0014,
            "liveness": 0.411,
            "loudness": -7.954,
            "speechiness": 0.0755,
            "time_signature": 4,
            "happiness": 5.3919999999999995
        }
    },
    {
        "#": 42,
        "Track Title": "Cute Boy",
        "Artist": "Nunu, Sagi Kariv, Forever Tel Aviv",
        "Key": "3A",
        "Energy": 8.2,
        "Popularity": 5.59,
        "BPM": 128,
        "DJ Play Count": 0,
        "Rating": "*******",
        "My Tag": [
            "Sp- Bach Israel",
            "2020s",
            "Hip Hop",
            "Israeli - Kibutz"
        ],
        "Additional Info": {
            "id": "7DS5SpsWS7rtKeAfe9rbfn",
            "explicit": false,
            "album": "Cute Boy",
            "release_date": "2022-06-06",
            "genres": [
                "israeli hip hop",
                "circuit"
            ],
            "duration": 185625,
            "acousticness": 0.113,
            "danceability": 7.912,
            "instrumentalness": 0.000343,
            "liveness": 0.549,
            "loudness": -4.387,
            "speechiness": 0.0913,
            "time_signature": 4,
            "happiness": 6.4719999999999995
        }
    },
    {
        "#": 43,
        "Track Title": "השמלה החדשה שלי",
        "Artist": "Ran Danker",
        "Key": "9B",
        "Energy": 6.796,
        "Popularity": 5.05,
        "BPM": 115,
        "DJ Play Count": 0,
        "Rating": "*******",
        "My Tag": [
            "Sp- Bach Israel",
            "2020s",
            "Pop",
            "Israeli - Kibutz",
            "Happy"
        ],
        "Additional Info": {
            "id": "0Cq5UOSrvfzJN5pUWx8Prb",
            "explicit": false,
            "album": "השמלה החדשה שלי",
            "release_date": "2021-10-18",
            "genres": [
                "festigal",
                "israeli pop"
            ],
            "duration": 172025,
            "acousticness": 0.0276,
            "danceability": 8.326,
            "instrumentalness": 2.9e-05,
            "liveness": 0.356,
            "loudness": -6.612,
            "speechiness": 0.166,
            "time_signature": 4,
            "happiness": 8.658999999999999
        }
    },
    {
        "#": 44,
        "Track Title": "שני משוגעים",
        "Artist": "Omer Adam",
        "Key": "1A",
        "Energy": 5.752000000000001,
        "Popularity": 5.86,
        "BPM": 117,
        "DJ Play Count": 0,
        "Rating": "*******",
        "My Tag": [
            "Sp- Bach Israel",
            "2020s",
            "Mizrahit",
            "Pop",
            "Israeli - Kibutz"
        ],
        "Additional Info": {
            "id": "0qH6stYoiSWErrzIvkiN1W",
            "explicit": false,
            "album": "עומר",
            "release_date": "2020-01-01",
            "genres": [
                "israeli mediterranean",
                "israeli pop",
                "mizrahi"
            ],
            "duration": 170773,
            "acousticness": 0.434,
            "danceability": 7.236999999999999,
            "instrumentalness": 0,
            "liveness": 0.0666,
            "loudness": -5.903,
            "speechiness": 0.0571,
            "time_signature": 4,
            "happiness": 5.3919999999999995
        }
    },
    {
        "#": 45,
        "Track Title": "Hits 2021 - Mashup",
        "Artist": "Trinix Remix, Trinix",
        "Key": "8A",
        "Energy": 7.353999999999999,
        "Popularity": 3.5200000000000005,
        "BPM": 124,
        "DJ Play Count": 0,
        "Rating": "*******",
        "My Tag": [
            "Sp- Bach Israel",
            "2020s",
            "Hip Hop",
            "EDM"
        ],
        "Additional Info": {
            "id": "1R8bpZGAVUxeygsKfHnInQ",
            "explicit": false,
            "album": "Hits 2021 (Mashup)",
            "release_date": "2022-01-21",
            "genres": [
                "bass trap",
                "new french touch"
            ],
            "duration": 157389,
            "acousticness": 0.157,
            "danceability": 6.922000000000001,
            "instrumentalness": 1.07e-05,
            "liveness": 0.107,
            "loudness": -8.681,
            "speechiness": 0.16,
            "time_signature": 4,
            "happiness": 3.988
        }
    },
    {
        "#": 46,
        "Track Title": "חברות שלך",
        "Artist": "Omer Adam",
        "Key": "8A",
        "Energy": 5.59,
        "Popularity": 5.2299999999999995,
        "BPM": 100,
        "DJ Play Count": 0,
        "Rating": "*******",
        "My Tag": [
            "Sp- Bach Israel",
            "2020s",
            "Mizrahit",
            "Pop",
            "Israeli - Kibutz",
            "Happy"
        ],
        "Additional Info": {
            "id": "0qpEELCqaaHG0g3fxiMcPL",
            "explicit": false,
            "album": "עומר",
            "release_date": "2020-01-01",
            "genres": [
                "israeli mediterranean",
                "israeli pop",
                "mizrahi"
            ],
            "duration": 206523,
            "acousticness": 0.315,
            "danceability": 8.236,
            "instrumentalness": 0,
            "liveness": 0.164,
            "loudness": -6.403,
            "speechiness": 0.13,
            "time_signature": 4,
            "happiness": 7.552
        }
    }
]