[
    {
        "#": 1,
        "Track Title": "בית משוגעים",
        "Artist": "Ran Danker",
        "Key": "7A",
        "Energy": 6.193,
        "Popularity": 5.5,
        "BPM": 99,
        "DJ Play Count": 0,
        "Rating": "*******",
        "My Tag": [
            "Sp- Bach Israel",
            "2020s",
            "Pop",
            "Israeli - Kibutz"
        ],
        "Additional Info": {
            "id": "66iaD8MCoVnBtqUhuzdglT",
            "explicit": false,
            "album": "בית משוגעים",
            "release_date": "2021-03-03",
            "genres": [
                "festigal",
                "israeli pop"
            ],
            "duration": 169848,
            "acousticness": 0.104,
            "danceability": 8.002,
            "instrumentalness": 2.97e-06,
            "liveness": 0.122,
            "loudness": -6.766,
            "speechiness": 0.173,
            "time_signature": 4,
            "happiness": 4.249
        }
    },
    {
        "#": 2,
        "Track Title": "תרקדו",
        "Artist": "Eden Ben Zaken",
        "Key": "11B",
        "Energy": 7.003,
        "Popularity": 4.33,
        "BPM": 144,
        "DJ Play Count": 0,
        "Rating": "*******",
        "My Tag": [
            "Sp- Bach Israel",
            "2010s",
            "Pop",
            "Israeli - Kibutz"
        ],
        "Additional Info": {
            "id": "1q4AWk5yebCVcsl08tNAxW",
            "explicit": false,
            "album": "חיים שלי",
            "release_date": "2019-04-14",
            "genres": [
                "israeli mediterranean",
                "israeli pop"
            ],
            "duration": 188715,
            "acousticness": 0.0463,
            "danceability": 6.022,
            "instrumentalness": 1.56e-05,
            "liveness": 0.0761,
            "loudness": -6.127,
            "speechiness": 0.0935,
            "time_signature": 4,
            "happiness": 4.167999999999999
        }
    },
    {
        "#": 3,
        "Track Title": "טרילילי טרללה",
        "Artist": "Noa Kirel, Ilan Peled",
        "Key": "3B",
        "Energy": 7.228,
        "Popularity": 5.41,
        "BPM": 123,
        "DJ Play Count": 0,
        "Rating": "*******",
        "My Tag": [
            "Sp- Bach Israel",
            "2020s",
            "Pop",
            "Israeli - Kibutz"
        ],
        "Additional Info": {
            "id": "7hYZJ0COHvJxMx6tBSJ1T6",
            "explicit": false,
            "album": "טרילילי טרללה",
            "release_date": "2021-06-21",
            "genres": [
                "israeli pop"
            ],
            "duration": 203049,
            "acousticness": 0.0286,
            "danceability": 7.993,
            "instrumentalness": 2.22e-05,
            "liveness": 0.082,
            "loudness": -5.814,
            "speechiness": 0.068,
            "time_signature": 4,
            "happiness": 6.643
        }
    },
    {
        "#": 4,
        "Track Title": "יאסו",
        "Artist": "Static & Ben El, Eden Ben Zaken, Stephane Legar",
        "Key": "1A",
        "Energy": 8.083,
        "Popularity": 4.96,
        "BPM": 91,
        "DJ Play Count": 0,
        "Rating": "*******",
        "My Tag": [
            "Sp- Bach Israel",
            "2010s",
            "Hip Hop",
            "Pop",
            "Israeli - Kibutz"
        ],
        "Additional Info": {
            "id": "5gmwl9W6Ym0JMEgkUPtXe6",
            "explicit": false,
            "album": "חיים שלי",
            "release_date": "2019-04-14",
            "genres": [
                "israeli pop",
                "jewish pop",
                "israeli mediterranean",
                "israeli pop",
                "israeli hip hop",
                "israeli pop"
            ],
            "duration": 224629,
            "acousticness": 0.148,
            "danceability": 5.716,
            "instrumentalness": 2.05e-06,
            "liveness": 0.403,
            "loudness": -5.157,
            "speechiness": 0.162,
            "time_signature": 4,
            "happiness": 5.599
        }
    },
    {
        "#": 5,
        "Track Title": "אפס מאמץ",
        "Artist": "Static & Ben El, Netta",
        "Key": "11A",
        "Energy": 6.255999999999999,
        "Popularity": 5.59,
        "BPM": 140,
        "DJ Play Count": 0,
        "Rating": "*******",
        "My Tag": [
            "Sp- Bach Israel",
            "2020s",
            "Pop",
            "Israeli - Kibutz"
        ],
        "Additional Info": {
            "id": "2liUMhNvpAxRNVAGnz8jNJ",
            "explicit": false,
            "album": "שבעה ירחים",
            "release_date": "2021-07-06",
            "genres": [
                "israeli pop",
                "jewish pop",
                "israeli pop"
            ],
            "duration": 200143,
            "acousticness": 0.113,
            "danceability": 8.623,
            "instrumentalness": 0.0103,
            "liveness": 0.0673,
            "loudness": -6.289,
            "speechiness": 0.0458,
            "time_signature": 4,
            "happiness": 6.364
        }
    },
    {
        "#": 6,
        "Track Title": "השמלה החדשה שלי",
        "Artist": "Ran Danker",
        "Key": "9B",
        "Energy": 6.796,
        "Popularity": 5.05,
        "BPM": 115,
        "DJ Play Count": 0,
        "Rating": "*******",
        "My Tag": [
            "Sp- Bach Israel",
            "2020s",
            "Pop",
            "Israeli - Kibutz",
            "Happy"
        ],
        "Additional Info": {
            "id": "0Cq5UOSrvfzJN5pUWx8Prb",
            "explicit": false,
            "album": "השמלה החדשה שלי",
            "release_date": "2021-10-18",
            "genres": [
                "festigal",
                "israeli pop"
            ],
            "duration": 172025,
            "acousticness": 0.0276,
            "danceability": 8.326,
            "instrumentalness": 2.9e-05,
            "liveness": 0.356,
            "loudness": -6.612,
            "speechiness": 0.166,
            "time_signature": 4,
            "happiness": 8.658999999999999
        }
    },
    {
        "#": 7,
        "Track Title": "רובינזון קרוזו",
        "Artist": "Static & Ben El, Ran Danker",
        "Key": "7B",
        "Energy": 7.885,
        "Popularity": 4.96,
        "BPM": 100,
        "DJ Play Count": 0,
        "Rating": "*******",
        "My Tag": [
            "Sp- Bach Israel",
            "2020s",
            "Pop",
            "Israeli - Kibutz"
        ],
        "Additional Info": {
            "id": "7GzjoBxxDIiBx6JFFHY9x5",
            "explicit": false,
            "album": "שבעה ירחים",
            "release_date": "2021-07-06",
            "genres": [
                "israeli pop",
                "jewish pop",
                "festigal",
                "israeli pop"
            ],
            "duration": 148576,
            "acousticness": 0.211,
            "danceability": 8.407,
            "instrumentalness": 0,
            "liveness": 0.425,
            "loudness": -5.311,
            "speechiness": 0.128,
            "time_signature": 4,
            "happiness": 6.183999999999999
        }
    },
    {
        "#": 8,
        "Track Title": "יהלומים - BLING BLING",
        "Artist": "Noa Kirel",
        "Key": "7A",
        "Energy": 7.588,
        "Popularity": 5.05,
        "BPM": 146,
        "DJ Play Count": 0,
        "Rating": "*******",
        "My Tag": [
            "Sp- Bach Israel",
            "2020s",
            "Pop",
            "Israeli - Kibutz",
            "Happy"
        ],
        "Additional Info": {
            "id": "7v63pRo1RXcYzrCxaMkGc5",
            "explicit": false,
            "album": "יהלומים - BLING BLING",
            "release_date": "2021-03-07",
            "genres": [
                "israeli pop"
            ],
            "duration": 185548,
            "acousticness": 0.118,
            "danceability": 7.353999999999999,
            "instrumentalness": 0,
            "liveness": 0.13,
            "loudness": -4.917,
            "speechiness": 0.0379,
            "time_signature": 4,
            "happiness": 7.138000000000001
        }
    },
    {
        "#": 9,
        "Track Title": "בוקר טוב עולם",
        "Artist": "Doli & Penn, Anna Zak, Nasrin Kadri",
        "Key": "10B",
        "Energy": 6.013000000000001,
        "Popularity": 4.51,
        "BPM": 100,
        "DJ Play Count": 0,
        "Rating": "*******",
        "My Tag": [
            "Sp- Bach Israel",
            "2020s",
            "Pop",
            "Israeli - Kibutz",
            "Happy"
        ],
        "Additional Info": {
            "id": "1rD46iQRSw8f7W7KB1fjtR",
            "explicit": false,
            "album": "בוקר טוב עולם",
            "release_date": "2021-06-01",
            "genres": [
                "israeli pop",
                "israeli pop",
                "israeli mediterranean"
            ],
            "duration": 165600,
            "acousticness": 0.0863,
            "danceability": 8.083,
            "instrumentalness": 0,
            "liveness": 0.271,
            "loudness": -9.093,
            "speechiness": 0.0888,
            "time_signature": 4,
            "happiness": 7.165000000000001
        }
    },
    {
        "#": 10,
        "Track Title": "לך לישון",
        "Artist": "Anna Zak",
        "Key": "11A",
        "Energy": 6.859,
        "Popularity": 5.68,
        "BPM": 117,
        "DJ Play Count": 0,
        "Rating": "*******",
        "My Tag": [
            "Sp- Bach Israel",
            "2020s",
            "Pop",
            "Israeli - Kibutz"
        ],
        "Additional Info": {
            "id": "3fCS3m3uWUgAFm3purs15C",
            "explicit": false,
            "album": "לך לישון",
            "release_date": "2022-01-02",
            "genres": [
                "israeli pop"
            ],
            "duration": 158590,
            "acousticness": 0.0245,
            "danceability": 7.921,
            "instrumentalness": 0,
            "liveness": 0.323,
            "loudness": -8.138,
            "speechiness": 0.0422,
            "time_signature": 4,
            "happiness": 5.932
        }
    },
    {
        "#": 11,
        "Track Title": "פעמון",
        "Artist": "Noa Kirel, Itay Galo",
        "Key": "12B",
        "Energy": 6.382,
        "Popularity": 5.59,
        "BPM": 124,
        "DJ Play Count": 0,
        "Rating": "*******",
        "My Tag": [
            "Sp- Bach Israel",
            "2020s",
            "Pop",
            "Israeli - Kibutz"
        ],
        "Additional Info": {
            "id": "4DgyTAwiSJsT5u5EljsImB",
            "explicit": false,
            "album": "פעמון",
            "release_date": "2022-03-22",
            "genres": [
                "israeli pop"
            ],
            "duration": 180984,
            "acousticness": 0.0917,
            "danceability": 8.398,
            "instrumentalness": 0.00107,
            "liveness": 0.0905,
            "loudness": -6.463,
            "speechiness": 0.0442,
            "time_signature": 4,
            "happiness": 6.22
        }
    },
    {
        "#": 12,
        "Track Title": "מועבט",
        "Artist": "Eden Ben Zaken, Itay Galo",
        "Key": "9B",
        "Energy": 5.239,
        "Popularity": 4.42,
        "BPM": 124,
        "DJ Play Count": 0,
        "Rating": "*******",
        "My Tag": [
            "Sp- Bach Israel",
            "2020s",
            "Pop",
            "Israeli - Kibutz"
        ],
        "Additional Info": {
            "id": "6GCoKavQd5wOqScl5wVXOp",
            "explicit": false,
            "album": "מועבט",
            "release_date": "2021-05-06",
            "genres": [
                "israeli mediterranean",
                "israeli pop"
            ],
            "duration": 251613,
            "acousticness": 0.0685,
            "danceability": 8.551,
            "instrumentalness": 0.128,
            "liveness": 0.0971,
            "loudness": -9.136,
            "speechiness": 0.0416,
            "time_signature": 4,
            "happiness": 5.158
        }
    },
    {
        "#": 13,
        "Track Title": "ליבינג דה דרים",
        "Artist": "Nunu",
        "Key": "8B",
        "Energy": 4.582000000000001,
        "Popularity": 4.87,
        "BPM": 127,
        "DJ Play Count": 0,
        "Rating": "*******",
        "My Tag": [
            "Sp- Bach Israel",
            "2020s",
            "Hip Hop",
            "Israeli - Kibutz"
        ],
        "Additional Info": {
            "id": "6so2IwKQyYFkNv1G0FrZ95",
            "explicit": false,
            "album": "ליבינג דה דרים",
            "release_date": "2021-12-07",
            "genres": [
                "israeli hip hop"
            ],
            "duration": 175743,
            "acousticness": 0.0344,
            "danceability": 8.370999999999999,
            "instrumentalness": 0.000524,
            "liveness": 0.0563,
            "loudness": -12.517,
            "speechiness": 0.0802,
            "time_signature": 4,
            "happiness": 4.726
        }
    },
    {
        "#": 14,
        "Track Title": "סופרסטאר",
        "Artist": "Superstar, Static & Ben El, Noa Kirel, Gal Adam, Agam Buhbut, Stephane Legar",
        "Key": "6A",
        "Energy": 7.380999999999999,
        "Popularity": 4.15,
        "BPM": 110,
        "DJ Play Count": 0,
        "Rating": "*******",
        "My Tag": [
            "Sp- Bach Israel",
            "2020s",
            "Hip Hop",
            "Pop",
            "Israeli - Kibutz",
            "Happy"
        ],
        "Additional Info": {
            "id": "0L0gkYg3cYd9P5EX3jWQI4",
            "explicit": false,
            "album": "סופרסטאר",
            "release_date": "2021-07-02",
            "genres": [
                "israeli pop",
                "jewish pop",
                "israeli pop",
                "israeli mediterranean",
                "israeli mediterranean",
                "israeli hip hop",
                "israeli pop"
            ],
            "duration": 244364,
            "acousticness": 0.115,
            "danceability": 7.8580000000000005,
            "instrumentalness": 0,
            "liveness": 0.0921,
            "loudness": -5.511,
            "speechiness": 0.0376,
            "time_signature": 4,
            "happiness": 7.687
        }
    },
    {
        "#": 15,
        "Track Title": "אנא מג'נונה",
        "Artist": "Eden Ben Zaken",
        "Key": "6A",
        "Energy": 7.534,
        "Popularity": 4.15,
        "BPM": 110,
        "DJ Play Count": 0,
        "Rating": "*******",
        "My Tag": [
            "Sp- Bach Israel",
            "2020s",
            "Pop",
            "Israeli - Kibutz",
            "Happy"
        ],
        "Additional Info": {
            "id": "5JPWy6r4axp5BMizwtL7xD",
            "explicit": false,
            "album": "מועבט",
            "release_date": "2021-05-06",
            "genres": [
                "israeli mediterranean",
                "israeli pop"
            ],
            "duration": 151091,
            "acousticness": 0.222,
            "danceability": 8.748999999999999,
            "instrumentalness": 0.00186,
            "liveness": 0.187,
            "loudness": -6.134,
            "speechiness": 0.0366,
            "time_signature": 4,
            "happiness": 7.732
        }
    },
    {
        "#": 16,
        "Track Title": "שלושה בנות",
        "Artist": "Noa Kirel, Gitit Fisher",
        "Key": "3B",
        "Energy": 8.218,
        "Popularity": 5.5,
        "BPM": 128,
        "DJ Play Count": 0,
        "Rating": "*******",
        "My Tag": [
            "Sp- Bach Israel",
            "2020s",
            "Pop",
            "Israeli - Kibutz",
            "Happy"
        ],
        "Additional Info": {
            "id": "63TUZWEmunvQnAdLUD61yY",
            "explicit": false,
            "album": "שלושה בנות",
            "release_date": "2022-06-01",
            "genres": [
                "israeli pop"
            ],
            "duration": 217500,
            "acousticness": 0.146,
            "danceability": 8.568999999999999,
            "instrumentalness": 3.78e-06,
            "liveness": 0.228,
            "loudness": -4.064,
            "speechiness": 0.0654,
            "time_signature": 4,
            "happiness": 8.290000000000001
        }
    },
    {
        "#": 17,
        "Track Title": "מי זאת",
        "Artist": "Anna Zak",
        "Key": "6A",
        "Energy": 5.086,
        "Popularity": 5.7700000000000005,
        "BPM": 94,
        "DJ Play Count": 0,
        "Rating": "*******",
        "My Tag": [
            "Sp- Bach Israel",
            "2020s",
            "Pop",
            "Israeli - Kibutz"
        ],
        "Additional Info": {
            "id": "3iJQ54fGO6CyP374UzvDJu",
            "explicit": false,
            "album": "מי זאת",
            "release_date": "2022-05-22",
            "genres": [
                "israeli pop"
            ],
            "duration": 146990,
            "acousticness": 0.192,
            "danceability": 8.92,
            "instrumentalness": 4.36e-06,
            "liveness": 0.0786,
            "loudness": -8.404,
            "speechiness": 0.0865,
            "time_signature": 4,
            "happiness": 6.724
        }
    },
    {
        "#": 18,
        "Track Title": "כוסות ריקות",
        "Artist": "Static & Ben El, ליאור נרקיס",
        "Key": "7B",
        "Energy": 8.767,
        "Popularity": 4.96,
        "BPM": 130,
        "DJ Play Count": 0,
        "Rating": "*******",
        "My Tag": [
            "Sp- Bach Israel",
            "2020s",
            "Mizrahit",
            "Pop",
            "Israeli - Kibutz",
            "Happy"
        ],
        "Additional Info": {
            "id": "6NzCGR1aXkl3z4tjUph4zH",
            "explicit": false,
            "album": "שבעה ירחים",
            "release_date": "2021-07-06",
            "genres": [
                "israeli pop",
                "jewish pop",
                "israeli mediterranean",
                "mizrahi"
            ],
            "duration": 134769,
            "acousticness": 0.0385,
            "danceability": 7.9750000000000005,
            "instrumentalness": 0,
            "liveness": 0.489,
            "loudness": -5.23,
            "speechiness": 0.0412,
            "time_signature": 4,
            "happiness": 9.693999999999999
        }
    },
    {
        "#": 19,
        "Track Title": "חצי דפוק",
        "Artist": "Omer Adam",
        "Key": "10A",
        "Energy": 5.1850000000000005,
        "Popularity": 5.5,
        "BPM": 120,
        "DJ Play Count": 0,
        "Rating": "*******",
        "My Tag": [
            "Sp- Bach Israel",
            "2020s",
            "Mizrahit",
            "Pop",
            "Israeli - Kibutz"
        ],
        "Additional Info": {
            "id": "6jMCb4UpIBjmiKf6EwVK8u",
            "explicit": false,
            "album": "3",
            "release_date": "2021-08-03",
            "genres": [
                "israeli mediterranean",
                "israeli pop",
                "mizrahi"
            ],
            "duration": 177875,
            "acousticness": 0.101,
            "danceability": 9.127,
            "instrumentalness": 1.18e-05,
            "liveness": 0.109,
            "loudness": -9.638,
            "speechiness": 0.126,
            "time_signature": 4,
            "happiness": 3.43
        }
    },
    {
        "#": 20,
        "Track Title": "Cute Boy",
        "Artist": "Nunu, Sagi Kariv, Forever Tel Aviv",
        "Key": "3A",
        "Energy": 8.2,
        "Popularity": 5.59,
        "BPM": 128,
        "DJ Play Count": 0,
        "Rating": "*******",
        "My Tag": [
            "Sp- Bach Israel",
            "2020s",
            "Hip Hop",
            "Israeli - Kibutz"
        ],
        "Additional Info": {
            "id": "7DS5SpsWS7rtKeAfe9rbfn",
            "explicit": false,
            "album": "Cute Boy",
            "release_date": "2022-06-06",
            "genres": [
                "israeli hip hop",
                "circuit"
            ],
            "duration": 185625,
            "acousticness": 0.113,
            "danceability": 7.912,
            "instrumentalness": 0.000343,
            "liveness": 0.549,
            "loudness": -4.387,
            "speechiness": 0.0913,
            "time_signature": 4,
            "happiness": 6.4719999999999995
        }
    },
    {
        "#": 21,
        "Track Title": "דובשנייה",
        "Artist": "שחר סאול, Agam Buhbut, NOROZ",
        "Key": "9B",
        "Energy": 9.046,
        "Popularity": 6.040000000000001,
        "BPM": 105,
        "DJ Play Count": 0,
        "Rating": "*******",
        "My Tag": [
            "Sp- Bach Israel",
            "2020s",
            "Hip Hop",
            "Israeli - Kibutz",
            "Happy"
        ],
        "Additional Info": {
            "id": "67PF7VLcYEKKF82ziNf9Ur",
            "explicit": false,
            "album": "דובשנייה",
            "release_date": "2022-01-19",
            "genres": [
                "israeli hip hop",
                "israeli mediterranean",
                "israeli hip hop",
                "israeli trap"
            ],
            "duration": 152000,
            "acousticness": 0.318,
            "danceability": 7.93,
            "instrumentalness": 0.00238,
            "liveness": 0.3,
            "loudness": -4.653,
            "speechiness": 0.218,
            "time_signature": 4,
            "happiness": 7.039000000000001
        }
    },
    {
        "#": 22,
        "Track Title": "מי לא יבוא",
        "Artist": "Avraham Tal, Benaia Barabi",
        "Key": "8B",
        "Energy": 4.744,
        "Popularity": 5.95,
        "BPM": 102,
        "DJ Play Count": 0,
        "Rating": "*******",
        "My Tag": [
            "Sp- Bach Israel",
            "2020s",
            "Pop",
            "Israeli - Kibutz"
        ],
        "Additional Info": {
            "id": "0Ap742kKOE7chXEdDZWvOq",
            "explicit": false,
            "album": "מי לא יבוא",
            "release_date": "2021-04-26",
            "genres": [
                "israeli pop",
                "israeli mediterranean"
            ],
            "duration": 201380,
            "acousticness": 0.497,
            "danceability": 7.93,
            "instrumentalness": 0,
            "liveness": 0.113,
            "loudness": -10.731,
            "speechiness": 0.115,
            "time_signature": 4,
            "happiness": 6.157
        }
    },
    {
        "#": 23,
        "Track Title": "יהלומים - BLING BLING - Itay Galo Remix",
        "Artist": "Noa Kirel, Itay Galo",
        "Key": "3B",
        "Energy": 8.658999999999999,
        "Popularity": 3.34,
        "BPM": 128,
        "DJ Play Count": 0,
        "Rating": "*******",
        "My Tag": [
            "Sp- Bach Israel",
            "2020s",
            "Pop",
            "Israeli - Kibutz",
            "Happy"
        ],
        "Additional Info": {
            "id": "27o7j4qukkJAqc6Vf7ZVSE",
            "explicit": false,
            "album": "יהלומים - BLING BLING (Itay Galo Remix)",
            "release_date": "2021-04-18",
            "genres": [
                "israeli pop"
            ],
            "duration": 219375,
            "acousticness": 0.00638,
            "danceability": 7.39,
            "instrumentalness": 0.00127,
            "liveness": 0.34,
            "loudness": -5.49,
            "speechiness": 0.0463,
            "time_signature": 4,
            "happiness": 7.543
        }
    },
    {
        "#": 24,
        "Track Title": "יש לי חור בלב בצורה שלך (DUDU PAHIMA REMIX)",
        "Artist": "Girafot",
        "Key": "4A",
        "Energy": 8.668,
        "Popularity": 3.61,
        "BPM": 100,
        "DJ Play Count": 0,
        "Rating": "*******",
        "My Tag": [
            "Sp- Bach Israel",
            "2020s",
            "Pop",
            "Israeli - Kibutz",
            "Happy"
        ],
        "Additional Info": {
            "id": "5zLgNuS1Lr7dd6HypvXxPl",
            "explicit": false,
            "album": "יש לי חור בלב בצורה שלך (DUDU PAHIMA REMIX)",
            "release_date": "2021-07-21",
            "genres": [
                "israeli pop",
                "israeli rock"
            ],
            "duration": 184800,
            "acousticness": 0.0157,
            "danceability": 7.048,
            "instrumentalness": 0,
            "liveness": 0.118,
            "loudness": -3.163,
            "speechiness": 0.0373,
            "time_signature": 4,
            "happiness": 8.74
        }
    },
    {
        "#": 25,
        "Track Title": "פרצופים",
        "Artist": "Omer Adam",
        "Key": "1A",
        "Energy": 5.32,
        "Popularity": 5.2299999999999995,
        "BPM": 95,
        "DJ Play Count": 0,
        "Rating": "*******",
        "My Tag": [
            "Sp- Bach Israel",
            "2020s",
            "Mizrahit",
            "Pop",
            "Israeli - Kibutz"
        ],
        "Additional Info": {
            "id": "09PZuKctf7D3RAdaegN7zu",
            "explicit": false,
            "album": "פרצופים",
            "release_date": "2021-04-22",
            "genres": [
                "israeli mediterranean",
                "israeli pop",
                "mizrahi"
            ],
            "duration": 166134,
            "acousticness": 0.165,
            "danceability": 7.0120000000000005,
            "instrumentalness": 0.0139,
            "liveness": 0.0634,
            "loudness": -8.763,
            "speechiness": 0.298,
            "time_signature": 4,
            "happiness": 4.6
        }
    },
    {
        "#": 26,
        "Track Title": "ברחובות של תל אביב",
        "Artist": "Eden Ben Zaken",
        "Key": "4B",
        "Energy": 4.33,
        "Popularity": 4.779999999999999,
        "BPM": 80,
        "DJ Play Count": 0,
        "Rating": "*******",
        "My Tag": [
            "Sp- Bach Israel",
            "2020s",
            "Pop",
            "Israeli - Kibutz"
        ],
        "Additional Info": {
            "id": "4JSUFLR3Uo7FPCfNDRxIrx",
            "explicit": false,
            "album": "מועבט",
            "release_date": "2021-05-06",
            "genres": [
                "israeli mediterranean",
                "israeli pop"
            ],
            "duration": 181920,
            "acousticness": 0.137,
            "danceability": 7.57,
            "instrumentalness": 6.25e-06,
            "liveness": 0.0855,
            "loudness": -9.476,
            "speechiness": 0.0615,
            "time_signature": 4,
            "happiness": 5.122
        }
    },
    {
        "#": 27,
        "Track Title": "השמיים נעולים",
        "Artist": "Doli & Penn, Ivri Lider, Peled, Ella Lee",
        "Key": "1B",
        "Energy": 7.741,
        "Popularity": 4.6,
        "BPM": 147,
        "DJ Play Count": 0,
        "Rating": "*******",
        "My Tag": [
            "Sp- Bach Israel",
            "2020s",
            "Hip Hop",
            "Pop",
            "Israeli - Kibutz",
            "Happy"
        ],
        "Additional Info": {
            "id": "52N2FDUfL0mPyAFfxRWheT",
            "explicit": false,
            "album": "השמיים נעולים",
            "release_date": "2021-03-14",
            "genres": [
                "israeli pop",
                "israeli pop",
                "israeli rock",
                "israeli singer-songwriter",
                "israeli hip hop",
                "israeli trap",
                "israeli pop"
            ],
            "duration": 181205,
            "acousticness": 0.168,
            "danceability": 6.679,
            "instrumentalness": 0,
            "liveness": 0.0709,
            "loudness": -6.243,
            "speechiness": 0.12,
            "time_signature": 4,
            "happiness": 8.182
        }
    },
    {
        "#": 28,
        "Track Title": "יהודה יהודה",
        "Artist": "Hasmachot",
        "Key": "7B",
        "Energy": 9.154,
        "Popularity": 3.25,
        "BPM": 130,
        "DJ Play Count": 0,
        "Rating": "*******",
        "My Tag": [
            "Sp- Bach Israel",
            "90s",
            "Happy"
        ],
        "Additional Info": {
            "id": "4WJtNwFxid2a4F1wvbj2LQ",
            "explicit": false,
            "album": "השמחות",
            "release_date": "1998-01-01",
            "genres": [],
            "duration": 188773,
            "acousticness": 0.105,
            "danceability": 7.057,
            "instrumentalness": 0.000473,
            "liveness": 0.337,
            "loudness": -4.751,
            "speechiness": 0.0286,
            "time_signature": 4,
            "happiness": 9.559
        }
    },
    {
        "#": 29,
        "Track Title": "באתי להציל אותך",
        "Artist": "Agam Buhbut, שחר סאול",
        "Key": "9A",
        "Energy": 5.509,
        "Popularity": 5.7700000000000005,
        "BPM": 102,
        "DJ Play Count": 0,
        "Rating": "*******",
        "My Tag": [
            "Sp- Bach Israel",
            "2020s",
            "Hip Hop",
            "Israeli - Kibutz"
        ],
        "Additional Info": {
            "id": "6SuC1LItQ9V9SjET2EvvtD",
            "explicit": false,
            "album": "באתי להציל אותך",
            "release_date": "2021-10-26",
            "genres": [
                "israeli mediterranean",
                "israeli hip hop"
            ],
            "duration": 187353,
            "acousticness": 0.33,
            "danceability": 8.065000000000001,
            "instrumentalness": 0,
            "liveness": 0.12,
            "loudness": -8.358,
            "speechiness": 0.0616,
            "time_signature": 4,
            "happiness": 2.134
        }
    },
    {
        "#": 30,
        "Track Title": "השמלה החדשה שלי - Guy Hoss & Dor Gold Official Remix",
        "Artist": "Ran Danker, Guy Hoss, Dor Gold",
        "Key": "9B",
        "Energy": 7.876,
        "Popularity": 2.98,
        "BPM": 124,
        "DJ Play Count": 0,
        "Rating": "*******",
        "My Tag": [
            "Sp- Bach Israel",
            "2020s",
            "Pop",
            "Israeli - Kibutz"
        ],
        "Additional Info": {
            "id": "7aTZK5lQYco4bv8URQFDFU",
            "explicit": false,
            "album": "השמלה החדשה שלי (Guy Hoss & Dor Gold Official Remix)",
            "release_date": "2021-11-07",
            "genres": [
                "festigal",
                "israeli pop"
            ],
            "duration": 179607,
            "acousticness": 0.0128,
            "danceability": 7.813,
            "instrumentalness": 0.0015,
            "liveness": 0.117,
            "loudness": -5.924,
            "speechiness": 0.114,
            "time_signature": 4,
            "happiness": 6.877000000000001
        }
    },
    {
        "#": 31,
        "Track Title": "Ahava Nafshi - Club",
        "Artist": "Offer Nissim, Harel Skaat",
        "Key": "12A",
        "Energy": 6.427,
        "Popularity": 4.0600000000000005,
        "BPM": 128,
        "DJ Play Count": 0,
        "Rating": "*******",
        "My Tag": [
            "Sp- Bach Israel",
            "2020s",
            "Pop",
            "Israeli - Kibutz",
            "EDM"
        ],
        "Additional Info": {
            "id": "6zBSoSx4fMiIPCxTDguDv9",
            "explicit": false,
            "album": "Ahava Nafshi (Club)",
            "release_date": "2021-06-29",
            "genres": [
                "circuit",
                "tribal house",
                "vocal house",
                "festigal",
                "israeli pop"
            ],
            "duration": 270797,
            "acousticness": 0.0248,
            "danceability": 7.435,
            "instrumentalness": 0.00285,
            "liveness": 0.303,
            "loudness": -5.325,
            "speechiness": 0.047,
            "time_signature": 4,
            "happiness": 4.258
        }
    },
    {
        "#": 32,
        "Track Title": "נמס ממך",
        "Artist": "Omer Adam",
        "Key": "8A",
        "Energy": 8.812000000000001,
        "Popularity": 4.6899999999999995,
        "BPM": 82,
        "DJ Play Count": 0,
        "Rating": "*******",
        "My Tag": [
            "Sp- Bach Israel",
            "2010s",
            "Mizrahit",
            "Pop",
            "Israeli - Kibutz"
        ],
        "Additional Info": {
            "id": "5Iu5Arli8isXulPfAQjbYI",
            "explicit": false,
            "album": "נמס ממך",
            "release_date": "2011-06-01",
            "genres": [
                "israeli mediterranean",
                "israeli pop",
                "mizrahi"
            ],
            "duration": 233053,
            "acousticness": 0.26,
            "danceability": 5.977,
            "instrumentalness": 0,
            "liveness": 0.107,
            "loudness": -4.142,
            "speechiness": 0.0808,
            "time_signature": 4,
            "happiness": 6.787
        }
    },
    {
        "#": 33,
        "Track Title": "מיליון דולר - Itay Galo Remix",
        "Artist": "Noa Kirel, Itay Galo, שחר סאול",
        "Key": "9A",
        "Energy": 9.244,
        "Popularity": 3.5200000000000005,
        "BPM": 124,
        "DJ Play Count": 0,
        "Rating": "*******",
        "My Tag": [
            "Sp- Bach Israel",
            "2020s",
            "Hip Hop",
            "Pop",
            "Israeli - Kibutz",
            "Happy"
        ],
        "Additional Info": {
            "id": "6TA2HoWmquGTkPr8gm1LwJ",
            "explicit": false,
            "album": "מיליון דולר (Itay Galo Remix)",
            "release_date": "2020-06-29",
            "genres": [
                "israeli pop",
                "israeli hip hop"
            ],
            "duration": 255484,
            "acousticness": 0.0313,
            "danceability": 6.364,
            "instrumentalness": 0.513,
            "liveness": 0.276,
            "loudness": -5.792,
            "speechiness": 0.0339,
            "time_signature": 4,
            "happiness": 7.327
        }
    },
    {
        "#": 34,
        "Track Title": "שחרר אותי",
        "Artist": "Doli & Penn, Noa Kirel, Peled",
        "Key": "2A",
        "Energy": 6.742,
        "Popularity": 4.33,
        "BPM": 116,
        "DJ Play Count": 0,
        "Rating": "*******",
        "My Tag": [
            "Sp- Bach Israel",
            "2020s",
            "Hip Hop",
            "Pop",
            "Israeli - Kibutz",
            "Happy"
        ],
        "Additional Info": {
            "id": "5n8TyE1OHfdAKVa2fRwAwz",
            "explicit": false,
            "album": "שחרר אותי",
            "release_date": "2022-06-28",
            "genres": [
                "israeli pop",
                "israeli pop",
                "israeli hip hop",
                "israeli trap"
            ],
            "duration": 149000,
            "acousticness": 0.08,
            "danceability": 8.326,
            "instrumentalness": 0,
            "liveness": 0.0728,
            "loudness": -6.821,
            "speechiness": 0.118,
            "time_signature": 4,
            "happiness": 7.372
        }
    },
    {
        "#": 35,
        "Track Title": "אחלה גבר",
        "Artist": "Static & Ben El, Dana International",
        "Key": "1B",
        "Energy": 8.164000000000001,
        "Popularity": 5.140000000000001,
        "BPM": 124,
        "DJ Play Count": 0,
        "Rating": "*******",
        "My Tag": [
            "Sp- Bach Israel",
            "2020s",
            "Pop",
            "Israeli - Kibutz"
        ],
        "Additional Info": {
            "id": "0NtcBVSU9q6ffvVcRPbxBp",
            "explicit": false,
            "album": "אחלה גבר",
            "release_date": "2022-06-09",
            "genres": [
                "israeli pop",
                "jewish pop",
                "israeli pop"
            ],
            "duration": 168145,
            "acousticness": 0.0114,
            "danceability": 9.028,
            "instrumentalness": 0.000426,
            "liveness": 0.295,
            "loudness": -4.916,
            "speechiness": 0.172,
            "time_signature": 4,
            "happiness": 6.652
        }
    },
    {
        "#": 36,
        "Track Title": "WTF",
        "Artist": "Eden Ben Zaken",
        "Key": "3B",
        "Energy": 6.841,
        "Popularity": 4.24,
        "BPM": 120,
        "DJ Play Count": 0,
        "Rating": "*******",
        "My Tag": [
            "Sp- Bach Israel",
            "2020s",
            "Pop",
            "Israeli - Kibutz"
        ],
        "Additional Info": {
            "id": "2iRLLOWJO1aIo376joSWrj",
            "explicit": false,
            "album": "WTF",
            "release_date": "2022-05-08",
            "genres": [
                "israeli mediterranean",
                "israeli pop"
            ],
            "duration": 178625,
            "acousticness": 0.0832,
            "danceability": 8.344,
            "instrumentalness": 0.014,
            "liveness": 0.117,
            "loudness": -7.179,
            "speechiness": 0.0472,
            "time_signature": 4,
            "happiness": 2.935
        }
    },
    {
        "#": 37,
        "Track Title": "מועבט",
        "Artist": "Eden Ben Zaken, Itay Galo",
        "Key": "9B",
        "Energy": 5.239,
        "Popularity": 4.6899999999999995,
        "BPM": 124,
        "DJ Play Count": 0,
        "Rating": "*******",
        "My Tag": [
            "Sp- Bach Israel",
            "2020s",
            "Pop",
            "Israeli - Kibutz"
        ],
        "Additional Info": {
            "id": "1peEkDKW4oCV3qzpuIiN3H",
            "explicit": false,
            "album": "מועבט",
            "release_date": "2021-04-23",
            "genres": [
                "israeli mediterranean",
                "israeli pop"
            ],
            "duration": 251613,
            "acousticness": 0.0685,
            "danceability": 8.551,
            "instrumentalness": 0.128,
            "liveness": 0.0971,
            "loudness": -9.136,
            "speechiness": 0.0416,
            "time_signature": 4,
            "happiness": 5.158
        }
    },
    {
        "#": 38,
        "Track Title": "לכאורה",
        "Artist": "Omer Adam, Static & Ben El",
        "Key": "3B",
        "Energy": 6.202,
        "Popularity": 5.32,
        "BPM": 127,
        "DJ Play Count": 0,
        "Rating": "*******",
        "My Tag": [
            "Sp- Bach Israel",
            "2020s",
            "Mizrahit",
            "Pop",
            "Israeli - Kibutz",
            "Happy"
        ],
        "Additional Info": {
            "id": "4aqlgwaZNzb94QuHP6y58X",
            "explicit": false,
            "album": "לכאורה",
            "release_date": "2022-03-06",
            "genres": [
                "israeli mediterranean",
                "israeli pop",
                "mizrahi",
                "israeli pop",
                "jewish pop"
            ],
            "duration": 144939,
            "acousticness": 0.112,
            "danceability": 8.425,
            "instrumentalness": 2.74e-05,
            "liveness": 0.111,
            "loudness": -9.015,
            "speechiness": 0.0994,
            "time_signature": 4,
            "happiness": 7.039000000000001
        }
    },
    {
        "#": 39,
        "Track Title": "רוצה שלום",
        "Artist": "Raviv Kaner",
        "Key": "10A",
        "Energy": 4.879,
        "Popularity": 4.96,
        "BPM": 95,
        "DJ Play Count": 0,
        "Rating": "*******",
        "My Tag": [
            "Sp- Bach Israel",
            "2020s",
            "Pop",
            "Israeli - Kibutz"
        ],
        "Additional Info": {
            "id": "4L4dPjtEVEpZ0ER2deHAJA",
            "explicit": false,
            "album": "רוצה שלום",
            "release_date": "2020-12-20",
            "genres": [
                "israeli pop"
            ],
            "duration": 208681,
            "acousticness": 0.173,
            "danceability": 7.543,
            "instrumentalness": 2.84e-05,
            "liveness": 0.0813,
            "loudness": -10.007,
            "speechiness": 0.0937,
            "time_signature": 4,
            "happiness": 2.4130000000000003
        }
    },
    {
        "#": 40,
        "Track Title": "מיליון דולר",
        "Artist": "Noa Kirel, שחר סאול",
        "Key": "4B",
        "Energy": 8.434,
        "Popularity": 5.41,
        "BPM": 100,
        "DJ Play Count": 0,
        "Rating": "*******",
        "My Tag": [
            "Sp- Bach Israel",
            "2020s",
            "Hip Hop",
            "Pop",
            "Israeli - Kibutz"
        ],
        "Additional Info": {
            "id": "02WuyBR56QN3B6ZC0BeC3f",
            "explicit": false,
            "album": "מיליון דולר",
            "release_date": "2020-06-09",
            "genres": [
                "israeli pop",
                "israeli hip hop"
            ],
            "duration": 173400,
            "acousticness": 0.134,
            "danceability": 7.813,
            "instrumentalness": 0.204,
            "liveness": 0.508,
            "loudness": -5.691,
            "speechiness": 0.0739,
            "time_signature": 4,
            "happiness": 4.4559999999999995
        }
    },
    {
        "#": 41,
        "Track Title": "קוביות",
        "Artist": "Static & Ben El, Anna Zak",
        "Key": "3B",
        "Energy": 7.236999999999999,
        "Popularity": 4.96,
        "BPM": 105,
        "DJ Play Count": 0,
        "Rating": "*******",
        "My Tag": [
            "Sp- Bach Israel",
            "2020s",
            "Pop",
            "Israeli - Kibutz"
        ],
        "Additional Info": {
            "id": "7cklZZ8jXIKjqWR7Lhnydb",
            "explicit": false,
            "album": "קוביות",
            "release_date": "2020-08-16",
            "genres": [
                "israeli pop",
                "jewish pop",
                "israeli pop"
            ],
            "duration": 142857,
            "acousticness": 0.0383,
            "danceability": 8.227,
            "instrumentalness": 1.17e-05,
            "liveness": 0.0453,
            "loudness": -6.053,
            "speechiness": 0.056,
            "time_signature": 4,
            "happiness": 4.87
        }
    },
    {
        "#": 42,
        "Track Title": "עור ברווז",
        "Artist": "Arutz Hakibud",
        "Key": "9B",
        "Energy": 8.370999999999999,
        "Popularity": 4.51,
        "BPM": 127,
        "DJ Play Count": 0,
        "Rating": "*******",
        "My Tag": [
            "Sp- Bach Israel",
            "2010s",
            "Hip Hop",
            "Israeli - Kibutz"
        ],
        "Additional Info": {
            "id": "5ssJOZG26gyonC1XCChoEQ",
            "explicit": false,
            "album": "עור ברווז",
            "release_date": "2016-02-16",
            "genres": [
                "israeli hip hop"
            ],
            "duration": 202893,
            "acousticness": 0.0595,
            "danceability": 6.3549999999999995,
            "instrumentalness": 0,
            "liveness": 0.0967,
            "loudness": -3.297,
            "speechiness": 0.1,
            "time_signature": 3,
            "happiness": 5.734
        }
    },
    {
        "#": 43,
        "Track Title": "סיבובים",
        "Artist": "Eden Hason",
        "Key": "2A",
        "Energy": 8.074,
        "Popularity": 4.96,
        "BPM": 100,
        "DJ Play Count": 0,
        "Rating": "*******",
        "My Tag": [
            "Sp- Bach Israel",
            "2020s",
            "Israeli - Kibutz",
            "Happy"
        ],
        "Additional Info": {
            "id": "5x7hQIrz3FWrJj9x0u9L0u",
            "explicit": false,
            "album": "אלבום 2",
            "release_date": "2021-12-01",
            "genres": [
                "israeli mediterranean"
            ],
            "duration": 185400,
            "acousticness": 0.135,
            "danceability": 8.992,
            "instrumentalness": 2.95e-06,
            "liveness": 0.0754,
            "loudness": -4.2,
            "speechiness": 0.0517,
            "time_signature": 4,
            "happiness": 7.939
        }
    },
    {
        "#": 44,
        "Track Title": "BEG",
        "Artist": "Omer Adam, Netta",
        "Key": "8A",
        "Energy": 7.615,
        "Popularity": 4.51,
        "BPM": 100,
        "DJ Play Count": 0,
        "Rating": "*******",
        "My Tag": [
            "Sp- Bach Israel",
            "2020s",
            "Mizrahit",
            "Pop",
            "Israeli - Kibutz"
        ],
        "Additional Info": {
            "id": "2XsSbe3UVapjTKlGvkCMVM",
            "explicit": false,
            "album": "עומר",
            "release_date": "2020-01-01",
            "genres": [
                "israeli mediterranean",
                "israeli pop",
                "mizrahi",
                "israeli pop"
            ],
            "duration": 175924,
            "acousticness": 0.0176,
            "danceability": 9.253,
            "instrumentalness": 1.05e-05,
            "liveness": 0.0689,
            "loudness": -3.927,
            "speechiness": 0.0649,
            "time_signature": 4,
            "happiness": 6.31
        }
    },
    {
        "#": 45,
        "Track Title": "מצילה אותי",
        "Artist": "Avihu Pinhasov Rhythm Club",
        "Key": "8A",
        "Energy": 8.847999999999999,
        "Popularity": 4.96,
        "BPM": 115,
        "DJ Play Count": 0,
        "Rating": "*******",
        "My Tag": [
            "Sp- Bach Israel",
            "2010s",
            "Happy"
        ],
        "Additional Info": {
            "id": "2GCR5b8UkMN2QtBMtfMvZQ",
            "explicit": false,
            "album": "מועדון הקצב של אביהו פנחסוב",
            "release_date": "2015-09-24",
            "genres": [
                "israeli rock"
            ],
            "duration": 231969,
            "acousticness": 0.0368,
            "danceability": 7.39,
            "instrumentalness": 0.00485,
            "liveness": 0.147,
            "loudness": -4.12,
            "speechiness": 0.0344,
            "time_signature": 4,
            "happiness": 7.669
        }
    },
    {
        "#": 46,
        "Track Title": "אחת מאלף",
        "Artist": "Rinat Bar, Hayalei HaNehama",
        "Key": "9B",
        "Energy": 9.109,
        "Popularity": 3.88,
        "BPM": 105,
        "DJ Play Count": 0,
        "Rating": "*******",
        "My Tag": [
            "Sp- Bach Israel",
            "2010s",
            "Mizrahit"
        ],
        "Additional Info": {
            "id": "3etc5kIIUteZRngz3opPyx",
            "explicit": false,
            "album": "אחת מאלף",
            "release_date": "2018-10-21",
            "genres": [
                "mizrahi"
            ],
            "duration": 189720,
            "acousticness": 0.00274,
            "danceability": 7.534,
            "instrumentalness": 0,
            "liveness": 0.189,
            "loudness": -3.586,
            "speechiness": 0.044,
            "time_signature": 4,
            "happiness": 5.329
        }
    },
    {
        "#": 47,
        "Track Title": "עד המדבר",
        "Artist": "דיג'יי אונלי, Talis, Omri Sabach",
        "Key": "8A",
        "Energy": 8.884,
        "Popularity": 5.59,
        "BPM": 105,
        "DJ Play Count": 0,
        "Rating": "*******",
        "My Tag": [
            "Sp- Bach Israel",
            "2010s",
            "Hip Hop",
            "Pop",
            "Israeli - Kibutz"
        ],
        "Additional Info": {
            "id": "7jdvibTKMCbIP2B77ayD8Q",
            "explicit": false,
            "album": "עד המדבר",
            "release_date": "2016-02-14",
            "genres": [
                "israeli hip hop",
                "israeli pop",
                "israeli pop"
            ],
            "duration": 204696,
            "acousticness": 0.462,
            "danceability": 6.931,
            "instrumentalness": 0,
            "liveness": 0.0787,
            "loudness": -3.976,
            "speechiness": 0.0725,
            "time_signature": 4,
            "happiness": 6.066999999999999
        }
    },
    {
        "#": 48,
        "Track Title": "אחלה חמודה",
        "Artist": "Beni Bashan, Boom Pam",
        "Key": "8A",
        "Energy": 9.298,
        "Popularity": 3.88,
        "BPM": 115,
        "DJ Play Count": 0,
        "Rating": "*******",
        "My Tag": [
            "Sp- Bach Israel",
            "2010s"
        ],
        "Additional Info": {
            "id": "4K1tIgGH3tAfWWB1xCNqLy",
            "explicit": false,
            "album": "ריקודים על-פי תהום",
            "release_date": "2010-09-13",
            "genres": [
                "balkan brass",
                "gypsy fusion",
                "turkish psych"
            ],
            "duration": 241789,
            "acousticness": 0.0273,
            "danceability": 5.491,
            "instrumentalness": 0.000767,
            "liveness": 0.175,
            "loudness": -4.516,
            "speechiness": 0.0792,
            "time_signature": 4,
            "happiness": 5.95
        }
    },
    {
        "#": 49,
        "Track Title": "דניס דניס",
        "Artist": "Ilan Peled",
        "Key": "8A",
        "Energy": 9.450999999999999,
        "Popularity": 3.34,
        "BPM": 128,
        "DJ Play Count": 0,
        "Rating": "*******",
        "My Tag": [
            "Sp- Bach Israel",
            "2010s"
        ],
        "Additional Info": {
            "id": "3Jjg5dzoeQV63dwvO95fyQ",
            "explicit": false,
            "album": "דניס דניס",
            "release_date": "2015-08-24",
            "genres": [],
            "duration": 185625,
            "acousticness": 0.161,
            "danceability": 7.687,
            "instrumentalness": 0,
            "liveness": 0.122,
            "loudness": -3.764,
            "speechiness": 0.0677,
            "time_signature": 4,
            "happiness": 6.319
        }
    },
    {
        "#": 50,
        "Track Title": "מסיבה בחיפה/הזוג הזה/פאוץ׳/תרקדו",
        "Artist": "Itay Levi, Eden Ben Zaken, Noa Kirel",
        "Key": "11B",
        "Energy": 7.57,
        "Popularity": 2.8,
        "BPM": 118,
        "DJ Play Count": 0,
        "Rating": "*******",
        "My Tag": [
            "Sp- Bach Israel",
            "2010s",
            "Mizrahit",
            "Pop",
            "Israeli - Kibutz",
            "Happy"
        ],
        "Additional Info": {
            "id": "1CHudowV6meIjudEdZqjF1",
            "explicit": false,
            "album": "PLAY פסטיגל (2019)",
            "release_date": "2019-12-10",
            "genres": [
                "israeli mediterranean",
                "mizrahi",
                "israeli mediterranean",
                "israeli pop",
                "israeli pop"
            ],
            "duration": 395896,
            "acousticness": 0.123,
            "danceability": 6.1659999999999995,
            "instrumentalness": 4.66e-06,
            "liveness": 0.443,
            "loudness": -5.426,
            "speechiness": 0.167,
            "time_signature": 4,
            "happiness": 7.03
        }
    },
    {
        "#": 51,
        "Track Title": "חולם כמו יוסף",
        "Artist": "Hanan Ben Ari",
        "Key": "6B",
        "Energy": 7.372,
        "Popularity": 5.41,
        "BPM": 80,
        "DJ Play Count": 0,
        "Rating": "*******",
        "My Tag": [
            "Sp- Bach Israel",
            "2020s",
            "Pop",
            "Israeli - Kibutz"
        ],
        "Additional Info": {
            "id": "5KFUZnFOz4HY4uRfZKcXCk",
            "explicit": false,
            "album": "חולם כמו יוסף",
            "release_date": "2021-05-10",
            "genres": [
                "israeli pop"
            ],
            "duration": 208500,
            "acousticness": 0.237,
            "danceability": 6.292,
            "instrumentalness": 7.17e-06,
            "liveness": 0.188,
            "loudness": -8.599,
            "speechiness": 0.052,
            "time_signature": 4,
            "happiness": 5.824
        }
    },
    {
        "#": 52,
        "Track Title": "דדי דדון – מתוקה מהחיים",
        "Artist": "ארץ נהדרת",
        "Key": "10A",
        "Energy": 7.4079999999999995,
        "Popularity": 1.0,
        "BPM": 109,
        "DJ Play Count": 0,
        "Rating": "*******",
        "My Tag": [
            "Sp- Bach Israel",
            "2010s",
            "Happy"
        ],
        "Additional Info": {
            "id": "2pMVkGu7SomhwZwufGOPda",
            "explicit": false,
            "album": "דדי דדון – מתוקה מהחיים",
            "release_date": "2016-05-23",
            "genres": [],
            "duration": 178247,
            "acousticness": 0.541,
            "danceability": 7.39,
            "instrumentalness": 0,
            "liveness": 0.127,
            "loudness": -5.457,
            "speechiness": 0.0299,
            "time_signature": 4,
            "happiness": 7.651
        }
    },
    {
        "#": 53,
        "Track Title": "ג'וני",
        "Artist": "Bar Tzabary",
        "Key": "1A",
        "Energy": 7.048,
        "Popularity": 4.42,
        "BPM": 123,
        "DJ Play Count": 0,
        "Rating": "*******",
        "My Tag": [
            "Sp- Bach Israel",
            "2020s",
            "Pop",
            "Israeli - Kibutz",
            "Happy"
        ],
        "Additional Info": {
            "id": "65fO11tsKTOe3rQ3jT7V1Y",
            "explicit": false,
            "album": "רוקנ'רול בצהריים",
            "release_date": "2021-07-02",
            "genres": [
                "israeli pop"
            ],
            "duration": 184357,
            "acousticness": 0.212,
            "danceability": 7.984,
            "instrumentalness": 0,
            "liveness": 0.216,
            "loudness": -5.948,
            "speechiness": 0.0779,
            "time_signature": 4,
            "happiness": 9.514
        }
    },
    {
        "#": 54,
        "Track Title": "תל אביב זה אני ואת",
        "Artist": "Amir Ve Ben, Jane Bordeaux, Amir Sade",
        "Key": "4B",
        "Energy": 6.4719999999999995,
        "Popularity": 5.41,
        "BPM": 105,
        "DJ Play Count": 0,
        "Rating": "*******",
        "My Tag": [
            "Sp- Bach Israel",
            "2020s",
            "Pop",
            "Israeli - Kibutz",
            "Happy"
        ],
        "Additional Info": {
            "id": "406GxF9gnDjRwsy5wqLpOh",
            "explicit": false,
            "album": "גנגסטרים על אמת",
            "release_date": "2021-05-31",
            "genres": [
                "israeli pop",
                "israeli indie",
                "israeli pop"
            ],
            "duration": 221235,
            "acousticness": 0.511,
            "danceability": 8.623,
            "instrumentalness": 0,
            "liveness": 0.0862,
            "loudness": -4.925,
            "speechiness": 0.0645,
            "time_signature": 4,
            "happiness": 7.3629999999999995
        }
    },
    {
        "#": 55,
        "Track Title": "פרח בשממה",
        "Artist": "Itay Levi",
        "Key": "3B",
        "Energy": 7.228,
        "Popularity": 4.33,
        "BPM": 95,
        "DJ Play Count": 0,
        "Rating": "*******",
        "My Tag": [
            "Sp- Bach Israel",
            "2010s",
            "Mizrahit",
            "Israeli - Kibutz"
        ],
        "Additional Info": {
            "id": "759ozHxSjssInMpUCuLyBG",
            "explicit": false,
            "album": "שורדים אהבה",
            "release_date": "2017-07-16",
            "genres": [
                "israeli mediterranean",
                "mizrahi"
            ],
            "duration": 249781,
            "acousticness": 0.304,
            "danceability": 8.506,
            "instrumentalness": 0,
            "liveness": 0.155,
            "loudness": -6.707,
            "speechiness": 0.0784,
            "time_signature": 4,
            "happiness": 6.94
        }
    },
    {
        "#": 56,
        "Track Title": "אם תרצי",
        "Artist": "Hanan Ben Ari",
        "Key": "1A",
        "Energy": 6.337,
        "Popularity": 5.95,
        "BPM": 131,
        "DJ Play Count": 0,
        "Rating": "*******",
        "My Tag": [
            "Sp- Bach Israel",
            "2020s",
            "Pop",
            "Israeli - Kibutz",
            "Happy"
        ],
        "Additional Info": {
            "id": "04qYVjQ9bRRpJzz5sm7cEk",
            "explicit": false,
            "album": "אם תרצי",
            "release_date": "2020-02-26",
            "genres": [
                "israeli pop"
            ],
            "duration": 176000,
            "acousticness": 0.355,
            "danceability": 7.021000000000001,
            "instrumentalness": 0,
            "liveness": 0.343,
            "loudness": -9.851,
            "speechiness": 0.0361,
            "time_signature": 4,
            "happiness": 7.966
        }
    },
    {
        "#": 57,
        "Track Title": "חלום של כל גבר",
        "Artist": "Subliminal, Gilad Vital",
        "Key": "11A",
        "Energy": 8.065000000000001,
        "Popularity": 5.140000000000001,
        "BPM": 93,
        "DJ Play Count": 0,
        "Rating": "*******",
        "My Tag": [
            "Sp- Bach Israel",
            "2010s",
            "Hip Hop",
            "Israeli - Kibutz",
            "Happy"
        ],
        "Additional Info": {
            "id": "3p28r5siIqR7TuNZyeS6Rh",
            "explicit": false,
            "album": "חלום של כל גבר",
            "release_date": "2015",
            "genres": [
                "israeli hip hop"
            ],
            "duration": 231773,
            "acousticness": 0.0303,
            "danceability": 7.048,
            "instrumentalness": 0,
            "liveness": 0.049,
            "loudness": -4.245,
            "speechiness": 0.0563,
            "time_signature": 4,
            "happiness": 8.074
        }
    },
    {
        "#": 58,
        "Track Title": "רוצה בנות",
        "Artist": "Hovevey Zion",
        "Key": "8B",
        "Energy": 9.271,
        "Popularity": 3.6999999999999997,
        "BPM": 140,
        "DJ Play Count": 0,
        "Rating": "*******",
        "My Tag": [
            "Sp- Bach Israel",
            "2010s",
            "Pop",
            "Israeli - Kibutz"
        ],
        "Additional Info": {
            "id": "2oKOUuubMKU2xRfERttryF",
            "explicit": false,
            "album": "רוצה בנות 2019",
            "release_date": "2019-07-03",
            "genres": [
                "israeli pop"
            ],
            "duration": 153267,
            "acousticness": 0.113,
            "danceability": 6.022,
            "instrumentalness": 0.000579,
            "liveness": 0.0882,
            "loudness": -5.482,
            "speechiness": 0.0621,
            "time_signature": 4,
            "happiness": 5.212000000000001
        }
    },
    {
        "#": 59,
        "Track Title": "עוד אחד ששר לך",
        "Artist": "Elai Botner, Guy Mazig",
        "Key": "3B",
        "Energy": 7.39,
        "Popularity": 5.2299999999999995,
        "BPM": 108,
        "DJ Play Count": 0,
        "Rating": "*******",
        "My Tag": [
            "Sp- Bach Israel",
            "2020s",
            "Hip Hop",
            "Pop",
            "Israeli - Kibutz",
            "Happy"
        ],
        "Additional Info": {
            "id": "01bJvYGLn1xMA32TasmOkb",
            "explicit": false,
            "album": "עוד אחד ששר לך",
            "release_date": "2021-01-17",
            "genres": [
                "israeli pop",
                "israeli hip hop"
            ],
            "duration": 226002,
            "acousticness": 0.00978,
            "danceability": 7.093,
            "instrumentalness": 0,
            "liveness": 0.196,
            "loudness": -7.914,
            "speechiness": 0.0756,
            "time_signature": 4,
            "happiness": 8.776
        }
    },
    {
        "#": 60,
        "Track Title": "בית משוגעים",
        "Artist": "Ran Danker",
        "Key": "7A",
        "Energy": 6.193,
        "Popularity": 5.5,
        "BPM": 99,
        "DJ Play Count": 0,
        "Rating": "*******",
        "My Tag": [
            "Sp- Bach Israel",
            "2020s",
            "Pop",
            "Israeli - Kibutz"
        ],
        "Additional Info": {
            "id": "66iaD8MCoVnBtqUhuzdglT",
            "explicit": false,
            "album": "בית משוגעים",
            "release_date": "2021-03-03",
            "genres": [
                "festigal",
                "israeli pop"
            ],
            "duration": 169848,
            "acousticness": 0.104,
            "danceability": 8.002,
            "instrumentalness": 2.97e-06,
            "liveness": 0.122,
            "loudness": -6.766,
            "speechiness": 0.173,
            "time_signature": 4,
            "happiness": 4.249
        }
    }
]