[
    {
        "#": 1,
        "Track Title": "בואי ונביא לך ת'פאנק",
        "Artist": "Mercedes Band",
        "Key": "7B",
        "Energy": 7.075,
        "Popularity": 4.87,
        "BPM": 98,
        "DJ Play Count": 0,
        "Rating": "*******",
        "My Tag": [
            "Israel [Loc], Israeli - Kibutz",
            "2000s",
            "Happy"
        ],
        "Additional Info": {
            "id": "6EoJpQBfDfZPM7OqxfAJf1",
            "explicit": false,
            "album": "מרסדס בנד",
            "release_date": "2004-01-01",
            "genres": [
                "israeli rock"
            ],
            "duration": 270427,
            "acousticness": 0.000525,
            "danceability": 7.497999999999999,
            "instrumentalness": 0.0106,
            "liveness": 0.105,
            "loudness": -7.013,
            "speechiness": 0.0485,
            "time_signature": 4,
            "happiness": 8.497
        }
    },
    {
        "#": 2,
        "Track Title": "לזוז",
        "Artist": "Hadag Nahash, MC שירי",
        "Key": "12A",
        "Energy": 9.361,
        "Popularity": 4.6,
        "BPM": 104,
        "DJ Play Count": 0,
        "Rating": "*******",
        "My Tag": [
            "Israel [Loc], Israeli - Kibutz",
            "2000s",
            "Hip Hop",
            "Israeli - Kibutz",
            "Happy"
        ],
        "Additional Info": {
            "id": "5BmPrfHhXcgsxUASqgXUzD",
            "explicit": false,
            "album": "לזוז",
            "release_date": "2003-01-01",
            "genres": [
                "israeli hip hop",
                "jewish hip hop"
            ],
            "duration": 244493,
            "acousticness": 0.116,
            "danceability": 8.416,
            "instrumentalness": 0.000375,
            "liveness": 0.404,
            "loudness": -2.343,
            "speechiness": 0.0707,
            "time_signature": 4,
            "happiness": 8.686
        }
    },
    {
        "#": 3,
        "Track Title": "תה עושה סחרחורת",
        "Artist": "Gazoz",
        "Key": "9A",
        "Energy": 4.006,
        "Popularity": 1.0,
        "BPM": 90,
        "DJ Play Count": 0,
        "Rating": "*******",
        "My Tag": [
            "Israel [Loc], Israeli - Kibutz",
            "2000s"
        ],
        "Additional Info": {
            "id": "2KDX0mTkxIhe97QVKEZ51v",
            "explicit": false,
            "album": "גזוז - 20 הלהיטים",
            "release_date": "2002-01-01",
            "genres": [
                "classic israeli pop",
                "israeli rock"
            ],
            "duration": 196600,
            "acousticness": 0.77,
            "danceability": 7.939,
            "instrumentalness": 0,
            "liveness": 0.122,
            "loudness": -9.451,
            "speechiness": 0.047,
            "time_signature": 4,
            "happiness": 4.501
        }
    },
    {
        "#": 4,
        "Track Title": "Hasimla Mimadrid",
        "Artist": "Monica Sex",
        "Key": "11A",
        "Energy": 7.624,
        "Popularity": 1.0,
        "BPM": 116,
        "DJ Play Count": 0,
        "Rating": "*******",
        "My Tag": [
            "Israel [Loc], Israeli - Kibutz",
            "2010s"
        ],
        "Additional Info": {
            "id": "4aBAUspSbCnRif8uMUwYnQ",
            "explicit": false,
            "album": "Mangina",
            "release_date": "2011",
            "genres": [
                "israeli rock"
            ],
            "duration": 185287,
            "acousticness": 0.00108,
            "danceability": 6.715,
            "instrumentalness": 2.34e-06,
            "liveness": 0.133,
            "loudness": -4.479,
            "speechiness": 0.0291,
            "time_signature": 4,
            "happiness": 4.968999999999999
        }
    },
    {
        "#": 5,
        "Track Title": "אל תטוסי",
        "Artist": "Tomer Yosef",
        "Key": "11A",
        "Energy": 7.497999999999999,
        "Popularity": 4.42,
        "BPM": 73,
        "DJ Play Count": 0,
        "Rating": "*******",
        "My Tag": [
            "Israel [Loc], Israeli - Kibutz",
            "2000s",
            "Hip Hop",
            "Israeli - Kibutz",
            "Happy"
        ],
        "Additional Info": {
            "id": "4UJ95qdiWsWGVxku6MZxqo",
            "explicit": false,
            "album": "צוחקים מתחת לאדמה",
            "release_date": "2006-06-08",
            "genres": [
                "classic israeli pop",
                "israeli hip hop"
            ],
            "duration": 252320,
            "acousticness": 0.192,
            "danceability": 7.399,
            "instrumentalness": 1.02e-06,
            "liveness": 0.69,
            "loudness": -3.876,
            "speechiness": 0.142,
            "time_signature": 4,
            "happiness": 7.8580000000000005
        }
    },
    {
        "#": 6,
        "Track Title": "לבדוק לך ת'מנוע",
        "Artist": "HaDorbanim",
        "Key": "8B",
        "Energy": 8.722,
        "Popularity": 4.24,
        "BPM": 126,
        "DJ Play Count": 0,
        "Rating": "*******",
        "My Tag": [
            "Israel [Loc], Israeli - Kibutz",
            "2000s",
            "Pop",
            "Israeli - Kibutz",
            "Happy"
        ],
        "Additional Info": {
            "id": "6corIIuvWjaVslSyYoXGuR",
            "explicit": false,
            "album": "קובי",
            "release_date": "2003-01-01",
            "genres": [
                "classic israeli pop",
                "israeli pop"
            ],
            "duration": 348093,
            "acousticness": 0.0944,
            "danceability": 7.282,
            "instrumentalness": 0.000282,
            "liveness": 0.567,
            "loudness": -6.597,
            "speechiness": 0.0419,
            "time_signature": 4,
            "happiness": 8.704
        }
    },
    {
        "#": 7,
        "Track Title": "שיר נחמה",
        "Artist": "Hadag Nahash",
        "Key": "9B",
        "Energy": 9.073,
        "Popularity": 1.0,
        "BPM": 76,
        "DJ Play Count": 0,
        "Rating": "*******",
        "My Tag": [
            "Israel [Loc], Israeli - Kibutz",
            "2010s",
            "Hip Hop",
            "Israeli - Kibutz",
            "Happy"
        ],
        "Additional Info": {
            "id": "5BkOcMGyCdQdoEGBz6Id8I",
            "explicit": false,
            "album": "6",
            "release_date": "2010-02-15",
            "genres": [
                "israeli hip hop",
                "jewish hip hop"
            ],
            "duration": 240693,
            "acousticness": 0.0145,
            "danceability": 7.236999999999999,
            "instrumentalness": 0.000103,
            "liveness": 0.257,
            "loudness": -4.046,
            "speechiness": 0.0593,
            "time_signature": 4,
            "happiness": 9.361
        }
    },
    {
        "#": 8,
        "Track Title": "רוצה שנתממש",
        "Artist": "Guy Mazig",
        "Key": "1A",
        "Energy": 7.777,
        "Popularity": 1.0,
        "BPM": 95,
        "DJ Play Count": 0,
        "Rating": "*******",
        "My Tag": [
            "Israel [Loc], Israeli - Kibutz",
            "2010s",
            "Hip Hop",
            "Israeli - Kibutz"
        ],
        "Additional Info": {
            "id": "0pFe72ZpEGlMTQL1pbWRfg",
            "explicit": false,
            "album": "השחור החדש",
            "release_date": "2015-12-23",
            "genres": [
                "israeli hip hop"
            ],
            "duration": 225298,
            "acousticness": 0.0214,
            "danceability": 6.67,
            "instrumentalness": 0,
            "liveness": 0.118,
            "loudness": -3.778,
            "speechiness": 0.0653,
            "time_signature": 4,
            "happiness": 6.868
        }
    },
    {
        "#": 9,
        "Track Title": "מכה אפורה",
        "Artist": "Monica Sex",
        "Key": "1A",
        "Energy": 7.03,
        "Popularity": 1.0,
        "BPM": 142,
        "DJ Play Count": 0,
        "Rating": "*******",
        "My Tag": [
            "Israel [Loc], Israeli - Kibutz",
            "90s"
        ],
        "Additional Info": {
            "id": "0UMo7B4w0lZzsQIlj2OIFh",
            "explicit": false,
            "album": "פצעים ונשיקות",
            "release_date": "1995-02-01",
            "genres": [
                "israeli rock"
            ],
            "duration": 223160,
            "acousticness": 0.0666,
            "danceability": 6.049,
            "instrumentalness": 0.000144,
            "liveness": 0.352,
            "loudness": -9.373,
            "speechiness": 0.0369,
            "time_signature": 4,
            "happiness": 6.616
        }
    },
    {
        "#": 10,
        "Track Title": "ממריאים - בהופעה",
        "Artist": "Mosh Ben Ari",
        "Key": "11A",
        "Energy": 8.614,
        "Popularity": 1.0,
        "BPM": 108,
        "DJ Play Count": 0,
        "Rating": "*******",
        "My Tag": [
            "Israel [Loc], Israeli - Kibutz",
            "2000s",
            "Mizrahit",
            "Happy"
        ],
        "Additional Info": {
            "id": "2b29XqJsuwYL6e82rJUT4y",
            "explicit": false,
            "album": "Live",
            "release_date": "2007-02-28",
            "genres": [
                "mizrahi"
            ],
            "duration": 238907,
            "acousticness": 0.181,
            "danceability": 7.399,
            "instrumentalness": 0,
            "liveness": 0.986,
            "loudness": -6.305,
            "speechiness": 0.0285,
            "time_signature": 4,
            "happiness": 9.307
        }
    },
    {
        "#": 11,
        "Track Title": "לא פראיירים",
        "Artist": "Hadag Nahash",
        "Key": "1A",
        "Energy": 8.632,
        "Popularity": 4.51,
        "BPM": 118,
        "DJ Play Count": 0,
        "Rating": "*******",
        "My Tag": [
            "Israel [Loc], Israeli - Kibutz",
            "2000s",
            "Hip Hop",
            "Israeli - Kibutz",
            "Happy"
        ],
        "Additional Info": {
            "id": "3v68sJRnOLir4wN9yaGgGF",
            "explicit": false,
            "album": "לזוז",
            "release_date": "2003-01-01",
            "genres": [
                "israeli hip hop",
                "jewish hip hop"
            ],
            "duration": 252107,
            "acousticness": 0.00383,
            "danceability": 7.489,
            "instrumentalness": 0.000162,
            "liveness": 0.111,
            "loudness": -3.892,
            "speechiness": 0.0505,
            "time_signature": 4,
            "happiness": 8.713000000000001
        }
    },
    {
        "#": 12,
        "Track Title": "יצאנו לרקוד",
        "Artist": "HaDorbanim",
        "Key": "11B",
        "Energy": 9.001,
        "Popularity": 4.96,
        "BPM": 126,
        "DJ Play Count": 0,
        "Rating": "*******",
        "My Tag": [
            "Israel [Loc], Israeli - Kibutz",
            "2000s",
            "Pop",
            "Israeli - Kibutz",
            "Happy"
        ],
        "Additional Info": {
            "id": "6G9nY0aJNcQ8BHJjgRCgZ5",
            "explicit": false,
            "album": "קובי",
            "release_date": "2003-01-01",
            "genres": [
                "classic israeli pop",
                "israeli pop"
            ],
            "duration": 288680,
            "acousticness": 0.0179,
            "danceability": 6.958,
            "instrumentalness": 0.000367,
            "liveness": 0.131,
            "loudness": -6.325,
            "speechiness": 0.0446,
            "time_signature": 4,
            "happiness": 8.713000000000001
        }
    },
    {
        "#": 13,
        "Track Title": "הילדים קופצים",
        "Artist": "Shotei Hanevuah",
        "Key": "12A",
        "Energy": 9.352,
        "Popularity": 4.24,
        "BPM": 122,
        "DJ Play Count": 0,
        "Rating": "*******",
        "My Tag": [
            "Israel [Loc], Israeli - Kibutz",
            "2000s",
            "Pop",
            "Israeli - Kibutz",
            "Happy"
        ],
        "Additional Info": {
            "id": "4qgAvzs6gsk0I4UzPMZhIG",
            "explicit": false,
            "album": "שוטי הנבואה",
            "release_date": "2000-01-01",
            "genres": [
                "classic israeli pop",
                "israeli pop"
            ],
            "duration": 175707,
            "acousticness": 0.437,
            "danceability": 8.002,
            "instrumentalness": 4.33e-06,
            "liveness": 0.131,
            "loudness": -7.483,
            "speechiness": 0.0457,
            "time_signature": 4,
            "happiness": 9.082
        }
    },
    {
        "#": 14,
        "Track Title": "אח של סאלים",
        "Artist": "Shotei Hanevuah",
        "Key": "8B",
        "Energy": 7.507,
        "Popularity": 4.42,
        "BPM": 108,
        "DJ Play Count": 0,
        "Rating": "*******",
        "My Tag": [
            "Israel [Loc], Israeli - Kibutz",
            "2000s",
            "Pop",
            "Israeli - Kibutz",
            "Happy"
        ],
        "Additional Info": {
            "id": "52J8US4J3hdJaywscfIMxf",
            "explicit": false,
            "album": "שוטי הנבואה",
            "release_date": "2000-01-01",
            "genres": [
                "classic israeli pop",
                "israeli pop"
            ],
            "duration": 360227,
            "acousticness": 0.265,
            "danceability": 7.255,
            "instrumentalness": 0.428,
            "liveness": 0.114,
            "loudness": -9.626,
            "speechiness": 0.0282,
            "time_signature": 4,
            "happiness": 8.524000000000001
        }
    },
    {
        "#": 15,
        "Track Title": "Zuzi",
        "Artist": "Dudu Tassa",
        "Key": "8B",
        "Energy": 9.487,
        "Popularity": 1.0,
        "BPM": 98,
        "DJ Play Count": 0,
        "Rating": "*******",
        "My Tag": [
            "Israel [Loc], Israeli - Kibutz",
            "2010s",
            "Pop",
            "Israeli - Kibutz"
        ],
        "Additional Info": {
            "id": "4ghuiJhnxWMUBl48Fp40OU",
            "explicit": false,
            "album": "Achrey Layla Shel Raash",
            "release_date": "2010",
            "genres": [
                "israeli pop",
                "israeli rock",
                "israeli singer-songwriter"
            ],
            "duration": 201853,
            "acousticness": 0.00465,
            "danceability": 5.851,
            "instrumentalness": 2.43e-05,
            "liveness": 0.935,
            "loudness": -7.251,
            "speechiness": 0.0505,
            "time_signature": 4,
            "happiness": 6.382
        }
    },
    {
        "#": 16,
        "Track Title": "War Again",
        "Artist": "Balkan Beat Box",
        "Key": "1B",
        "Energy": 7.308999999999999,
        "Popularity": 1.0,
        "BPM": 104,
        "DJ Play Count": 0,
        "Rating": "*******",
        "My Tag": [
            "Israel [Loc], Israeli - Kibutz",
            "2010s",
            "Happy"
        ],
        "Additional Info": {
            "id": "08ymTY5G9BJiRiBc76QB6G",
            "explicit": false,
            "album": "Blue Eyed Black Boy",
            "release_date": "2010-03-08",
            "genres": [
                "balkan beats",
                "balkan brass",
                "gypsy fusion",
                "gypsy punk",
                "jewish hip hop",
                "world fusion"
            ],
            "duration": 188160,
            "acousticness": 0.0486,
            "danceability": 8.361999999999998,
            "instrumentalness": 0,
            "liveness": 0.0946,
            "loudness": -7.287,
            "speechiness": 0.0629,
            "time_signature": 4,
            "happiness": 8.227
        }
    },
    {
        "#": 17,
        "Track Title": "שיר מספר שמונה",
        "Artist": "Arik Einstein, Miki Gavrielov",
        "Key": "12B",
        "Energy": 8.488,
        "Popularity": 3.5200000000000005,
        "BPM": 145,
        "DJ Play Count": 0,
        "Rating": "*******",
        "My Tag": [
            "Israel [Loc], Israeli - Kibutz",
            "70s",
            "Happy"
        ],
        "Additional Info": {
            "id": "2WQrAvxF4ahNbxjAguAzox",
            "explicit": false,
            "album": "בדשא אצל אביגדור",
            "release_date": "1971",
            "genres": [
                "classic israeli pop",
                "israeli rock",
                "israeli singer-songwriter",
                "classic israeli pop",
                "israeli rock"
            ],
            "duration": 246832,
            "acousticness": 0.00789,
            "danceability": 5.797000000000001,
            "instrumentalness": 0,
            "liveness": 0.1,
            "loudness": -5.13,
            "speechiness": 0.0292,
            "time_signature": 4,
            "happiness": 9.541
        }
    },
    {
        "#": 18,
        "Track Title": "תמיד חלמתי",
        "Artist": "Eliad",
        "Key": "10B",
        "Energy": 6.274,
        "Popularity": 1.0,
        "BPM": 86,
        "DJ Play Count": 0,
        "Rating": "*******",
        "My Tag": [
            "Israel [Loc], Israeli - Kibutz",
            "2010s",
            "Pop",
            "Israeli - Kibutz"
        ],
        "Additional Info": {
            "id": "0YFNNYpyTRQ2llkk6rjTfX",
            "explicit": false,
            "album": "תמיד חלמתי",
            "release_date": "2018-05-11",
            "genres": [
                "israeli pop"
            ],
            "duration": 214884,
            "acousticness": 0.0133,
            "danceability": 6.58,
            "instrumentalness": 2.03e-06,
            "liveness": 0.0986,
            "loudness": -5.873,
            "speechiness": 0.0447,
            "time_signature": 4,
            "happiness": 5.2749999999999995
        }
    },
    {
        "#": 19,
        "Track Title": "אור",
        "Artist": "Eliad",
        "Key": "3B",
        "Energy": 5.68,
        "Popularity": 1.0,
        "BPM": 93,
        "DJ Play Count": 0,
        "Rating": "*******",
        "My Tag": [
            "Israel [Loc], Israeli - Kibutz",
            "2010s",
            "Pop",
            "Israeli - Kibutz"
        ],
        "Additional Info": {
            "id": "7sNslEGxEDu8XQLHouNbOs",
            "explicit": false,
            "album": "אור",
            "release_date": "2016-03-14",
            "genres": [
                "israeli pop"
            ],
            "duration": 224267,
            "acousticness": 0.137,
            "danceability": 7.3629999999999995,
            "instrumentalness": 0,
            "liveness": 0.131,
            "loudness": -8.495,
            "speechiness": 0.0419,
            "time_signature": 4,
            "happiness": 6.372999999999999
        }
    },
    {
        "#": 20,
        "Track Title": "Ani Maamin",
        "Artist": "Hadag Nahash",
        "Key": "1A",
        "Energy": 9.199,
        "Popularity": 1.0,
        "BPM": 111,
        "DJ Play Count": 0,
        "Rating": "*******",
        "My Tag": [
            "Israel [Loc], Israeli - Kibutz",
            "2010s",
            "Hip Hop",
            "Israeli - Kibutz",
            "Happy"
        ],
        "Additional Info": {
            "id": "26pvLPrg4yhASAaIRaYiMR",
            "explicit": false,
            "album": "Shesh",
            "release_date": "2010",
            "genres": [
                "israeli hip hop",
                "jewish hip hop"
            ],
            "duration": 238947,
            "acousticness": 0.112,
            "danceability": 7.138000000000001,
            "instrumentalness": 1.05e-06,
            "liveness": 0.309,
            "loudness": -2.719,
            "speechiness": 0.0283,
            "time_signature": 4,
            "happiness": 7.2459999999999996
        }
    },
    {
        "#": 21,
        "Track Title": "אני רוצה לזוז",
        "Artist": "Tomer Yosef",
        "Key": "2A",
        "Energy": 8.370999999999999,
        "Popularity": 4.42,
        "BPM": 108,
        "DJ Play Count": 0,
        "Rating": "*******",
        "My Tag": [
            "Israel [Loc], Israeli - Kibutz",
            "2000s",
            "Hip Hop",
            "Israeli - Kibutz",
            "Happy"
        ],
        "Additional Info": {
            "id": "4zWK2UlyxFNvm7CVLIYaKD",
            "explicit": false,
            "album": "צוחקים מתחת לאדמה",
            "release_date": "2006-06-08",
            "genres": [
                "classic israeli pop",
                "israeli hip hop"
            ],
            "duration": 252787,
            "acousticness": 0.14,
            "danceability": 8.929,
            "instrumentalness": 0,
            "liveness": 0.0704,
            "loudness": -4.323,
            "speechiness": 0.0633,
            "time_signature": 4,
            "happiness": 8.506
        }
    },
    {
        "#": 22,
        "Track Title": "Shout It Out",
        "Artist": "Balkan Beat Box",
        "Key": "11B",
        "Energy": 8.398,
        "Popularity": 1.0,
        "BPM": 138,
        "DJ Play Count": 0,
        "Rating": "*******",
        "My Tag": [
            "Israel [Loc], Israeli - Kibutz",
            "2010s",
            "Happy"
        ],
        "Additional Info": {
            "id": "5egktiN15UrKbpX5lQ0WPv",
            "explicit": false,
            "album": "Shout it Out",
            "release_date": "2016-11-10",
            "genres": [
                "balkan beats",
                "balkan brass",
                "gypsy fusion",
                "gypsy punk",
                "jewish hip hop",
                "world fusion"
            ],
            "duration": 203773,
            "acousticness": 0.00497,
            "danceability": 6.3549999999999995,
            "instrumentalness": 0,
            "liveness": 0.28,
            "loudness": -3.796,
            "speechiness": 0.344,
            "time_signature": 4,
            "happiness": 7.57
        }
    },
    {
        "#": 23,
        "Track Title": "איידישע ראסטה מאן",
        "Artist": "Ravid Plotnik",
        "Key": "2A",
        "Energy": 6.436,
        "Popularity": 1.0,
        "BPM": 79,
        "DJ Play Count": 0,
        "Rating": "*******",
        "My Tag": [
            "Israel [Loc], Israeli - Kibutz",
            "2010s",
            "Hip Hop",
            "Israeli - Kibutz",
            "Happy"
        ],
        "Additional Info": {
            "id": "74k8bJukCAh7Sr2zDI8oGo",
            "explicit": false,
            "album": "בור ועם הארץ: סיפור של הבום שאקה לאק",
            "release_date": "2013-05-15",
            "genres": [
                "israeli hip hop",
                "israeli trap"
            ],
            "duration": 199747,
            "acousticness": 0.0161,
            "danceability": 5.554,
            "instrumentalness": 0,
            "liveness": 0.13,
            "loudness": -5.771,
            "speechiness": 0.123,
            "time_signature": 4,
            "happiness": 7.948
        }
    },
    {
        "#": 24,
        "Track Title": "סבבה",
        "Artist": "Ravid Plotnik",
        "Key": "1A",
        "Energy": 7.9030000000000005,
        "Popularity": 1.0,
        "BPM": 148,
        "DJ Play Count": 0,
        "Rating": "*******",
        "My Tag": [
            "Israel [Loc], Israeli - Kibutz",
            "2010s",
            "Hip Hop",
            "Israeli - Kibutz",
            "Happy"
        ],
        "Additional Info": {
            "id": "6shrlFVPEb19l9Y7WaNQZB",
            "explicit": false,
            "album": "ברוכים הבאים לפתח תקוה",
            "release_date": "2015-07-01",
            "genres": [
                "israeli hip hop",
                "israeli trap"
            ],
            "duration": 173840,
            "acousticness": 0.0229,
            "danceability": 5.9590000000000005,
            "instrumentalness": 0,
            "liveness": 0.337,
            "loudness": -4.347,
            "speechiness": 0.15,
            "time_signature": 3,
            "happiness": 7.426
        }
    },
    {
        "#": 25,
        "Track Title": "עולם משוגע",
        "Artist": "Tuna, Ravid Plotnik",
        "Key": "3B",
        "Energy": 6.697,
        "Popularity": 6.13,
        "BPM": 150,
        "DJ Play Count": 0,
        "Rating": "*******",
        "My Tag": [
            "Israel [Loc], Israeli - Kibutz",
            "2010s",
            "Hip Hop",
            "Pop",
            "Israeli - Kibutz"
        ],
        "Additional Info": {
            "id": "4JmmjsGmOED0sn0Le3r84u",
            "explicit": false,
            "album": "גם זה יעבור",
            "release_date": "2015-08-06",
            "genres": [
                "israeli hip hop",
                "israeli pop",
                "israeli hip hop",
                "israeli trap"
            ],
            "duration": 355484,
            "acousticness": 0.363,
            "danceability": 6.1209999999999996,
            "instrumentalness": 0.00155,
            "liveness": 0.123,
            "loudness": -8.26,
            "speechiness": 0.0965,
            "time_signature": 4,
            "happiness": 6.111999999999999
        }
    },
    {
        "#": 26,
        "Track Title": "Ihiye Beseder",
        "Artist": "Café Shahor Hazak, Ravid Plotnik",
        "Key": "6A",
        "Energy": 9.019,
        "Popularity": 5.32,
        "BPM": 100,
        "DJ Play Count": 0,
        "Rating": "*******",
        "My Tag": [
            "Israel [Loc], Israeli - Kibutz",
            "2010s",
            "Hip Hop",
            "Israeli - Kibutz",
            "Happy"
        ],
        "Additional Info": {
            "id": "5NLXBAQK3cw8MxHlUZ47IF",
            "explicit": false,
            "album": "Rak Laalot",
            "release_date": "2015-10-11",
            "genres": [
                "israeli hip hop",
                "israeli hip hop",
                "israeli trap"
            ],
            "duration": 265200,
            "acousticness": 0.292,
            "danceability": 7.255,
            "instrumentalness": 0,
            "liveness": 0.55,
            "loudness": -3.412,
            "speechiness": 0.0935,
            "time_signature": 4,
            "happiness": 9.019
        }
    },
    {
        "#": 27,
        "Track Title": "Shirat Hastiker (Sticker Song)",
        "Artist": "Hadag Nahash",
        "Key": "3B",
        "Energy": 5.545,
        "Popularity": 4.6899999999999995,
        "BPM": 105,
        "DJ Play Count": 0,
        "Rating": "*******",
        "My Tag": [
            "Israel [Loc], Israeli - Kibutz",
            "2000s",
            "Hip Hop",
            "Israeli - Kibutz",
            "Happy"
        ],
        "Additional Info": {
            "id": "6q407anU9HRxKp0ek7SHf9",
            "explicit": false,
            "album": "Chomer Mekomi (Local Material)",
            "release_date": "2004-01-01",
            "genres": [
                "israeli hip hop",
                "jewish hip hop"
            ],
            "duration": 260173,
            "acousticness": 0.572,
            "danceability": 8.722,
            "instrumentalness": 0.000201,
            "liveness": 0.125,
            "loudness": -4.454,
            "speechiness": 0.153,
            "time_signature": 4,
            "happiness": 7.372
        }
    },
    {
        "#": 28,
        "Track Title": "Zahav",
        "Artist": "Static & Ben El",
        "Key": "2B",
        "Energy": 7.308999999999999,
        "Popularity": 5.05,
        "BPM": 140,
        "DJ Play Count": 0,
        "Rating": "*******",
        "My Tag": [
            "Israel [Loc], Israeli - Kibutz",
            "2010s",
            "Pop",
            "Israeli - Kibutz",
            "Happy"
        ],
        "Additional Info": {
            "id": "0vF70TcDmYyLVktrewpNgY",
            "explicit": false,
            "album": "Zahav",
            "release_date": "2017-01-29",
            "genres": [
                "israeli pop",
                "jewish pop"
            ],
            "duration": 193904,
            "acousticness": 0.128,
            "danceability": 8.623,
            "instrumentalness": 0,
            "liveness": 0.0647,
            "loudness": -5.101,
            "speechiness": 0.105,
            "time_signature": 4,
            "happiness": 9.685
        }
    },
    {
        "#": 29,
        "Track Title": "Rak Laalot",
        "Artist": "Café Shahor Hazak",
        "Key": "3A",
        "Energy": 7.714,
        "Popularity": 4.96,
        "BPM": 92,
        "DJ Play Count": 0,
        "Rating": "*******",
        "My Tag": [
            "Israel [Loc], Israeli - Kibutz",
            "2010s",
            "Hip Hop",
            "Israeli - Kibutz"
        ],
        "Additional Info": {
            "id": "5yGzAXMeQ1zTianhYcCHeP",
            "explicit": false,
            "album": "Rak Laalot",
            "release_date": "2015-10-11",
            "genres": [
                "israeli hip hop"
            ],
            "duration": 180652,
            "acousticness": 0.0815,
            "danceability": 7.066000000000001,
            "instrumentalness": 0,
            "liveness": 0.0772,
            "loudness": -3.457,
            "speechiness": 0.247,
            "time_signature": 4,
            "happiness": 4.078
        }
    },
    {
        "#": 30,
        "Track Title": "Golden Boy",
        "Artist": "Nadav Guedj",
        "Key": "3A",
        "Energy": 8.460999999999999,
        "Popularity": 1.0,
        "BPM": 115,
        "DJ Play Count": 0,
        "Rating": "*******",
        "My Tag": [
            "Israel [Loc], Israeli - Kibutz",
            "2010s",
            "Pop",
            "Israeli - Kibutz",
            "Happy"
        ],
        "Additional Info": {
            "id": "6YWFr8BHQrRL4b7RwuqS36",
            "explicit": false,
            "album": "Golden Boy",
            "release_date": "2015-10-08",
            "genres": [
                "israeli pop"
            ],
            "duration": 180586,
            "acousticness": 0.179,
            "danceability": 7.444,
            "instrumentalness": 0,
            "liveness": 0.0705,
            "loudness": -5.37,
            "speechiness": 0.0615,
            "time_signature": 4,
            "happiness": 7.345
        }
    },
    {
        "#": 31,
        "Track Title": "Kaitz",
        "Artist": "Avior Malasa",
        "Key": "9A",
        "Energy": 7.417,
        "Popularity": 1.0,
        "BPM": 102,
        "DJ Play Count": 0,
        "Rating": "*******",
        "My Tag": [
            "Israel [Loc], Israeli - Kibutz",
            "2010s",
            "Pop",
            "Israeli - Kibutz"
        ],
        "Additional Info": {
            "id": "0SjHSeOn3Dz2ZGaGMHe2nJ",
            "explicit": false,
            "album": "Avior Malasa",
            "release_date": "2017-10-31",
            "genres": [
                "israeli mediterranean",
                "israeli pop"
            ],
            "duration": 164957,
            "acousticness": 0.159,
            "danceability": 7.678,
            "instrumentalness": 0,
            "liveness": 0.154,
            "loudness": -4.81,
            "speechiness": 0.0935,
            "time_signature": 4,
            "happiness": 5.509
        }
    },
    {
        "#": 32,
        "Track Title": "קרמלה",
        "Artist": "Moshe Peretz",
        "Key": "11A",
        "Energy": 7.678,
        "Popularity": 4.779999999999999,
        "BPM": 128,
        "DJ Play Count": 0,
        "Rating": "*******",
        "My Tag": [
            "Israel [Loc], Israeli - Kibutz",
            "2010s",
            "Mizrahit",
            "Israeli - Kibutz"
        ],
        "Additional Info": {
            "id": "0r0PXtu5Q6TOmOfwK9GRgT",
            "explicit": false,
            "album": "בחור חדש",
            "release_date": "2017-06-09",
            "genres": [
                "israeli mediterranean",
                "mizrahi"
            ],
            "duration": 234919,
            "acousticness": 0.00598,
            "danceability": 7.579,
            "instrumentalness": 2.34e-06,
            "liveness": 0.0915,
            "loudness": -5.935,
            "speechiness": 0.0369,
            "time_signature": 4,
            "happiness": 5.365
        }
    },
    {
        "#": 33,
        "Track Title": "Mehamatok El Hamar",
        "Artist": "KGC, Avior Malasa",
        "Key": "3A",
        "Energy": 7.255,
        "Popularity": 3.88,
        "BPM": 95,
        "DJ Play Count": 0,
        "Rating": "*******",
        "My Tag": [
            "Israel [Loc], Israeli - Kibutz",
            "2010s",
            "Hip Hop",
            "Pop",
            "Israeli - Kibutz",
            "Happy"
        ],
        "Additional Info": {
            "id": "6T42tPi7HAuZN0IkDh6gHJ",
            "explicit": false,
            "album": "Mehamatok El Hamar",
            "release_date": "2015-11-19",
            "genres": [
                "israeli hip hop",
                "israeli mediterranean",
                "israeli pop"
            ],
            "duration": 245017,
            "acousticness": 0.412,
            "danceability": 6.427,
            "instrumentalness": 0,
            "liveness": 0.112,
            "loudness": -5.319,
            "speechiness": 0.466,
            "time_signature": 4,
            "happiness": 7.849
        }
    },
    {
        "#": 34,
        "Track Title": "בין כל הבלוף",
        "Artist": "KGC",
        "Key": "1A",
        "Energy": 8.479,
        "Popularity": 3.6999999999999997,
        "BPM": 95,
        "DJ Play Count": 0,
        "Rating": "*******",
        "My Tag": [
            "Israel [Loc], Israeli - Kibutz",
            "2010s",
            "Hip Hop",
            "Israeli - Kibutz",
            "Happy"
        ],
        "Additional Info": {
            "id": "2D6cp3MJWb3N7rp9CRIsM6",
            "explicit": false,
            "album": "בין כל הבלוף",
            "release_date": "2017-11-14",
            "genres": [
                "israeli hip hop"
            ],
            "duration": 221341,
            "acousticness": 0.235,
            "danceability": 6.391,
            "instrumentalness": 0,
            "liveness": 0.295,
            "loudness": -4.607,
            "speechiness": 0.311,
            "time_signature": 4,
            "happiness": 9.504999999999999
        }
    },
    {
        "#": 35,
        "Track Title": "עוד פעם פעם",
        "Artist": "Hatikva 6",
        "Key": "9B",
        "Energy": 8.533,
        "Popularity": 1.0,
        "BPM": 85,
        "DJ Play Count": 0,
        "Rating": "*******",
        "My Tag": [
            "Israel [Loc], Israeli - Kibutz",
            "2010s",
            "Hip Hop",
            "Pop",
            "Israeli - Kibutz"
        ],
        "Additional Info": {
            "id": "3yed4yMlfYTJL8rMaas0uA",
            "explicit": false,
            "album": "הכי ישראלי",
            "release_date": "2015-01-14",
            "genres": [
                "israeli hip hop",
                "israeli pop"
            ],
            "duration": 192467,
            "acousticness": 0.464,
            "danceability": 5.824,
            "instrumentalness": 0,
            "liveness": 0.166,
            "loudness": -7.453,
            "speechiness": 0.0903,
            "time_signature": 4,
            "happiness": 6.832
        }
    },
    {
        "#": 36,
        "Track Title": "אור כחול",
        "Artist": "HaDorbanim",
        "Key": "10A",
        "Energy": 9.541,
        "Popularity": 3.6999999999999997,
        "BPM": 128,
        "DJ Play Count": 0,
        "Rating": "*******",
        "My Tag": [
            "Israel [Loc], Israeli - Kibutz",
            "2000s",
            "Pop",
            "Israeli - Kibutz",
            "Happy"
        ],
        "Additional Info": {
            "id": "7sWX9Gfvrsk1ZeQX9Wjgha",
            "explicit": false,
            "album": "קובי",
            "release_date": "2003-01-01",
            "genres": [
                "classic israeli pop",
                "israeli pop"
            ],
            "duration": 234440,
            "acousticness": 0.00927,
            "danceability": 6.661,
            "instrumentalness": 0.00685,
            "liveness": 0.107,
            "loudness": -7.302,
            "speechiness": 0.0581,
            "time_signature": 4,
            "happiness": 9.091000000000001
        }
    },
    {
        "#": 37,
        "Track Title": "הפינאלי",
        "Artist": "Subliminal, The Shadow",
        "Key": "3B",
        "Energy": 7.912,
        "Popularity": 4.51,
        "BPM": 98,
        "DJ Play Count": 0,
        "Rating": "*******",
        "My Tag": [
            "Israel [Loc], Israeli - Kibutz",
            "2000s",
            "Hip Hop",
            "Israeli - Kibutz",
            "Happy"
        ],
        "Additional Info": {
            "id": "4OiJyTSdbVnET1lCCxTHRA",
            "explicit": false,
            "album": "האור והצל",
            "release_date": "2002-01-01",
            "genres": [
                "israeli hip hop",
                "israeli hip hop"
            ],
            "duration": 248600,
            "acousticness": 0.0175,
            "danceability": 8.704,
            "instrumentalness": 0,
            "liveness": 0.747,
            "loudness": -4.639,
            "speechiness": 0.19,
            "time_signature": 4,
            "happiness": 9.568
        }
    },
    {
        "#": 38,
        "Track Title": "Chalom Shel Kol Gever",
        "Artist": "Subliminal, Gilad Vital",
        "Key": "11A",
        "Energy": 8.056000000000001,
        "Popularity": 1.0,
        "BPM": 93,
        "DJ Play Count": 0,
        "Rating": "*******",
        "My Tag": [
            "Israel [Loc], Israeli - Kibutz",
            "2010s",
            "Hip Hop",
            "Israeli - Kibutz",
            "Happy"
        ],
        "Additional Info": {
            "id": "4K3QsaS9Q2KJbRyfhQSikC",
            "explicit": false,
            "album": "Chalom Shel Kol Gever",
            "release_date": "2016-08-30",
            "genres": [
                "israeli hip hop"
            ],
            "duration": 229774,
            "acousticness": 0.0284,
            "danceability": 7.03,
            "instrumentalness": 0,
            "liveness": 0.0894,
            "loudness": -4.278,
            "speechiness": 0.0618,
            "time_signature": 4,
            "happiness": 7.921
        }
    },
    {
        "#": 39,
        "Track Title": "גולית",
        "Artist": "Kaveret",
        "Key": "11B",
        "Energy": 5.977,
        "Popularity": 1.0,
        "BPM": 102,
        "DJ Play Count": 0,
        "Rating": "*******",
        "My Tag": [
            "Israel [Loc], Israeli - Kibutz",
            "70s",
            "Happy"
        ],
        "Additional Info": {
            "id": "635kRov8rRCgVapiV4Nobt",
            "explicit": false,
            "album": "צפוף באוזן",
            "release_date": "1975-01-01",
            "genres": [
                "classic israeli pop",
                "israeli rock"
            ],
            "duration": 204000,
            "acousticness": 0.657,
            "danceability": 7.2909999999999995,
            "instrumentalness": 0,
            "liveness": 0.0811,
            "loudness": -9.563,
            "speechiness": 0.0285,
            "time_signature": 4,
            "happiness": 9.379000000000001
        }
    },
    {
        "#": 40,
        "Track Title": "לא חסר לי כלום",
        "Artist": "Avihu Pinhasov Rhythm Club",
        "Key": "1B",
        "Energy": 9.478,
        "Popularity": 1.0,
        "BPM": 114,
        "DJ Play Count": 0,
        "Rating": "*******",
        "My Tag": [
            "Israel [Loc], Israeli - Kibutz",
            "2010s",
            "Happy"
        ],
        "Additional Info": {
            "id": "6hW6qb8uPjDKo0sGorKcyp",
            "explicit": false,
            "album": "ימים יפים",
            "release_date": "2017-07-18",
            "genres": [
                "israeli rock"
            ],
            "duration": 206773,
            "acousticness": 0.114,
            "danceability": 7.84,
            "instrumentalness": 1.51e-05,
            "liveness": 0.356,
            "loudness": -3.421,
            "speechiness": 0.0613,
            "time_signature": 4,
            "happiness": 9.037
        }
    },
    {
        "#": 41,
        "Track Title": "Metzila Oti",
        "Artist": "Avihu Pinhasov Rhythm Club",
        "Key": "8A",
        "Energy": 8.839,
        "Popularity": 1.0,
        "BPM": 115,
        "DJ Play Count": 0,
        "Rating": "*******",
        "My Tag": [
            "Israel [Loc], Israeli - Kibutz",
            "2010s",
            "Happy"
        ],
        "Additional Info": {
            "id": "5vQDQkyS7NkHpK1TZdKnjU",
            "explicit": false,
            "album": "Moadon Ha'Ketzev Shel Avihu Pinhasov",
            "release_date": "2015-09-02",
            "genres": [
                "israeli rock"
            ],
            "duration": 232020,
            "acousticness": 0.0361,
            "danceability": 7.462,
            "instrumentalness": 0.00952,
            "liveness": 0.108,
            "loudness": -4.12,
            "speechiness": 0.0354,
            "time_signature": 4,
            "happiness": 7.849
        }
    },
    {
        "#": 42,
        "Track Title": "סע!",
        "Artist": "Hadag Nahash",
        "Key": "3A",
        "Energy": 8.379999999999999,
        "Popularity": 1.0,
        "BPM": 113,
        "DJ Play Count": 0,
        "Rating": "*******",
        "My Tag": [
            "Israel [Loc], Israeli - Kibutz",
            "2010s",
            "Hip Hop",
            "Israeli - Kibutz",
            "Happy"
        ],
        "Additional Info": {
            "id": "7wyZIcaNyagUPo78StFNtT",
            "explicit": false,
            "album": "וולקאם טו איזראל",
            "release_date": "2018-03-09",
            "genres": [
                "israeli hip hop",
                "jewish hip hop"
            ],
            "duration": 228117,
            "acousticness": 0.00708,
            "danceability": 8.460999999999999,
            "instrumentalness": 5.83e-06,
            "liveness": 0.134,
            "loudness": -4.78,
            "speechiness": 0.0685,
            "time_signature": 4,
            "happiness": 8.596
        }
    },
    {
        "#": 43,
        "Track Title": "נופל וקם",
        "Artist": "Shabak Samech",
        "Key": "4A",
        "Energy": 7.452999999999999,
        "Popularity": 1.0,
        "BPM": 102,
        "DJ Play Count": 0,
        "Rating": "*******",
        "My Tag": [
            "Israel [Loc], Israeli - Kibutz",
            "2000s",
            "Hip Hop",
            "Israeli - Kibutz"
        ],
        "Additional Info": {
            "id": "4sMo7UFmmg6knn8tqowxzl",
            "explicit": false,
            "album": "כנען 2000",
            "release_date": "2000-01-19",
            "genres": [
                "classic israeli pop",
                "israeli hip hop",
                "jewish hip hop"
            ],
            "duration": 237080,
            "acousticness": 0.125,
            "danceability": 6.751,
            "instrumentalness": 0,
            "liveness": 0.0813,
            "loudness": -6.584,
            "speechiness": 0.211,
            "time_signature": 4,
            "happiness": 4.078
        }
    },
    {
        "#": 44,
        "Track Title": "תתקעו בחצוצרה",
        "Artist": "Shabak Samech",
        "Key": "1A",
        "Energy": 8.731,
        "Popularity": 1.0,
        "BPM": 94,
        "DJ Play Count": 0,
        "Rating": "*******",
        "My Tag": [
            "Israel [Loc], Israeli - Kibutz",
            "90s",
            "Hip Hop",
            "Israeli - Kibutz",
            "Happy"
        ],
        "Additional Info": {
            "id": "6rlR4tu9JGBBFb8vXPOlSc",
            "explicit": false,
            "album": "בעטיפה של ממתק",
            "release_date": "1997-08-01",
            "genres": [
                "classic israeli pop",
                "israeli hip hop",
                "jewish hip hop"
            ],
            "duration": 254933,
            "acousticness": 0.0604,
            "danceability": 7.705,
            "instrumentalness": 0,
            "liveness": 0.0904,
            "loudness": -4.641,
            "speechiness": 0.235,
            "time_signature": 4,
            "happiness": 7.822
        }
    },
    {
        "#": 45,
        "Track Title": "יהיה פיצוץ",
        "Artist": "Shabak Samech",
        "Key": "9B",
        "Energy": 8.92,
        "Popularity": 1.0,
        "BPM": 110,
        "DJ Play Count": 0,
        "Rating": "*******",
        "My Tag": [
            "Israel [Loc], Israeli - Kibutz",
            "90s",
            "Hip Hop",
            "Israeli - Kibutz"
        ],
        "Additional Info": {
            "id": "4QluXgDPX1letoye7E213R",
            "explicit": false,
            "album": "בעטיפה של ממתק",
            "release_date": "1997-08-01",
            "genres": [
                "classic israeli pop",
                "israeli hip hop",
                "jewish hip hop"
            ],
            "duration": 294867,
            "acousticness": 0.0685,
            "danceability": 7.048,
            "instrumentalness": 0,
            "liveness": 0.343,
            "loudness": -5.286,
            "speechiness": 0.0693,
            "time_signature": 4,
            "happiness": 6.0040000000000004
        }
    },
    {
        "#": 46,
        "Track Title": "עוד לא אהבתי די",
        "Artist": "Yehoram Gaon",
        "Key": "7A",
        "Energy": 8.299,
        "Popularity": 4.6899999999999995,
        "BPM": 133,
        "DJ Play Count": 0,
        "Rating": "*******",
        "My Tag": [
            "Israel [Loc], Israeli - Kibutz",
            "70s",
            "Happy"
        ],
        "Additional Info": {
            "id": "4rTv0SJDW0lb2Pmpt38U9X",
            "explicit": false,
            "album": "עוד לא אהבתי די",
            "release_date": "1977-12-01",
            "genres": [
                "classic israeli pop",
                "sefardi"
            ],
            "duration": 156027,
            "acousticness": 0.399,
            "danceability": 5.851,
            "instrumentalness": 0,
            "liveness": 0.0646,
            "loudness": -7.737,
            "speechiness": 0.0493,
            "time_signature": 4,
            "happiness": 8.748999999999999
        }
    },
    {
        "#": 47,
        "Track Title": "הכי ישראלי",
        "Artist": "Hatikva 6",
        "Key": "4B",
        "Energy": 8.965,
        "Popularity": 1.0,
        "BPM": 100,
        "DJ Play Count": 0,
        "Rating": "*******",
        "My Tag": [
            "Israel [Loc], Israeli - Kibutz",
            "2010s",
            "Hip Hop",
            "Pop",
            "Israeli - Kibutz",
            "Happy"
        ],
        "Additional Info": {
            "id": "7EgueHx1wWli6vSLejujZ2",
            "explicit": false,
            "album": "הכי ישראלי",
            "release_date": "2015-01-14",
            "genres": [
                "israeli hip hop",
                "israeli pop"
            ],
            "duration": 173893,
            "acousticness": 0.149,
            "danceability": 7.777,
            "instrumentalness": 0,
            "liveness": 0.171,
            "loudness": -4.828,
            "speechiness": 0.0557,
            "time_signature": 4,
            "happiness": 8.677
        }
    },
    {
        "#": 48,
        "Track Title": "אם את בעניין",
        "Artist": "Malca Baya",
        "Key": "2B",
        "Energy": 9.01,
        "Popularity": 4.6,
        "BPM": 97,
        "DJ Play Count": 0,
        "Rating": "*******",
        "My Tag": [
            "Israel [Loc], Israeli - Kibutz",
            "2000s",
            "Happy"
        ],
        "Additional Info": {
            "id": "0mQ59w7dTLyMBjxYb68SbT",
            "explicit": false,
            "album": "שונה מבפנים",
            "release_date": "2008-01-01",
            "genres": [],
            "duration": 231893,
            "acousticness": 0.252,
            "danceability": 6.805,
            "instrumentalness": 0,
            "liveness": 0.658,
            "loudness": -5.832,
            "speechiness": 0.0555,
            "time_signature": 4,
            "happiness": 8.866
        }
    },
    {
        "#": 49,
        "Track Title": "נחמה",
        "Artist": "Berry Sakharof",
        "Key": "11A",
        "Energy": 8.92,
        "Popularity": 3.0700000000000003,
        "BPM": 91,
        "DJ Play Count": 0,
        "Rating": "*******",
        "My Tag": [
            "Israel [Loc], Israeli - Kibutz",
            "2010s",
            "Happy"
        ],
        "Additional Info": {
            "id": "1CucDGxWVnTb2S8xqqpOAA",
            "explicit": false,
            "album": "אתה נמצא כאן",
            "release_date": "2011-04-11",
            "genres": [
                "classic israeli pop",
                "israeli rock"
            ],
            "duration": 241147,
            "acousticness": 0.00243,
            "danceability": 4.6899999999999995,
            "instrumentalness": 0.00721,
            "liveness": 0.107,
            "loudness": -7.238,
            "speechiness": 0.0332,
            "time_signature": 4,
            "happiness": 9.19
        }
    },
    {
        "#": 50,
        "Track Title": "ב.מ.וו. שחורה",
        "Artist": "Ethnix",
        "Key": "11A",
        "Energy": 8.902000000000001,
        "Popularity": 4.6,
        "BPM": 97,
        "DJ Play Count": 0,
        "Rating": "*******",
        "My Tag": [
            "Israel [Loc], Israeli - Kibutz",
            "90s",
            "Mizrahit",
            "Happy"
        ],
        "Additional Info": {
            "id": "4iTXVDvJIcFtSqvshO4JPA",
            "explicit": false,
            "album": "ברוכים הבאים לישראל",
            "release_date": "1998-01-01",
            "genres": [
                "classic israeli pop",
                "mizrahi"
            ],
            "duration": 210867,
            "acousticness": 0.0849,
            "danceability": 7.4079999999999995,
            "instrumentalness": 4.5e-05,
            "liveness": 0.0392,
            "loudness": -5.308,
            "speechiness": 0.0336,
            "time_signature": 4,
            "happiness": 9.783999999999999
        }
    },
    {
        "#": 51,
        "Track Title": "לא רוצה להתבגר - בהופעה",
        "Artist": "Mooki",
        "Key": "9B",
        "Energy": 8.587,
        "Popularity": 1.45,
        "BPM": 92,
        "DJ Play Count": 0,
        "Rating": "*******",
        "My Tag": [
            "Israel [Loc], Israeli - Kibutz",
            "2010s",
            "Pop",
            "Israeli - Kibutz"
        ],
        "Additional Info": {
            "id": "4gzYuIJg95ZAAdxaMuf3Jn",
            "explicit": false,
            "album": "ילד של אבא - ההופעה",
            "release_date": "2015-01-01",
            "genres": [
                "israeli pop"
            ],
            "duration": 183840,
            "acousticness": 0.0743,
            "danceability": 5.68,
            "instrumentalness": 0.000117,
            "liveness": 0.711,
            "loudness": -6.652,
            "speechiness": 0.0948,
            "time_signature": 4,
            "happiness": 4.33
        }
    },
    {
        "#": 52,
        "Track Title": "מה אתה רוצה",
        "Artist": "Ella Lee",
        "Key": "2B",
        "Energy": 7.021000000000001,
        "Popularity": 4.51,
        "BPM": 115,
        "DJ Play Count": 0,
        "Rating": "*******",
        "My Tag": [
            "Israel [Loc], Israeli - Kibutz",
            "2020s",
            "Pop",
            "Israeli - Kibutz"
        ],
        "Additional Info": {
            "id": "1inqeo4qN7t9nSPiwZtR82",
            "explicit": false,
            "album": "מה אתה רוצה",
            "release_date": "2020-11-15",
            "genres": [
                "israeli pop"
            ],
            "duration": 146087,
            "acousticness": 0.0685,
            "danceability": 7.2459999999999996,
            "instrumentalness": 0,
            "liveness": 0.114,
            "loudness": -6.722,
            "speechiness": 0.0385,
            "time_signature": 4,
            "happiness": 6.562
        }
    },
    {
        "#": 53,
        "Track Title": "שוב הדיסקו כאן",
        "Artist": "HaDorbanim",
        "Key": "11A",
        "Energy": 8.344,
        "Popularity": 4.6,
        "BPM": 125,
        "DJ Play Count": 0,
        "Rating": "*******",
        "My Tag": [
            "Israel [Loc], Israeli - Kibutz",
            "90s",
            "Pop",
            "Israeli - Kibutz",
            "Happy"
        ],
        "Additional Info": {
            "id": "38QKuiVmnUxHsdApClgzwX",
            "explicit": false,
            "album": "שוב הדיסקו כאן",
            "release_date": "1999-08-20",
            "genres": [
                "classic israeli pop",
                "israeli pop"
            ],
            "duration": 200653,
            "acousticness": 0.016,
            "danceability": 7.372,
            "instrumentalness": 3.67e-05,
            "liveness": 0.116,
            "loudness": -6.293,
            "speechiness": 0.0366,
            "time_signature": 4,
            "happiness": 9.658
        }
    },
    {
        "#": 54,
        "Track Title": "מוסיקה (מעלה מעלה)",
        "Artist": "Svika Pick",
        "Key": "12B",
        "Energy": 8.983,
        "Popularity": 3.97,
        "BPM": 147,
        "DJ Play Count": 0,
        "Rating": "*******",
        "My Tag": [
            "Israel [Loc], Israeli - Kibutz",
            "70s",
            "Happy"
        ],
        "Additional Info": {
            "id": "2wg5c9Q09bKqiM4TSKNxgl",
            "explicit": false,
            "album": "מוסיקה",
            "release_date": "1978-12-01",
            "genres": [
                "classic israeli pop"
            ],
            "duration": 258173,
            "acousticness": 0.254,
            "danceability": 6.049,
            "instrumentalness": 8.29e-06,
            "liveness": 0.039,
            "loudness": -8.088,
            "speechiness": 0.103,
            "time_signature": 4,
            "happiness": 7.894
        }
    },
    {
        "#": 55,
        "Track Title": "הוא",
        "Artist": "Shotei Hanevuah, Izabo",
        "Key": "5B",
        "Energy": 8.649999999999999,
        "Popularity": 3.34,
        "BPM": 123,
        "DJ Play Count": 0,
        "Rating": "*******",
        "My Tag": [
            "Israel [Loc], Israeli - Kibutz",
            "2000s",
            "Pop",
            "Israeli - Kibutz"
        ],
        "Additional Info": {
            "id": "2ZfANkn3Vu2R7WZ3d36Oau",
            "explicit": false,
            "album": "הוא",
            "release_date": "2005-08-01",
            "genres": [
                "classic israeli pop",
                "israeli pop"
            ],
            "duration": 262200,
            "acousticness": 0.00155,
            "danceability": 5.1850000000000005,
            "instrumentalness": 0.000142,
            "liveness": 0.225,
            "loudness": -5.051,
            "speechiness": 0.0405,
            "time_signature": 3,
            "happiness": 3.97
        }
    },
    {
        "#": 56,
        "Track Title": "ילדה סוכר",
        "Artist": "Mooki",
        "Key": "12A",
        "Energy": 8.983,
        "Popularity": 5.2299999999999995,
        "BPM": 112,
        "DJ Play Count": 0,
        "Rating": "*******",
        "My Tag": [
            "Israel [Loc], Israeli - Kibutz",
            "2000s",
            "Pop",
            "Israeli - Kibutz",
            "Happy"
        ],
        "Additional Info": {
            "id": "2SQ8W42gMWWlS68x3LjWxz",
            "explicit": false,
            "album": "שמע ישראל",
            "release_date": "2002-01-01",
            "genres": [
                "israeli pop"
            ],
            "duration": 166973,
            "acousticness": 0.00442,
            "danceability": 7.282,
            "instrumentalness": 0.000438,
            "liveness": 0.145,
            "loudness": -3.586,
            "speechiness": 0.0347,
            "time_signature": 4,
            "happiness": 7.804
        }
    },
    {
        "#": 57,
        "Track Title": "ביום ובלילה",
        "Artist": "Mercedes Band",
        "Key": "8B",
        "Energy": 7.102,
        "Popularity": 4.96,
        "BPM": 123,
        "DJ Play Count": 0,
        "Rating": "*******",
        "My Tag": [
            "Israel [Loc], Israeli - Kibutz",
            "2010s",
            "Happy"
        ],
        "Additional Info": {
            "id": "5yyLXe6hDeU42b0LMk5yg1",
            "explicit": false,
            "album": "ביום ובלילה",
            "release_date": "2013-05-07",
            "genres": [
                "israeli rock"
            ],
            "duration": 208524,
            "acousticness": 0.000187,
            "danceability": 6.769,
            "instrumentalness": 0,
            "liveness": 0.121,
            "loudness": -8.925,
            "speechiness": 0.041,
            "time_signature": 4,
            "happiness": 7.138000000000001
        }
    },
    {
        "#": 58,
        "Track Title": "זוט עני",
        "Artist": "Ella Lee",
        "Key": "4A",
        "Energy": 5.878,
        "Popularity": 4.779999999999999,
        "BPM": 138,
        "DJ Play Count": 0,
        "Rating": "*******",
        "My Tag": [
            "Israel [Loc], Israeli - Kibutz",
            "2020s",
            "Pop",
            "Israeli - Kibutz",
            "Happy"
        ],
        "Additional Info": {
            "id": "0mFGPNg7pok4XH8hHwE24x",
            "explicit": false,
            "album": "זוט עני",
            "release_date": "2020-06-02",
            "genres": [
                "israeli pop"
            ],
            "duration": 178913,
            "acousticness": 0.0554,
            "danceability": 8.326,
            "instrumentalness": 0.000151,
            "liveness": 0.0689,
            "loudness": -5.68,
            "speechiness": 0.0602,
            "time_signature": 4,
            "happiness": 9.046
        }
    },
    {
        "#": 59,
        "Track Title": "וואלק",
        "Artist": "Full Trunk",
        "Key": "5A",
        "Energy": 7.876,
        "Popularity": 5.32,
        "BPM": 92,
        "DJ Play Count": 0,
        "Rating": "*******",
        "My Tag": [
            "Israel [Loc], Israeli - Kibutz",
            "2020s",
            "Happy"
        ],
        "Additional Info": {
            "id": "3MU69FMOB5ddPCMSo1f0g7",
            "explicit": false,
            "album": "ממותה",
            "release_date": "2022-02-11",
            "genres": [
                "israeli rock"
            ],
            "duration": 174955,
            "acousticness": 0.102,
            "danceability": 8.038,
            "instrumentalness": 0,
            "liveness": 0.515,
            "loudness": -7.984,
            "speechiness": 0.081,
            "time_signature": 4,
            "happiness": 7.777
        }
    },
    {
        "#": 60,
        "Track Title": "שוז",
        "Artist": "Nunu",
        "Key": "3B",
        "Energy": 6.040000000000001,
        "Popularity": 3.88,
        "BPM": 90,
        "DJ Play Count": 0,
        "Rating": "*******",
        "My Tag": [
            "Israel [Loc], Israeli - Kibutz",
            "2020s",
            "Hip Hop",
            "Israeli - Kibutz",
            "Happy"
        ],
        "Additional Info": {
            "id": "7K7dClYkVsAJAYAwNxnopE",
            "explicit": false,
            "album": "סטטוס",
            "release_date": "2022-07-18",
            "genres": [
                "israeli hip hop"
            ],
            "duration": 160000,
            "acousticness": 0.00654,
            "danceability": 8.649999999999999,
            "instrumentalness": 7.7e-05,
            "liveness": 0.0514,
            "loudness": -9.698,
            "speechiness": 0.229,
            "time_signature": 4,
            "happiness": 7.894
        }
    },
    {
        "#": 61,
        "Track Title": "טכנו וג'ין",
        "Artist": "Ido Shoam",
        "Key": "5B",
        "Energy": 8.92,
        "Popularity": 4.42,
        "BPM": 124,
        "DJ Play Count": 0,
        "Rating": "*******",
        "My Tag": [
            "Israel [Loc], Israeli - Kibutz",
            "2020s",
            "Happy"
        ],
        "Additional Info": {
            "id": "6gjSc23orWgRsZDEPkr5tt",
            "explicit": false,
            "album": "טכנו וג'ין",
            "release_date": "2021-08-04",
            "genres": [],
            "duration": 144919,
            "acousticness": 0.0382,
            "danceability": 7.723,
            "instrumentalness": 0.0413,
            "liveness": 0.0689,
            "loudness": -6.936,
            "speechiness": 0.112,
            "time_signature": 4,
            "happiness": 7.777
        }
    },
    {
        "#": 62,
        "Track Title": "חגיגה",
        "Artist": "Sarit Hadad",
        "Key": "7A",
        "Energy": 8.847999999999999,
        "Popularity": 4.0600000000000005,
        "BPM": 125,
        "DJ Play Count": 0,
        "Rating": "*******",
        "My Tag": [
            "Israel [Loc], Israeli - Kibutz",
            "2000s",
            "Mizrahit",
            "Pop",
            "Israeli - Kibutz",
            "Happy"
        ],
        "Additional Info": {
            "id": "1Ai1FfRefEJr2GTbDaJmnb",
            "explicit": false,
            "album": "חגיגה",
            "release_date": "2004-07-28",
            "genres": [
                "festigal",
                "israeli mediterranean",
                "israeli pop",
                "mizrahi"
            ],
            "duration": 253013,
            "acousticness": 0.185,
            "danceability": 7.552,
            "instrumentalness": 0,
            "liveness": 0.181,
            "loudness": -3.771,
            "speechiness": 0.0493,
            "time_signature": 4,
            "happiness": 7.957
        }
    },
    {
        "#": 63,
        "Track Title": "הסוד",
        "Artist": "Sarit Hadad, Subliminal, The Shadow",
        "Key": "12A",
        "Energy": 9.001,
        "Popularity": 1.0,
        "BPM": 100,
        "DJ Play Count": 0,
        "Rating": "*******",
        "My Tag": [
            "Israel [Loc], Israeli - Kibutz",
            "2000s",
            "Mizrahit",
            "Pop",
            "Israeli - Kibutz",
            "Hip Hop"
        ],
        "Additional Info": {
            "id": "6eCqIaPfJYh8yAWuRbHM85",
            "explicit": false,
            "album": "חגיגה",
            "release_date": "2004-07-28",
            "genres": [
                "festigal",
                "israeli mediterranean",
                "israeli pop",
                "mizrahi",
                "israeli hip hop",
                "israeli hip hop"
            ],
            "duration": 280333,
            "acousticness": 0.0586,
            "danceability": 8.056000000000001,
            "instrumentalness": 0,
            "liveness": 0.142,
            "loudness": -4.175,
            "speechiness": 0.0777,
            "time_signature": 4,
            "happiness": 5.797000000000001
        }
    }
]