[
    {
        "#": 1,
        "Track Title": "Make You Feel My Love",
        "Artist": "Adele",
        "Key": "6B",
        "Energy": 2.548,
        "Popularity": 7.84,
        "BPM": 65,
        "DJ Play Count": 0,
        "Rating": "*******",
        "My Tag": [
            "Wedding, Romantic & Slow Dance",
            "2000s",
            "Romantic & Slow Dance",
            "Pop",
            "Mad",
            "Calm"
        ],
        "Additional Info": {
            "id": "5FgPwJ7Nh2FVmIXviKl2VF",
            "explicit": false,
            "album": "19",
            "release_date": "2008-01-28",
            "genres": [
                "british soul",
                "pop",
                "pop soul",
                "uk pop"
            ],
            "duration": 212040,
            "acousticness": 0.907,
            "danceability": 3.853,
            "instrumentalness": 0.000383,
            "liveness": 0.105,
            "loudness": -10.636,
            "speechiness": 0.0326,
            "time_signature": 3,
            "happiness": 1.8667
        }
    },
    {
        "#": 2,
        "Track Title": "Colors",
        "Artist": "Langhorne Slim",
        "Key": "4B",
        "Energy": 3.4480000000000004,
        "Popularity": 3.97,
        "BPM": 88,
        "DJ Play Count": 0,
        "Rating": "*******",
        "My Tag": [
            "Wedding, Romantic & Slow Dance",
            "2020s",
            "Nostalgic"
        ],
        "Additional Info": {
            "id": "3TLDjitfkg0QaHwpgmwOqY",
            "explicit": false,
            "album": "Colors",
            "release_date": "2021-01-07",
            "genres": [
                "anti-folk",
                "indie folk",
                "modern folk rock",
                "new americana",
                "stomp and holler"
            ],
            "duration": 114267,
            "acousticness": 0.942,
            "danceability": 4.114,
            "instrumentalness": 0.0109,
            "liveness": 0.239,
            "loudness": -11.913,
            "speechiness": 0.0305,
            "time_signature": 3,
            "happiness": 5.878
        }
    },
    {
        "#": 3,
        "Track Title": "Lady May",
        "Artist": "Tyler Childers",
        "Key": "5B",
        "Energy": 2.44,
        "Popularity": 8.2,
        "BPM": 81,
        "DJ Play Count": 0,
        "Rating": "*******",
        "My Tag": [
            "Wedding, Romantic & Slow Dance",
            "2010s"
        ],
        "Additional Info": {
            "id": "3t5OV1asJHmOlf23T08CLv",
            "explicit": false,
            "album": "Purgatory",
            "release_date": "2017-08-04",
            "genres": [
                "kentucky indie",
                "kentucky roots",
                "outlaw country"
            ],
            "duration": 183533,
            "acousticness": 0.881,
            "danceability": 5.851,
            "instrumentalness": 0.000268,
            "liveness": 0.105,
            "loudness": -13.285,
            "speechiness": 0.0329,
            "time_signature": 4,
            "happiness": 3.898
        }
    },
    {
        "#": 4,
        "Track Title": "Until I Found You (with Em Beihold) - Em Beihold Version",
        "Artist": "Stephen Sanchez, Em Beihold",
        "Key": "6B",
        "Energy": 5.95,
        "Popularity": 9.370000000000001,
        "BPM": 101,
        "DJ Play Count": 0,
        "Rating": "*******",
        "My Tag": [
            "Wedding, Romantic & Slow Dance",
            "2020s",
            "Rock",
            "Mad"
        ],
        "Additional Info": {
            "id": "1Y3LN4zO1Edc2EluIoSPJN",
            "explicit": false,
            "album": "Until I Found You (Em Beihold Version)",
            "release_date": "2022-04-22",
            "genres": [
                "gen z singer-songwriter",
                "alt z",
                "gen z singer-songwriter"
            ],
            "duration": 176440,
            "acousticness": 0.777,
            "danceability": 5.9590000000000005,
            "instrumentalness": 0,
            "liveness": 0.202,
            "loudness": -5.339,
            "speechiness": 0.0286,
            "time_signature": 3,
            "happiness": 4.078
        }
    },
    {
        "#": 5,
        "Track Title": "10,000 Hours (with Justin Bieber) - Piano",
        "Artist": "Dan + Shay, Justin Bieber",
        "Key": "6B",
        "Energy": 4.2940000000000005,
        "Popularity": 6.49,
        "BPM": 90,
        "DJ Play Count": 0,
        "Rating": "*******",
        "My Tag": [
            "Wedding, Romantic & Slow Dance",
            "2010s",
            "Pop",
            "Nostalgic"
        ],
        "Additional Info": {
            "id": "6HjF1gzVEZMb4GplnGl9B3",
            "explicit": false,
            "album": "10,000 Hours (with Justin Bieber) [Piano]",
            "release_date": "2019-11-27",
            "genres": [
                "contemporary country",
                "country",
                "country road",
                "canadian pop",
                "pop"
            ],
            "duration": 172320,
            "acousticness": 0.765,
            "danceability": 4.834,
            "instrumentalness": 0,
            "liveness": 0.117,
            "loudness": -6.514,
            "speechiness": 0.0312,
            "time_signature": 4,
            "happiness": 4.474
        }
    },
    {
        "#": 6,
        "Track Title": "Where You Are - Acoustic",
        "Artist": "Tenille Townes",
        "Key": "10B",
        "Energy": 2.566,
        "Popularity": 5.95,
        "BPM": 81,
        "DJ Play Count": 0,
        "Rating": "*******",
        "My Tag": [
            "Wedding, Romantic & Slow Dance",
            "2010s",
            "Pop",
            "Nostalgic",
            "Mad",
            "Calm"
        ],
        "Additional Info": {
            "id": "4OrDWRw53W0rp1Lps64OFb",
            "explicit": false,
            "album": "Living Room Worktapes",
            "release_date": "2018-04-13",
            "genres": [
                "alberta country",
                "contemporary country",
                "country pop"
            ],
            "duration": 243898,
            "acousticness": 0.614,
            "danceability": 4.492,
            "instrumentalness": 0,
            "liveness": 0.12,
            "loudness": -14.765,
            "speechiness": 0.0323,
            "time_signature": 4,
            "happiness": 2.917
        }
    },
    {
        "#": 7,
        "Track Title": "If I Should Fall Behind",
        "Artist": "Bruce Springsteen",
        "Key": "10B",
        "Energy": 2.989,
        "Popularity": 6.13,
        "BPM": 113,
        "DJ Play Count": 0,
        "Rating": "*******",
        "My Tag": [
            "Wedding, Romantic & Slow Dance",
            "90s",
            "Inspiring",
            "Calm",
            "Rock",
            "Nostalgic"
        ],
        "Additional Info": {
            "id": "2mOGLiSTUeki1l9t1BBNRQ",
            "explicit": false,
            "album": "Lucky Town",
            "release_date": "1992-03-31",
            "genres": [
                "heartland rock",
                "mellow gold",
                "permanent wave",
                "rock",
                "singer-songwriter"
            ],
            "duration": 177733,
            "acousticness": 0.22,
            "danceability": 7.452999999999999,
            "instrumentalness": 2.17e-05,
            "liveness": 0.119,
            "loudness": -14.935,
            "speechiness": 0.0327,
            "time_signature": 4,
            "happiness": 3.781
        }
    },
    {
        "#": 8,
        "Track Title": "I Belong to You",
        "Artist": "Brandi Carlile",
        "Key": "1B",
        "Energy": 3.691,
        "Popularity": 4.779999999999999,
        "BPM": 112,
        "DJ Play Count": 0,
        "Rating": "*******",
        "My Tag": [
            "Wedding, Romantic & Slow Dance",
            "2010s",
            "Calm",
            "Girl Power",
            "Nostalgic",
            "Pop"
        ],
        "Additional Info": {
            "id": "1g3ZcTXYefhBrsNwTitiFL",
            "explicit": false,
            "album": "The Firewatcher's Daughter",
            "release_date": "2015-03-06",
            "genres": [
                "acoustic pop",
                "ectofolk",
                "folk",
                "indie folk",
                "lilith",
                "modern folk rock",
                "new americana"
            ],
            "duration": 270962,
            "acousticness": 0.933,
            "danceability": 4.7620000000000005,
            "instrumentalness": 0.000215,
            "liveness": 0.111,
            "loudness": -10.791,
            "speechiness": 0.0369,
            "time_signature": 4,
            "happiness": 4.87
        }
    },
    {
        "#": 9,
        "Track Title": "Starting Over",
        "Artist": "Chris Stapleton",
        "Key": "6B",
        "Energy": 5.8420000000000005,
        "Popularity": 7.93,
        "BPM": 89,
        "DJ Play Count": 0,
        "Rating": "*******",
        "My Tag": [
            "Wedding, Romantic & Slow Dance",
            "2020s",
            "Nostalgic"
        ],
        "Additional Info": {
            "id": "3K07bGe8iljQ3mOKArHLDo",
            "explicit": false,
            "album": "Starting Over",
            "release_date": "2020-11-13",
            "genres": [
                "contemporary country",
                "outlaw country"
            ],
            "duration": 240413,
            "acousticness": 0.452,
            "danceability": 6.742,
            "instrumentalness": 0.000415,
            "liveness": 0.0695,
            "loudness": -8.445,
            "speechiness": 0.0315,
            "time_signature": 4,
            "happiness": 3.862
        }
    },
    {
        "#": 10,
        "Track Title": "Thinking out Loud",
        "Artist": "Ed Sheeran",
        "Key": "10B",
        "Energy": 5.005,
        "Popularity": 8.74,
        "BPM": 79,
        "DJ Play Count": 0,
        "Rating": "*******",
        "My Tag": [
            "Wedding, Romantic & Slow Dance",
            "2010s",
            "Pop"
        ],
        "Additional Info": {
            "id": "34gCuhDGsG4bRPIf9bb02f",
            "explicit": false,
            "album": "x (Deluxe Edition)",
            "release_date": "2014-06-21",
            "genres": [
                "pop",
                "uk pop"
            ],
            "duration": 281560,
            "acousticness": 0.474,
            "danceability": 8.029,
            "instrumentalness": 0,
            "liveness": 0.184,
            "loudness": -6.061,
            "speechiness": 0.0295,
            "time_signature": 4,
            "happiness": 6.319
        }
    },
    {
        "#": 11,
        "Track Title": "Kiss Me",
        "Artist": "Sixpence None The Richer",
        "Key": "5B",
        "Energy": 7.741,
        "Popularity": 8.290000000000001,
        "BPM": 100,
        "DJ Play Count": 0,
        "Rating": "*******",
        "My Tag": [
            "Wedding, Romantic & Slow Dance",
            "90s",
            "Calm",
            "Girl Power",
            "Rock",
            "Pop"
        ],
        "Additional Info": {
            "id": "754kgU5rWscRTfvlsuEwFp",
            "explicit": false,
            "album": "Sixpence None the Richer",
            "release_date": "1997-11-22",
            "genres": [
                "lilith",
                "pop rock"
            ],
            "duration": 208680,
            "acousticness": 0.023,
            "danceability": 5.734,
            "instrumentalness": 1.76e-06,
            "liveness": 0.0692,
            "loudness": -6.964,
            "speechiness": 0.0283,
            "time_signature": 4,
            "happiness": 4.789
        }
    },
    {
        "#": 12,
        "Track Title": "Crazy Love - 2013 Remaster",
        "Artist": "Van Morrison",
        "Key": "11B",
        "Energy": 2.692,
        "Popularity": 7.3,
        "BPM": 77,
        "DJ Play Count": 0,
        "Rating": "*******",
        "My Tag": [
            "Wedding, Romantic & Slow Dance",
            "70s",
            "Inspiring",
            "Calm",
            "Rock",
            "Nostalgic"
        ],
        "Additional Info": {
            "id": "2hjAc6x8EoSLhGxRNg8KEw",
            "explicit": false,
            "album": "Moondance (Expanded Edition)",
            "release_date": "1970-02",
            "genres": [
                "classic rock",
                "folk",
                "folk rock",
                "heartland rock",
                "mellow gold",
                "rock",
                "singer-songwriter",
                "soft rock"
            ],
            "duration": 155453,
            "acousticness": 0.841,
            "danceability": 6.175,
            "instrumentalness": 4.37e-05,
            "liveness": 0.228,
            "loudness": -18.758,
            "speechiness": 0.0959,
            "time_signature": 4,
            "happiness": 4.006
        }
    },
    {
        "#": 13,
        "Track Title": "Dance With Me",
        "Artist": "Phillip Phillips",
        "Key": "8B",
        "Energy": 5.527,
        "Popularity": 4.779999999999999,
        "BPM": 78,
        "DJ Play Count": 0,
        "Rating": "*******",
        "My Tag": [
            "Wedding, Romantic & Slow Dance",
            "2010s",
            "Calm",
            "Nostalgic",
            "Rock",
            "Pop"
        ],
        "Additional Info": {
            "id": "5EUIHvrj3CNWzhWp8wuHh1",
            "explicit": false,
            "album": "Collateral",
            "release_date": "2018-01-19",
            "genres": [
                "folk-pop",
                "neo mellow",
                "pop rock"
            ],
            "duration": 218757,
            "acousticness": 0.133,
            "danceability": 5.247999999999999,
            "instrumentalness": 0.00022,
            "liveness": 0.0883,
            "loudness": -9.244,
            "speechiness": 0.0375,
            "time_signature": 4,
            "happiness": 2.971
        }
    },
    {
        "#": 14,
        "Track Title": "You Are the Best Thing",
        "Artist": "Ray LaMontagne",
        "Key": "6B",
        "Energy": 7.543,
        "Popularity": 7.209999999999999,
        "BPM": 85,
        "DJ Play Count": 0,
        "Rating": "*******",
        "My Tag": [
            "Wedding, Romantic & Slow Dance",
            "2000s",
            "Calm",
            "Pop",
            "Happy"
        ],
        "Additional Info": {
            "id": "1jyddn36UN4tVsJGtaJfem",
            "explicit": false,
            "album": "Gossip In The Grain",
            "release_date": "2008-10-13",
            "genres": [
                "acoustic pop",
                "indie folk",
                "neo mellow",
                "stomp and holler"
            ],
            "duration": 231840,
            "acousticness": 0.0304,
            "danceability": 6.202,
            "instrumentalness": 1.99e-05,
            "liveness": 0.172,
            "loudness": -4.872,
            "speechiness": 0.0332,
            "time_signature": 4,
            "happiness": 8.965
        }
    },
    {
        "#": 15,
        "Track Title": "Forget Me Not",
        "Artist": "The Civil Wars",
        "Key": "12B",
        "Energy": 4.069000000000001,
        "Popularity": 3.97,
        "BPM": 99,
        "DJ Play Count": 0,
        "Rating": "*******",
        "My Tag": [
            "Wedding, Romantic & Slow Dance",
            "2010s",
            "Calm",
            "Pop"
        ],
        "Additional Info": {
            "id": "303LiHMmA7dgOvDDQ6AR6d",
            "explicit": false,
            "album": "Barton Hollow",
            "release_date": "2011-02-01",
            "genres": [
                "acoustic pop",
                "indie folk",
                "neo mellow",
                "new americana",
                "stomp and holler"
            ],
            "duration": 176720,
            "acousticness": 0.758,
            "danceability": 4.474,
            "instrumentalness": 0,
            "liveness": 0.152,
            "loudness": -9.462,
            "speechiness": 0.0279,
            "time_signature": 3,
            "happiness": 3.079
        }
    },
    {
        "#": 16,
        "Track Title": "Only Love",
        "Artist": "Ben Howard",
        "Key": "4B",
        "Energy": 5.365,
        "Popularity": 7.4799999999999995,
        "BPM": 80,
        "DJ Play Count": 0,
        "Rating": "*******",
        "My Tag": [
            "Wedding, Romantic & Slow Dance",
            "2010s",
            "Nostalgic",
            "Pop"
        ],
        "Additional Info": {
            "id": "2uhEKg8kIzpdvz4gyy6x8W",
            "explicit": false,
            "album": "Every Kingdom",
            "release_date": "2011-01-01",
            "genres": [
                "british singer-songwriter",
                "folk-pop"
            ],
            "duration": 249173,
            "acousticness": 0.3,
            "danceability": 5.905,
            "instrumentalness": 0.00137,
            "liveness": 0.119,
            "loudness": -9.941,
            "speechiness": 0.151,
            "time_signature": 4,
            "happiness": 4.069000000000001
        }
    },
    {
        "#": 17,
        "Track Title": "Wedding Ring",
        "Artist": "Glen Hansard",
        "Key": "12B",
        "Energy": 4.465,
        "Popularity": 4.6899999999999995,
        "BPM": 149,
        "DJ Play Count": 0,
        "Rating": "*******",
        "My Tag": [
            "Wedding, Romantic & Slow Dance",
            "2010s"
        ],
        "Additional Info": {
            "id": "2awnpGOj6Go2RuTNuATyaT",
            "explicit": false,
            "album": "Didn't He Ramble",
            "release_date": "2015-09-18",
            "genres": [
                "irish rock",
                "irish singer-songwriter",
                "melancholia"
            ],
            "duration": 287333,
            "acousticness": 0.62,
            "danceability": 5.329,
            "instrumentalness": 0.117,
            "liveness": 0.114,
            "loudness": -12.981,
            "speechiness": 0.0458,
            "time_signature": 3,
            "happiness": 4.2669999999999995
        }
    },
    {
        "#": 18,
        "Track Title": "I Will Follow You into the Dark",
        "Artist": "Death Cab for Cutie",
        "Key": "7B",
        "Energy": 2.854,
        "Popularity": 7.12,
        "BPM": 80,
        "DJ Play Count": 0,
        "Rating": "*******",
        "My Tag": [
            "Wedding, Romantic & Slow Dance",
            "2000s",
            "Inspiring",
            "EDM",
            "Rock"
        ],
        "Additional Info": {
            "id": "3kZC0ZmFWrEHdUCmUqlvgZ",
            "explicit": false,
            "album": "Plans",
            "release_date": "2005-08-29",
            "genres": [
                "alternative rock",
                "chamber pop",
                "indie rock",
                "indietronica",
                "modern rock",
                "seattle indie",
                "washington indie"
            ],
            "duration": 189187,
            "acousticness": 0.924,
            "danceability": 5.6530000000000005,
            "instrumentalness": 0,
            "liveness": 0.118,
            "loudness": -12.233,
            "speechiness": 0.0421,
            "time_signature": 4,
            "happiness": 5.401
        }
    },
    {
        "#": 19,
        "Track Title": "All Your'n",
        "Artist": "Tyler Childers",
        "Key": "1B",
        "Energy": 5.95,
        "Popularity": 8.290000000000001,
        "BPM": 78,
        "DJ Play Count": 0,
        "Rating": "*******",
        "My Tag": [
            "Wedding, Romantic & Slow Dance",
            "2010s",
            "Happy"
        ],
        "Additional Info": {
            "id": "0fCwTrRNfoNk962ati8n2K",
            "explicit": false,
            "album": "Country Squire",
            "release_date": "2019-08-02",
            "genres": [
                "kentucky indie",
                "kentucky roots",
                "outlaw country"
            ],
            "duration": 218280,
            "acousticness": 0.408,
            "danceability": 6.265,
            "instrumentalness": 3.97e-05,
            "liveness": 0.115,
            "loudness": -7.342,
            "speechiness": 0.0255,
            "time_signature": 4,
            "happiness": 8.551
        }
    },
    {
        "#": 20,
        "Track Title": "Honeybee",
        "Artist": "The Head And The Heart",
        "Key": "11B",
        "Energy": 5.68,
        "Popularity": 7.209999999999999,
        "BPM": 136,
        "DJ Play Count": 0,
        "Rating": "*******",
        "My Tag": [
            "Wedding, Romantic & Slow Dance",
            "2010s",
            "Nostalgic",
            "Pop"
        ],
        "Additional Info": {
            "id": "5CalS8Gn69OOrR9aiw0ZO9",
            "explicit": false,
            "album": "Living Mirage",
            "release_date": "2019-05-17",
            "genres": [
                "folk-pop",
                "seattle indie",
                "stomp and holler"
            ],
            "duration": 196055,
            "acousticness": 0.118,
            "danceability": 6.7780000000000005,
            "instrumentalness": 0.000509,
            "liveness": 0.552,
            "loudness": -7.886,
            "speechiness": 0.0387,
            "time_signature": 4,
            "happiness": 5.3919999999999995
        }
    },
    {
        "#": 21,
        "Track Title": "My Lover",
        "Artist": "Birdtalker",
        "Key": "8B",
        "Energy": 2.665,
        "Popularity": 5.5,
        "BPM": 71,
        "DJ Play Count": 0,
        "Rating": "*******",
        "My Tag": [
            "Wedding, Romantic & Slow Dance",
            "2010s",
            "Nostalgic",
            "Pop",
            "Mad",
            "Calm"
        ],
        "Additional Info": {
            "id": "3PgZ3mM7KT9YubwfrYqb7H",
            "explicit": false,
            "album": "My Lover",
            "release_date": "2016-12-02",
            "genres": [
                "folk-pop",
                "stomp and holler"
            ],
            "duration": 269596,
            "acousticness": 0.83,
            "danceability": 3.952,
            "instrumentalness": 7.3e-05,
            "liveness": 0.117,
            "loudness": -12.1,
            "speechiness": 0.0365,
            "time_signature": 4,
            "happiness": 1.8307
        }
    },
    {
        "#": 22,
        "Track Title": "Skinny Love",
        "Artist": "Bon Iver",
        "Key": "12A",
        "Energy": 3.367,
        "Popularity": 7.66,
        "BPM": 76,
        "DJ Play Count": 0,
        "Rating": "*******",
        "My Tag": [
            "Wedding, Romantic & Slow Dance",
            "2000s",
            "Rock",
            "Mad",
            "Calm"
        ],
        "Additional Info": {
            "id": "3B3eOgLJSqPEA0RfboIQVM",
            "explicit": false,
            "album": "For Emma, Forever Ago",
            "release_date": "2008-02-19",
            "genres": [
                "chamber pop",
                "eau claire indie",
                "indie folk",
                "melancholia",
                "modern rock"
            ],
            "duration": 238520,
            "acousticness": 0.845,
            "danceability": 6.327999999999999,
            "instrumentalness": 5.68e-06,
            "liveness": 0.127,
            "loudness": -14.029,
            "speechiness": 0.0568,
            "time_signature": 4,
            "happiness": 1.9809999999999999
        }
    },
    {
        "#": 23,
        "Track Title": "Has Anybody Ever Told You",
        "Artist": "Ashley Monroe",
        "Key": "12B",
        "Energy": 3.6189999999999998,
        "Popularity": 3.88,
        "BPM": 134,
        "DJ Play Count": 0,
        "Rating": "*******",
        "My Tag": [
            "Wedding, Romantic & Slow Dance",
            "2010s",
            "Nostalgic",
            "Mad",
            "Calm"
        ],
        "Additional Info": {
            "id": "4BxdVLaMTHiQcJTRL4O9zx",
            "explicit": false,
            "album": "The Blade",
            "release_date": "2015-07-24",
            "genres": [
                "contemporary country",
                "country dawn",
                "kentucky roots"
            ],
            "duration": 232880,
            "acousticness": 0.638,
            "danceability": 4.9510000000000005,
            "instrumentalness": 0.000256,
            "liveness": 0.0996,
            "loudness": -9.149,
            "speechiness": 0.0265,
            "time_signature": 4,
            "happiness": 2.3049999999999997
        }
    },
    {
        "#": 24,
        "Track Title": "Stay",
        "Artist": "Alison Krauss",
        "Key": "2B",
        "Energy": 4.15,
        "Popularity": 3.97,
        "BPM": 83,
        "DJ Play Count": 0,
        "Rating": "*******",
        "My Tag": [
            "Wedding, Romantic & Slow Dance",
            "90s",
            "Nostalgic"
        ],
        "Additional Info": {
            "id": "1wUkqI9RPYWgnlUqk6IHfw",
            "explicit": false,
            "album": "Forget About It",
            "release_date": "1999-01-01",
            "genres": [
                "bluegrass",
                "folk",
                "progressive bluegrass"
            ],
            "duration": 205867,
            "acousticness": 0.609,
            "danceability": 5.149,
            "instrumentalness": 0.000117,
            "liveness": 0.0893,
            "loudness": -10.139,
            "speechiness": 0.0273,
            "time_signature": 4,
            "happiness": 3.5829999999999997
        }
    },
    {
        "#": 25,
        "Track Title": "She Burns",
        "Artist": "Foy Vance",
        "Key": "12B",
        "Energy": 4.627000000000001,
        "Popularity": 6.13,
        "BPM": 125,
        "DJ Play Count": 0,
        "Rating": "*******",
        "My Tag": [
            "Wedding, Romantic & Slow Dance",
            "2010s"
        ],
        "Additional Info": {
            "id": "3rUw4cRDeYVZhjkUXBnFUQ",
            "explicit": false,
            "album": "The Wild Swan",
            "release_date": "2016-05-13",
            "genres": [
                "british singer-songwriter",
                "indie folk",
                "irish singer-songwriter",
                "uk americana"
            ],
            "duration": 229227,
            "acousticness": 0.718,
            "danceability": 7.57,
            "instrumentalness": 0.00242,
            "liveness": 0.0985,
            "loudness": -10.146,
            "speechiness": 0.0483,
            "time_signature": 4,
            "happiness": 5.518
        }
    },
    {
        "#": 26,
        "Track Title": "I Like to Be With Me When I'm With You",
        "Artist": "Drew Holcomb & The Neighbors",
        "Key": "10B",
        "Energy": 4.4559999999999995,
        "Popularity": 5.59,
        "BPM": 91,
        "DJ Play Count": 0,
        "Rating": "*******",
        "My Tag": [
            "Wedding, Romantic & Slow Dance",
            "2000s",
            "Calm",
            "Pop",
            "Happy"
        ],
        "Additional Info": {
            "id": "0VDhK4DIjbsAHo1GDe9VfM",
            "explicit": false,
            "album": "A Million Miles Away",
            "release_date": "2009-08-11",
            "genres": [
                "acoustic pop",
                "stomp and holler"
            ],
            "duration": 230773,
            "acousticness": 0.682,
            "danceability": 6.3549999999999995,
            "instrumentalness": 2.37e-06,
            "liveness": 0.0796,
            "loudness": -12.114,
            "speechiness": 0.0305,
            "time_signature": 4,
            "happiness": 7.218999999999999
        }
    },
    {
        "#": 27,
        "Track Title": "Yellow - Acoustic",
        "Artist": "Noah Gundersen",
        "Key": "10B",
        "Energy": 1.6318000000000001,
        "Popularity": 4.42,
        "BPM": 142,
        "DJ Play Count": 0,
        "Rating": "*******",
        "My Tag": [
            "Wedding, Romantic & Slow Dance",
            "2020s",
            "Calm",
            "Pop"
        ],
        "Additional Info": {
            "id": "2T7bJWpsx96yAseEUpEa0v",
            "explicit": false,
            "album": "A Raven and a Dove - Acoustic Selections from Lover",
            "release_date": "2020-02-14",
            "genres": [
                "acoustic pop",
                "alternative roots rock",
                "indie folk",
                "stomp and holler"
            ],
            "duration": 232413,
            "acousticness": 0.921,
            "danceability": 4.2219999999999995,
            "instrumentalness": 7.45e-06,
            "liveness": 0.104,
            "loudness": -15.305,
            "speechiness": 0.0326,
            "time_signature": 4,
            "happiness": 3.1239999999999997
        }
    },
    {
        "#": 28,
        "Track Title": "Heartbeats",
        "Artist": "José González",
        "Key": "5B",
        "Energy": 2.593,
        "Popularity": 6.94,
        "BPM": 88,
        "DJ Play Count": 0,
        "Rating": "*******",
        "My Tag": [
            "Wedding, Romantic & Slow Dance",
            "2000s"
        ],
        "Additional Info": {
            "id": "5YqpHuXpFjDVZ7tY1ClFll",
            "explicit": false,
            "album": "Veneer",
            "release_date": "2006-04-03",
            "genres": [
                "chamber pop",
                "gothenburg indie",
                "indie folk",
                "stomp and holler",
                "swedish indie folk",
                "swedish indie pop",
                "swedish singer-songwriter"
            ],
            "duration": 161680,
            "acousticness": 0.977,
            "danceability": 6.301,
            "instrumentalness": 0.714,
            "liveness": 0.0958,
            "loudness": -14.891,
            "speechiness": 0.0325,
            "time_signature": 4,
            "happiness": 3.799
        }
    },
    {
        "#": 29,
        "Track Title": "Jolene",
        "Artist": "Ray LaMontagne",
        "Key": "9B",
        "Energy": 2.2779999999999996,
        "Popularity": 6.8500000000000005,
        "BPM": 120,
        "DJ Play Count": 0,
        "Rating": "*******",
        "My Tag": [
            "Wedding, Romantic & Slow Dance",
            "2000s",
            "Calm",
            "Pop"
        ],
        "Additional Info": {
            "id": "2fSIF8CJhoc9CJhF9vJDXp",
            "explicit": false,
            "album": "Trouble",
            "release_date": "2004-08-15",
            "genres": [
                "acoustic pop",
                "indie folk",
                "neo mellow",
                "stomp and holler"
            ],
            "duration": 250867,
            "acousticness": 0.863,
            "danceability": 6.292,
            "instrumentalness": 0.000162,
            "liveness": 0.0953,
            "loudness": -15.196,
            "speechiness": 0.0329,
            "time_signature": 4,
            "happiness": 3.5919999999999996
        }
    },
    {
        "#": 30,
        "Track Title": "Tupelo Honey",
        "Artist": "Van Morrison",
        "Key": "6B",
        "Energy": 4.996,
        "Popularity": 6.3999999999999995,
        "BPM": 71,
        "DJ Play Count": 0,
        "Rating": "*******",
        "My Tag": [
            "Wedding, Romantic & Slow Dance",
            "2010s",
            "Inspiring",
            "Calm",
            "Rock",
            "Nostalgic"
        ],
        "Additional Info": {
            "id": "5G4W4UzaJIpYl0ar95Cs17",
            "explicit": false,
            "album": "The Essential Van Morrison",
            "release_date": "2015-12-04",
            "genres": [
                "classic rock",
                "folk",
                "folk rock",
                "heartland rock",
                "mellow gold",
                "rock",
                "singer-songwriter",
                "soft rock"
            ],
            "duration": 415040,
            "acousticness": 0.548,
            "danceability": 6.1209999999999996,
            "instrumentalness": 3.29e-05,
            "liveness": 0.119,
            "loudness": -10.097,
            "speechiness": 0.0373,
            "time_signature": 4,
            "happiness": 5.635
        }
    },
    {
        "#": 31,
        "Track Title": "Falling Like The Stars",
        "Artist": "James Arthur",
        "Key": "2B",
        "Energy": 4.159,
        "Popularity": 7.12,
        "BPM": 89,
        "DJ Play Count": 0,
        "Rating": "*******",
        "My Tag": [
            "Wedding, Romantic & Slow Dance",
            "2010s",
            "Inspiring",
            "Pop"
        ],
        "Additional Info": {
            "id": "15xWRPHQMeqgdkGzInx3PY",
            "explicit": false,
            "album": "Falling Like The Stars",
            "release_date": "2019-05-10",
            "genres": [
                "pop",
                "talent show",
                "uk pop"
            ],
            "duration": 212720,
            "acousticness": 0.823,
            "danceability": 3.6639999999999997,
            "instrumentalness": 1.45e-06,
            "liveness": 0.11,
            "loudness": -9.538,
            "speechiness": 0.0352,
            "time_signature": 3,
            "happiness": 2.71
        }
    },
    {
        "#": 32,
        "Track Title": "Forever On Your Side",
        "Artist": "Eric Van Houten",
        "Key": "4B",
        "Energy": 2.629,
        "Popularity": 3.16,
        "BPM": 110,
        "DJ Play Count": 0,
        "Rating": "*******",
        "My Tag": [
            "Wedding, Romantic & Slow Dance",
            "2020s"
        ],
        "Additional Info": {
            "id": "3tcWAN7RKIHrm6xby9C3CZ",
            "explicit": false,
            "album": "Forever On Your Side",
            "release_date": "2021-08-06",
            "genres": [],
            "duration": 274909,
            "acousticness": 0.854,
            "danceability": 5.779,
            "instrumentalness": 0,
            "liveness": 0.11,
            "loudness": -16.213,
            "speechiness": 0.0343,
            "time_signature": 4,
            "happiness": 3.574
        }
    },
    {
        "#": 33,
        "Track Title": "Lifetime",
        "Artist": "Justin Bieber",
        "Key": "10B",
        "Energy": 3.466,
        "Popularity": 6.58,
        "BPM": 90,
        "DJ Play Count": 0,
        "Rating": "*******",
        "My Tag": [
            "Wedding, Romantic & Slow Dance",
            "2020s",
            "Pop"
        ],
        "Additional Info": {
            "id": "10Z9RbwrTbQ0gQeNRJ2dC1",
            "explicit": false,
            "album": "Justice (Triple Chucks Deluxe)",
            "release_date": "2021-03-26",
            "genres": [
                "canadian pop",
                "pop"
            ],
            "duration": 207020,
            "acousticness": 0.771,
            "danceability": 5.32,
            "instrumentalness": 0,
            "liveness": 0.114,
            "loudness": -7.083,
            "speechiness": 0.0317,
            "time_signature": 3,
            "happiness": 3.988
        }
    },
    {
        "#": 34,
        "Track Title": "Lover",
        "Artist": "Taylor Swift",
        "Key": "9B",
        "Energy": 5.8870000000000005,
        "Popularity": 9.01,
        "BPM": 69,
        "DJ Play Count": 0,
        "Rating": "*******",
        "My Tag": [
            "Wedding, Romantic & Slow Dance",
            "2010s",
            "Pop"
        ],
        "Additional Info": {
            "id": "1dGr1c8CrMLDpV6mPbImSI",
            "explicit": false,
            "album": "Lover",
            "release_date": "2019-08-23",
            "genres": [
                "pop"
            ],
            "duration": 221307,
            "acousticness": 0.492,
            "danceability": 4.231,
            "instrumentalness": 1.58e-05,
            "liveness": 0.118,
            "loudness": -7.582,
            "speechiness": 0.0919,
            "time_signature": 4,
            "happiness": 5.077
        }
    },
    {
        "#": 35,
        "Track Title": "Surrender",
        "Artist": "Natalie Taylor",
        "Key": "7A",
        "Energy": 5.032,
        "Popularity": 7.75,
        "BPM": 145,
        "DJ Play Count": 0,
        "Rating": "*******",
        "My Tag": [
            "Wedding, Romantic & Slow Dance",
            "2010s"
        ],
        "Additional Info": {
            "id": "0ecC8p17cDNlxHXkuYqeR6",
            "explicit": false,
            "album": "Surrender",
            "release_date": "2019-10-29",
            "genres": [],
            "duration": 183103,
            "acousticness": 0.8,
            "danceability": 4.51,
            "instrumentalness": 0.182,
            "liveness": 0.107,
            "loudness": -8.57,
            "speechiness": 0.0276,
            "time_signature": 5,
            "happiness": 1.693
        }
    },
    {
        "#": 36,
        "Track Title": "If You Love Her",
        "Artist": "Forest Blakk",
        "Key": "2B",
        "Energy": 5.005,
        "Popularity": 7.93,
        "BPM": 102,
        "DJ Play Count": 0,
        "Rating": "*******",
        "My Tag": [
            "Wedding, Romantic & Slow Dance",
            "2020s"
        ],
        "Additional Info": {
            "id": "727Z2S2mtNH46CbP9EWPwY",
            "explicit": false,
            "album": "If You Love Her",
            "release_date": "2020-09-30",
            "genres": [],
            "duration": 217352,
            "acousticness": 0.355,
            "danceability": 3.574,
            "instrumentalness": 0,
            "liveness": 0.114,
            "loudness": -8.087,
            "speechiness": 0.0347,
            "time_signature": 4,
            "happiness": 3.5020000000000002
        }
    },
    {
        "#": 37,
        "Track Title": "La Vie En Rose",
        "Artist": "Emily Watts",
        "Key": "2B",
        "Energy": 1.7578,
        "Popularity": 7.209999999999999,
        "BPM": 88,
        "DJ Play Count": 0,
        "Rating": "*******",
        "My Tag": [
            "Wedding, Romantic & Slow Dance",
            "2010s"
        ],
        "Additional Info": {
            "id": "3PV8uIQnxD4Qiimn3x6PVr",
            "explicit": false,
            "album": "La Vie En Rose",
            "release_date": "2019-12-29",
            "genres": [],
            "duration": 157683,
            "acousticness": 0.957,
            "danceability": 4.771,
            "instrumentalness": 0,
            "liveness": 0.285,
            "loudness": -17.542,
            "speechiness": 0.0341,
            "time_signature": 4,
            "happiness": 3.214
        }
    },
    {
        "#": 38,
        "Track Title": "Lucky",
        "Artist": "Jason Mraz, Colbie Caillat",
        "Key": "8B",
        "Energy": 4.726,
        "Popularity": 7.75,
        "BPM": 130,
        "DJ Play Count": 0,
        "Rating": "*******",
        "My Tag": [
            "Wedding, Romantic & Slow Dance",
            "2000s",
            "Dance Remixes",
            "Calm",
            "Pop",
            "Happy"
        ],
        "Additional Info": {
            "id": "0IktbUcnAGrvD03AWnz3Q8",
            "explicit": false,
            "album": "We Sing. We Dance. We Steal Things.",
            "release_date": "2008-05-12",
            "genres": [
                "acoustic pop",
                "dance pop",
                "neo mellow",
                "pop",
                "dance pop",
                "neo mellow",
                "pop"
            ],
            "duration": 189613,
            "acousticness": 0.294,
            "danceability": 6.625,
            "instrumentalness": 0,
            "liveness": 0.151,
            "loudness": -8.7,
            "speechiness": 0.0369,
            "time_signature": 4,
            "happiness": 7.021000000000001
        }
    },
    {
        "#": 39,
        "Track Title": "A Thousand Years",
        "Artist": "Christina Perri",
        "Key": "6B",
        "Energy": 4.663,
        "Popularity": 6.22,
        "BPM": 139,
        "DJ Play Count": 0,
        "Rating": "*******",
        "My Tag": [
            "Wedding, Romantic & Slow Dance",
            "2010s",
            "Pop"
        ],
        "Additional Info": {
            "id": "1QUpqu8865jfasDr8M3IKN",
            "explicit": false,
            "album": "The Twilight Saga: Breaking Dawn - Part 1 (Original Motion Picture Soundtrack)",
            "release_date": "2011-11-04",
            "genres": [
                "pop"
            ],
            "duration": 285120,
            "acousticness": 0.309,
            "danceability": 4.789,
            "instrumentalness": 0.000961,
            "liveness": 0.11,
            "loudness": -7.445,
            "speechiness": 0.0267,
            "time_signature": 3,
            "happiness": 2.449
        }
    },
    {
        "#": 40,
        "Track Title": "Can't Help Falling in Love",
        "Artist": "Haley Reinhart",
        "Key": "8B",
        "Energy": 1.4365,
        "Popularity": 7.84,
        "BPM": 138,
        "DJ Play Count": 0,
        "Rating": "*******",
        "My Tag": [
            "Wedding, Romantic & Slow Dance",
            "2010s"
        ],
        "Additional Info": {
            "id": "6yIHGmQLJxWAUZ1ZkENemN",
            "explicit": false,
            "album": "Better",
            "release_date": "2016-04-29",
            "genres": [
                "idol"
            ],
            "duration": 173175,
            "acousticness": 0.947,
            "danceability": 4.6899999999999995,
            "instrumentalness": 0,
            "liveness": 0.108,
            "loudness": -13.918,
            "speechiness": 0.038,
            "time_signature": 4,
            "happiness": 3.223
        }
    },
    {
        "#": 41,
        "Track Title": "Hold You in My Arms",
        "Artist": "Ray LaMontagne",
        "Key": "9B",
        "Energy": 3.8890000000000002,
        "Popularity": 6.76,
        "BPM": 85,
        "DJ Play Count": 0,
        "Rating": "*******",
        "My Tag": [
            "Wedding, Romantic & Slow Dance",
            "2000s",
            "Calm",
            "Pop"
        ],
        "Additional Info": {
            "id": "1U1GtaJeYwGsPgqV9Me5bb",
            "explicit": false,
            "album": "Trouble",
            "release_date": "2004-08-15",
            "genres": [
                "acoustic pop",
                "indie folk",
                "neo mellow",
                "stomp and holler"
            ],
            "duration": 306200,
            "acousticness": 0.149,
            "danceability": 5.536,
            "instrumentalness": 0.000107,
            "liveness": 0.147,
            "loudness": -13.807,
            "speechiness": 0.0316,
            "time_signature": 3,
            "happiness": 6.193
        }
    },
    {
        "#": 42,
        "Track Title": "Shake the Frost (Live)",
        "Artist": "Tyler Childers",
        "Key": "10B",
        "Energy": 4.069000000000001,
        "Popularity": 7.93,
        "BPM": 139,
        "DJ Play Count": 0,
        "Rating": "*******",
        "My Tag": [
            "Wedding, Romantic & Slow Dance",
            "2010s"
        ],
        "Additional Info": {
            "id": "19MkwMrRjO7773zpuGss1o",
            "explicit": false,
            "album": "Live on Red Barn Radio I & II",
            "release_date": "2018-06-29",
            "genres": [
                "kentucky indie",
                "kentucky roots",
                "outlaw country"
            ],
            "duration": 175120,
            "acousticness": 0.806,
            "danceability": 5.023,
            "instrumentalness": 2.05e-06,
            "liveness": 0.686,
            "loudness": -9.769,
            "speechiness": 0.0457,
            "time_signature": 4,
            "happiness": 4.339
        }
    },
    {
        "#": 43,
        "Track Title": "Danny's Song",
        "Artist": "Loggins & Messina",
        "Key": "1A",
        "Energy": 3.322,
        "Popularity": 6.94,
        "BPM": 141,
        "DJ Play Count": 0,
        "Rating": "*******",
        "My Tag": [
            "Wedding, Romantic & Slow Dance",
            "70s",
            "Calm",
            "Rock",
            "Nostalgic"
        ],
        "Additional Info": {
            "id": "0ju1jP0cSPJ8tmojYBEI89",
            "explicit": false,
            "album": "The Best: Loggins & Messina Sittin' In Again",
            "release_date": "1971",
            "genres": [
                "classic rock",
                "country rock",
                "folk",
                "folk rock",
                "heartland rock",
                "mellow gold",
                "soft rock"
            ],
            "duration": 254305,
            "acousticness": 0.805,
            "danceability": 5.545,
            "instrumentalness": 0,
            "liveness": 0.12,
            "loudness": -12.193,
            "speechiness": 0.0297,
            "time_signature": 4,
            "happiness": 6.769
        }
    },
    {
        "#": 44,
        "Track Title": "Love Someone",
        "Artist": "Lukas Graham",
        "Key": "11A",
        "Energy": 4.734999999999999,
        "Popularity": 7.03,
        "BPM": 86,
        "DJ Play Count": 0,
        "Rating": "*******",
        "My Tag": [
            "Wedding, Romantic & Slow Dance",
            "2010s",
            "Pop"
        ],
        "Additional Info": {
            "id": "2JqnpexlO9dmvjUMCaLCLJ",
            "explicit": false,
            "album": "Love Someone",
            "release_date": "2018-09-07",
            "genres": [
                "danish pop",
                "scandipop"
            ],
            "duration": 205463,
            "acousticness": 0.161,
            "danceability": 5.95,
            "instrumentalness": 0,
            "liveness": 0.108,
            "loudness": -6.557,
            "speechiness": 0.052,
            "time_signature": 4,
            "happiness": 3.466
        }
    },
    {
        "#": 45,
        "Track Title": "Lost In The Light",
        "Artist": "Bahamas",
        "Key": "10B",
        "Energy": 3.403,
        "Popularity": 7.12,
        "BPM": 76,
        "DJ Play Count": 0,
        "Rating": "*******",
        "My Tag": [
            "Wedding, Romantic & Slow Dance",
            "2010s",
            "Inspiring"
        ],
        "Additional Info": {
            "id": "6IBpFG2LU2udYofIuROp3w",
            "explicit": false,
            "album": "Barchords",
            "release_date": "2012-01-01",
            "genres": [
                "canadian indie",
                "indie folk",
                "stomp and holler"
            ],
            "duration": 236720,
            "acousticness": 0.793,
            "danceability": 6.372999999999999,
            "instrumentalness": 0.0014,
            "liveness": 0.111,
            "loudness": -8.796,
            "speechiness": 0.031,
            "time_signature": 4,
            "happiness": 3.223
        }
    },
    {
        "#": 46,
        "Track Title": "Joy Of My Life",
        "Artist": "Chris Stapleton",
        "Key": "5B",
        "Energy": 5.365,
        "Popularity": 7.57,
        "BPM": 149,
        "DJ Play Count": 0,
        "Rating": "*******",
        "My Tag": [
            "Wedding, Romantic & Slow Dance",
            "2020s",
            "Nostalgic"
        ],
        "Additional Info": {
            "id": "4EuaDcxHmHKS6gZ5iuGba0",
            "explicit": false,
            "album": "Starting Over",
            "release_date": "2020-11-13",
            "genres": [
                "contemporary country",
                "outlaw country"
            ],
            "duration": 274520,
            "acousticness": 0.223,
            "danceability": 6.67,
            "instrumentalness": 0.0535,
            "liveness": 0.103,
            "loudness": -8.955,
            "speechiness": 0.0299,
            "time_signature": 4,
            "happiness": 4.582000000000001
        }
    },
    {
        "#": 47,
        "Track Title": "For the Rest of My Days",
        "Artist": "Ruby Amanfu",
        "Key": "9B",
        "Energy": 3.61,
        "Popularity": 4.0600000000000005,
        "BPM": 114,
        "DJ Play Count": 0,
        "Rating": "*******",
        "My Tag": [
            "Wedding, Romantic & Slow Dance",
            "2010s"
        ],
        "Additional Info": {
            "id": "7jaxYNfWyvlrEOZngi9IVO",
            "explicit": false,
            "album": "The Collections Volume II",
            "release_date": "2019-08-22",
            "genres": [
                "nashville singer-songwriter"
            ],
            "duration": 182299,
            "acousticness": 0.802,
            "danceability": 6.228999999999999,
            "instrumentalness": 2.64e-05,
            "liveness": 0.156,
            "loudness": -9.755,
            "speechiness": 0.0297,
            "time_signature": 3,
            "happiness": 4.897
        }
    },
    {
        "#": 48,
        "Track Title": "Never in My Wildest Dreams",
        "Artist": "Dan Auerbach",
        "Key": "7B",
        "Energy": 5.194,
        "Popularity": 6.76,
        "BPM": 117,
        "DJ Play Count": 0,
        "Rating": "*******",
        "My Tag": [
            "Wedding, Romantic & Slow Dance",
            "2010s"
        ],
        "Additional Info": {
            "id": "3MJov5mT64K42o1Rffhblq",
            "explicit": false,
            "album": "Waiting on a Song",
            "release_date": "2017-06-02",
            "genres": [
                "modern blues rock"
            ],
            "duration": 176027,
            "acousticness": 0.315,
            "danceability": 6.031000000000001,
            "instrumentalness": 0.0039,
            "liveness": 0.0933,
            "loudness": -6.769,
            "speechiness": 0.0362,
            "time_signature": 4,
            "happiness": 6.607
        }
    },
    {
        "#": 49,
        "Track Title": "It Would Be You (Acoustic)",
        "Artist": "Ben Rector, Ingrid Michaelson",
        "Key": "1B",
        "Energy": 3.241,
        "Popularity": 4.96,
        "BPM": 81,
        "DJ Play Count": 0,
        "Rating": "*******",
        "My Tag": [
            "Wedding, Romantic & Slow Dance",
            "2020s",
            "Calm",
            "Girl Power",
            "Rock",
            "Pop"
        ],
        "Additional Info": {
            "id": "7tjD0hvDyA9LecANtqIaEh",
            "explicit": false,
            "album": "It Would Be You (Acoustic)",
            "release_date": "2020-10-02",
            "genres": [
                "acoustic pop",
                "indiecoustica",
                "lds youth",
                "neo mellow",
                "piano rock",
                "acoustic pop",
                "ectofolk",
                "lilith",
                "neo mellow"
            ],
            "duration": 220133,
            "acousticness": 0.908,
            "danceability": 5.095,
            "instrumentalness": 4.36e-06,
            "liveness": 0.107,
            "loudness": -9.603,
            "speechiness": 0.0351,
            "time_signature": 4,
            "happiness": 3.934
        }
    },
    {
        "#": 50,
        "Track Title": "First Try",
        "Artist": "Johnnyswim",
        "Key": "9B",
        "Energy": 4.680999999999999,
        "Popularity": 5.59,
        "BPM": 79,
        "DJ Play Count": 0,
        "Rating": "*******",
        "My Tag": [
            "Wedding, Romantic & Slow Dance",
            "2010s",
            "Calm",
            "Nostalgic",
            "Pop",
            "Happy"
        ],
        "Additional Info": {
            "id": "5V2tLRgrwtQjTrCxmYVLZ8",
            "explicit": false,
            "album": "Georgica Pond",
            "release_date": "2016-10-14",
            "genres": [
                "acoustic pop",
                "folk-pop"
            ],
            "duration": 176632,
            "acousticness": 0.519,
            "danceability": 6.508,
            "instrumentalness": 0,
            "liveness": 0.0554,
            "loudness": -6.797,
            "speechiness": 0.0292,
            "time_signature": 4,
            "happiness": 7.282
        }
    },
    {
        "#": 51,
        "Track Title": "A Kiss to Build a Dream On",
        "Artist": "Tony Bennett, k.d. lang",
        "Key": "3B",
        "Energy": 1.9809999999999999,
        "Popularity": 4.96,
        "BPM": 87,
        "DJ Play Count": 0,
        "Rating": "*******",
        "My Tag": [
            "Wedding, Romantic & Slow Dance",
            "2000s",
            "Inspiring",
            "Club-Hotel",
            "Girl Power",
            "Calm",
            "Pop",
            "Nostalgic",
            "Mad",
            "Calm"
        ],
        "Additional Info": {
            "id": "4xsJ6KEsIjsHKWJA7D8GAI",
            "explicit": false,
            "album": "A Wonderful World",
            "release_date": "2002-11-02",
            "genres": [
                "adult standards",
                "easy listening",
                "lounge",
                "vocal jazz",
                "canadian country",
                "canadian pop",
                "canadian singer-songwriter",
                "folk",
                "lilith",
                "new wave pop",
                "permanent wave",
                "queer country",
                "singer-songwriter",
                "women's music"
            ],
            "duration": 203893,
            "acousticness": 0.965,
            "danceability": 5.2299999999999995,
            "instrumentalness": 0.000202,
            "liveness": 0.122,
            "loudness": -18.386,
            "speechiness": 0.0377,
            "time_signature": 4,
            "happiness": 2.98
        }
    },
    {
        "#": 52,
        "Track Title": "No Place Like You",
        "Artist": "Joy Williams",
        "Key": "9B",
        "Energy": 2.215,
        "Popularity": 4.87,
        "BPM": 143,
        "DJ Play Count": 0,
        "Rating": "*******",
        "My Tag": [
            "Wedding, Romantic & Slow Dance",
            "2010s",
            "Calm",
            "Pop"
        ],
        "Additional Info": {
            "id": "2ZcVl0rG4CFi7KHNeUxvFa",
            "explicit": false,
            "album": "Front Porch",
            "release_date": "2019-05-03",
            "genres": [
                "acoustic pop",
                "christian indie",
                "nashville americana",
                "nashville singer-songwriter",
                "new americana"
            ],
            "duration": 175293,
            "acousticness": 0.942,
            "danceability": 4.942,
            "instrumentalness": 0,
            "liveness": 0.11,
            "loudness": -11.915,
            "speechiness": 0.0339,
            "time_signature": 3,
            "happiness": 3.8890000000000002
        }
    },
    {
        "#": 53,
        "Track Title": "Real Love Baby",
        "Artist": "Father John Misty",
        "Key": "9B",
        "Energy": 7.174,
        "Popularity": 7.66,
        "BPM": 102,
        "DJ Play Count": 0,
        "Rating": "*******",
        "My Tag": [
            "Wedding, Romantic & Slow Dance",
            "2010s",
            "Inspiring",
            "EDM",
            "Rock",
            "Pop"
        ],
        "Additional Info": {
            "id": "0Z57YWES04xGh3AImDz6Qr",
            "explicit": false,
            "album": "Real Love Baby",
            "release_date": "2016-07-26",
            "genres": [
                "art pop",
                "chamber pop",
                "indie rock",
                "indietronica",
                "singer-songwriter",
                "stomp and holler"
            ],
            "duration": 189293,
            "acousticness": 0.0955,
            "danceability": 4.753,
            "instrumentalness": 0.0287,
            "liveness": 0.0989,
            "loudness": -6.484,
            "speechiness": 0.0373,
            "time_signature": 4,
            "happiness": 6.625
        }
    },
    {
        "#": 54,
        "Track Title": "Don't You Worry",
        "Artist": "Oh Wonder",
        "Key": "11B",
        "Energy": 3.178,
        "Popularity": 5.86,
        "BPM": 130,
        "DJ Play Count": 0,
        "Rating": "*******",
        "My Tag": [
            "Wedding, Romantic & Slow Dance",
            "2020s",
            "Inspiring",
            "EDM",
            "Pop"
        ],
        "Additional Info": {
            "id": "5XaGqclLmeuH0EBg75Li0n",
            "explicit": false,
            "album": "Home Tapes",
            "release_date": "2020-06-26",
            "genres": [
                "electropop",
                "indie poptimism",
                "pov: indie"
            ],
            "duration": 219880,
            "acousticness": 0.845,
            "danceability": 5.752000000000001,
            "instrumentalness": 0,
            "liveness": 0.0742,
            "loudness": -11.175,
            "speechiness": 0.0593,
            "time_signature": 4,
            "happiness": 5.896000000000001
        }
    },
    {
        "#": 55,
        "Track Title": "First Day of My Life",
        "Artist": "Bright Eyes",
        "Key": "3A",
        "Energy": 3.277,
        "Popularity": 7.39,
        "BPM": 95,
        "DJ Play Count": 0,
        "Rating": "*******",
        "My Tag": [
            "Wedding, Romantic & Slow Dance",
            "2000s",
            "Inspiring",
            "Rock"
        ],
        "Additional Info": {
            "id": "0eBryM7ePQH3Klt3jz8xZd",
            "explicit": false,
            "album": "I'm Wide Awake, It's Morning",
            "release_date": "2005-01-25",
            "genres": [
                "chamber pop",
                "indie rock",
                "melancholia",
                "omaha indie",
                "stomp and holler"
            ],
            "duration": 188878,
            "acousticness": 0.896,
            "danceability": 6.364,
            "instrumentalness": 5.17e-05,
            "liveness": 0.102,
            "loudness": -14.369,
            "speechiness": 0.0349,
            "time_signature": 4,
            "happiness": 4.311999999999999
        }
    },
    {
        "#": 56,
        "Track Title": "If We Were Vampires",
        "Artist": "Jason Isbell and the 400 Unit",
        "Key": "7B",
        "Energy": 2.872,
        "Popularity": 6.94,
        "BPM": 97,
        "DJ Play Count": 0,
        "Rating": "*******",
        "My Tag": [
            "Wedding, Romantic & Slow Dance",
            "2010s",
            "Rock",
            "Nostalgic",
            "Happy"
        ],
        "Additional Info": {
            "id": "250RLekaiL1q9qZer975Eg",
            "explicit": false,
            "album": "The Nashville Sound",
            "release_date": "2017-06-16",
            "genres": [
                "alternative country",
                "folk",
                "new americana",
                "roots rock"
            ],
            "duration": 215564,
            "acousticness": 0.824,
            "danceability": 6.661,
            "instrumentalness": 3.7e-06,
            "liveness": 0.107,
            "loudness": -16.225,
            "speechiness": 0.0324,
            "time_signature": 4,
            "happiness": 7.165000000000001
        }
    },
    {
        "#": 57,
        "Track Title": "Annie's Song",
        "Artist": "John Denver",
        "Key": "10B",
        "Energy": 3.745,
        "Popularity": 7.66,
        "BPM": 146,
        "DJ Play Count": 0,
        "Rating": "*******",
        "My Tag": [
            "Wedding, Romantic & Slow Dance",
            "70s",
            "Inspiring",
            "Calm",
            "Rock",
            "Nostalgic"
        ],
        "Additional Info": {
            "id": "4J0DbyODwZJcmIAiTSJfMF",
            "explicit": false,
            "album": "Back Home Again",
            "release_date": "1974-06-15",
            "genres": [
                "classic country pop",
                "folk",
                "folk rock",
                "mellow gold",
                "singer-songwriter",
                "soft rock"
            ],
            "duration": 180693,
            "acousticness": 0.871,
            "danceability": 3.7359999999999998,
            "instrumentalness": 0.00368,
            "liveness": 0.367,
            "loudness": -10.879,
            "speechiness": 0.0298,
            "time_signature": 3,
            "happiness": 5.176
        }
    },
    {
        "#": 58,
        "Track Title": "Beyond",
        "Artist": "Leon Bridges",
        "Key": "2B",
        "Energy": 7.183000000000001,
        "Popularity": 7.75,
        "BPM": 76,
        "DJ Play Count": 0,
        "Rating": "*******",
        "My Tag": [
            "Wedding, Romantic & Slow Dance",
            "2010s",
            "Romantic & Slow Dance",
            "Fight & Fog"
        ],
        "Additional Info": {
            "id": "1Omt5bfz1tZUCqd26HxbS0",
            "explicit": false,
            "album": "Good Thing",
            "release_date": "2018-05-04",
            "genres": [
                "modern blues",
                "neo soul",
                "soul"
            ],
            "duration": 240600,
            "acousticness": 0.229,
            "danceability": 6.228999999999999,
            "instrumentalness": 0,
            "liveness": 0.109,
            "loudness": -5.4,
            "speechiness": 0.105,
            "time_signature": 4,
            "happiness": 2.683
        }
    },
    {
        "#": 59,
        "Track Title": "Perfect - Acoustic",
        "Artist": "Ed Sheeran",
        "Key": "9B",
        "Energy": 4.393,
        "Popularity": 6.94,
        "BPM": 95,
        "DJ Play Count": 0,
        "Rating": "*******",
        "My Tag": [
            "Wedding, Romantic & Slow Dance",
            "2010s",
            "Pop"
        ],
        "Additional Info": {
            "id": "5T6bJp3XgwT0IaCfKMxmAu",
            "explicit": false,
            "album": "Perfect (Acoustic)",
            "release_date": "2017-11-10",
            "genres": [
                "pop",
                "uk pop"
            ],
            "duration": 260867,
            "acousticness": 0.459,
            "danceability": 4.888,
            "instrumentalness": 0,
            "liveness": 0.114,
            "loudness": -5.79,
            "speechiness": 0.0304,
            "time_signature": 3,
            "happiness": 4.546
        }
    },
    {
        "#": 60,
        "Track Title": "Love Is Easy",
        "Artist": "The Ballroom Thieves",
        "Key": "11B",
        "Energy": 6.7780000000000005,
        "Popularity": 4.96,
        "BPM": 104,
        "DJ Play Count": 0,
        "Rating": "*******",
        "My Tag": [
            "Wedding, Romantic & Slow Dance",
            "2020s",
            "Nostalgic",
            "Pop"
        ],
        "Additional Info": {
            "id": "61BqLW81yr2sQaC7TBlsBq",
            "explicit": false,
            "album": "Unlovely",
            "release_date": "2020-02-14",
            "genres": [
                "boston folk",
                "folk-pop",
                "new england americana"
            ],
            "duration": 200280,
            "acousticness": 0.432,
            "danceability": 7.282,
            "instrumentalness": 8.41e-06,
            "liveness": 0.0713,
            "loudness": -8.595,
            "speechiness": 0.0281,
            "time_signature": 4,
            "happiness": 4.744
        }
    },
    {
        "#": 61,
        "Track Title": "When The Right One Comes Along",
        "Artist": "Striking Matches",
        "Key": "3B",
        "Energy": 3.8890000000000002,
        "Popularity": 3.61,
        "BPM": 130,
        "DJ Play Count": 0,
        "Rating": "*******",
        "My Tag": [
            "Wedding, Romantic & Slow Dance",
            "2010s"
        ],
        "Additional Info": {
            "id": "55MS3w2ERn7S5k6gBrfFdY",
            "explicit": false,
            "album": "Nothing But The Silence",
            "release_date": "2015-03-23",
            "genres": [],
            "duration": 247067,
            "acousticness": 0.782,
            "danceability": 6.2379999999999995,
            "instrumentalness": 0.000103,
            "liveness": 0.143,
            "loudness": -10.788,
            "speechiness": 0.0332,
            "time_signature": 4,
            "happiness": 3.466
        }
    },
    {
        "#": 62,
        "Track Title": "Believe in Love",
        "Artist": "Charlie Worsham",
        "Key": "12B",
        "Energy": 3.844,
        "Popularity": 3.97,
        "BPM": 74,
        "DJ Play Count": 0,
        "Rating": "*******",
        "My Tag": [
            "Wedding, Romantic & Slow Dance",
            "2020s",
            "Nostalgic"
        ],
        "Additional Info": {
            "id": "6rHqymvJ5s4UXQsMYmUogI",
            "explicit": false,
            "album": "Believe in Love",
            "release_date": "2021-05-21",
            "genres": [
                "modern country rock"
            ],
            "duration": 227520,
            "acousticness": 0.645,
            "danceability": 6.544,
            "instrumentalness": 6.27e-06,
            "liveness": 0.0971,
            "loudness": -8.583,
            "speechiness": 0.0321,
            "time_signature": 3,
            "happiness": 5.257
        }
    },
    {
        "#": 63,
        "Track Title": "XO",
        "Artist": "John Mayer",
        "Key": "10B",
        "Energy": 4.393,
        "Popularity": 7.4799999999999995,
        "BPM": 87,
        "DJ Play Count": 0,
        "Rating": "*******",
        "My Tag": [
            "Wedding, Romantic & Slow Dance",
            "2010s",
            "Inspiring",
            "Calm"
        ],
        "Additional Info": {
            "id": "7cpCU3Denug5NGZsSpQl8v",
            "explicit": false,
            "album": "XO",
            "release_date": "2014-05-27",
            "genres": [
                "neo mellow",
                "singer-songwriter"
            ],
            "duration": 213627,
            "acousticness": 0.749,
            "danceability": 4.879,
            "instrumentalness": 0,
            "liveness": 0.211,
            "loudness": -9.753,
            "speechiness": 0.0288,
            "time_signature": 4,
            "happiness": 4.177
        }
    },
    {
        "#": 64,
        "Track Title": "Take Me Away",
        "Artist": "Morgan Wade",
        "Key": "6B",
        "Energy": 6.327999999999999,
        "Popularity": 6.22,
        "BPM": 79,
        "DJ Play Count": 0,
        "Rating": "*******",
        "My Tag": [
            "Wedding, Romantic & Slow Dance",
            "2020s"
        ],
        "Additional Info": {
            "id": "5UaJtNAZJcN9pWpIuVMnN2",
            "explicit": false,
            "album": "Reckless",
            "release_date": "2021-03-19",
            "genres": [
                "modern country pop"
            ],
            "duration": 224987,
            "acousticness": 0.373,
            "danceability": 4.798,
            "instrumentalness": 8.4e-05,
            "liveness": 0.109,
            "loudness": -5.847,
            "speechiness": 0.0284,
            "time_signature": 4,
            "happiness": 4.159
        }
    },
    {
        "#": 65,
        "Track Title": "Part of Me",
        "Artist": "Tedeschi Trucks Band",
        "Key": "9B",
        "Energy": 6.4719999999999995,
        "Popularity": 6.22,
        "BPM": 112,
        "DJ Play Count": 0,
        "Rating": "*******",
        "My Tag": [
            "Wedding, Romantic & Slow Dance",
            "2010s",
            "Rock",
            "Nostalgic",
            "Happy"
        ],
        "Additional Info": {
            "id": "53DRkI3ebM3SbSQm4gQ1vF",
            "explicit": false,
            "album": "Made Up Mind",
            "release_date": "2013-08-16",
            "genres": [
                "blues rock",
                "electric blues",
                "jam band",
                "modern blues",
                "modern blues rock",
                "roots rock",
                "southern rock"
            ],
            "duration": 246573,
            "acousticness": 0.434,
            "danceability": 7.111000000000001,
            "instrumentalness": 1.33e-05,
            "liveness": 0.0942,
            "loudness": -8.334,
            "speechiness": 0.034,
            "time_signature": 4,
            "happiness": 7.615
        }
    },
    {
        "#": 66,
        "Track Title": "The Way I Am",
        "Artist": "Ingrid Michaelson",
        "Key": "7B",
        "Energy": 3.331,
        "Popularity": 6.67,
        "BPM": 120,
        "DJ Play Count": 0,
        "Rating": "*******",
        "My Tag": [
            "Wedding, Romantic & Slow Dance",
            "2000s",
            "Calm",
            "Girl Power",
            "Pop"
        ],
        "Additional Info": {
            "id": "2E9KlM0BvKZKcZAQRu3OWV",
            "explicit": false,
            "album": "Girls And Boys",
            "release_date": "2007-05-16",
            "genres": [
                "acoustic pop",
                "ectofolk",
                "lilith",
                "neo mellow"
            ],
            "duration": 135387,
            "acousticness": 0.731,
            "danceability": 8.974,
            "instrumentalness": 5.49e-06,
            "liveness": 0.108,
            "loudness": -9.246,
            "speechiness": 0.0423,
            "time_signature": 4,
            "happiness": 3.745
        }
    },
    {
        "#": 67,
        "Track Title": "I Choose You",
        "Artist": "Sara Bareilles",
        "Key": "2A",
        "Energy": 6.148,
        "Popularity": 6.76,
        "BPM": 77,
        "DJ Play Count": 0,
        "Rating": "*******",
        "My Tag": [
            "Wedding, Romantic & Slow Dance",
            "2010s",
            "Rock",
            "Girl Power",
            "Calm",
            "Pop",
            "Happy",
            "Happy"
        ],
        "Additional Info": {
            "id": "7jJH8F3PHlNvxfqEAAfFDl",
            "explicit": false,
            "album": "The Blessed Unrest",
            "release_date": "2013-07-16",
            "genres": [
                "acoustic pop",
                "lilith",
                "neo mellow",
                "pop rock",
                "post-teen pop"
            ],
            "duration": 218573,
            "acousticness": 0.105,
            "danceability": 7.579,
            "instrumentalness": 0.00012,
            "liveness": 0.133,
            "loudness": -7.889,
            "speechiness": 0.0445,
            "time_signature": 4,
            "happiness": 9.523
        }
    },
    {
        "#": 68,
        "Track Title": "When You Say Nothing At All",
        "Artist": "Alison Krauss & Union Station",
        "Key": "5B",
        "Energy": 3.178,
        "Popularity": 6.13,
        "BPM": 85,
        "DJ Play Count": 0,
        "Rating": "*******",
        "My Tag": [
            "Wedding, Romantic & Slow Dance",
            "90s"
        ],
        "Additional Info": {
            "id": "46LI9mnlQ8fJHH47ioBubg",
            "explicit": false,
            "album": "A Tribute Album",
            "release_date": "1994",
            "genres": [
                "progressive bluegrass"
            ],
            "duration": 261120,
            "acousticness": 0.714,
            "danceability": 5.581,
            "instrumentalness": 0.000365,
            "liveness": 0.127,
            "loudness": -13.353,
            "speechiness": 0.0291,
            "time_signature": 4,
            "happiness": 5.032
        }
    },
    {
        "#": 69,
        "Track Title": "Better Together",
        "Artist": "Jack Johnson",
        "Key": "7B",
        "Energy": 4.122999999999999,
        "Popularity": 7.66,
        "BPM": 110,
        "DJ Play Count": 0,
        "Rating": "*******",
        "My Tag": [
            "Wedding, Romantic & Slow Dance",
            "2000s",
            "Calm"
        ],
        "Additional Info": {
            "id": "4VywXu6umkIQ2OS0m1I79y",
            "explicit": false,
            "album": "In Between Dreams",
            "release_date": "2005-01-01",
            "genres": [
                "neo mellow"
            ],
            "duration": 207680,
            "acousticness": 0.308,
            "danceability": 8.812000000000001,
            "instrumentalness": 2e-05,
            "liveness": 0.11,
            "loudness": -9.529,
            "speechiness": 0.0536,
            "time_signature": 4,
            "happiness": 6.931
        }
    },
    {
        "#": 70,
        "Track Title": "That's The Way Love Goes",
        "Artist": "Hayes Carll, Allison Moorer",
        "Key": "5B",
        "Energy": 2.809,
        "Popularity": 4.51,
        "BPM": 99,
        "DJ Play Count": 0,
        "Rating": "*******",
        "My Tag": [
            "Wedding, Romantic & Slow Dance",
            "2020s",
            "Calm",
            "Girl Power",
            "Nostalgic"
        ],
        "Additional Info": {
            "id": "08GLW9Ezr0CG9CVkngpMqf",
            "explicit": false,
            "album": "That's The Way Love Goes",
            "release_date": "2020-03-27",
            "genres": [
                "classic texas country",
                "outlaw country",
                "texas country",
                "country dawn",
                "ectofolk",
                "folk",
                "lilith"
            ],
            "duration": 191829,
            "acousticness": 0.908,
            "danceability": 5.635,
            "instrumentalness": 0.00029,
            "liveness": 0.102,
            "loudness": -12.403,
            "speechiness": 0.0292,
            "time_signature": 4,
            "happiness": 3.484
        }
    },
    {
        "#": 71,
        "Track Title": "I'll Say I Do",
        "Artist": "Brandon Chase",
        "Key": "9B",
        "Energy": 3.79,
        "Popularity": 4.15,
        "BPM": 83,
        "DJ Play Count": 0,
        "Rating": "*******",
        "My Tag": [
            "Wedding, Romantic & Slow Dance",
            "2020s"
        ],
        "Additional Info": {
            "id": "4eSOx2FzrVXpKmtssY59LB",
            "explicit": false,
            "album": "I'll Say I Do",
            "release_date": "2021-03-20",
            "genres": [
                "acoustic chill"
            ],
            "duration": 235000,
            "acousticness": 0.614,
            "danceability": 4.519,
            "instrumentalness": 3.6e-06,
            "liveness": 0.1,
            "loudness": -8.706,
            "speechiness": 0.0268,
            "time_signature": 4,
            "happiness": 3.655
        }
    },
    {
        "#": 72,
        "Track Title": "I'm Ready",
        "Artist": "Adam Melchor",
        "Key": "12B",
        "Energy": 4.834,
        "Popularity": 5.2299999999999995,
        "BPM": 98,
        "DJ Play Count": 0,
        "Rating": "*******",
        "My Tag": [
            "Wedding, Romantic & Slow Dance",
            "2020s",
            "Inspiring",
            "Pop"
        ],
        "Additional Info": {
            "id": "1RPmeICY33v1lLiq6Gqj1r",
            "explicit": false,
            "album": "Here Goes Nothing!",
            "release_date": "2022-10-21",
            "genres": [
                "indie pop",
                "modern indie folk",
                "new jersey indie"
            ],
            "duration": 194160,
            "acousticness": 0.798,
            "danceability": 4.753,
            "instrumentalness": 0.0611,
            "liveness": 0.109,
            "loudness": -8.925,
            "speechiness": 0.0259,
            "time_signature": 4,
            "happiness": 2.827
        }
    },
    {
        "#": 73,
        "Track Title": "Bring Your Love To Me",
        "Artist": "The Avett Brothers",
        "Key": "10B",
        "Energy": 4.195,
        "Popularity": 3.34,
        "BPM": 129,
        "DJ Play Count": 0,
        "Rating": "*******",
        "My Tag": [
            "Wedding, Romantic & Slow Dance",
            "2010s"
        ],
        "Additional Info": {
            "id": "7Fiq0LFlFat3swPezmuagG",
            "explicit": false,
            "album": "Magpie And The Dandelion (Deluxe)",
            "release_date": "2013-01-01",
            "genres": [
                "indie folk",
                "new americana",
                "north carolina indie",
                "north carolina roots",
                "progressive bluegrass",
                "stomp and holler"
            ],
            "duration": 223573,
            "acousticness": 0.319,
            "danceability": 5.554,
            "instrumentalness": 1.13e-05,
            "liveness": 0.192,
            "loudness": -9.044,
            "speechiness": 0.0302,
            "time_signature": 4,
            "happiness": 2.377
        }
    },
    {
        "#": 74,
        "Track Title": "Tennessee Whiskey",
        "Artist": "Chris Stapleton",
        "Key": "11B",
        "Energy": 4.33,
        "Popularity": 8.559999999999999,
        "BPM": 97,
        "DJ Play Count": 0,
        "Rating": "*******",
        "My Tag": [
            "Wedding, Romantic & Slow Dance",
            "2010s",
            "Nostalgic"
        ],
        "Additional Info": {
            "id": "3fqwjXwUGN6vbzIwvyFMhx",
            "explicit": false,
            "album": "Traveller",
            "release_date": "2015-05-04",
            "genres": [
                "contemporary country",
                "outlaw country"
            ],
            "duration": 293293,
            "acousticness": 0.205,
            "danceability": 4.5280000000000005,
            "instrumentalness": 0.0096,
            "liveness": 0.0821,
            "loudness": -10.888,
            "speechiness": 0.0298,
            "time_signature": 4,
            "happiness": 5.6080000000000005
        }
    },
    {
        "#": 75,
        "Track Title": "Makin' Plans",
        "Artist": "Miranda Lambert",
        "Key": "6B",
        "Energy": 5.167,
        "Popularity": 5.68,
        "BPM": 80,
        "DJ Play Count": 0,
        "Rating": "*******",
        "My Tag": [
            "Wedding, Romantic & Slow Dance",
            "2000s",
            "Nostalgic"
        ],
        "Additional Info": {
            "id": "4SgbELGcdmMdVtSbpkSG6x",
            "explicit": false,
            "album": "Revolution",
            "release_date": "2009-09-24",
            "genres": [
                "contemporary country",
                "country",
                "country dawn",
                "country road"
            ],
            "duration": 230000,
            "acousticness": 0.0697,
            "danceability": 4.968999999999999,
            "instrumentalness": 0.00264,
            "liveness": 0.107,
            "loudness": -8.041,
            "speechiness": 0.0283,
            "time_signature": 3,
            "happiness": 4.087
        }
    },
    {
        "#": 76,
        "Track Title": "Dance with Me",
        "Artist": "Orleans",
        "Key": "10B",
        "Energy": 4.5280000000000005,
        "Popularity": 6.49,
        "BPM": 98,
        "DJ Play Count": 0,
        "Rating": "*******",
        "My Tag": [
            "Wedding, Romantic & Slow Dance",
            "90s",
            "Calm",
            "Rock"
        ],
        "Additional Info": {
            "id": "2GORop0i2cyx8C0A3JzL44",
            "explicit": false,
            "album": "Dance With Me: The Best Of Orleans",
            "release_date": "1997-06-24",
            "genres": [
                "soft rock",
                "yacht rock"
            ],
            "duration": 180480,
            "acousticness": 0.551,
            "danceability": 6.084999999999999,
            "instrumentalness": 0.000106,
            "liveness": 0.247,
            "loudness": -10.083,
            "speechiness": 0.0268,
            "time_signature": 4,
            "happiness": 5.437
        }
    },
    {
        "#": 77,
        "Track Title": "Big, Big Plans (Acoustic)",
        "Artist": "Chris Lane",
        "Key": "4B",
        "Energy": 5.716,
        "Popularity": 4.0600000000000005,
        "BPM": 140,
        "DJ Play Count": 0,
        "Rating": "*******",
        "My Tag": [
            "Wedding, Romantic & Slow Dance",
            "2020s",
            "Nostalgic"
        ],
        "Additional Info": {
            "id": "3thumKnUsEWWqSNRlADxZ8",
            "explicit": false,
            "album": "Big, Big Plans (Acoustic)",
            "release_date": "2020-11-13",
            "genres": [
                "contemporary country",
                "country",
                "country road",
                "modern country rock"
            ],
            "duration": 201230,
            "acousticness": 0.771,
            "danceability": 5.545,
            "instrumentalness": 0,
            "liveness": 0.122,
            "loudness": -6.473,
            "speechiness": 0.032,
            "time_signature": 4,
            "happiness": 5.302
        }
    },
    {
        "#": 78,
        "Track Title": "The Luckiest",
        "Artist": "Ben Folds",
        "Key": "10B",
        "Energy": 2.665,
        "Popularity": 5.68,
        "BPM": 121,
        "DJ Play Count": 0,
        "Rating": "*******",
        "My Tag": [
            "Wedding, Romantic & Slow Dance",
            "2000s",
            "Rock",
            "Nostalgic"
        ],
        "Additional Info": {
            "id": "1fujSajijBpJlr5mRGKHJN",
            "explicit": false,
            "album": "Rockin' The Suburbs",
            "release_date": "2001-09-11",
            "genres": [
                "permanent wave",
                "piano rock"
            ],
            "duration": 265293,
            "acousticness": 0.89,
            "danceability": 4.366,
            "instrumentalness": 0.000746,
            "liveness": 0.105,
            "loudness": -11.846,
            "speechiness": 0.0366,
            "time_signature": 4,
            "happiness": 3.0340000000000003
        }
    },
    {
        "#": 79,
        "Track Title": "Lullaby",
        "Artist": "The Chicks",
        "Key": "8B",
        "Energy": 2.8449999999999998,
        "Popularity": 5.68,
        "BPM": 109,
        "DJ Play Count": 0,
        "Rating": "*******",
        "My Tag": [
            "Wedding, Romantic & Slow Dance",
            "2000s",
            "Nostalgic"
        ],
        "Additional Info": {
            "id": "5GWyNA4n9hx5rhkK0KvQ83",
            "explicit": false,
            "album": "Taking The Long Way",
            "release_date": "2006-05-23",
            "genres": [
                "contemporary country",
                "country",
                "country dawn"
            ],
            "duration": 350712,
            "acousticness": 0.762,
            "danceability": 5.95,
            "instrumentalness": 0.00943,
            "liveness": 0.112,
            "loudness": -11.409,
            "speechiness": 0.0279,
            "time_signature": 4,
            "happiness": 3.844
        }
    },
    {
        "#": 80,
        "Track Title": "The Nearness Of You",
        "Artist": "Norah Jones",
        "Key": "8B",
        "Energy": 1.4158,
        "Popularity": 6.67,
        "BPM": 81,
        "DJ Play Count": 0,
        "Rating": "*******",
        "My Tag": [
            "Wedding, Romantic & Slow Dance",
            "2000s",
            "Calm",
            "Mad",
            "Calm"
        ],
        "Additional Info": {
            "id": "3HuLpW8NmFFO5GKY8andY2",
            "explicit": false,
            "album": "Come Away With Me (Super Deluxe Edition)",
            "release_date": "2002-02-26",
            "genres": [
                "contemporary vocal jazz",
                "jazz pop",
                "neo mellow",
                "vocal jazz"
            ],
            "duration": 187769,
            "acousticness": 0.978,
            "danceability": 4.411,
            "instrumentalness": 0.000931,
            "liveness": 0.0912,
            "loudness": -14.719,
            "speechiness": 0.0445,
            "time_signature": 3,
            "happiness": 2.323
        }
    },
    {
        "#": 81,
        "Track Title": "Let's Fall In Love",
        "Artist": "Diana Krall",
        "Key": "7A",
        "Energy": 2.593,
        "Popularity": 6.49,
        "BPM": 125,
        "DJ Play Count": 0,
        "Rating": "*******",
        "My Tag": [
            "Wedding, Romantic & Slow Dance",
            "90s"
        ],
        "Additional Info": {
            "id": "4IVyX0UJzGyUk0MLiz1jVJ",
            "explicit": false,
            "album": "When I Look In Your Eyes",
            "release_date": "1999-01-01",
            "genres": [
                "contemporary vocal jazz",
                "jazz pop",
                "vocal jazz"
            ],
            "duration": 258960,
            "acousticness": 0.82,
            "danceability": 6.535,
            "instrumentalness": 0.000186,
            "liveness": 0.135,
            "loudness": -16.925,
            "speechiness": 0.0465,
            "time_signature": 4,
            "happiness": 4.447
        }
    },
    {
        "#": 82,
        "Track Title": "Slow Dance In A Parking Lot - Acoustic",
        "Artist": "Jordan Davis",
        "Key": "9B",
        "Energy": 7.462,
        "Popularity": 5.32,
        "BPM": 80,
        "DJ Play Count": 0,
        "Rating": "*******",
        "My Tag": [
            "Wedding, Romantic & Slow Dance",
            "2010s",
            "Nostalgic",
            "Happy"
        ],
        "Additional Info": {
            "id": "2obDcF1vgEom76Mj3UZGxw",
            "explicit": false,
            "album": "Slow Dance In A Parking Lot (Acoustic)",
            "release_date": "2019-08-16",
            "genres": [
                "contemporary country",
                "country road"
            ],
            "duration": 178285,
            "acousticness": 0.525,
            "danceability": 7.075,
            "instrumentalness": 0,
            "liveness": 0.0837,
            "loudness": -7.136,
            "speechiness": 0.0619,
            "time_signature": 3,
            "happiness": 8.370999999999999
        }
    },
    {
        "#": 83,
        "Track Title": "At Last",
        "Artist": "Etta James",
        "Key": "7B",
        "Energy": 4.132,
        "Popularity": 8.02,
        "BPM": 87,
        "DJ Play Count": 0,
        "Rating": "*******",
        "My Tag": [
            "Wedding, Romantic & Slow Dance",
            "60s",
            "Romantic & Slow Dance",
            "Nostalgic"
        ],
        "Additional Info": {
            "id": "4Hhv2vrOTy89HFRcjU3QOx",
            "explicit": false,
            "album": "At Last!",
            "release_date": "1960",
            "genres": [
                "jazz blues",
                "soul",
                "soul blues",
                "torch song",
                "vocal jazz"
            ],
            "duration": 179693,
            "acousticness": 0.547,
            "danceability": 3.466,
            "instrumentalness": 0.0133,
            "liveness": 0.334,
            "loudness": -8.631,
            "speechiness": 0.0293,
            "time_signature": 3,
            "happiness": 3.952
        }
    },
    {
        "#": 84,
        "Track Title": "Come Rain or Come Shine",
        "Artist": "David Francey",
        "Key": "5B",
        "Energy": 4.213,
        "Popularity": 4.42,
        "BPM": 140,
        "DJ Play Count": 0,
        "Rating": "*******",
        "My Tag": [
            "Wedding, Romantic & Slow Dance",
            "2000s"
        ],
        "Additional Info": {
            "id": "0EXNymkEOQIjd8ycSUT8yH",
            "explicit": false,
            "album": "Skating Rink",
            "release_date": "2003",
            "genres": [
                "canadian celtic",
                "canadian folk",
                "canadian singer-songwriter"
            ],
            "duration": 180520,
            "acousticness": 0.924,
            "danceability": 4.555,
            "instrumentalness": 0.000306,
            "liveness": 0.232,
            "loudness": -9.54,
            "speechiness": 0.0276,
            "time_signature": 3,
            "happiness": 6.949
        }
    },
    {
        "#": 85,
        "Track Title": "When I Fall in Love (feat. Chris Botti)",
        "Artist": "Renee Olstead, Chris Botti",
        "Key": "3B",
        "Energy": 2.971,
        "Popularity": 6.13,
        "BPM": 125,
        "DJ Play Count": 0,
        "Rating": "*******",
        "My Tag": [
            "Wedding, Romantic & Slow Dance",
            "2000s",
            "Mad",
            "Calm"
        ],
        "Additional Info": {
            "id": "7wwDhqPS3gxRDenfX2GtiT",
            "explicit": false,
            "album": "Skylark (Std. Version)",
            "release_date": "2009-01-27",
            "genres": [
                "contemporary vocal jazz",
                "jazz pop",
                "jazz trumpet",
                "smooth jazz"
            ],
            "duration": 283093,
            "acousticness": 0.905,
            "danceability": 4.51,
            "instrumentalness": 2.02e-05,
            "liveness": 0.0921,
            "loudness": -10.651,
            "speechiness": 0.0322,
            "time_signature": 4,
            "happiness": 2.053
        }
    }
]