[
    {
        "#": 1,
        "Track Title": "Cold Heart - Acoustic",
        "Artist": "Elton John, Dua Lipa",
        "Key": "6A",
        "Energy": 5.6080000000000005,
        "Popularity": 6.8500000000000005,
        "BPM": 116,
        "DJ Play Count": 0,
        "Rating": "*******",
        "My Tag": [
            "Calm",
            "2020s",
            "Dance Remixes",
            "Calm",
            "Rock",
            "Pop",
            "2020s",
            "Dance Remixes",
            "Calm",
            "Rock",
            "Pop"
        ],
        "Additional Info": {
            "id": "0k6LV1ohcK2hlNPwu1nVw9",
            "explicit": false,
            "album": "Cold Heart (Acoustic)",
            "release_date": "2021-10-12",
            "genres": [
                "glam rock",
                "mellow gold",
                "piano rock",
                "rock",
                "dance pop",
                "pop",
                "uk pop"
            ],
            "duration": 195373,
            "acousticness": 0.577,
            "danceability": 6.769,
            "instrumentalness": 0,
            "liveness": 0.215,
            "loudness": -4.935,
            "speechiness": 0.0285,
            "time_signature": 4,
            "happiness": 4.555
        }
    },
    {
        "#": 2,
        "Track Title": "Flowers - Acoustic Covers Versions of Popular Songs",
        "Artist": "Eric Lumiere",
        "Key": "11A",
        "Energy": 3.9610000000000003,
        "Popularity": 5.7700000000000005,
        "BPM": 116,
        "DJ Play Count": 0,
        "Rating": "*******",
        "My Tag": [
            "Calm",
            "2020s",
            "2020s"
        ],
        "Additional Info": {
            "id": "2Fmo5TXuNCqJaraNArby9s",
            "explicit": false,
            "album": "Flowers",
            "release_date": "2023-02-10",
            "genres": [
                "acoustic cover"
            ],
            "duration": 177414,
            "acousticness": 0.767,
            "danceability": 7.606,
            "instrumentalness": 0,
            "liveness": 0.123,
            "loudness": -5.494,
            "speechiness": 0.0353,
            "time_signature": 4,
            "happiness": 4.492
        }
    },
    {
        "#": 3,
        "Track Title": "Heat Waves - Acoustic Covers Versions",
        "Artist": "Covers Culture",
        "Key": "11B",
        "Energy": 4.33,
        "Popularity": 5.41,
        "BPM": 73,
        "DJ Play Count": 0,
        "Rating": "*******",
        "My Tag": [
            "Calm",
            "2020s",
            "2020s"
        ],
        "Additional Info": {
            "id": "7DvAyQgT9hnD7bd92cSX53",
            "explicit": false,
            "album": "Heat Waves (Acoustic Covers Versions)",
            "release_date": "2022-08-14",
            "genres": [
                "acoustic cover"
            ],
            "duration": 133562,
            "acousticness": 0.638,
            "danceability": 5.68,
            "instrumentalness": 0,
            "liveness": 0.246,
            "loudness": -7.934,
            "speechiness": 0.0369,
            "time_signature": 4,
            "happiness": 5.311
        }
    },
    {
        "#": 4,
        "Track Title": "What About Us - Acoustic",
        "Artist": "Thomas Daniel",
        "Key": "12B",
        "Energy": 3.061,
        "Popularity": 6.49,
        "BPM": 125,
        "DJ Play Count": 0,
        "Rating": "*******",
        "My Tag": [
            "Calm",
            "2010s",
            "Mad",
            "Calm",
            "2010s",
            "Mad",
            "Calm"
        ],
        "Additional Info": {
            "id": "7e4Pftu2tzDeY0W0690OKQ",
            "explicit": false,
            "album": "What About Us (Acoustic)",
            "release_date": "2017-09-01",
            "genres": [
                "acoustic cover"
            ],
            "duration": 255511,
            "acousticness": 0.935,
            "danceability": 4.843,
            "instrumentalness": 7.37e-06,
            "liveness": 0.0958,
            "loudness": -11.564,
            "speechiness": 0.0364,
            "time_signature": 5,
            "happiness": 2.998
        }
    },
    {
        "#": 5,
        "Track Title": "As It Was - Acoustic Covers Versions",
        "Artist": "Mike Kelly",
        "Key": "11B",
        "Energy": 3.97,
        "Popularity": 5.41,
        "BPM": 84,
        "DJ Play Count": 0,
        "Rating": "*******",
        "My Tag": [
            "Calm",
            "2020s",
            "2020s"
        ],
        "Additional Info": {
            "id": "6OcGCj2MruyshRAPMPdwyO",
            "explicit": false,
            "album": "As It Was",
            "release_date": "2022-08-26",
            "genres": [],
            "duration": 150667,
            "acousticness": 0.866,
            "danceability": 5.941000000000001,
            "instrumentalness": 0,
            "liveness": 0.125,
            "loudness": -8.683,
            "speechiness": 0.0437,
            "time_signature": 4,
            "happiness": 6.093999999999999
        }
    },
    {
        "#": 6,
        "Track Title": "I'm Good (Blue) - Chill Acoustic Covers Of Popular Songs",
        "Artist": "Chill Magic Covers Music",
        "Key": "4A",
        "Energy": 2.836,
        "Popularity": 5.5,
        "BPM": 110,
        "DJ Play Count": 0,
        "Rating": "*******",
        "My Tag": [
            "Calm",
            "2020s",
            "2020s"
        ],
        "Additional Info": {
            "id": "5DXge23NuViPzmnhWBACMN",
            "explicit": false,
            "album": "Chill Out Covers Sessions",
            "release_date": "2023-01-06",
            "genres": [],
            "duration": 141818,
            "acousticness": 0.965,
            "danceability": 4.311999999999999,
            "instrumentalness": 1.31e-06,
            "liveness": 0.12,
            "loudness": -19.314,
            "speechiness": 0.0549,
            "time_signature": 4,
            "happiness": 4.609
        }
    },
    {
        "#": 7,
        "Track Title": "drivers license - Spotify Singles",
        "Artist": "Lewis Capaldi",
        "Key": "12B",
        "Energy": 3.0700000000000003,
        "Popularity": 7.209999999999999,
        "BPM": 127,
        "DJ Play Count": 0,
        "Rating": "*******",
        "My Tag": [
            "Calm",
            "2020s",
            "Pop",
            "PEGI 16 [Age]",
            "2020s",
            "Pop",
            "PEGI 16 [Age]"
        ],
        "Additional Info": {
            "id": "10wk4XQdba4QpHgFb28Ktk",
            "explicit": true,
            "album": "Spotify Singles",
            "release_date": "2022-09-21",
            "genres": [
                "pop",
                "uk pop"
            ],
            "duration": 262544,
            "acousticness": 0.845,
            "danceability": 5.8870000000000005,
            "instrumentalness": 0,
            "liveness": 0.11,
            "loudness": -12.532,
            "speechiness": 0.0417,
            "time_signature": 4,
            "happiness": 3.763
        }
    },
    {
        "#": 8,
        "Track Title": "All Good Things - Acoustic Covers",
        "Artist": "Roostz",
        "Key": "8B",
        "Energy": 2.242,
        "Popularity": 5.140000000000001,
        "BPM": 112,
        "DJ Play Count": 0,
        "Rating": "*******",
        "My Tag": [
            "Calm",
            "2020s",
            "Mad",
            "Calm",
            "2020s",
            "Mad",
            "Calm"
        ],
        "Additional Info": {
            "id": "2N12mlqOKLxuXbYXL7uKht",
            "explicit": false,
            "album": "Acoustic Covers Sessions Mix",
            "release_date": "2023-06-02",
            "genres": [
                "acoustic cover"
            ],
            "duration": 135000,
            "acousticness": 0.876,
            "danceability": 8.155000000000001,
            "instrumentalness": 0,
            "liveness": 0.109,
            "loudness": -13.835,
            "speechiness": 0.0421,
            "time_signature": 4,
            "happiness": 2.908
        }
    },
    {
        "#": 9,
        "Track Title": "Hey Ya",
        "Artist": "Filip Nordin",
        "Key": "9A",
        "Energy": 4.384,
        "Popularity": 5.41,
        "BPM": 121,
        "DJ Play Count": 0,
        "Rating": "*******",
        "My Tag": [
            "Calm",
            "2020s",
            "2020s"
        ],
        "Additional Info": {
            "id": "54PwcNX8p30P86Ivq8n0vf",
            "explicit": false,
            "album": "Hey Ya (Acoustic)",
            "release_date": "2021-01-22",
            "genres": [
                "acoustic cover"
            ],
            "duration": 138843,
            "acousticness": 0.685,
            "danceability": 7.696,
            "instrumentalness": 0,
            "liveness": 0.185,
            "loudness": -7.269,
            "speechiness": 0.0409,
            "time_signature": 5,
            "happiness": 3.88
        }
    },
    {
        "#": 10,
        "Track Title": "Impossible - Acoustic Covers of Popular Songs",
        "Artist": "Denis Kalytovskyi",
        "Key": "10B",
        "Energy": 1.6362999999999999,
        "Popularity": 5.140000000000001,
        "BPM": 85,
        "DJ Play Count": 0,
        "Rating": "*******",
        "My Tag": [
            "Calm",
            "2020s",
            "2020s"
        ],
        "Additional Info": {
            "id": "5EzT03XO1Rt656faxQ7rOw",
            "explicit": false,
            "album": "Impossible (Acoustic Covers of Popular Songs)",
            "release_date": "2020-08-07",
            "genres": [
                "ukrainian pop"
            ],
            "duration": 210000,
            "acousticness": 0.553,
            "danceability": 6.022,
            "instrumentalness": 0,
            "liveness": 0.0715,
            "loudness": -22.578,
            "speechiness": 0.0432,
            "time_signature": 4,
            "happiness": 3.61
        }
    },
    {
        "#": 11,
        "Track Title": "Let Her Go",
        "Artist": "Son&Dad",
        "Key": "12A",
        "Energy": 3.718,
        "Popularity": 5.2299999999999995,
        "BPM": 146,
        "DJ Play Count": 0,
        "Rating": "*******",
        "My Tag": [
            "Calm",
            "2020s",
            "Mad",
            "Calm",
            "2020s",
            "Mad",
            "Calm"
        ],
        "Additional Info": {
            "id": "2CDIkuvYog2AIgIl4yqja3",
            "explicit": false,
            "album": "Let Her Go",
            "release_date": "2020-07-22",
            "genres": [
                "acoustic cover"
            ],
            "duration": 149583,
            "acousticness": 0.482,
            "danceability": 4.546,
            "instrumentalness": 0,
            "liveness": 0.0997,
            "loudness": -7.331,
            "speechiness": 0.0338,
            "time_signature": 4,
            "happiness": 2.935
        }
    },
    {
        "#": 12,
        "Track Title": "Waves - Acoustic Covers Versions of Popular Songs",
        "Artist": "Vendredi, Chrissy Dave",
        "Key": "7A",
        "Energy": 3.394,
        "Popularity": 5.2299999999999995,
        "BPM": 87,
        "DJ Play Count": 0,
        "Rating": "*******",
        "My Tag": [
            "Calm",
            "2020s",
            "2020s"
        ],
        "Additional Info": {
            "id": "5HRWm4vLP6kHs9oV9t1z3a",
            "explicit": false,
            "album": "Waves (Acoustic Covers Versions of Popular Songs)",
            "release_date": "2021-08-13",
            "genres": [
                "acoustic cover"
            ],
            "duration": 102686,
            "acousticness": 0.964,
            "danceability": 4.519,
            "instrumentalness": 0,
            "liveness": 0.206,
            "loudness": -9.62,
            "speechiness": 0.0425,
            "time_signature": 4,
            "happiness": 5.545
        }
    },
    {
        "#": 13,
        "Track Title": "More Than You Know - Acoustic Covers of Popular Songs",
        "Artist": "Filip Nordin",
        "Key": "4B",
        "Energy": 3.862,
        "Popularity": 5.32,
        "BPM": 98,
        "DJ Play Count": 0,
        "Rating": "*******",
        "My Tag": [
            "Calm",
            "2020s",
            "2020s"
        ],
        "Additional Info": {
            "id": "0R6cTNa9Z6zid3b2l2d3bK",
            "explicit": false,
            "album": "More Than You Know (Acoustic Covers of Popular Songs)",
            "release_date": "2021-02-26",
            "genres": [
                "acoustic cover"
            ],
            "duration": 155510,
            "acousticness": 0.804,
            "danceability": 8.011,
            "instrumentalness": 0,
            "liveness": 0.159,
            "loudness": -7.49,
            "speechiness": 0.031,
            "time_signature": 4,
            "happiness": 5.518
        }
    },
    {
        "#": 14,
        "Track Title": "All of the Stars - Acoustic",
        "Artist": "Eric Lumiere, Gaelan",
        "Key": "10B",
        "Energy": 3.7359999999999998,
        "Popularity": 5.41,
        "BPM": 145,
        "DJ Play Count": 0,
        "Rating": "*******",
        "My Tag": [
            "Calm",
            "2020s",
            "2020s"
        ],
        "Additional Info": {
            "id": "1jNkaz5cyTp3OCDoYD2UGl",
            "explicit": false,
            "album": "All of the Stars (Acoustic)",
            "release_date": "2023-04-07",
            "genres": [
                "acoustic cover"
            ],
            "duration": 204898,
            "acousticness": 0.769,
            "danceability": 3.9970000000000003,
            "instrumentalness": 0,
            "liveness": 0.353,
            "loudness": -6.223,
            "speechiness": 0.0324,
            "time_signature": 4,
            "happiness": 4.311999999999999
        }
    },
    {
        "#": 15,
        "Track Title": "Baby Don't Hurt Me - Acoustic Covers Versions",
        "Artist": "Roostz",
        "Key": "8B",
        "Energy": 1.6749999999999998,
        "Popularity": 4.96,
        "BPM": 115,
        "DJ Play Count": 0,
        "Rating": "*******",
        "My Tag": [
            "Calm",
            "2020s",
            "Mad",
            "Calm",
            "2020s",
            "Mad",
            "Calm"
        ],
        "Additional Info": {
            "id": "2CAXRd2fhrQO8OhMtjze5S",
            "explicit": false,
            "album": "Acoustic Covers Sessions Mix",
            "release_date": "2023-06-02",
            "genres": [
                "acoustic cover"
            ],
            "duration": 118957,
            "acousticness": 0.984,
            "danceability": 5.581,
            "instrumentalness": 3.87e-05,
            "liveness": 0.0932,
            "loudness": -22.05,
            "speechiness": 0.0393,
            "time_signature": 4,
            "happiness": 2.17
        }
    },
    {
        "#": 16,
        "Track Title": "Easy On Me - Acoustic Covers Versions",
        "Artist": "Covers Culture",
        "Key": "9A",
        "Energy": 2.629,
        "Popularity": 5.140000000000001,
        "BPM": 94,
        "DJ Play Count": 0,
        "Rating": "*******",
        "My Tag": [
            "Calm",
            "2020s",
            "Mad",
            "Calm",
            "2020s",
            "Mad",
            "Calm"
        ],
        "Additional Info": {
            "id": "00u5KJz4GO7er7jIeCntnk",
            "explicit": false,
            "album": "Chill Vibes - Just Chill & Relax - Relaxing Covers Songs - Chill Pop Music Hits - Chill Music - Chill Songs - Chilled - Chill Out Pop - Chillout Music - Best Chill Songs - Acoustic Chill",
            "release_date": "2022-09-28",
            "genres": [
                "acoustic cover"
            ],
            "duration": 147042,
            "acousticness": 0.765,
            "danceability": 3.79,
            "instrumentalness": 0,
            "liveness": 0.0651,
            "loudness": -13.296,
            "speechiness": 0.0324,
            "time_signature": 5,
            "happiness": 2.944
        }
    },
    {
        "#": 17,
        "Track Title": "Before You Go - Acoustic Covers of Popular Songs",
        "Artist": "Denis Kalytovskyi",
        "Key": "10B",
        "Energy": 4.546,
        "Popularity": 5.140000000000001,
        "BPM": 112,
        "DJ Play Count": 0,
        "Rating": "*******",
        "My Tag": [
            "Calm",
            "2020s",
            "Happy",
            "2020s",
            "Happy"
        ],
        "Additional Info": {
            "id": "07VXm9egYqEBsGGyW7UJ1M",
            "explicit": false,
            "album": "Before You Go (Acoustic Covers of Popular Songs)",
            "release_date": "2020-08-07",
            "genres": [
                "ukrainian pop"
            ],
            "duration": 224031,
            "acousticness": 0.878,
            "danceability": 6.607,
            "instrumentalness": 0,
            "liveness": 0.166,
            "loudness": -7.619,
            "speechiness": 0.0317,
            "time_signature": 4,
            "happiness": 7.0840000000000005
        }
    },
    {
        "#": 18,
        "Track Title": "Light On - Acoustic Covers Versions of Popular Songs",
        "Artist": "Bobbylene",
        "Key": "1B",
        "Energy": 2.4939999999999998,
        "Popularity": 4.87,
        "BPM": 100,
        "DJ Play Count": 0,
        "Rating": "*******",
        "My Tag": [
            "Calm",
            "2020s",
            "2020s"
        ],
        "Additional Info": {
            "id": "71gaPu2t7HxnvjOvTqG9VR",
            "explicit": false,
            "album": "Light On (Acoustic Covers Versions of Popular Songs)",
            "release_date": "2021-07-09",
            "genres": [
                "acoustic cover"
            ],
            "duration": 234951,
            "acousticness": 0.877,
            "danceability": 7.39,
            "instrumentalness": 0,
            "liveness": 0.187,
            "loudness": -10.712,
            "speechiness": 0.0392,
            "time_signature": 4,
            "happiness": 3.358
        }
    },
    {
        "#": 19,
        "Track Title": "The Nights - Acoustic",
        "Artist": "Caj Morgan",
        "Key": "2B",
        "Energy": 3.97,
        "Popularity": 5.2299999999999995,
        "BPM": 107,
        "DJ Play Count": 0,
        "Rating": "*******",
        "My Tag": [
            "Calm",
            "2020s",
            "2020s"
        ],
        "Additional Info": {
            "id": "2awMBdfBN3mPKxQr7srKxe",
            "explicit": false,
            "album": "Unplugged Vol. 1",
            "release_date": "2020-11-11",
            "genres": [
                "acoustic cover"
            ],
            "duration": 118879,
            "acousticness": 0.589,
            "danceability": 7.939,
            "instrumentalness": 0,
            "liveness": 0.215,
            "loudness": -6.687,
            "speechiness": 0.0292,
            "time_signature": 4,
            "happiness": 6.9670000000000005
        }
    },
    {
        "#": 20,
        "Track Title": "Closer - Acoustic Covers Versions of Popular Songs",
        "Artist": "Acusticos Y Covers Acusticos Culture",
        "Key": "5B",
        "Energy": 3.8890000000000002,
        "Popularity": 5.32,
        "BPM": 100,
        "DJ Play Count": 0,
        "Rating": "*******",
        "My Tag": [
            "Calm",
            "2020s",
            "2020s"
        ],
        "Additional Info": {
            "id": "2W5cmL3z2EjNALrReWZWtv",
            "explicit": false,
            "album": "Covers Acusticos Sessions",
            "release_date": "2022-12-14",
            "genres": [],
            "duration": 145200,
            "acousticness": 0.907,
            "danceability": 8.209,
            "instrumentalness": 0,
            "liveness": 0.114,
            "loudness": -10.7,
            "speechiness": 0.107,
            "time_signature": 4,
            "happiness": 3.178
        }
    },
    {
        "#": 21,
        "Track Title": "I Want It That Way - Acoustic Covers of Popular Songs",
        "Artist": "Son&Dad, Filip Nordin",
        "Key": "4A",
        "Energy": 3.277,
        "Popularity": 5.41,
        "BPM": 102,
        "DJ Play Count": 0,
        "Rating": "*******",
        "My Tag": [
            "Calm",
            "2020s",
            "2020s"
        ],
        "Additional Info": {
            "id": "1B8JUBaGAl8gkanqBalIiF",
            "explicit": false,
            "album": "I Want It That Way (Acoustic Covers of Popular Songs)",
            "release_date": "2021-01-29",
            "genres": [
                "acoustic cover",
                "acoustic cover"
            ],
            "duration": 136471,
            "acousticness": 0.748,
            "danceability": 4.492,
            "instrumentalness": 0,
            "liveness": 0.319,
            "loudness": -6.561,
            "speechiness": 0.0355,
            "time_signature": 4,
            "happiness": 4.411
        }
    },
    {
        "#": 22,
        "Track Title": "Demons - Acoustic Covers Versions of Popular Songs",
        "Artist": "Covers Culture, Acoustic Covers Culture, Lounge Covers Culture Of Popular Songs",
        "Key": "5B",
        "Energy": 2.602,
        "Popularity": 5.2299999999999995,
        "BPM": 100,
        "DJ Play Count": 0,
        "Rating": "*******",
        "My Tag": [
            "Calm",
            "2020s",
            "2020s"
        ],
        "Additional Info": {
            "id": "6VRzfD8TNHn0yHhtdRLY4e",
            "explicit": false,
            "album": "Acustic Covers of Popular Songs",
            "release_date": "2021-10-11",
            "genres": [
                "acoustic cover"
            ],
            "duration": 159612,
            "acousticness": 0.783,
            "danceability": 4.492,
            "instrumentalness": 0,
            "liveness": 0.352,
            "loudness": -12.789,
            "speechiness": 0.0444,
            "time_signature": 4,
            "happiness": 6.337
        }
    },
    {
        "#": 23,
        "Track Title": "Bad Memories - Acoustic Covers Versions",
        "Artist": "Roostz",
        "Key": "3B",
        "Energy": 2.62,
        "Popularity": 4.779999999999999,
        "BPM": 118,
        "DJ Play Count": 0,
        "Rating": "*******",
        "My Tag": [
            "Calm",
            "2020s",
            "2020s"
        ],
        "Additional Info": {
            "id": "43IvsFAO5yFEHTfGIJ2job",
            "explicit": false,
            "album": "Acoustic Covers Sessions Mix",
            "release_date": "2023-06-02",
            "genres": [
                "acoustic cover"
            ],
            "duration": 104000,
            "acousticness": 0.938,
            "danceability": 4.4830000000000005,
            "instrumentalness": 4.38e-05,
            "liveness": 0.125,
            "loudness": -19.982,
            "speechiness": 0.0442,
            "time_signature": 4,
            "happiness": 4.167999999999999
        }
    },
    {
        "#": 24,
        "Track Title": "September - Recorded at The Tracking Room Nashville",
        "Artist": "Taylor Swift",
        "Key": "2B",
        "Energy": 4.996,
        "Popularity": 6.8500000000000005,
        "BPM": 107,
        "DJ Play Count": 0,
        "Rating": "*******",
        "My Tag": [
            "Calm",
            "2010s",
            "Pop",
            "2010s",
            "Pop"
        ],
        "Additional Info": {
            "id": "5eGX87IiKsGuzS3iw4CfCX",
            "explicit": false,
            "album": "Spotify Singles",
            "release_date": "2018-04-13",
            "genres": [
                "pop"
            ],
            "duration": 187824,
            "acousticness": 0.412,
            "danceability": 6.769,
            "instrumentalness": 0.00121,
            "liveness": 0.179,
            "loudness": -6.482,
            "speechiness": 0.0239,
            "time_signature": 4,
            "happiness": 6.292
        }
    },
    {
        "#": 25,
        "Track Title": "Aïcha",
        "Artist": "Vendredi, Chrissy Dave",
        "Key": "6B",
        "Energy": 4.6899999999999995,
        "Popularity": 5.05,
        "BPM": 85,
        "DJ Play Count": 0,
        "Rating": "*******",
        "My Tag": [
            "Calm",
            "2020s",
            "2020s"
        ],
        "Additional Info": {
            "id": "4iwPAxCytbU9Y2fctzDJFw",
            "explicit": false,
            "album": "Acoustic Covers",
            "release_date": "2023-02-03",
            "genres": [
                "acoustic cover"
            ],
            "duration": 158824,
            "acousticness": 0.825,
            "danceability": 5.7700000000000005,
            "instrumentalness": 0,
            "liveness": 0.158,
            "loudness": -5.996,
            "speechiness": 0.0305,
            "time_signature": 4,
            "happiness": 3.8890000000000002
        }
    },
    {
        "#": 26,
        "Track Title": "Stitches",
        "Artist": "Filip Nordin",
        "Key": "8B",
        "Energy": 4.132,
        "Popularity": 4.96,
        "BPM": 146,
        "DJ Play Count": 0,
        "Rating": "*******",
        "My Tag": [
            "Calm",
            "2020s",
            "2020s"
        ],
        "Additional Info": {
            "id": "6wCH4CsJX38STAh9VJiXgX",
            "explicit": false,
            "album": "Stitches",
            "release_date": "2020-09-02",
            "genres": [
                "acoustic cover"
            ],
            "duration": 140548,
            "acousticness": 0.72,
            "danceability": 7.165000000000001,
            "instrumentalness": 0,
            "liveness": 0.416,
            "loudness": -6.075,
            "speechiness": 0.0342,
            "time_signature": 4,
            "happiness": 5.869000000000001
        }
    },
    {
        "#": 27,
        "Track Title": "Everybody Wants To Rule The World - Chillout Mix",
        "Artist": "SMR LVE, Eric Lumiere",
        "Key": "10B",
        "Energy": 5.635,
        "Popularity": 5.05,
        "BPM": 124,
        "DJ Play Count": 0,
        "Rating": "*******",
        "My Tag": [
            "Calm",
            "2020s",
            "2020s"
        ],
        "Additional Info": {
            "id": "3A7uEf6TUAZfPeVbZilItk",
            "explicit": false,
            "album": "Flashback Memories",
            "release_date": "2023-02-10",
            "genres": [
                "acoustic cover"
            ],
            "duration": 205494,
            "acousticness": 0.574,
            "danceability": 6.148,
            "instrumentalness": 0,
            "liveness": 0.0843,
            "loudness": -8.302,
            "speechiness": 0.0311,
            "time_signature": 4,
            "happiness": 2.926
        }
    },
    {
        "#": 28,
        "Track Title": "Stand by Me",
        "Artist": "Boyce Avenue",
        "Key": "4B",
        "Energy": 3.394,
        "Popularity": 6.58,
        "BPM": 115,
        "DJ Play Count": 0,
        "Rating": "*******",
        "My Tag": [
            "Calm",
            "2020s",
            "Calm",
            "Happy",
            "Pop",
            "2020s",
            "Calm",
            "Happy",
            "Pop"
        ],
        "Additional Info": {
            "id": "068qo0w1Ki0cjnFYOUhAm2",
            "explicit": false,
            "album": "Stand by Me",
            "release_date": "2021-01-15",
            "genres": [
                "acoustic cover",
                "neo mellow",
                "viral pop"
            ],
            "duration": 199020,
            "acousticness": 0.872,
            "danceability": 7.552,
            "instrumentalness": 1.03e-05,
            "liveness": 0.114,
            "loudness": -7.322,
            "speechiness": 0.0293,
            "time_signature": 4,
            "happiness": 3.763
        }
    },
    {
        "#": 29,
        "Track Title": "True Colors",
        "Artist": "Keith McInally, Amy Lyons",
        "Key": "12B",
        "Energy": 3.817,
        "Popularity": 4.96,
        "BPM": 82,
        "DJ Play Count": 0,
        "Rating": "*******",
        "My Tag": [
            "Calm",
            "2020s",
            "2020s"
        ],
        "Additional Info": {
            "id": "5va4b5njjENmjaQjwpvvCE",
            "explicit": false,
            "album": "True Colors (Acoustic Covers Versions of Popular Songs)",
            "release_date": "2022-05-27",
            "genres": [
                "acoustic cover"
            ],
            "duration": 179620,
            "acousticness": 0.875,
            "danceability": 6.7780000000000005,
            "instrumentalness": 0.000278,
            "liveness": 0.148,
            "loudness": -10.941,
            "speechiness": 0.0415,
            "time_signature": 4,
            "happiness": 4.501
        }
    },
    {
        "#": 30,
        "Track Title": "Take Me Home, Country Roads - Acoustic",
        "Artist": "Caj Morgan",
        "Key": "10B",
        "Energy": 4.122999999999999,
        "Popularity": 4.87,
        "BPM": 85,
        "DJ Play Count": 0,
        "Rating": "*******",
        "My Tag": [
            "Calm",
            "2020s",
            "2020s"
        ],
        "Additional Info": {
            "id": "0MGSQPJb2CoYITrpeqX5BU",
            "explicit": false,
            "album": "Unplugged Vol. 1",
            "release_date": "2020-11-11",
            "genres": [
                "acoustic cover"
            ],
            "duration": 145412,
            "acousticness": 0.727,
            "danceability": 6.157,
            "instrumentalness": 0,
            "liveness": 0.124,
            "loudness": -6.349,
            "speechiness": 0.028,
            "time_signature": 4,
            "happiness": 4.519
        }
    },
    {
        "#": 31,
        "Track Title": "Free Fallin' - Live at the Nokia Theatre, Los Angeles, CA - December 2007",
        "Artist": "John Mayer",
        "Key": "7B",
        "Energy": 3.6639999999999997,
        "Popularity": 7.75,
        "BPM": 87,
        "DJ Play Count": 0,
        "Rating": "*******",
        "My Tag": [
            "Calm",
            "2000s",
            "Inspiring",
            "Calm",
            "2000s",
            "Inspiring",
            "Calm"
        ],
        "Additional Info": {
            "id": "4LloVtxNZpeh7q7xdi1DQc",
            "explicit": false,
            "album": "Where the Light Is: John Mayer Live In Los Angeles",
            "release_date": "2008",
            "genres": [
                "neo mellow",
                "singer-songwriter"
            ],
            "duration": 263573,
            "acousticness": 0.771,
            "danceability": 3.835,
            "instrumentalness": 0,
            "liveness": 0.702,
            "loudness": -13.262,
            "speechiness": 0.0315,
            "time_signature": 4,
            "happiness": 4.915
        }
    },
    {
        "#": 32,
        "Track Title": "Way Down We Go - Acoustic Mix",
        "Artist": "Vendredi, Sphere",
        "Key": "6A",
        "Energy": 4.501,
        "Popularity": 4.87,
        "BPM": 82,
        "DJ Play Count": 0,
        "Rating": "*******",
        "My Tag": [
            "Calm",
            "2020s",
            "2020s"
        ],
        "Additional Info": {
            "id": "2rsC9GeZUgsgsyp0VPQoGx",
            "explicit": false,
            "album": "Way Down We Go",
            "release_date": "2020-05-15",
            "genres": [
                "acoustic cover"
            ],
            "duration": 156585,
            "acousticness": 0.884,
            "danceability": 6.679,
            "instrumentalness": 0,
            "liveness": 0.0661,
            "loudness": -7.32,
            "speechiness": 0.0318,
            "time_signature": 4,
            "happiness": 4.2940000000000005
        }
    },
    {
        "#": 33,
        "Track Title": "Don't Be Shy - Acoustic Covers Versions",
        "Artist": "Roostz",
        "Key": "9A",
        "Energy": 2.215,
        "Popularity": 4.42,
        "BPM": 100,
        "DJ Play Count": 0,
        "Rating": "*******",
        "My Tag": [
            "Calm",
            "2020s",
            "2020s"
        ],
        "Additional Info": {
            "id": "3iKVT7oOBxebA1TmvwauwP",
            "explicit": false,
            "album": "Acoustic Covers Sessions Mix",
            "release_date": "2023-06-02",
            "genres": [
                "acoustic cover"
            ],
            "duration": 127200,
            "acousticness": 0.925,
            "danceability": 5.878,
            "instrumentalness": 0,
            "liveness": 0.107,
            "loudness": -19.598,
            "speechiness": 0.0429,
            "time_signature": 4,
            "happiness": 6.805
        }
    },
    {
        "#": 34,
        "Track Title": "drivers license",
        "Artist": "VENDEE, Covers Culture, Acoustic Covers Culture",
        "Key": "6B",
        "Energy": 3.4480000000000004,
        "Popularity": 5.2299999999999995,
        "BPM": 144,
        "DJ Play Count": 0,
        "Rating": "*******",
        "My Tag": [
            "Calm",
            "2020s",
            "2020s"
        ],
        "Additional Info": {
            "id": "7CTqRGzZKudQeahjyKMGah",
            "explicit": false,
            "album": "Acustic Covers of Popular Songs",
            "release_date": "2021-10-11",
            "genres": [
                "acoustic cover",
                "acoustic cover"
            ],
            "duration": 140004,
            "acousticness": 0.914,
            "danceability": 6.598,
            "instrumentalness": 0.00017,
            "liveness": 0.101,
            "loudness": -9.304,
            "speechiness": 0.0453,
            "time_signature": 4,
            "happiness": 3.826
        }
    },
    {
        "#": 35,
        "Track Title": "Running Up That Hill (A Deal With God) - Acoustic Covers Versions of Popular Songs",
        "Artist": "NORMANDY, Clariza",
        "Key": "11A",
        "Energy": 3.1149999999999998,
        "Popularity": 4.87,
        "BPM": 89,
        "DJ Play Count": 0,
        "Rating": "*******",
        "My Tag": [
            "Calm",
            "2020s",
            "Mad",
            "Calm",
            "2020s",
            "Mad",
            "Calm"
        ],
        "Additional Info": {
            "id": "3c7xEltnzmrkqYdWvi5XmR",
            "explicit": false,
            "album": "Running Up That Hill (A Deal With God) [Acoustic Covers Versions of Popular Songs]",
            "release_date": "2022-10-28",
            "genres": [
                "acoustic cover"
            ],
            "duration": 209045,
            "acousticness": 0.85,
            "danceability": 6.292,
            "instrumentalness": 1.27e-05,
            "liveness": 0.161,
            "loudness": -14.477,
            "speechiness": 0.0349,
            "time_signature": 4,
            "happiness": 2.4850000000000003
        }
    },
    {
        "#": 36,
        "Track Title": "If I Lose Myself",
        "Artist": "Amanda Yang",
        "Key": "10B",
        "Energy": 3.97,
        "Popularity": 4.87,
        "BPM": 118,
        "DJ Play Count": 0,
        "Rating": "*******",
        "My Tag": [
            "Calm",
            "2020s",
            "2020s"
        ],
        "Additional Info": {
            "id": "45MssTFa1LMrfdH2vHMLdw",
            "explicit": false,
            "album": "If I Lose Myself",
            "release_date": "2020-04-24",
            "genres": [],
            "duration": 252380,
            "acousticness": 0.846,
            "danceability": 5.626,
            "instrumentalness": 0,
            "liveness": 0.145,
            "loudness": -6.315,
            "speechiness": 0.0288,
            "time_signature": 4,
            "happiness": 3.043
        }
    },
    {
        "#": 37,
        "Track Title": "Girls Just Wanna Have Fun",
        "Artist": "The Mayries",
        "Key": "4A",
        "Energy": 4.204,
        "Popularity": 5.95,
        "BPM": 93,
        "DJ Play Count": 0,
        "Rating": "*******",
        "My Tag": [
            "Calm",
            "2010s",
            "Calm",
            "Pop",
            "2010s",
            "Calm",
            "Pop"
        ],
        "Additional Info": {
            "id": "11qJo8BHxYDUg6NSVZp95i",
            "explicit": false,
            "album": "#Acoustic",
            "release_date": "2018-03-30",
            "genres": [
                "acoustic cover",
                "acoustic pop"
            ],
            "duration": 172993,
            "acousticness": 0.74,
            "danceability": 4.942,
            "instrumentalness": 0,
            "liveness": 0.146,
            "loudness": -11.448,
            "speechiness": 0.0388,
            "time_signature": 4,
            "happiness": 4.204
        }
    },
    {
        "#": 38,
        "Track Title": "good 4 u - Acoustic Covers Versions of Popular Songs",
        "Artist": "Covers Culture, Acoustic Covers Culture, Lounge Covers Culture Of Popular Songs",
        "Key": "4B",
        "Energy": 4.627000000000001,
        "Popularity": 5.140000000000001,
        "BPM": 83,
        "DJ Play Count": 0,
        "Rating": "*******",
        "My Tag": [
            "Calm",
            "2020s",
            "Happy",
            "PEGI 16 [Age]",
            "2020s",
            "Happy",
            "PEGI 16 [Age]"
        ],
        "Additional Info": {
            "id": "7lGJ4y7lFwiPa3C0SCgArh",
            "explicit": true,
            "album": "Acustic Covers of Popular Songs",
            "release_date": "2021-10-11",
            "genres": [
                "acoustic cover"
            ],
            "duration": 124341,
            "acousticness": 0.777,
            "danceability": 7.2909999999999995,
            "instrumentalness": 0,
            "liveness": 0.132,
            "loudness": -6.578,
            "speechiness": 0.0706,
            "time_signature": 4,
            "happiness": 7.147
        }
    },
    {
        "#": 39,
        "Track Title": "I'm Yours - Acoustic Covers Versions of Popular Songs",
        "Artist": "Vendredi, Chrissy Dave",
        "Key": "6B",
        "Energy": 3.187,
        "Popularity": 5.05,
        "BPM": 76,
        "DJ Play Count": 0,
        "Rating": "*******",
        "My Tag": [
            "Calm",
            "2020s",
            "2020s"
        ],
        "Additional Info": {
            "id": "47i0hlBiT8lWl57iEC8wAK",
            "explicit": false,
            "album": "I'm Yours (Acoustic Covers Versions of Popular Songs)",
            "release_date": "2021-07-09",
            "genres": [
                "acoustic cover"
            ],
            "duration": 146053,
            "acousticness": 0.903,
            "danceability": 7.471,
            "instrumentalness": 0,
            "liveness": 0.112,
            "loudness": -8.966,
            "speechiness": 0.0607,
            "time_signature": 4,
            "happiness": 6.823
        }
    },
    {
        "#": 40,
        "Track Title": "Don't Dream It's Over - Chillout Mix",
        "Artist": "SMR LVE, Eric Lumiere",
        "Key": "8A",
        "Energy": 5.815,
        "Popularity": 4.87,
        "BPM": 82,
        "DJ Play Count": 0,
        "Rating": "*******",
        "My Tag": [
            "Calm",
            "2020s",
            "2020s"
        ],
        "Additional Info": {
            "id": "5zBNSXkkVcqDVocPDsklF0",
            "explicit": false,
            "album": "Flashback Memories",
            "release_date": "2023-02-10",
            "genres": [
                "acoustic cover"
            ],
            "duration": 181486,
            "acousticness": 0.36,
            "danceability": 5.563,
            "instrumentalness": 0,
            "liveness": 0.15,
            "loudness": -6.275,
            "speechiness": 0.0337,
            "time_signature": 4,
            "happiness": 2.314
        }
    },
    {
        "#": 41,
        "Track Title": "THATS WHAT I WANT - Acoustic Covers Versions",
        "Artist": "NORMANDY, Sarah Griche",
        "Key": "3A",
        "Energy": 3.412,
        "Popularity": 4.779999999999999,
        "BPM": 124,
        "DJ Play Count": 0,
        "Rating": "*******",
        "My Tag": [
            "Calm",
            "2020s",
            "2020s"
        ],
        "Additional Info": {
            "id": "6aPHTHZReHeRgqz3IahMA7",
            "explicit": false,
            "album": "THATS WHAT I WANT (Acoustic Covers Versions)",
            "release_date": "2022-08-26",
            "genres": [
                "acoustic cover"
            ],
            "duration": 175229,
            "acousticness": 0.878,
            "danceability": 7.471,
            "instrumentalness": 1.54e-05,
            "liveness": 0.141,
            "loudness": -11.585,
            "speechiness": 0.053,
            "time_signature": 4,
            "happiness": 4.393
        }
    },
    {
        "#": 42,
        "Track Title": "Firestone - Acoustic Covers Versions",
        "Artist": "Roostz",
        "Key": "3B",
        "Energy": 1.7704,
        "Popularity": 4.33,
        "BPM": 84,
        "DJ Play Count": 0,
        "Rating": "*******",
        "My Tag": [
            "Calm",
            "2020s",
            "2020s"
        ],
        "Additional Info": {
            "id": "4DYP8Eq63GXwg4EcZuTHWy",
            "explicit": false,
            "album": "Acoustic Covers Sessions Mix",
            "release_date": "2023-06-02",
            "genres": [
                "acoustic cover"
            ],
            "duration": 145200,
            "acousticness": 0.941,
            "danceability": 4.897,
            "instrumentalness": 1.55e-06,
            "liveness": 0.0985,
            "loudness": -14.22,
            "speechiness": 0.062,
            "time_signature": 1,
            "happiness": 3.5919999999999996
        }
    },
    {
        "#": 43,
        "Track Title": "Another Love",
        "Artist": "Denis Kalytovskyi",
        "Key": "9B",
        "Energy": 4.051,
        "Popularity": 4.96,
        "BPM": 109,
        "DJ Play Count": 0,
        "Rating": "*******",
        "My Tag": [
            "Calm",
            "2020s",
            "PEGI 16 [Age]",
            "2020s",
            "PEGI 16 [Age]"
        ],
        "Additional Info": {
            "id": "55I7nOsFSuD4WKneRoXSaS",
            "explicit": true,
            "album": "Another Love",
            "release_date": "2022-06-17",
            "genres": [
                "ukrainian pop"
            ],
            "duration": 277827,
            "acousticness": 0.918,
            "danceability": 6.8500000000000005,
            "instrumentalness": 1.21e-06,
            "liveness": 0.124,
            "loudness": -6.895,
            "speechiness": 0.028,
            "time_signature": 4,
            "happiness": 5.707
        }
    },
    {
        "#": 44,
        "Track Title": "Maybe It's Time",
        "Artist": "Bobbylene",
        "Key": "9B",
        "Energy": 1.8766,
        "Popularity": 4.96,
        "BPM": 76,
        "DJ Play Count": 0,
        "Rating": "*******",
        "My Tag": [
            "Calm",
            "2020s",
            "2020s"
        ],
        "Additional Info": {
            "id": "4pNh60zUKEy43eIteNg4dF",
            "explicit": false,
            "album": "Covers (Vol. 1)",
            "release_date": "2021-11-19",
            "genres": [
                "acoustic cover"
            ],
            "duration": 142105,
            "acousticness": 0.886,
            "danceability": 5.545,
            "instrumentalness": 0,
            "liveness": 0.118,
            "loudness": -14.228,
            "speechiness": 0.0331,
            "time_signature": 4,
            "happiness": 4.1049999999999995
        }
    },
    {
        "#": 45,
        "Track Title": "Fix You - Acoustic Covers",
        "Artist": "Covers Culture, Acoustic Covers Culture, Lounge Covers Culture Of Popular Songs",
        "Key": "11B",
        "Energy": 3.574,
        "Popularity": 4.779999999999999,
        "BPM": 128,
        "DJ Play Count": 0,
        "Rating": "*******",
        "My Tag": [
            "Calm",
            "2020s",
            "Mad",
            "Calm",
            "2020s",
            "Mad",
            "Calm"
        ],
        "Additional Info": {
            "id": "2i1ZSwQYrBdZklJwhMk3BP",
            "explicit": false,
            "album": "Fix You (Acoustic Covers)",
            "release_date": "2021-08-20",
            "genres": [
                "acoustic cover"
            ],
            "duration": 138760,
            "acousticness": 0.98,
            "danceability": 6.886,
            "instrumentalness": 2.66e-05,
            "liveness": 0.145,
            "loudness": -12.85,
            "speechiness": 0.0463,
            "time_signature": 4,
            "happiness": 2.035
        }
    },
    {
        "#": 46,
        "Track Title": "Take Me To Church - Acoustic",
        "Artist": "Caj Morgan",
        "Key": "7B",
        "Energy": 4.1049999999999995,
        "Popularity": 4.779999999999999,
        "BPM": 113,
        "DJ Play Count": 0,
        "Rating": "*******",
        "My Tag": [
            "Calm",
            "2020s",
            "Happy",
            "2020s",
            "Happy"
        ],
        "Additional Info": {
            "id": "2rnicJAmNggJjKdURgsmSs",
            "explicit": false,
            "album": "Unplugged Vol. 1",
            "release_date": "2020-11-11",
            "genres": [
                "acoustic cover"
            ],
            "duration": 156106,
            "acousticness": 0.567,
            "danceability": 7.588,
            "instrumentalness": 0,
            "liveness": 0.0933,
            "loudness": -6.776,
            "speechiness": 0.0378,
            "time_signature": 3,
            "happiness": 7.435
        }
    },
    {
        "#": 47,
        "Track Title": "Days Like This",
        "Artist": "Dermot Kennedy",
        "Key": "5B",
        "Energy": 2.926,
        "Popularity": 7.209999999999999,
        "BPM": 80,
        "DJ Play Count": 0,
        "Rating": "*******",
        "My Tag": [
            "Calm",
            "2020s",
            "Nostalgic",
            "Pop",
            "2020s",
            "Nostalgic",
            "Pop"
        ],
        "Additional Info": {
            "id": "0W6vig3DpP1D3R4w72hdWp",
            "explicit": false,
            "album": "Without Fear (The Complete Edition)",
            "release_date": "2020-11-06",
            "genres": [
                "folk-pop",
                "irish pop",
                "uk pop"
            ],
            "duration": 149803,
            "acousticness": 0.909,
            "danceability": 6.7780000000000005,
            "instrumentalness": 0,
            "liveness": 0.122,
            "loudness": -9.25,
            "speechiness": 0.198,
            "time_signature": 4,
            "happiness": 4.42
        }
    },
    {
        "#": 48,
        "Track Title": "Gasoline - Acoustic Covers Versions",
        "Artist": "Roostz",
        "Key": "6A",
        "Energy": 2.9530000000000003,
        "Popularity": 4.24,
        "BPM": 120,
        "DJ Play Count": 0,
        "Rating": "*******",
        "My Tag": [
            "Calm",
            "2020s",
            "2020s"
        ],
        "Additional Info": {
            "id": "4zjbZlDeRqFZpDuoz3UWyX",
            "explicit": false,
            "album": "Acoustic Covers Sessions Mix",
            "release_date": "2023-06-02",
            "genres": [
                "acoustic cover"
            ],
            "duration": 125000,
            "acousticness": 0.73,
            "danceability": 6.8500000000000005,
            "instrumentalness": 0,
            "liveness": 0.131,
            "loudness": -14.873,
            "speechiness": 0.0391,
            "time_signature": 4,
            "happiness": 6.949
        }
    },
    {
        "#": 49,
        "Track Title": "Cardigan",
        "Artist": "Jaime Deraz",
        "Key": "7B",
        "Energy": 3.709,
        "Popularity": 4.6,
        "BPM": 130,
        "DJ Play Count": 0,
        "Rating": "*******",
        "My Tag": [
            "Calm",
            "2020s",
            "2020s"
        ],
        "Additional Info": {
            "id": "4GSdA0hj7eQgPJ4XTvxLUS",
            "explicit": false,
            "album": "Cardigan",
            "release_date": "2021-02-05",
            "genres": [],
            "duration": 174462,
            "acousticness": 0.891,
            "danceability": 6.058000000000001,
            "instrumentalness": 0,
            "liveness": 0.226,
            "loudness": -6.541,
            "speechiness": 0.0349,
            "time_signature": 4,
            "happiness": 6.013000000000001
        }
    },
    {
        "#": 50,
        "Track Title": "No Matter What",
        "Artist": "Denis Kalytovskyi",
        "Key": "6B",
        "Energy": 3.907,
        "Popularity": 4.779999999999999,
        "BPM": 134,
        "DJ Play Count": 0,
        "Rating": "*******",
        "My Tag": [
            "Calm",
            "2020s",
            "2020s"
        ],
        "Additional Info": {
            "id": "5hFkOZbnN04X0xWtwEqom6",
            "explicit": false,
            "album": "Bedroom Covers Vol. 1",
            "release_date": "2020-09-11",
            "genres": [
                "ukrainian pop"
            ],
            "duration": 233188,
            "acousticness": 0.909,
            "danceability": 5.113,
            "instrumentalness": 0,
            "liveness": 0.108,
            "loudness": -7.474,
            "speechiness": 0.0307,
            "time_signature": 4,
            "happiness": 4.618
        }
    },
    {
        "#": 51,
        "Track Title": "Shivers - Acoustic Covers Versions",
        "Artist": "Covers Culture",
        "Key": "10B",
        "Energy": 2.683,
        "Popularity": 4.87,
        "BPM": 141,
        "DJ Play Count": 0,
        "Rating": "*******",
        "My Tag": [
            "Calm",
            "2020s",
            "2020s"
        ],
        "Additional Info": {
            "id": "6ezLZLaGLCwuXY7JbUD6pl",
            "explicit": false,
            "album": "Acoustic Covers Versions Sessions",
            "release_date": "2022-07-29",
            "genres": [
                "acoustic cover"
            ],
            "duration": 137872,
            "acousticness": 0.853,
            "danceability": 8.137,
            "instrumentalness": 0,
            "liveness": 0.151,
            "loudness": -12.007,
            "speechiness": 0.0561,
            "time_signature": 4,
            "happiness": 6.751
        }
    },
    {
        "#": 52,
        "Track Title": "Canada",
        "Artist": "Bobbylene",
        "Key": "1B",
        "Energy": 2.3499999999999996,
        "Popularity": 4.87,
        "BPM": 82,
        "DJ Play Count": 0,
        "Rating": "*******",
        "My Tag": [
            "Calm",
            "2020s",
            "2020s"
        ],
        "Additional Info": {
            "id": "19RRQnNu8n3mZzKMf896FQ",
            "explicit": false,
            "album": "Covers (Vol. 1)",
            "release_date": "2021-11-19",
            "genres": [
                "acoustic cover"
            ],
            "duration": 126951,
            "acousticness": 0.863,
            "danceability": 6.4719999999999995,
            "instrumentalness": 0,
            "liveness": 0.124,
            "loudness": -12.729,
            "speechiness": 0.0321,
            "time_signature": 4,
            "happiness": 4.906000000000001
        }
    },
    {
        "#": 53,
        "Track Title": "Shallow - Acoustic Covers Versions of Popular Songs",
        "Artist": "Covers Culture, Acoustic Covers Culture, Lounge Covers Culture Of Popular Songs",
        "Key": "9B",
        "Energy": 2.323,
        "Popularity": 4.779999999999999,
        "BPM": 94,
        "DJ Play Count": 0,
        "Rating": "*******",
        "My Tag": [
            "Calm",
            "2020s",
            "Mad",
            "Calm",
            "2020s",
            "Mad",
            "Calm"
        ],
        "Additional Info": {
            "id": "1mrASUqqfEXfMymZSBexNU",
            "explicit": false,
            "album": "Shallow (Acoustic Covers Versions of Popular Songs)",
            "release_date": "2021-04-23",
            "genres": [
                "acoustic cover"
            ],
            "duration": 156645,
            "acousticness": 0.955,
            "danceability": 5.032,
            "instrumentalness": 0,
            "liveness": 0.108,
            "loudness": -11.367,
            "speechiness": 0.0393,
            "time_signature": 4,
            "happiness": 2.737
        }
    },
    {
        "#": 54,
        "Track Title": "Save Tonight",
        "Artist": "Son&Dad",
        "Key": "8B",
        "Energy": 4.734999999999999,
        "Popularity": 4.87,
        "BPM": 100,
        "DJ Play Count": 0,
        "Rating": "*******",
        "My Tag": [
            "Calm",
            "2020s",
            "2020s"
        ],
        "Additional Info": {
            "id": "1KaYHxkX2pPCqHHEHLxdom",
            "explicit": false,
            "album": "Save Tonight",
            "release_date": "2020-12-11",
            "genres": [
                "acoustic cover"
            ],
            "duration": 160800,
            "acousticness": 0.521,
            "danceability": 6.994000000000001,
            "instrumentalness": 0,
            "liveness": 0.3,
            "loudness": -5.595,
            "speechiness": 0.0289,
            "time_signature": 4,
            "happiness": 6.706
        }
    },
    {
        "#": 55,
        "Track Title": "Here With Me - Acoustic Covers Versions",
        "Artist": "Roostz",
        "Key": "5B",
        "Energy": 2.233,
        "Popularity": 4.24,
        "BPM": 69,
        "DJ Play Count": 0,
        "Rating": "*******",
        "My Tag": [
            "Calm",
            "2020s",
            "2020s"
        ],
        "Additional Info": {
            "id": "18v6BtChtXXhLGEiqVAh6I",
            "explicit": false,
            "album": "Acoustic Covers Sessions Mix",
            "release_date": "2023-06-02",
            "genres": [
                "acoustic cover"
            ],
            "duration": 140455,
            "acousticness": 0.922,
            "danceability": 4.393,
            "instrumentalness": 0,
            "liveness": 0.0983,
            "loudness": -14.324,
            "speechiness": 0.0326,
            "time_signature": 4,
            "happiness": 4.798
        }
    },
    {
        "#": 56,
        "Track Title": "Control",
        "Artist": "NORMANDY, Lynn Miller",
        "Key": "5B",
        "Energy": 2.404,
        "Popularity": 4.6899999999999995,
        "BPM": 110,
        "DJ Play Count": 0,
        "Rating": "*******",
        "My Tag": [
            "Calm",
            "2020s",
            "Mad",
            "Calm",
            "2020s",
            "Mad",
            "Calm"
        ],
        "Additional Info": {
            "id": "1X268NpsgVwQd99PtDF6fW",
            "explicit": false,
            "album": "Control",
            "release_date": "2021-01-08",
            "genres": [
                "acoustic cover"
            ],
            "duration": 175337,
            "acousticness": 0.924,
            "danceability": 7.39,
            "instrumentalness": 7.6e-05,
            "liveness": 0.0895,
            "loudness": -17.424,
            "speechiness": 0.0355,
            "time_signature": 4,
            "happiness": 2.701
        }
    },
    {
        "#": 57,
        "Track Title": "Let Me Down Slowly - Acoustic Covers Versions",
        "Artist": "Covers Culture",
        "Key": "10A",
        "Energy": 2.098,
        "Popularity": 4.6899999999999995,
        "BPM": 126,
        "DJ Play Count": 0,
        "Rating": "*******",
        "My Tag": [
            "Calm",
            "2020s",
            "2020s"
        ],
        "Additional Info": {
            "id": "0patM8TXFtMZsKPIMtsMYM",
            "explicit": false,
            "album": "Acoustic Covers Versions Sessions",
            "release_date": "2022-07-29",
            "genres": [
                "acoustic cover"
            ],
            "duration": 123810,
            "acousticness": 0.923,
            "danceability": 7.678,
            "instrumentalness": 0,
            "liveness": 0.118,
            "loudness": -13.669,
            "speechiness": 0.0547,
            "time_signature": 4,
            "happiness": 6.066999999999999
        }
    },
    {
        "#": 58,
        "Track Title": "Use Somebody - Acoustic Covers of Popular Songs",
        "Artist": "Eric Lumiere",
        "Key": "8B",
        "Energy": 3.061,
        "Popularity": 4.779999999999999,
        "BPM": 128,
        "DJ Play Count": 0,
        "Rating": "*******",
        "My Tag": [
            "Calm",
            "2020s",
            "Mad",
            "Calm",
            "2020s",
            "Mad",
            "Calm"
        ],
        "Additional Info": {
            "id": "3lVoHndTekwwcXHr0UaG5d",
            "explicit": false,
            "album": "Use Somebody (Acoustic Covers of Popular Songs)",
            "release_date": "2022-03-18",
            "genres": [
                "acoustic cover"
            ],
            "duration": 187500,
            "acousticness": 0.857,
            "danceability": 6.183999999999999,
            "instrumentalness": 0,
            "liveness": 0.0871,
            "loudness": -9.044,
            "speechiness": 0.0376,
            "time_signature": 4,
            "happiness": 2.917
        }
    },
    {
        "#": 59,
        "Track Title": "I See Fire - Acoustic Covers Versions of Popular Songs",
        "Artist": "Vendredi",
        "Key": "11A",
        "Energy": 3.097,
        "Popularity": 4.6899999999999995,
        "BPM": 78,
        "DJ Play Count": 0,
        "Rating": "*******",
        "My Tag": [
            "Calm",
            "2020s",
            "2020s"
        ],
        "Additional Info": {
            "id": "3sjLzElmL9aLrZHUReUTg1",
            "explicit": false,
            "album": "I See Fire (Acoustic Covers Versions of Popular Songs)",
            "release_date": "2021-06-04",
            "genres": [
                "acoustic cover"
            ],
            "duration": 151579,
            "acousticness": 0.902,
            "danceability": 4.384,
            "instrumentalness": 0,
            "liveness": 0.106,
            "loudness": -10.072,
            "speechiness": 0.0435,
            "time_signature": 4,
            "happiness": 5.599
        }
    },
    {
        "#": 60,
        "Track Title": "Forever Young - Covers Acusticos",
        "Artist": "Acusticos Y Covers Acusticos Culture",
        "Key": "2A",
        "Energy": 1.54,
        "Popularity": 5.140000000000001,
        "BPM": 126,
        "DJ Play Count": 0,
        "Rating": "*******",
        "My Tag": [
            "Calm",
            "2020s",
            "2020s"
        ],
        "Additional Info": {
            "id": "57pb3PXzybRY2Xpc71miem",
            "explicit": false,
            "album": "Covers Acusticos Sessions",
            "release_date": "2022-12-14",
            "genres": [],
            "duration": 156190,
            "acousticness": 0.975,
            "danceability": 7.651,
            "instrumentalness": 0,
            "liveness": 0.115,
            "loudness": -16.164,
            "speechiness": 0.0486,
            "time_signature": 4,
            "happiness": 5.581
        }
    },
    {
        "#": 61,
        "Track Title": "Wash My Hands Of You",
        "Artist": "Dylan Russell",
        "Key": "10B",
        "Energy": 4.122999999999999,
        "Popularity": 4.6,
        "BPM": 121,
        "DJ Play Count": 0,
        "Rating": "*******",
        "My Tag": [
            "Calm",
            "2020s",
            "2020s"
        ],
        "Additional Info": {
            "id": "2HNOBOqOWjndLPEQ1AIjzV",
            "explicit": false,
            "album": "Wash My Hands Of You",
            "release_date": "2020-03-20",
            "genres": [],
            "duration": 168680,
            "acousticness": 0.905,
            "danceability": 6.67,
            "instrumentalness": 0,
            "liveness": 0.112,
            "loudness": -7.605,
            "speechiness": 0.0495,
            "time_signature": 4,
            "happiness": 3.8890000000000002
        }
    },
    {
        "#": 62,
        "Track Title": "Kill Bill - Acoustic Covers",
        "Artist": "Roostz",
        "Key": "4B",
        "Energy": 2.44,
        "Popularity": 4.15,
        "BPM": 89,
        "DJ Play Count": 0,
        "Rating": "*******",
        "My Tag": [
            "Calm",
            "2020s",
            "2020s"
        ],
        "Additional Info": {
            "id": "3VRtjlQeBfmdttCL9JFiAL",
            "explicit": false,
            "album": "Acoustic Covers Sessions Mix",
            "release_date": "2023-06-02",
            "genres": [
                "acoustic cover"
            ],
            "duration": 142921,
            "acousticness": 0.887,
            "danceability": 5.941000000000001,
            "instrumentalness": 0,
            "liveness": 0.124,
            "loudness": -13.456,
            "speechiness": 0.0863,
            "time_signature": 4,
            "happiness": 5.932
        }
    },
    {
        "#": 63,
        "Track Title": "Stay With Me - Live from Spotify Berlin",
        "Artist": "Angus & Julia Stone",
        "Key": "8B",
        "Energy": 1.936,
        "Popularity": 5.2299999999999995,
        "BPM": 76,
        "DJ Play Count": 0,
        "Rating": "*******",
        "My Tag": [
            "Calm",
            "2010s",
            "Mad",
            "Calm",
            "2010s",
            "Mad",
            "Calm"
        ],
        "Additional Info": {
            "id": "1RjRq7Atdk4nnp26cUvRaC",
            "explicit": false,
            "album": "Spotify Sessions",
            "release_date": "2015-01-14",
            "genres": [
                "australian indie folk",
                "indie folk"
            ],
            "duration": 174369,
            "acousticness": 0.843,
            "danceability": 5.806,
            "instrumentalness": 0.0403,
            "liveness": 0.707,
            "loudness": -22.108,
            "speechiness": 0.0455,
            "time_signature": 4,
            "happiness": 2.602
        }
    },
    {
        "#": 64,
        "Track Title": "Even My Dad Does Sometimes",
        "Artist": "Bobbylene",
        "Key": "8B",
        "Energy": 2.152,
        "Popularity": 4.779999999999999,
        "BPM": 119,
        "DJ Play Count": 0,
        "Rating": "*******",
        "My Tag": [
            "Calm",
            "2020s",
            "2020s"
        ],
        "Additional Info": {
            "id": "0p5umCgVnMRzDEDEpSHNvl",
            "explicit": false,
            "album": "Covers (Vol. 1)",
            "release_date": "2021-11-19",
            "genres": [
                "acoustic cover"
            ],
            "duration": 165187,
            "acousticness": 0.905,
            "danceability": 6.859,
            "instrumentalness": 1.28e-06,
            "liveness": 0.106,
            "loudness": -12.543,
            "speechiness": 0.0398,
            "time_signature": 3,
            "happiness": 4.537
        }
    },
    {
        "#": 65,
        "Track Title": "Sweater Weather",
        "Artist": "Denis Kalytovskyi",
        "Key": "4B",
        "Energy": 4.231,
        "Popularity": 4.96,
        "BPM": 113,
        "DJ Play Count": 0,
        "Rating": "*******",
        "My Tag": [
            "Calm",
            "2020s",
            "2020s"
        ],
        "Additional Info": {
            "id": "6QZTmiHcOq0ITa1M5YW8Rt",
            "explicit": false,
            "album": "Sweater Weather",
            "release_date": "2020-08-07",
            "genres": [
                "ukrainian pop"
            ],
            "duration": 255728,
            "acousticness": 0.843,
            "danceability": 4.807,
            "instrumentalness": 0,
            "liveness": 0.0904,
            "loudness": -7.12,
            "speechiness": 0.0343,
            "time_signature": 4,
            "happiness": 5.7250000000000005
        }
    },
    {
        "#": 66,
        "Track Title": "Where Are You Now - Acoustic Covers Versions of Popular Songs",
        "Artist": "Covers Culture",
        "Key": "2A",
        "Energy": 2.6109999999999998,
        "Popularity": 4.779999999999999,
        "BPM": 68,
        "DJ Play Count": 0,
        "Rating": "*******",
        "My Tag": [
            "Calm",
            "2020s",
            "2020s"
        ],
        "Additional Info": {
            "id": "6h1dqubzg3rLy1hP1Mbt9c",
            "explicit": false,
            "album": "Acoustic Covers Versions Sessions Of Popular Hits & Pop Songs",
            "release_date": "2022-10-21",
            "genres": [
                "acoustic cover"
            ],
            "duration": 111074,
            "acousticness": 0.929,
            "danceability": 3.772,
            "instrumentalness": 0,
            "liveness": 0.109,
            "loudness": -13.442,
            "speechiness": 0.0382,
            "time_signature": 4,
            "happiness": 5.059
        }
    },
    {
        "#": 67,
        "Track Title": "I Will Wait - Acoustic",
        "Artist": "Caj Morgan",
        "Key": "3B",
        "Energy": 3.322,
        "Popularity": 4.6899999999999995,
        "BPM": 120,
        "DJ Play Count": 0,
        "Rating": "*******",
        "My Tag": [
            "Calm",
            "2020s",
            "2020s"
        ],
        "Additional Info": {
            "id": "1U5kTWnwhj1zrgOCRaU73X",
            "explicit": false,
            "album": "Unplugged Vol. 1",
            "release_date": "2020-11-11",
            "genres": [
                "acoustic cover"
            ],
            "duration": 161250,
            "acousticness": 0.803,
            "danceability": 7.075,
            "instrumentalness": 0,
            "liveness": 0.29,
            "loudness": -9.384,
            "speechiness": 0.0307,
            "time_signature": 4,
            "happiness": 4.159
        }
    },
    {
        "#": 68,
        "Track Title": "Time After Time - Chillout Mix",
        "Artist": "SMR LVE, That Girl",
        "Key": "8B",
        "Energy": 4.879,
        "Popularity": 4.6,
        "BPM": 115,
        "DJ Play Count": 0,
        "Rating": "*******",
        "My Tag": [
            "Calm",
            "2020s",
            "2020s"
        ],
        "Additional Info": {
            "id": "3KAVlqq8Wyt23UuxWph1bx",
            "explicit": false,
            "album": "Flashback Memories",
            "release_date": "2023-02-10",
            "genres": [],
            "duration": 189027,
            "acousticness": 0.592,
            "danceability": 6.202,
            "instrumentalness": 0,
            "liveness": 0.242,
            "loudness": -7.979,
            "speechiness": 0.0271,
            "time_signature": 4,
            "happiness": 3.673
        }
    },
    {
        "#": 69,
        "Track Title": "Missing",
        "Artist": "Victor Perry, Cal1",
        "Key": "11A",
        "Energy": 6.904,
        "Popularity": 4.6899999999999995,
        "BPM": 96,
        "DJ Play Count": 0,
        "Rating": "*******",
        "My Tag": [
            "Calm",
            "2020s",
            "2020s"
        ],
        "Additional Info": {
            "id": "5DqeAT7PbRzvSNs60pLi4q",
            "explicit": false,
            "album": "Missing",
            "release_date": "2020-04-24",
            "genres": [
                "indie electropop",
                "chill house"
            ],
            "duration": 223306,
            "acousticness": 0.379,
            "danceability": 3.3040000000000003,
            "instrumentalness": 4.36e-05,
            "liveness": 0.0926,
            "loudness": -6.99,
            "speechiness": 0.0433,
            "time_signature": 4,
            "happiness": 2.944
        }
    },
    {
        "#": 70,
        "Track Title": "Heaven Is a Place on Earth",
        "Artist": "The Mayries",
        "Key": "8B",
        "Energy": 2.5839999999999996,
        "Popularity": 6.13,
        "BPM": 108,
        "DJ Play Count": 0,
        "Rating": "*******",
        "My Tag": [
            "Calm",
            "2010s",
            "Calm",
            "Pop",
            "2010s",
            "Calm",
            "Pop"
        ],
        "Additional Info": {
            "id": "674WNL7f5Xo8XxtipzB3ao",
            "explicit": false,
            "album": "#Acoustic #2",
            "release_date": "2019-04-26",
            "genres": [
                "acoustic cover",
                "acoustic pop"
            ],
            "duration": 193333,
            "acousticness": 0.931,
            "danceability": 6.706,
            "instrumentalness": 1.6e-06,
            "liveness": 0.136,
            "loudness": -14.703,
            "speechiness": 0.0307,
            "time_signature": 4,
            "happiness": 4.015000000000001
        }
    },
    {
        "#": 71,
        "Track Title": "Thunder - Acoustic Covers of Popular Songs",
        "Artist": "Son&Dad",
        "Key": "7B",
        "Energy": 4.006,
        "Popularity": 4.51,
        "BPM": 78,
        "DJ Play Count": 0,
        "Rating": "*******",
        "My Tag": [
            "Calm",
            "2020s",
            "2020s"
        ],
        "Additional Info": {
            "id": "6uKUDCBErEb3S776ozjQCx",
            "explicit": false,
            "album": "Thunder (Acoustic Covers of Popular Songs)",
            "release_date": "2021-09-24",
            "genres": [
                "acoustic cover"
            ],
            "duration": 134615,
            "acousticness": 0.351,
            "danceability": 7.5969999999999995,
            "instrumentalness": 0,
            "liveness": 0.791,
            "loudness": -7.511,
            "speechiness": 0.0298,
            "time_signature": 4,
            "happiness": 4.042
        }
    },
    {
        "#": 72,
        "Track Title": "Unsteady - Acoustic Covers Versions of Popular Songs",
        "Artist": "SANNA NORTH",
        "Key": "10B",
        "Energy": 4.087,
        "Popularity": 4.6899999999999995,
        "BPM": 114,
        "DJ Play Count": 0,
        "Rating": "*******",
        "My Tag": [
            "Calm",
            "2020s",
            "2020s"
        ],
        "Additional Info": {
            "id": "73hVeL4Xvh9oLXtgSA3sKc",
            "explicit": false,
            "album": "Unsteady (Acoustic Covers Versions of Popular Songs)",
            "release_date": "2020-12-25",
            "genres": [
                "acoustic cover"
            ],
            "duration": 191053,
            "acousticness": 0.515,
            "danceability": 7.2909999999999995,
            "instrumentalness": 0,
            "liveness": 0.562,
            "loudness": -6.052,
            "speechiness": 0.0295,
            "time_signature": 4,
            "happiness": 4.447
        }
    },
    {
        "#": 73,
        "Track Title": "Miracle - Acoustic Covers Versions",
        "Artist": "Roostz",
        "Key": "11B",
        "Energy": 2.7640000000000002,
        "Popularity": 4.15,
        "BPM": 74,
        "DJ Play Count": 0,
        "Rating": "*******",
        "My Tag": [
            "Calm",
            "2020s",
            "2020s"
        ],
        "Additional Info": {
            "id": "1GGbpj4m8vMUDKxkSMF30B",
            "explicit": false,
            "album": "Acoustic Covers Sessions Mix",
            "release_date": "2023-06-02",
            "genres": [
                "acoustic cover"
            ],
            "duration": 141818,
            "acousticness": 0.939,
            "danceability": 5.59,
            "instrumentalness": 0,
            "liveness": 0.264,
            "loudness": -15.727,
            "speechiness": 0.128,
            "time_signature": 4,
            "happiness": 4.753
        }
    },
    {
        "#": 74,
        "Track Title": "Bad Habits",
        "Artist": "Covers Culture, Lounge Covers Culture Of Popular Songs, Acoustic Covers Culture",
        "Key": "9B",
        "Energy": 2.2779999999999996,
        "Popularity": 4.6,
        "BPM": 130,
        "DJ Play Count": 0,
        "Rating": "*******",
        "My Tag": [
            "Calm",
            "2020s",
            "2020s"
        ],
        "Additional Info": {
            "id": "64fddHOiQJL8kvMcmWaIyL",
            "explicit": false,
            "album": "Bad Habits (Acoustic Covers)",
            "release_date": "2022-02-11",
            "genres": [
                "acoustic cover"
            ],
            "duration": 149947,
            "acousticness": 0.788,
            "danceability": 8.452,
            "instrumentalness": 0,
            "liveness": 0.156,
            "loudness": -14.256,
            "speechiness": 0.0454,
            "time_signature": 4,
            "happiness": 3.6999999999999997
        }
    },
    {
        "#": 75,
        "Track Title": "Fresh Eyes - Acoustic",
        "Artist": "Caj Morgan",
        "Key": "9B",
        "Energy": 3.718,
        "Popularity": 4.6,
        "BPM": 106,
        "DJ Play Count": 0,
        "Rating": "*******",
        "My Tag": [
            "Calm",
            "2020s",
            "2020s"
        ],
        "Additional Info": {
            "id": "1pSyvcRlHCEuxmy4hRyxyn",
            "explicit": false,
            "album": "Unplugged Vol. 1",
            "release_date": "2020-11-11",
            "genres": [
                "acoustic cover"
            ],
            "duration": 140377,
            "acousticness": 0.59,
            "danceability": 7.957,
            "instrumentalness": 0,
            "liveness": 0.144,
            "loudness": -6.43,
            "speechiness": 0.0316,
            "time_signature": 4,
            "happiness": 5.896000000000001
        }
    },
    {
        "#": 76,
        "Track Title": "Ivy",
        "Artist": "Bobbylene",
        "Key": "11B",
        "Energy": 2.458,
        "Popularity": 4.779999999999999,
        "BPM": 80,
        "DJ Play Count": 0,
        "Rating": "*******",
        "My Tag": [
            "Calm",
            "2020s",
            "2020s"
        ],
        "Additional Info": {
            "id": "7m04WWykxulhqnPuxcolp5",
            "explicit": false,
            "album": "Covers (Vol. 1)",
            "release_date": "2021-11-19",
            "genres": [
                "acoustic cover"
            ],
            "duration": 130312,
            "acousticness": 0.908,
            "danceability": 6.210999999999999,
            "instrumentalness": 0,
            "liveness": 0.195,
            "loudness": -11.063,
            "speechiness": 0.0577,
            "time_signature": 4,
            "happiness": 6.535
        }
    },
    {
        "#": 77,
        "Track Title": "No Time To Die",
        "Artist": "Denis Kalytovskyi",
        "Key": "12A",
        "Energy": 3.484,
        "Popularity": 4.6,
        "BPM": 140,
        "DJ Play Count": 0,
        "Rating": "*******",
        "My Tag": [
            "Calm",
            "2020s",
            "2020s"
        ],
        "Additional Info": {
            "id": "4yYctfog0hVzZtoGMSRfGi",
            "explicit": false,
            "album": "No Time To Die",
            "release_date": "2020-08-07",
            "genres": [
                "ukrainian pop"
            ],
            "duration": 242585,
            "acousticness": 0.925,
            "danceability": 4.231,
            "instrumentalness": 0,
            "liveness": 0.0792,
            "loudness": -7.771,
            "speechiness": 0.0304,
            "time_signature": 4,
            "happiness": 3.853
        }
    },
    {
        "#": 78,
        "Track Title": "Mood",
        "Artist": "NORMANDY",
        "Key": "11B",
        "Energy": 2.035,
        "Popularity": 4.6,
        "BPM": 121,
        "DJ Play Count": 0,
        "Rating": "*******",
        "My Tag": [
            "Calm",
            "2020s",
            "2020s"
        ],
        "Additional Info": {
            "id": "6KB9co5jh9sn8roOeI5LyL",
            "explicit": false,
            "album": "Mood",
            "release_date": "2021-02-12",
            "genres": [
                "acoustic cover"
            ],
            "duration": 167293,
            "acousticness": 0.919,
            "danceability": 6.697,
            "instrumentalness": 7.39e-05,
            "liveness": 0.109,
            "loudness": -20.102,
            "speechiness": 0.042,
            "time_signature": 4,
            "happiness": 4.789
        }
    },
    {
        "#": 79,
        "Track Title": "Calm Down",
        "Artist": "Vendredi, Chrissy Dave",
        "Key": "1B",
        "Energy": 5.869000000000001,
        "Popularity": 4.779999999999999,
        "BPM": 107,
        "DJ Play Count": 0,
        "Rating": "*******",
        "My Tag": [
            "Calm",
            "2020s",
            "2020s"
        ],
        "Additional Info": {
            "id": "1TxsmYK9yteeGVXHAF7tat",
            "explicit": false,
            "album": "Acoustic Covers",
            "release_date": "2023-02-03",
            "genres": [
                "acoustic cover"
            ],
            "duration": 197383,
            "acousticness": 0.825,
            "danceability": 7.2459999999999996,
            "instrumentalness": 1.07e-05,
            "liveness": 0.109,
            "loudness": -7.292,
            "speechiness": 0.0287,
            "time_signature": 4,
            "happiness": 4.672
        }
    },
    {
        "#": 80,
        "Track Title": "Radioactive - Acoustic Covers Versions",
        "Artist": "Roostz",
        "Key": "1B",
        "Energy": 2.692,
        "Popularity": 4.0600000000000005,
        "BPM": 137,
        "DJ Play Count": 0,
        "Rating": "*******",
        "My Tag": [
            "Calm",
            "2020s",
            "2020s"
        ],
        "Additional Info": {
            "id": "3oUEIDzeLKqfn9xot3HjW1",
            "explicit": false,
            "album": "Acoustic Covers Sessions Mix",
            "release_date": "2023-06-02",
            "genres": [
                "acoustic cover"
            ],
            "duration": 120876,
            "acousticness": 0.92,
            "danceability": 6.013000000000001,
            "instrumentalness": 0,
            "liveness": 0.137,
            "loudness": -16.97,
            "speechiness": 0.0411,
            "time_signature": 4,
            "happiness": 3.673
        }
    },
    {
        "#": 81,
        "Track Title": "Reminder - Acoustic Covers Versions",
        "Artist": "Roostz",
        "Key": "5A",
        "Energy": 2.035,
        "Popularity": 4.0600000000000005,
        "BPM": 80,
        "DJ Play Count": 0,
        "Rating": "*******",
        "My Tag": [
            "Calm",
            "2020s",
            "2020s"
        ],
        "Additional Info": {
            "id": "7H0GzP1p1RV8dswub1cAHi",
            "explicit": false,
            "album": "Acoustic Covers Sessions Mix",
            "release_date": "2023-06-02",
            "genres": [
                "acoustic cover"
            ],
            "duration": 123750,
            "acousticness": 0.92,
            "danceability": 7.156000000000001,
            "instrumentalness": 0,
            "liveness": 0.152,
            "loudness": -20.981,
            "speechiness": 0.055,
            "time_signature": 4,
            "happiness": 5.446
        }
    },
    {
        "#": 82,
        "Track Title": "White Flag - Acoustic Covers Versions of Popular Songs",
        "Artist": "Covers Culture, Acoustic Covers Culture, Lounge Covers Culture Of Popular Songs",
        "Key": "10B",
        "Energy": 3.475,
        "Popularity": 5.05,
        "BPM": 90,
        "DJ Play Count": 0,
        "Rating": "*******",
        "My Tag": [
            "Calm",
            "2020s",
            "2020s"
        ],
        "Additional Info": {
            "id": "4tEF4mMPqGABOF9XCqKwDB",
            "explicit": false,
            "album": "Acustic Covers of Popular Songs",
            "release_date": "2021-10-11",
            "genres": [
                "acoustic cover"
            ],
            "duration": 130681,
            "acousticness": 0.634,
            "danceability": 7.543,
            "instrumentalness": 0,
            "liveness": 0.107,
            "loudness": -12.431,
            "speechiness": 0.346,
            "time_signature": 4,
            "happiness": 5.0680000000000005
        }
    },
    {
        "#": 83,
        "Track Title": "Complicated - Acoustic Covers Versions",
        "Artist": "Keith McInally",
        "Key": "11B",
        "Energy": 2.944,
        "Popularity": 4.6899999999999995,
        "BPM": 108,
        "DJ Play Count": 0,
        "Rating": "*******",
        "My Tag": [
            "Calm",
            "2020s",
            "2020s"
        ],
        "Additional Info": {
            "id": "0kIVTEzyh17EteDFl2WPSt",
            "explicit": false,
            "album": "Complicated",
            "release_date": "2023-02-24",
            "genres": [
                "acoustic cover"
            ],
            "duration": 216585,
            "acousticness": 0.894,
            "danceability": 6.481,
            "instrumentalness": 4.94e-06,
            "liveness": 0.0993,
            "loudness": -11.114,
            "speechiness": 0.122,
            "time_signature": 3,
            "happiness": 3.214
        }
    },
    {
        "#": 84,
        "Track Title": "Forget Me - Spotify Singles",
        "Artist": "Lewis Capaldi",
        "Key": "8A",
        "Energy": 3.5919999999999996,
        "Popularity": 6.31,
        "BPM": 92,
        "DJ Play Count": 0,
        "Rating": "*******",
        "My Tag": [
            "Calm",
            "2020s",
            "Pop",
            "2020s",
            "Pop"
        ],
        "Additional Info": {
            "id": "2IIMt19xJuWIHVmfpd9jH8",
            "explicit": false,
            "album": "Spotify Singles",
            "release_date": "2022-09-21",
            "genres": [
                "pop",
                "uk pop"
            ],
            "duration": 229565,
            "acousticness": 0.794,
            "danceability": 5.752000000000001,
            "instrumentalness": 0,
            "liveness": 0.324,
            "loudness": -11.217,
            "speechiness": 0.039,
            "time_signature": 4,
            "happiness": 5.095
        }
    },
    {
        "#": 85,
        "Track Title": "Clarity - Acoustic Covers Versions",
        "Artist": "Acusticos Y Covers Acusticos Culture",
        "Key": "7A",
        "Energy": 2.809,
        "Popularity": 4.96,
        "BPM": 85,
        "DJ Play Count": 0,
        "Rating": "*******",
        "My Tag": [
            "Calm",
            "2020s",
            "2020s"
        ],
        "Additional Info": {
            "id": "1mg9z63QbdgJExmGIo2qYP",
            "explicit": false,
            "album": "Covers Acusticos Sessions",
            "release_date": "2022-12-14",
            "genres": [],
            "duration": 123750,
            "acousticness": 0.797,
            "danceability": 4.204,
            "instrumentalness": 0,
            "liveness": 0.236,
            "loudness": -12.166,
            "speechiness": 0.0327,
            "time_signature": 4,
            "happiness": 5.1850000000000005
        }
    },
    {
        "#": 86,
        "Track Title": "Be Still",
        "Artist": "Bobbylene",
        "Key": "9B",
        "Energy": 1.603,
        "Popularity": 4.6,
        "BPM": 60,
        "DJ Play Count": 0,
        "Rating": "*******",
        "My Tag": [
            "Calm",
            "2020s",
            "2020s"
        ],
        "Additional Info": {
            "id": "09BoWuBOXkI8nrao0U5hQj",
            "explicit": false,
            "album": "Covers (Vol. 1)",
            "release_date": "2021-11-19",
            "genres": [
                "acoustic cover"
            ],
            "duration": 162000,
            "acousticness": 0.878,
            "danceability": 3.601,
            "instrumentalness": 0,
            "liveness": 0.0897,
            "loudness": -14.384,
            "speechiness": 0.0326,
            "time_signature": 4,
            "happiness": 3.7359999999999998
        }
    },
    {
        "#": 87,
        "Track Title": "Every Breath You Take - Acoustic Covers Versions of Popular Songs",
        "Artist": "Covers Culture, Acoustic Covers Culture, Lounge Covers Culture Of Popular Songs",
        "Key": "11B",
        "Energy": 3.5020000000000002,
        "Popularity": 4.96,
        "BPM": 120,
        "DJ Play Count": 0,
        "Rating": "*******",
        "My Tag": [
            "Calm",
            "2020s",
            "Happy",
            "2020s",
            "Happy"
        ],
        "Additional Info": {
            "id": "0PtVQLK3HAb8jDAo7sO17e",
            "explicit": false,
            "album": "Covers - Chill Covers Of Popular Songs",
            "release_date": "2021-10-11",
            "genres": [
                "acoustic cover"
            ],
            "duration": 133010,
            "acousticness": 0.964,
            "danceability": 6.94,
            "instrumentalness": 0,
            "liveness": 0.207,
            "loudness": -9.695,
            "speechiness": 0.0391,
            "time_signature": 4,
            "happiness": 7.057
        }
    },
    {
        "#": 88,
        "Track Title": "Sex on Fire - Acoustic Covers Versions of Popular Songs",
        "Artist": "Roostz",
        "Key": "3A",
        "Energy": 2.521,
        "Popularity": 4.0600000000000005,
        "BPM": 77,
        "DJ Play Count": 0,
        "Rating": "*******",
        "My Tag": [
            "Calm",
            "2020s",
            "Mad",
            "Calm",
            "2020s",
            "Mad",
            "Calm"
        ],
        "Additional Info": {
            "id": "5jymdcQJxUcVy1Rqg904nZ",
            "explicit": false,
            "album": "Acoustic Covers Sessions Mix",
            "release_date": "2023-06-02",
            "genres": [
                "acoustic cover"
            ],
            "duration": 113914,
            "acousticness": 0.931,
            "danceability": 5.743,
            "instrumentalness": 1.91e-05,
            "liveness": 0.376,
            "loudness": -15.56,
            "speechiness": 0.0342,
            "time_signature": 4,
            "happiness": 2.242
        }
    },
    {
        "#": 89,
        "Track Title": "Sky Full of Stars",
        "Artist": "Eric Lumiere",
        "Key": "7B",
        "Energy": 1.1593,
        "Popularity": 5.140000000000001,
        "BPM": 117,
        "DJ Play Count": 0,
        "Rating": "*******",
        "My Tag": [
            "Calm",
            "2020s",
            "2020s"
        ],
        "Additional Info": {
            "id": "071X7hbRrXD5xjMUtrNBqK",
            "explicit": false,
            "album": "Sky Full of Stars",
            "release_date": "2021-10-08",
            "genres": [
                "acoustic cover"
            ],
            "duration": 180000,
            "acousticness": 0.981,
            "danceability": 5.131,
            "instrumentalness": 0.0003,
            "liveness": 0.103,
            "loudness": -20.215,
            "speechiness": 0.0432,
            "time_signature": 4,
            "happiness": 4.537
        }
    },
    {
        "#": 90,
        "Track Title": "Lose Somebody",
        "Artist": "Filip Nordin",
        "Key": "3B",
        "Energy": 3.5020000000000002,
        "Popularity": 4.87,
        "BPM": 140,
        "DJ Play Count": 0,
        "Rating": "*******",
        "My Tag": [
            "Calm",
            "2020s",
            "2020s"
        ],
        "Additional Info": {
            "id": "3bFqIu003LVoDOrgU8d8Nf",
            "explicit": false,
            "album": "Lose Somebody",
            "release_date": "2020-12-04",
            "genres": [
                "acoustic cover"
            ],
            "duration": 134571,
            "acousticness": 0.315,
            "danceability": 8.389,
            "instrumentalness": 0,
            "liveness": 0.289,
            "loudness": -6.94,
            "speechiness": 0.0588,
            "time_signature": 4,
            "happiness": 5.518
        }
    },
    {
        "#": 91,
        "Track Title": "I Wanna Dance With Somebody",
        "Artist": "Boyce Avenue",
        "Key": "9B",
        "Energy": 3.214,
        "Popularity": 5.68,
        "BPM": 109,
        "DJ Play Count": 0,
        "Rating": "*******",
        "My Tag": [
            "Calm",
            "2020s",
            "Calm",
            "Happy",
            "Pop",
            "2020s",
            "Calm",
            "Happy",
            "Pop"
        ],
        "Additional Info": {
            "id": "26qu6d99VJnHv7WRak6lww",
            "explicit": false,
            "album": "I Wanna Dance With Somebody",
            "release_date": "2022-10-28",
            "genres": [
                "acoustic cover",
                "neo mellow",
                "viral pop"
            ],
            "duration": 225584,
            "acousticness": 0.923,
            "danceability": 5.563,
            "instrumentalness": 0.000217,
            "liveness": 0.183,
            "loudness": -8.765,
            "speechiness": 0.029,
            "time_signature": 4,
            "happiness": 3.475
        }
    },
    {
        "#": 92,
        "Track Title": "favorite crime - Acoustic Covers Versions of Popular Songs",
        "Artist": "Covers Culture, Acoustic Covers Culture, Lounge Covers Culture Of Popular Songs",
        "Key": "11B",
        "Energy": 4.2940000000000005,
        "Popularity": 4.87,
        "BPM": 87,
        "DJ Play Count": 0,
        "Rating": "*******",
        "My Tag": [
            "Calm",
            "2020s",
            "2020s"
        ],
        "Additional Info": {
            "id": "7GAd9wh39kuiusJMS5GHJs",
            "explicit": false,
            "album": "Acustic Covers of Popular Songs",
            "release_date": "2021-10-11",
            "genres": [
                "acoustic cover"
            ],
            "duration": 139401,
            "acousticness": 0.819,
            "danceability": 6.093999999999999,
            "instrumentalness": 0,
            "liveness": 0.141,
            "loudness": -6.12,
            "speechiness": 0.0264,
            "time_signature": 4,
            "happiness": 5.374
        }
    },
    {
        "#": 93,
        "Track Title": "Lonely - Acoustic Covers Versions of Popular Songs",
        "Artist": "Denis Kalytovskyi",
        "Key": "1A",
        "Energy": 3.1959999999999997,
        "Popularity": 4.42,
        "BPM": 80,
        "DJ Play Count": 0,
        "Rating": "*******",
        "My Tag": [
            "Calm",
            "2020s",
            "Mad",
            "Calm",
            "2020s",
            "Mad",
            "Calm"
        ],
        "Additional Info": {
            "id": "5PjDojFVj2lyOqOmB3BpUP",
            "explicit": false,
            "album": "Bedroom Covers Vol. 2 (Acoustic Covers Versions of Popular Songs)",
            "release_date": "2021-05-21",
            "genres": [
                "ukrainian pop"
            ],
            "duration": 152046,
            "acousticness": 0.849,
            "danceability": 6.013000000000001,
            "instrumentalness": 0,
            "liveness": 0.108,
            "loudness": -7.579,
            "speechiness": 0.0385,
            "time_signature": 4,
            "happiness": 2.161
        }
    },
    {
        "#": 94,
        "Track Title": "Somewhere Only We Know - Acoustic Covers Versions",
        "Artist": "Roostz",
        "Key": "4B",
        "Energy": 3.538,
        "Popularity": 4.0600000000000005,
        "BPM": 86,
        "DJ Play Count": 0,
        "Rating": "*******",
        "My Tag": [
            "Calm",
            "2020s",
            "2020s"
        ],
        "Additional Info": {
            "id": "3Jui5FcKvpkalmSw7fzrcT",
            "explicit": false,
            "album": "Acoustic Covers Sessions Mix",
            "release_date": "2023-06-02",
            "genres": [
                "acoustic cover"
            ],
            "duration": 101860,
            "acousticness": 0.947,
            "danceability": 5.941000000000001,
            "instrumentalness": 0,
            "liveness": 0.183,
            "loudness": -9.545,
            "speechiness": 0.0439,
            "time_signature": 4,
            "happiness": 5.3919999999999995
        }
    },
    {
        "#": 95,
        "Track Title": "Ocean Eyes - Acoustic Covers Versions of Popular Songs",
        "Artist": "Son&Dad, SANNA NORTH",
        "Key": "12A",
        "Energy": 3.412,
        "Popularity": 4.51,
        "BPM": 97,
        "DJ Play Count": 0,
        "Rating": "*******",
        "My Tag": [
            "Calm",
            "2020s",
            "2020s"
        ],
        "Additional Info": {
            "id": "5WwXy1xtQtweT7gn1OuzVB",
            "explicit": false,
            "album": "Ocean Eyes (Acoustic Covers Versions of Popular Songs)",
            "release_date": "2021-01-15",
            "genres": [
                "acoustic cover",
                "acoustic cover"
            ],
            "duration": 137838,
            "acousticness": 0.757,
            "danceability": 5.212000000000001,
            "instrumentalness": 0,
            "liveness": 0.181,
            "loudness": -7.557,
            "speechiness": 0.0343,
            "time_signature": 5,
            "happiness": 4.618
        }
    },
    {
        "#": 96,
        "Track Title": "True Colours",
        "Artist": "Tom Odell",
        "Key": "6B",
        "Energy": 2.134,
        "Popularity": 6.94,
        "BPM": 76,
        "DJ Play Count": 0,
        "Rating": "*******",
        "My Tag": [
            "Calm",
            "2010s",
            "Mad",
            "Calm",
            "2010s",
            "Mad",
            "Calm"
        ],
        "Additional Info": {
            "id": "1rGxG6Y5OgmSwGPRPJv9Q4",
            "explicit": false,
            "album": "True Colours",
            "release_date": "2016-09-30",
            "genres": [
                "chill pop"
            ],
            "duration": 143707,
            "acousticness": 0.942,
            "danceability": 5.662,
            "instrumentalness": 0,
            "liveness": 0.105,
            "loudness": -12.102,
            "speechiness": 0.0431,
            "time_signature": 4,
            "happiness": 2.4939999999999998
        }
    },
    {
        "#": 97,
        "Track Title": "Big Jet Plane",
        "Artist": "Roostz, Covers Culture, Acoustic Covers Culture",
        "Key": "4B",
        "Energy": 1.954,
        "Popularity": 4.96,
        "BPM": 110,
        "DJ Play Count": 0,
        "Rating": "*******",
        "My Tag": [
            "Calm",
            "2020s",
            "2020s"
        ],
        "Additional Info": {
            "id": "0oGptGfgU9nQRy5ETLD8gc",
            "explicit": false,
            "album": "Acustic Covers of Popular Songs",
            "release_date": "2021-10-11",
            "genres": [
                "acoustic cover",
                "acoustic cover"
            ],
            "duration": 151102,
            "acousticness": 0.972,
            "danceability": 7.957,
            "instrumentalness": 0,
            "liveness": 0.0807,
            "loudness": -14.302,
            "speechiness": 0.0755,
            "time_signature": 4,
            "happiness": 5.815
        }
    },
    {
        "#": 98,
        "Track Title": "Dance Monkey",
        "Artist": "Eric Lumiere",
        "Key": "11A",
        "Energy": 3.817,
        "Popularity": 5.140000000000001,
        "BPM": 92,
        "DJ Play Count": 0,
        "Rating": "*******",
        "My Tag": [
            "Calm",
            "2020s",
            "2020s"
        ],
        "Additional Info": {
            "id": "1DKOsAutIAVOOI24MVGZ5D",
            "explicit": false,
            "album": "Dance Monkey",
            "release_date": "2020-04-05",
            "genres": [
                "acoustic cover"
            ],
            "duration": 174783,
            "acousticness": 0.912,
            "danceability": 6.715,
            "instrumentalness": 0,
            "liveness": 0.129,
            "loudness": -7.128,
            "speechiness": 0.0504,
            "time_signature": 4,
            "happiness": 4.618
        }
    },
    {
        "#": 99,
        "Track Title": "Drag Me Down",
        "Artist": "Son&Dad, Filip Nordin",
        "Key": "4B",
        "Energy": 4.717,
        "Popularity": 4.6,
        "BPM": 119,
        "DJ Play Count": 0,
        "Rating": "*******",
        "My Tag": [
            "Calm",
            "2020s",
            "2020s"
        ],
        "Additional Info": {
            "id": "7DE57aK2zg5gFmeRPxWKqc",
            "explicit": false,
            "album": "Drag Me Down",
            "release_date": "2021-01-22",
            "genres": [
                "acoustic cover",
                "acoustic cover"
            ],
            "duration": 141176,
            "acousticness": 0.61,
            "danceability": 8.911,
            "instrumentalness": 0,
            "liveness": 0.272,
            "loudness": -5.146,
            "speechiness": 0.0376,
            "time_signature": 4,
            "happiness": 6.49
        }
    },
    {
        "#": 100,
        "Track Title": "Billie Jean",
        "Artist": "Vendredi, Joan",
        "Key": "2A",
        "Energy": 3.4570000000000003,
        "Popularity": 4.6,
        "BPM": 128,
        "DJ Play Count": 0,
        "Rating": "*******",
        "My Tag": [
            "Calm",
            "2020s",
            "2020s"
        ],
        "Additional Info": {
            "id": "3GeSI28mAYzENqhdHoLkf0",
            "explicit": false,
            "album": "Acoustic Covers With Sax",
            "release_date": "2023-03-24",
            "genres": [
                "acoustic cover"
            ],
            "duration": 196612,
            "acousticness": 0.893,
            "danceability": 5.284,
            "instrumentalness": 0,
            "liveness": 0.119,
            "loudness": -8.87,
            "speechiness": 0.0392,
            "time_signature": 3,
            "happiness": 4.303
        }
    }
]