[
    {
        "#": 1,
        "Track Title": "Can't Help Falling in Love",
        "Artist": "Elvis Presley",
        "Key": "10B",
        "Energy": 3.637,
        "Popularity": 8.290000000000001,
        "BPM": 100,
        "DJ Play Count": 0,
        "Rating": "*******",
        "My Tag": [
            "[Wedding, Romantic & Slow Dance]",
            "60s"
        ],
        "Additional Info": {
            "id": "44AyOl4qVkzS48vBsbNXaC",
            "explicit": false,
            "album": "Blue Hawaii",
            "release_date": "1961-10-20",
            "genres": [
                "rock-and-roll",
                "rockabilly"
            ],
            "duration": 182360,
            "acousticness": 0.941,
            "danceability": 4.564,
            "instrumentalness": 0.000196,
            "liveness": 0.105,
            "loudness": -14.062,
            "speechiness": 0.0275,
            "time_signature": 3,
            "happiness": 4.087
        }
    },
    {
        "#": 2,
        "Track Title": "Perfect",
        "Artist": "Ed Sheeran",
        "Key": "4B",
        "Energy": 5.032,
        "Popularity": 9.19,
        "BPM": 95,
        "DJ Play Count": 0,
        "Rating": "*******",
        "My Tag": [
            "[Wedding, Romantic & Slow Dance]",
            "2010s",
            "Pop"
        ],
        "Additional Info": {
            "id": "0tgVpDi06FyKpA1z0VMD4v",
            "explicit": false,
            "album": "÷ (Deluxe)",
            "release_date": "2017-03-03",
            "genres": [
                "pop",
                "uk pop"
            ],
            "duration": 263400,
            "acousticness": 0.163,
            "danceability": 6.391,
            "instrumentalness": 0,
            "liveness": 0.106,
            "loudness": -6.312,
            "speechiness": 0.0232,
            "time_signature": 3,
            "happiness": 2.512
        }
    },
    {
        "#": 3,
        "Track Title": "From the Ground Up",
        "Artist": "Dan + Shay",
        "Key": "11B",
        "Energy": 6.22,
        "Popularity": 7.12,
        "BPM": 76,
        "DJ Play Count": 0,
        "Rating": "*******",
        "My Tag": [
            "[Wedding, Romantic & Slow Dance]",
            "2010s",
            "Nostalgic"
        ],
        "Additional Info": {
            "id": "0lQJBl9YEsoMtE8D4yTE9g",
            "explicit": false,
            "album": "Obsessed",
            "release_date": "2016-06-03",
            "genres": [
                "contemporary country",
                "country",
                "country road"
            ],
            "duration": 253933,
            "acousticness": 0.333,
            "danceability": 3.5290000000000004,
            "instrumentalness": 0,
            "liveness": 0.122,
            "loudness": -5.967,
            "speechiness": 0.0323,
            "time_signature": 3,
            "happiness": 3.538
        }
    },
    {
        "#": 4,
        "Track Title": "Speechless",
        "Artist": "Dan + Shay",
        "Key": "3B",
        "Energy": 4.96,
        "Popularity": 6.31,
        "BPM": 136,
        "DJ Play Count": 0,
        "Rating": "*******",
        "My Tag": [
            "[Wedding, Romantic & Slow Dance]",
            "2010s",
            "Nostalgic"
        ],
        "Additional Info": {
            "id": "7q7jyVU0f0hnod8tsaUmxg",
            "explicit": false,
            "album": "Speechless",
            "release_date": "2018-05-18",
            "genres": [
                "contemporary country",
                "country",
                "country road"
            ],
            "duration": 212745,
            "acousticness": 0.328,
            "danceability": 6.679,
            "instrumentalness": 0,
            "liveness": 0.239,
            "loudness": -5.948,
            "speechiness": 0.028,
            "time_signature": 4,
            "happiness": 4.7620000000000005
        }
    },
    {
        "#": 5,
        "Track Title": "Beautiful Crazy",
        "Artist": "Luke Combs",
        "Key": "1B",
        "Energy": 4.618,
        "Popularity": 8.469999999999999,
        "BPM": 103,
        "DJ Play Count": 0,
        "Rating": "*******",
        "My Tag": [
            "[Wedding, Romantic & Slow Dance]",
            "2010s",
            "Nostalgic"
        ],
        "Additional Info": {
            "id": "2rxQMGVafnNaRaXlRMWPde",
            "explicit": false,
            "album": "This One's for You Too (Deluxe Edition)",
            "release_date": "2018-06-01",
            "genres": [
                "contemporary country",
                "country"
            ],
            "duration": 193200,
            "acousticness": 0.676,
            "danceability": 5.9590000000000005,
            "instrumentalness": 0,
            "liveness": 0.0928,
            "loudness": -7.431,
            "speechiness": 0.0262,
            "time_signature": 4,
            "happiness": 4.438000000000001
        }
    },
    {
        "#": 6,
        "Track Title": "Thinking out Loud",
        "Artist": "Ed Sheeran",
        "Key": "10B",
        "Energy": 5.005,
        "Popularity": 8.74,
        "BPM": 79,
        "DJ Play Count": 0,
        "Rating": "*******",
        "My Tag": [
            "[Wedding, Romantic & Slow Dance]",
            "2010s",
            "Pop"
        ],
        "Additional Info": {
            "id": "34gCuhDGsG4bRPIf9bb02f",
            "explicit": false,
            "album": "x (Deluxe Edition)",
            "release_date": "2014-06-21",
            "genres": [
                "pop",
                "uk pop"
            ],
            "duration": 281560,
            "acousticness": 0.474,
            "danceability": 8.029,
            "instrumentalness": 0,
            "liveness": 0.184,
            "loudness": -6.061,
            "speechiness": 0.0295,
            "time_signature": 4,
            "happiness": 6.319
        }
    },
    {
        "#": 7,
        "Track Title": "All of Me",
        "Artist": "John Legend",
        "Key": "4B",
        "Energy": 3.3760000000000003,
        "Popularity": 8.83,
        "BPM": 120,
        "DJ Play Count": 0,
        "Rating": "*******",
        "My Tag": [
            "[Wedding, Romantic & Slow Dance]",
            "2010s",
            "Hip Hop",
            "Happy",
            "Romantic & Slow Dance",
            "Pop"
        ],
        "Additional Info": {
            "id": "3U4isOIWM3VvDubwSI3y7a",
            "explicit": false,
            "album": "Love In The Future (Expanded Edition)",
            "release_date": "2013-08-30",
            "genres": [
                "neo soul",
                "pop",
                "pop soul",
                "urban contemporary"
            ],
            "duration": 269560,
            "acousticness": 0.922,
            "danceability": 4.798,
            "instrumentalness": 0,
            "liveness": 0.132,
            "loudness": -7.064,
            "speechiness": 0.0322,
            "time_signature": 4,
            "happiness": 3.979
        }
    },
    {
        "#": 8,
        "Track Title": "Yours",
        "Artist": "Russell Dickerson",
        "Key": "1B",
        "Energy": 7.497999999999999,
        "Popularity": 1.0,
        "BPM": 134,
        "DJ Play Count": 0,
        "Rating": "*******",
        "My Tag": [
            "[Wedding, Romantic & Slow Dance]",
            "2010s",
            "Nostalgic"
        ],
        "Additional Info": {
            "id": "6RSNKGdv3nDTHqgw4bdzyF",
            "explicit": false,
            "album": "Yours",
            "release_date": "2017-10-13",
            "genres": [
                "contemporary country",
                "country",
                "country road",
                "modern country rock"
            ],
            "duration": 216960,
            "acousticness": 0.119,
            "danceability": 5.995,
            "instrumentalness": 0,
            "liveness": 0.0861,
            "loudness": -6.005,
            "speechiness": 0.034,
            "time_signature": 4,
            "happiness": 6.031000000000001
        }
    },
    {
        "#": 9,
        "Track Title": "Tennessee Whiskey",
        "Artist": "Chris Stapleton",
        "Key": "11B",
        "Energy": 4.33,
        "Popularity": 8.559999999999999,
        "BPM": 97,
        "DJ Play Count": 0,
        "Rating": "*******",
        "My Tag": [
            "[Wedding, Romantic & Slow Dance]",
            "2010s",
            "Nostalgic"
        ],
        "Additional Info": {
            "id": "3fqwjXwUGN6vbzIwvyFMhx",
            "explicit": false,
            "album": "Traveller",
            "release_date": "2015-05-04",
            "genres": [
                "contemporary country",
                "outlaw country"
            ],
            "duration": 293293,
            "acousticness": 0.205,
            "danceability": 4.5280000000000005,
            "instrumentalness": 0.0096,
            "liveness": 0.0821,
            "loudness": -10.888,
            "speechiness": 0.0298,
            "time_signature": 4,
            "happiness": 5.6080000000000005
        }
    },
    {
        "#": 10,
        "Track Title": "In Case You Didn't Know",
        "Artist": "Brett Young",
        "Key": "6B",
        "Energy": 5.824,
        "Popularity": 7.93,
        "BPM": 148,
        "DJ Play Count": 0,
        "Rating": "*******",
        "My Tag": [
            "[Wedding, Romantic & Slow Dance]",
            "2010s",
            "Nostalgic"
        ],
        "Additional Info": {
            "id": "10M2Ex445zw585Ducldzkw",
            "explicit": false,
            "album": "Brett Young",
            "release_date": "2017-02-10",
            "genres": [
                "contemporary country",
                "country",
                "country road"
            ],
            "duration": 224853,
            "acousticness": 0.386,
            "danceability": 6.463,
            "instrumentalness": 0,
            "liveness": 0.102,
            "loudness": -7.306,
            "speechiness": 0.0305,
            "time_signature": 4,
            "happiness": 4.906000000000001
        }
    },
    {
        "#": 11,
        "Track Title": "Say You Won't Let Go",
        "Artist": "James Arthur",
        "Key": "6B",
        "Energy": 6.013000000000001,
        "Popularity": 8.92,
        "BPM": 85,
        "DJ Play Count": 0,
        "Rating": "*******",
        "My Tag": [
            "[Wedding, Romantic & Slow Dance]",
            "2010s",
            "Inspiring",
            "Pop"
        ],
        "Additional Info": {
            "id": "5uCax9HTNlzGybIStD3vDh",
            "explicit": false,
            "album": "Back from the Edge",
            "release_date": "2016-10-28",
            "genres": [
                "pop",
                "talent show",
                "uk pop"
            ],
            "duration": 211467,
            "acousticness": 0.695,
            "danceability": 4.2219999999999995,
            "instrumentalness": 0,
            "liveness": 0.0902,
            "loudness": -7.398,
            "speechiness": 0.059,
            "time_signature": 4,
            "happiness": 5.446
        }
    },
    {
        "#": 12,
        "Track Title": "You Make It Easy",
        "Artist": "Jason Aldean",
        "Key": "9B",
        "Energy": 6.1659999999999995,
        "Popularity": 6.8500000000000005,
        "BPM": 132,
        "DJ Play Count": 0,
        "Rating": "*******",
        "My Tag": [
            "[Wedding, Romantic & Slow Dance]",
            "2010s",
            "Nostalgic"
        ],
        "Additional Info": {
            "id": "2ZxTjs4EdJl4Y9YByIiNoo",
            "explicit": false,
            "album": "You Make It Easy",
            "release_date": "2018-01-26",
            "genres": [
                "contemporary country",
                "country",
                "country road",
                "modern country rock"
            ],
            "duration": 196800,
            "acousticness": 0.143,
            "danceability": 4.375,
            "instrumentalness": 0,
            "liveness": 0.11,
            "loudness": -5.305,
            "speechiness": 0.0315,
            "time_signature": 3,
            "happiness": 4.654
        }
    },
    {
        "#": 13,
        "Track Title": "Then",
        "Artist": "Brad Paisley",
        "Key": "8B",
        "Energy": 6.787,
        "Popularity": 6.67,
        "BPM": 145,
        "DJ Play Count": 0,
        "Rating": "*******",
        "My Tag": [
            "[Wedding, Romantic & Slow Dance]",
            "2000s",
            "Nostalgic"
        ],
        "Additional Info": {
            "id": "3XKbdb9GB6u3hsnUklQTav",
            "explicit": false,
            "album": "American Saturday Night",
            "release_date": "2009-06-30",
            "genres": [
                "contemporary country",
                "country",
                "country road"
            ],
            "duration": 321640,
            "acousticness": 0.512,
            "danceability": 5.437,
            "instrumentalness": 2.43e-05,
            "liveness": 0.209,
            "loudness": -5.19,
            "speechiness": 0.0299,
            "time_signature": 4,
            "happiness": 3.6999999999999997
        }
    },
    {
        "#": 14,
        "Track Title": "Prayed For You",
        "Artist": "Matt Stell",
        "Key": "11B",
        "Energy": 7.282,
        "Popularity": 6.8500000000000005,
        "BPM": 140,
        "DJ Play Count": 0,
        "Rating": "*******",
        "My Tag": [
            "[Wedding, Romantic & Slow Dance]",
            "2010s",
            "Pop",
            "Nostalgic"
        ],
        "Additional Info": {
            "id": "4j6GMcVcqZf1r0GDqMtYp6",
            "explicit": false,
            "album": "Everywhere But On",
            "release_date": "2019-10-25",
            "genres": [
                "arkansas country",
                "contemporary country",
                "country pop"
            ],
            "duration": 210373,
            "acousticness": 0.0724,
            "danceability": 6.3999999999999995,
            "instrumentalness": 1.64e-06,
            "liveness": 0.113,
            "loudness": -5.86,
            "speechiness": 0.0355,
            "time_signature": 4,
            "happiness": 6.13
        }
    },
    {
        "#": 15,
        "Track Title": "You Are the Best Thing",
        "Artist": "Ray LaMontagne",
        "Key": "6B",
        "Energy": 7.543,
        "Popularity": 7.209999999999999,
        "BPM": 85,
        "DJ Play Count": 0,
        "Rating": "*******",
        "My Tag": [
            "[Wedding, Romantic & Slow Dance]",
            "2000s",
            "Calm",
            "Pop",
            "Happy"
        ],
        "Additional Info": {
            "id": "1jyddn36UN4tVsJGtaJfem",
            "explicit": false,
            "album": "Gossip In The Grain",
            "release_date": "2008-10-13",
            "genres": [
                "acoustic pop",
                "indie folk",
                "neo mellow",
                "stomp and holler"
            ],
            "duration": 231840,
            "acousticness": 0.0304,
            "danceability": 6.202,
            "instrumentalness": 1.99e-05,
            "liveness": 0.172,
            "loudness": -4.872,
            "speechiness": 0.0332,
            "time_signature": 4,
            "happiness": 8.965
        }
    },
    {
        "#": 16,
        "Track Title": "I Cross My Heart - Pure Country Soundtrack Version",
        "Artist": "George Strait",
        "Key": "5B",
        "Energy": 4.978,
        "Popularity": 6.76,
        "BPM": 131,
        "DJ Play Count": 0,
        "Rating": "*******",
        "My Tag": [
            "[Wedding, Romantic & Slow Dance]",
            "90s",
            "Nostalgic"
        ],
        "Additional Info": {
            "id": "6FHXJu99aQAUnivEjPhuUR",
            "explicit": false,
            "album": "Pure Country",
            "release_date": "1992-01-01",
            "genres": [
                "contemporary country",
                "country",
                "country road"
            ],
            "duration": 212000,
            "acousticness": 0.267,
            "danceability": 5.734,
            "instrumentalness": 5.49e-05,
            "liveness": 0.106,
            "loudness": -10.133,
            "speechiness": 0.0259,
            "time_signature": 4,
            "happiness": 3.5559999999999996
        }
    },
    {
        "#": 17,
        "Track Title": "Lover",
        "Artist": "Taylor Swift",
        "Key": "9B",
        "Energy": 5.8870000000000005,
        "Popularity": 9.01,
        "BPM": 69,
        "DJ Play Count": 0,
        "Rating": "*******",
        "My Tag": [
            "[Wedding, Romantic & Slow Dance]",
            "2010s",
            "Pop"
        ],
        "Additional Info": {
            "id": "1dGr1c8CrMLDpV6mPbImSI",
            "explicit": false,
            "album": "Lover",
            "release_date": "2019-08-23",
            "genres": [
                "pop"
            ],
            "duration": 221307,
            "acousticness": 0.492,
            "danceability": 4.231,
            "instrumentalness": 1.58e-05,
            "liveness": 0.118,
            "loudness": -7.582,
            "speechiness": 0.0919,
            "time_signature": 4,
            "happiness": 5.077
        }
    },
    {
        "#": 18,
        "Track Title": "At Last",
        "Artist": "Etta James",
        "Key": "7B",
        "Energy": 4.132,
        "Popularity": 8.02,
        "BPM": 87,
        "DJ Play Count": 0,
        "Rating": "*******",
        "My Tag": [
            "[Wedding, Romantic & Slow Dance]",
            "60s",
            "Romantic & Slow Dance",
            "Nostalgic"
        ],
        "Additional Info": {
            "id": "4Hhv2vrOTy89HFRcjU3QOx",
            "explicit": false,
            "album": "At Last!",
            "release_date": "1960",
            "genres": [
                "jazz blues",
                "soul",
                "soul blues",
                "torch song",
                "vocal jazz"
            ],
            "duration": 179693,
            "acousticness": 0.547,
            "danceability": 3.466,
            "instrumentalness": 0.0133,
            "liveness": 0.334,
            "loudness": -8.631,
            "speechiness": 0.0293,
            "time_signature": 3,
            "happiness": 3.952
        }
    },
    {
        "#": 19,
        "Track Title": "I Don't Dance",
        "Artist": "Lee Brice",
        "Key": "3B",
        "Energy": 6.031000000000001,
        "Popularity": 7.209999999999999,
        "BPM": 92,
        "DJ Play Count": 0,
        "Rating": "*******",
        "My Tag": [
            "[Wedding, Romantic & Slow Dance]",
            "2010s",
            "Nostalgic"
        ],
        "Additional Info": {
            "id": "5aj0xPGiEUN3aI2oOYu14S",
            "explicit": false,
            "album": "I Don't Dance (Deluxe Edition)",
            "release_date": "2014-09-09",
            "genres": [
                "contemporary country",
                "country",
                "country road",
                "modern country rock"
            ],
            "duration": 221173,
            "acousticness": 0.399,
            "danceability": 6.2829999999999995,
            "instrumentalness": 6.69e-06,
            "liveness": 0.0992,
            "loudness": -7.742,
            "speechiness": 0.0321,
            "time_signature": 4,
            "happiness": 2.71
        }
    },
    {
        "#": 20,
        "Track Title": "Amazed",
        "Artist": "Lonestar",
        "Key": "3B",
        "Energy": 5.8870000000000005,
        "Popularity": 7.4799999999999995,
        "BPM": 140,
        "DJ Play Count": 0,
        "Rating": "*******",
        "My Tag": [
            "[Wedding, Romantic & Slow Dance]",
            "90s",
            "Nostalgic"
        ],
        "Additional Info": {
            "id": "6qc34bnVOyqGDPni8H5W0U",
            "explicit": false,
            "album": "Lonely Grill",
            "release_date": "1999",
            "genres": [
                "contemporary country",
                "country",
                "country road"
            ],
            "duration": 240867,
            "acousticness": 0.26,
            "danceability": 6.049,
            "instrumentalness": 0,
            "liveness": 0.124,
            "loudness": -8.498,
            "speechiness": 0.0324,
            "time_signature": 4,
            "happiness": 3.187
        }
    },
    {
        "#": 21,
        "Track Title": "Millionaire",
        "Artist": "Chris Stapleton",
        "Key": "6B",
        "Energy": 5.266,
        "Popularity": 7.66,
        "BPM": 143,
        "DJ Play Count": 0,
        "Rating": "*******",
        "My Tag": [
            "[Wedding, Romantic & Slow Dance]",
            "2010s",
            "Nostalgic"
        ],
        "Additional Info": {
            "id": "68JS5SFTnW5Yv9Vzw81Jf0",
            "explicit": false,
            "album": "From A Room: Volume 2",
            "release_date": "2017-12-01",
            "genres": [
                "contemporary country",
                "outlaw country"
            ],
            "duration": 210133,
            "acousticness": 0.192,
            "danceability": 6.544,
            "instrumentalness": 0.00762,
            "liveness": 0.0989,
            "loudness": -9.608,
            "speechiness": 0.0266,
            "time_signature": 4,
            "happiness": 5.437
        }
    },
    {
        "#": 22,
        "Track Title": "Shut Up and Dance",
        "Artist": "WALK THE MOON",
        "Key": "3B",
        "Energy": 8.794,
        "Popularity": 8.74,
        "BPM": 128,
        "DJ Play Count": 0,
        "Rating": "*******",
        "My Tag": [
            "[Wedding, Romantic & Slow Dance]",
            "2010s",
            "Dance Remixes",
            "Rock",
            "Pop"
        ],
        "Additional Info": {
            "id": "4kbj5MwxO1bq9wjT5g9HaA",
            "explicit": false,
            "album": "TALKING IS HARD",
            "release_date": "2014-12-02",
            "genres": [
                "dance rock",
                "modern rock",
                "pop"
            ],
            "duration": 199080,
            "acousticness": 0.00701,
            "danceability": 6.202,
            "instrumentalness": 0,
            "liveness": 0.257,
            "loudness": -3.804,
            "speechiness": 0.0619,
            "time_signature": 4,
            "happiness": 6.571
        }
    },
    {
        "#": 23,
        "Track Title": "Beyond",
        "Artist": "Leon Bridges",
        "Key": "2B",
        "Energy": 7.183000000000001,
        "Popularity": 1.0,
        "BPM": 76,
        "DJ Play Count": 0,
        "Rating": "*******",
        "My Tag": [
            "[Wedding, Romantic & Slow Dance]",
            "2010s",
            "Romantic & Slow Dance",
            "Fight & Fog"
        ],
        "Additional Info": {
            "id": "5esPpmrM2AsyDVgOKzWQwU",
            "explicit": false,
            "album": "Beyond",
            "release_date": "2018-04-20",
            "genres": [
                "modern blues",
                "neo soul",
                "soul"
            ],
            "duration": 240600,
            "acousticness": 0.229,
            "danceability": 6.228999999999999,
            "instrumentalness": 0,
            "liveness": 0.109,
            "loudness": -5.4,
            "speechiness": 0.105,
            "time_signature": 4,
            "happiness": 2.683
        }
    },
    {
        "#": 24,
        "Track Title": "The Way You Look Tonight",
        "Artist": "Frank Sinatra",
        "Key": "7A",
        "Energy": 4.321,
        "Popularity": 6.040000000000001,
        "BPM": 133,
        "DJ Play Count": 0,
        "Rating": "*******",
        "My Tag": [
            "[Wedding, Romantic & Slow Dance]",
            "2010s",
            "Calm",
            "Club-Hotel",
            "Nostalgic"
        ],
        "Additional Info": {
            "id": "0shGCs5AkhwJIgUb0SSz2B",
            "explicit": false,
            "album": "Ultimate Sinatra",
            "release_date": "2015-04-21",
            "genres": [
                "adult standards",
                "easy listening",
                "lounge"
            ],
            "duration": 201200,
            "acousticness": 0.855,
            "danceability": 6.301,
            "instrumentalness": 0,
            "liveness": 0.352,
            "loudness": -8.678,
            "speechiness": 0.0321,
            "time_signature": 4,
            "happiness": 5.761
        }
    },
    {
        "#": 25,
        "Track Title": "My Best Friend",
        "Artist": "Tim McGraw",
        "Key": "11B",
        "Energy": 5.356,
        "Popularity": 5.41,
        "BPM": 148,
        "DJ Play Count": 0,
        "Rating": "*******",
        "My Tag": [
            "[Wedding, Romantic & Slow Dance]",
            "2010s",
            "Nostalgic"
        ],
        "Additional Info": {
            "id": "3JEPfsHlaIfPsB6I8BY4Sl",
            "explicit": false,
            "album": "Love Story",
            "release_date": "2014-02-04",
            "genres": [
                "contemporary country",
                "country",
                "country road"
            ],
            "duration": 279867,
            "acousticness": 0.12,
            "danceability": 4.996,
            "instrumentalness": 0,
            "liveness": 0.135,
            "loudness": -8.311,
            "speechiness": 0.0289,
            "time_signature": 4,
            "happiness": 3.367
        }
    },
    {
        "#": 26,
        "Track Title": "I Wanna Dance with Somebody (Who Loves Me)",
        "Artist": "Whitney Houston",
        "Key": "3B",
        "Energy": 8.416,
        "Popularity": 8.559999999999999,
        "BPM": 119,
        "DJ Play Count": 0,
        "Rating": "*******",
        "My Tag": [
            "[Wedding, Romantic & Slow Dance]",
            "80s",
            "Dance Remixes",
            "Pop",
            "Happy"
        ],
        "Additional Info": {
            "id": "2tUBqZG2AbRi7Q0BIrVrEj",
            "explicit": false,
            "album": "Whitney",
            "release_date": "1987-06-02",
            "genres": [
                "dance pop"
            ],
            "duration": 291293,
            "acousticness": 0.207,
            "danceability": 7.380999999999999,
            "instrumentalness": 0.000307,
            "liveness": 0.0888,
            "loudness": -8.824,
            "speechiness": 0.0453,
            "time_signature": 4,
            "happiness": 8.803
        }
    },
    {
        "#": 27,
        "Track Title": "Your Song",
        "Artist": "Elton John",
        "Key": "5B",
        "Energy": 3.835,
        "Popularity": 8.379999999999999,
        "BPM": 128,
        "DJ Play Count": 0,
        "Rating": "*******",
        "My Tag": [
            "[Wedding, Romantic & Slow Dance]",
            "70s",
            "Calm",
            "Rock"
        ],
        "Additional Info": {
            "id": "38zsOOcu31XbbYj9BIPUF1",
            "explicit": false,
            "album": "Elton John",
            "release_date": "1970-04-10",
            "genres": [
                "glam rock",
                "mellow gold",
                "piano rock",
                "rock"
            ],
            "duration": 241787,
            "acousticness": 0.828,
            "danceability": 5.986000000000001,
            "instrumentalness": 5.53e-06,
            "liveness": 0.101,
            "loudness": -11.028,
            "speechiness": 0.0298,
            "time_signature": 4,
            "happiness": 3.9250000000000003
        }
    },
    {
        "#": 28,
        "Track Title": "Wonderful Tonight",
        "Artist": "Eric Clapton",
        "Key": "9B",
        "Energy": 2.926,
        "Popularity": 7.93,
        "BPM": 96,
        "DJ Play Count": 0,
        "Rating": "*******",
        "My Tag": [
            "[Wedding, Romantic & Slow Dance]",
            "70s",
            "Inspiring",
            "Calm",
            "Rock",
            "Nostalgic"
        ],
        "Additional Info": {
            "id": "6zC0mpGYwbNTpk9SKwh08f",
            "explicit": false,
            "album": "Slowhand 35th Anniversary (Super Deluxe)",
            "release_date": "1977-11-01",
            "genres": [
                "album rock",
                "blues rock",
                "classic rock",
                "electric blues",
                "mellow gold",
                "rock",
                "singer-songwriter",
                "soft rock"
            ],
            "duration": 225027,
            "acousticness": 0.649,
            "danceability": 6.148,
            "instrumentalness": 0.129,
            "liveness": 0.125,
            "loudness": -15.625,
            "speechiness": 0.0293,
            "time_signature": 4,
            "happiness": 5.365
        }
    },
    {
        "#": 29,
        "Track Title": "Fly Me To The Moon",
        "Artist": "Frank Sinatra, Count Basie",
        "Key": "8B",
        "Energy": 4.285,
        "Popularity": 6.8500000000000005,
        "BPM": 119,
        "DJ Play Count": 0,
        "Rating": "*******",
        "My Tag": [
            "[Wedding, Romantic & Slow Dance]",
            "2010s",
            "Dance Remixes",
            "Calm",
            "Club-Hotel",
            "Nostalgic"
        ],
        "Additional Info": {
            "id": "2dR5WkrpwylTuT3jRWNufa",
            "explicit": false,
            "album": "Ultimate Sinatra",
            "release_date": "2015-04-21",
            "genres": [
                "adult standards",
                "easy listening",
                "lounge",
                "big band",
                "harlem renaissance",
                "jazz",
                "jazz piano",
                "swing",
                "vocal jazz"
            ],
            "duration": 147147,
            "acousticness": 0.525,
            "danceability": 7.03,
            "instrumentalness": 0,
            "liveness": 0.0575,
            "loudness": -10.158,
            "speechiness": 0.0564,
            "time_signature": 4,
            "happiness": 5.05
        }
    },
    {
        "#": 30,
        "Track Title": "Bless The Broken Road",
        "Artist": "Rascal Flatts",
        "Key": "8B",
        "Energy": 5.05,
        "Popularity": 7.4799999999999995,
        "BPM": 136,
        "DJ Play Count": 0,
        "Rating": "*******",
        "My Tag": [
            "[Wedding, Romantic & Slow Dance]",
            "2000s",
            "Nostalgic"
        ],
        "Additional Info": {
            "id": "4YjjNHtEsTX6Af4mCTupT5",
            "explicit": false,
            "album": "Feels Like Today",
            "release_date": "2004-01-01",
            "genres": [
                "contemporary country",
                "country",
                "country road"
            ],
            "duration": 226680,
            "acousticness": 0.671,
            "danceability": 6.319,
            "instrumentalness": 2.23e-05,
            "liveness": 0.159,
            "loudness": -6.369,
            "speechiness": 0.0266,
            "time_signature": 4,
            "happiness": 4.096
        }
    },
    {
        "#": 31,
        "Track Title": "You Are The Reason",
        "Artist": "Calum Scott",
        "Key": "6B",
        "Energy": 3.1149999999999998,
        "Popularity": 8.290000000000001,
        "BPM": 86,
        "DJ Play Count": 0,
        "Rating": "*******",
        "My Tag": [
            "[Wedding, Romantic & Slow Dance]",
            "2010s",
            "Pop",
            "Mad",
            "Calm"
        ],
        "Additional Info": {
            "id": "69vToJ9BMbbLlFZo7k7A7B",
            "explicit": false,
            "album": "Only Human (Deluxe)",
            "release_date": "2018-03-09",
            "genres": [
                "pop"
            ],
            "duration": 204326,
            "acousticness": 0.918,
            "danceability": 3.9610000000000003,
            "instrumentalness": 0,
            "liveness": 0.137,
            "loudness": -7.699,
            "speechiness": 0.0303,
            "time_signature": 3,
            "happiness": 2.98
        }
    },
    {
        "#": 32,
        "Track Title": "A Thousand Years",
        "Artist": "Christina Perri",
        "Key": "6B",
        "Energy": 4.663,
        "Popularity": 8.469999999999999,
        "BPM": 139,
        "DJ Play Count": 0,
        "Rating": "*******",
        "My Tag": [
            "[Wedding, Romantic & Slow Dance]",
            "2010s",
            "Pop"
        ],
        "Additional Info": {
            "id": "6lanRgr6wXibZr8KgzXxBl",
            "explicit": false,
            "album": "A Thousand Years",
            "release_date": "2011-10-18",
            "genres": [
                "pop"
            ],
            "duration": 285120,
            "acousticness": 0.309,
            "danceability": 4.789,
            "instrumentalness": 0.000961,
            "liveness": 0.11,
            "loudness": -7.445,
            "speechiness": 0.0267,
            "time_signature": 3,
            "happiness": 2.449
        }
    },
    {
        "#": 33,
        "Track Title": "Best Part (feat. H.E.R.)",
        "Artist": "Daniel Caesar, H.E.R.",
        "Key": "9B",
        "Energy": 4.276,
        "Popularity": 8.469999999999999,
        "BPM": 75,
        "DJ Play Count": 0,
        "Rating": "*******",
        "My Tag": [
            "[Wedding, Romantic & Slow Dance]",
            "2010s",
            "Romantic & Slow Dance",
            "Hip Hop"
        ],
        "Additional Info": {
            "id": "1RMJOxR6GRPsBHL8qeC2ux",
            "explicit": false,
            "album": "Freudian",
            "release_date": "2017-08-25",
            "genres": [
                "canadian contemporary r&b",
                "r&b",
                "rap"
            ],
            "duration": 209831,
            "acousticness": 0.808,
            "danceability": 5.716,
            "instrumentalness": 0,
            "liveness": 0.1,
            "loudness": -10.209,
            "speechiness": 0.0367,
            "time_signature": 4,
            "happiness": 4.9239999999999995
        }
    },
    {
        "#": 34,
        "Track Title": "This Is It",
        "Artist": "Scotty McCreery",
        "Key": "4B",
        "Energy": 5.599,
        "Popularity": 6.8500000000000005,
        "BPM": 78,
        "DJ Play Count": 0,
        "Rating": "*******",
        "My Tag": [
            "[Wedding, Romantic & Slow Dance]",
            "2010s",
            "Nostalgic"
        ],
        "Additional Info": {
            "id": "74CEfiZthUGX5yUNNUM4bj",
            "explicit": false,
            "album": "Seasons Change",
            "release_date": "2018-01-12",
            "genres": [
                "contemporary country",
                "country",
                "country road",
                "modern country rock"
            ],
            "duration": 230973,
            "acousticness": 0.254,
            "danceability": 6.210999999999999,
            "instrumentalness": 0,
            "liveness": 0.099,
            "loudness": -6.788,
            "speechiness": 0.0293,
            "time_signature": 4,
            "happiness": 6.346
        }
    },
    {
        "#": 35,
        "Track Title": "Die A Happy Man",
        "Artist": "Thomas Rhett",
        "Key": "10B",
        "Energy": 4.501,
        "Popularity": 7.84,
        "BPM": 83,
        "DJ Play Count": 0,
        "Rating": "*******",
        "My Tag": [
            "[Wedding, Romantic & Slow Dance]",
            "2010s",
            "Nostalgic"
        ],
        "Additional Info": {
            "id": "5kNe7PE09d6Kvw5pAsx23n",
            "explicit": false,
            "album": "Tangled Up",
            "release_date": "2015-01-01",
            "genres": [
                "contemporary country",
                "country",
                "country road",
                "modern country rock"
            ],
            "duration": 227427,
            "acousticness": 0.418,
            "danceability": 6.3549999999999995,
            "instrumentalness": 1.39e-06,
            "liveness": 0.116,
            "loudness": -9.245,
            "speechiness": 0.0349,
            "time_signature": 4,
            "happiness": 4.6
        }
    },
    {
        "#": 36,
        "Track Title": "Stand by Me",
        "Artist": "Ben E. King",
        "Key": "11B",
        "Energy": 3.754,
        "Popularity": 8.469999999999999,
        "BPM": 118,
        "DJ Play Count": 0,
        "Rating": "*******",
        "My Tag": [
            "[Wedding, Romantic & Slow Dance]",
            "60s",
            "Romantic & Slow Dance"
        ],
        "Additional Info": {
            "id": "3SdTKo2uVsxFblQjpScoHy",
            "explicit": false,
            "album": "Don't Play That Song (Mono)",
            "release_date": "1962-08-20",
            "genres": [
                "rock-and-roll",
                "soul"
            ],
            "duration": 180056,
            "acousticness": 0.57,
            "danceability": 6.8500000000000005,
            "instrumentalness": 7.07e-06,
            "liveness": 0.0707,
            "loudness": -9.443,
            "speechiness": 0.0393,
            "time_signature": 4,
            "happiness": 6.445
        }
    },
    {
        "#": 37,
        "Track Title": "How Long Will I Love You - Bonus Track",
        "Artist": "Ellie Goulding",
        "Key": "8B",
        "Energy": 3.7359999999999998,
        "Popularity": 5.7700000000000005,
        "BPM": 126,
        "DJ Play Count": 0,
        "Rating": "*******",
        "My Tag": [
            "[Wedding, Romantic & Slow Dance]",
            "2010s",
            "Inspiring",
            "EDM",
            "Club-Hotel",
            "Pop",
            "Mad",
            "Calm"
        ],
        "Additional Info": {
            "id": "0ZPfDxZn5O0L84wvPSN2iG",
            "explicit": false,
            "album": "Halcyon Days",
            "release_date": "2013-01-01",
            "genres": [
                "indietronica",
                "metropopolis",
                "pop",
                "uk pop"
            ],
            "duration": 154435,
            "acousticness": 0.295,
            "danceability": 5.6080000000000005,
            "instrumentalness": 0.000622,
            "liveness": 0.118,
            "loudness": -9.19,
            "speechiness": 0.0318,
            "time_signature": 5,
            "happiness": 2.548
        }
    },
    {
        "#": 38,
        "Track Title": "I Don't Want to Miss a Thing - From \"Armageddon\" Soundtrack",
        "Artist": "Aerosmith",
        "Key": "10B",
        "Energy": 6.958,
        "Popularity": 7.84,
        "BPM": 121,
        "DJ Play Count": 0,
        "Rating": "*******",
        "My Tag": [
            "[Wedding, Romantic & Slow Dance]",
            "90s",
            "Mad",
            "Rock",
            "Nostalgic"
        ],
        "Additional Info": {
            "id": "225xvV8r1yKMHErSWivnow",
            "explicit": false,
            "album": "Armageddon - The Album",
            "release_date": "1998-06-23",
            "genres": [
                "album rock",
                "classic rock",
                "hard rock",
                "rock"
            ],
            "duration": 298760,
            "acousticness": 0.165,
            "danceability": 4.447,
            "instrumentalness": 0,
            "liveness": 0.248,
            "loudness": -5.162,
            "speechiness": 0.0333,
            "time_signature": 4,
            "happiness": 2.242
        }
    },
    {
        "#": 39,
        "Track Title": "Let's Get It Started",
        "Artist": "Black Eyed Peas",
        "Key": "1A",
        "Energy": 7.111000000000001,
        "Popularity": 4.96,
        "BPM": 105,
        "DJ Play Count": 0,
        "Rating": "*******",
        "My Tag": [
            "[Wedding, Romantic & Slow Dance]",
            "2010s",
            "Dance Remixes",
            "Hip Hop",
            "Pop",
            "Happy"
        ],
        "Additional Info": {
            "id": "0EAARxHiL76Us70njzbItJ",
            "explicit": false,
            "album": "NOW 2000's (2000-2005)",
            "release_date": "2010-01-01",
            "genres": [
                "dance pop",
                "pop",
                "pop rap"
            ],
            "duration": 218907,
            "acousticness": 0.116,
            "danceability": 8.038,
            "instrumentalness": 0,
            "liveness": 0.213,
            "loudness": -5.816,
            "speechiness": 0.133,
            "time_signature": 4,
            "happiness": 7.9030000000000005
        }
    },
    {
        "#": 40,
        "Track Title": "Making Memories Of Us",
        "Artist": "Keith Urban",
        "Key": "12B",
        "Energy": 5.086,
        "Popularity": 6.31,
        "BPM": 104,
        "DJ Play Count": 0,
        "Rating": "*******",
        "My Tag": [
            "[Wedding, Romantic & Slow Dance]",
            "2000s",
            "Nostalgic",
            "Pop"
        ],
        "Additional Info": {
            "id": "0Sg5kWoILCs2zBoIHIsDAa",
            "explicit": false,
            "album": "Greatest Hits",
            "release_date": "2007-01-01",
            "genres": [
                "australian country",
                "australian pop",
                "contemporary country",
                "country",
                "country road"
            ],
            "duration": 236000,
            "acousticness": 0.614,
            "danceability": 7.183000000000001,
            "instrumentalness": 0.000107,
            "liveness": 0.107,
            "loudness": -9.379,
            "speechiness": 0.0255,
            "time_signature": 4,
            "happiness": 3.979
        }
    },
    {
        "#": 41,
        "Track Title": "Love Someone",
        "Artist": "Lukas Graham",
        "Key": "11A",
        "Energy": 4.734999999999999,
        "Popularity": 7.03,
        "BPM": 86,
        "DJ Play Count": 0,
        "Rating": "*******",
        "My Tag": [
            "[Wedding, Romantic & Slow Dance]",
            "2010s",
            "Pop"
        ],
        "Additional Info": {
            "id": "2JqnpexlO9dmvjUMCaLCLJ",
            "explicit": false,
            "album": "Love Someone",
            "release_date": "2018-09-07",
            "genres": [
                "danish pop",
                "scandipop"
            ],
            "duration": 205463,
            "acousticness": 0.161,
            "danceability": 5.95,
            "instrumentalness": 0,
            "liveness": 0.108,
            "loudness": -6.557,
            "speechiness": 0.052,
            "time_signature": 4,
            "happiness": 3.466
        }
    },
    {
        "#": 42,
        "Track Title": "The Rest of Our Life",
        "Artist": "Tim McGraw, Faith Hill",
        "Key": "10B",
        "Energy": 5.212000000000001,
        "Popularity": 6.22,
        "BPM": 120,
        "DJ Play Count": 0,
        "Rating": "*******",
        "My Tag": [
            "[Wedding, Romantic & Slow Dance]",
            "2010s",
            "Nostalgic"
        ],
        "Additional Info": {
            "id": "19P6cJstaoQJHtHW3HOGcg",
            "explicit": false,
            "album": "The Rest of Our Life",
            "release_date": "2017-11-17",
            "genres": [
                "contemporary country",
                "country",
                "country road",
                "contemporary country",
                "country",
                "country dawn",
                "country road"
            ],
            "duration": 225360,
            "acousticness": 0.65,
            "danceability": 6.553,
            "instrumentalness": 0,
            "liveness": 0.141,
            "loudness": -6.908,
            "speechiness": 0.0291,
            "time_signature": 3,
            "happiness": 3.9970000000000003
        }
    },
    {
        "#": 43,
        "Track Title": "I Gotta Feeling",
        "Artist": "Black Eyed Peas",
        "Key": "8B",
        "Energy": 7.894,
        "Popularity": 1.3599999999999999,
        "BPM": 128,
        "DJ Play Count": 0,
        "Rating": "*******",
        "My Tag": [
            "[Wedding, Romantic & Slow Dance]",
            "2000s",
            "Dance Remixes",
            "Hip Hop",
            "Pop"
        ],
        "Additional Info": {
            "id": "4vp2J1l5RD4gMZwGFLfRAu",
            "explicit": false,
            "album": "THE E.N.D. (THE ENERGY NEVER DIES)",
            "release_date": "2009-01-01",
            "genres": [
                "dance pop",
                "pop",
                "pop rap"
            ],
            "duration": 289133,
            "acousticness": 0.0873,
            "danceability": 7.687,
            "instrumentalness": 0,
            "liveness": 0.509,
            "loudness": -6.375,
            "speechiness": 0.0265,
            "time_signature": 4,
            "happiness": 6.49
        }
    },
    {
        "#": 44,
        "Track Title": "You're Still The One",
        "Artist": "Shania Twain",
        "Key": "5B",
        "Energy": 5.446,
        "Popularity": 8.2,
        "BPM": 134,
        "DJ Play Count": 0,
        "Rating": "*******",
        "My Tag": [
            "[Wedding, Romantic & Slow Dance]",
            "90s",
            "Pop",
            "Nostalgic"
        ],
        "Additional Info": {
            "id": "1wb4P4F0sxAQ2KXrRvsx6n",
            "explicit": false,
            "album": "Come On Over",
            "release_date": "1997-11-04",
            "genres": [
                "canadian country",
                "canadian pop",
                "contemporary country",
                "country",
                "country dawn"
            ],
            "duration": 212200,
            "acousticness": 0.363,
            "danceability": 6.265,
            "instrumentalness": 0,
            "liveness": 0.0886,
            "loudness": -8.751,
            "speechiness": 0.0353,
            "time_signature": 4,
            "happiness": 6.706
        }
    },
    {
        "#": 45,
        "Track Title": "How Would You Feel (Paean)",
        "Artist": "Ed Sheeran",
        "Key": "11B",
        "Energy": 4.9510000000000005,
        "Popularity": 7.03,
        "BPM": 140,
        "DJ Play Count": 0,
        "Rating": "*******",
        "My Tag": [
            "[Wedding, Romantic & Slow Dance]",
            "2010s",
            "Pop"
        ],
        "Additional Info": {
            "id": "6PJ8FF6UR8FZXfEvpHkIVN",
            "explicit": false,
            "album": "÷ (Deluxe)",
            "release_date": "2017-03-03",
            "genres": [
                "pop",
                "uk pop"
            ],
            "duration": 280533,
            "acousticness": 0.424,
            "danceability": 6.553,
            "instrumentalness": 0,
            "liveness": 0.127,
            "loudness": -5.63,
            "speechiness": 0.0269,
            "time_signature": 4,
            "happiness": 3.178
        }
    },
    {
        "#": 46,
        "Track Title": "Wanted",
        "Artist": "Hunter Hayes",
        "Key": "8B",
        "Energy": 5.284,
        "Popularity": 7.209999999999999,
        "BPM": 85,
        "DJ Play Count": 0,
        "Rating": "*******",
        "My Tag": [
            "[Wedding, Romantic & Slow Dance]",
            "2010s",
            "Nostalgic"
        ],
        "Additional Info": {
            "id": "0p1BcEcYVO3uk4KDf3gzkY",
            "explicit": false,
            "album": "Hunter Hayes (Encore)",
            "release_date": "2011",
            "genres": [
                "contemporary country",
                "country",
                "country road",
                "modern country rock"
            ],
            "duration": 228840,
            "acousticness": 0.268,
            "danceability": 4.789,
            "instrumentalness": 0,
            "liveness": 0.0816,
            "loudness": -7.692,
            "speechiness": 0.0298,
            "time_signature": 4,
            "happiness": 3.6999999999999997
        }
    },
    {
        "#": 47,
        "Track Title": "Unchained Melody",
        "Artist": "The Righteous Brothers",
        "Key": "8B",
        "Energy": 2.971,
        "Popularity": 6.76,
        "BPM": 99,
        "DJ Play Count": 0,
        "Rating": "*******",
        "My Tag": [
            "[Wedding, Romantic & Slow Dance]",
            "90s",
            "Nostalgic"
        ],
        "Additional Info": {
            "id": "1jFhnVoJkcB4lf9tT0rSZS",
            "explicit": false,
            "album": "The Very Best Of The Righteous Brothers - Unchained Melody",
            "release_date": "1990",
            "genres": [
                "adult standards",
                "brill building pop",
                "folk rock",
                "motown",
                "rock-and-roll",
                "rockabilly"
            ],
            "duration": 216267,
            "acousticness": 0.563,
            "danceability": 4.249,
            "instrumentalness": 0,
            "liveness": 0.558,
            "loudness": -16.553,
            "speechiness": 0.0285,
            "time_signature": 3,
            "happiness": 3.34
        }
    },
    {
        "#": 48,
        "Track Title": "The One",
        "Artist": "Kodaline",
        "Key": "11B",
        "Energy": 6.2829999999999995,
        "Popularity": 6.76,
        "BPM": 78,
        "DJ Play Count": 0,
        "Rating": "*******",
        "My Tag": [
            "[Wedding, Romantic & Slow Dance]",
            "2010s",
            "Rock",
            "Pop"
        ],
        "Additional Info": {
            "id": "0My8NPmENHrN5W7OfgZnZJ",
            "explicit": false,
            "album": "Coming Up for Air (Expanded Edition)",
            "release_date": "2015-02-09",
            "genres": [
                "irish pop",
                "modern rock"
            ],
            "duration": 232520,
            "acousticness": 0.654,
            "danceability": 4.87,
            "instrumentalness": 8.83e-05,
            "liveness": 0.158,
            "loudness": -8.003,
            "speechiness": 0.0348,
            "time_signature": 4,
            "happiness": 3.988
        }
    },
    {
        "#": 49,
        "Track Title": "Always Remember Us This Way",
        "Artist": "Lady Gaga",
        "Key": "8B",
        "Energy": 5.518,
        "Popularity": 8.559999999999999,
        "BPM": 130,
        "DJ Play Count": 0,
        "Rating": "*******",
        "My Tag": [
            "[Wedding, Romantic & Slow Dance]",
            "2010s",
            "Inspiring",
            "Dance Remixes",
            "Pop"
        ],
        "Additional Info": {
            "id": "2rbDhOo9Fh61Bbu23T2qCk",
            "explicit": false,
            "album": "A Star Is Born Soundtrack (Without Dialogue)",
            "release_date": "2018-10-05",
            "genres": [
                "art pop",
                "dance pop",
                "pop"
            ],
            "duration": 210200,
            "acousticness": 0.299,
            "danceability": 5.977,
            "instrumentalness": 0,
            "liveness": 0.764,
            "loudness": -5.972,
            "speechiness": 0.0409,
            "time_signature": 4,
            "happiness": 3.6639999999999997
        }
    },
    {
        "#": 50,
        "Track Title": "From This Moment On",
        "Artist": "Shania Twain, Bryan White",
        "Key": "9B",
        "Energy": 3.907,
        "Popularity": 7.03,
        "BPM": 136,
        "DJ Play Count": 0,
        "Rating": "*******",
        "My Tag": [
            "[Wedding, Romantic & Slow Dance]",
            "90s",
            "Pop",
            "Nostalgic",
            "Mad",
            "Calm"
        ],
        "Additional Info": {
            "id": "0Q7Jp3aCwfYnSnbMDoXWyR",
            "explicit": false,
            "album": "Come On Over",
            "release_date": "1997-11-04",
            "genres": [
                "canadian country",
                "canadian pop",
                "contemporary country",
                "country",
                "country dawn",
                "classic oklahoma country",
                "country",
                "country road"
            ],
            "duration": 281533,
            "acousticness": 0.483,
            "danceability": 3.745,
            "instrumentalness": 0,
            "liveness": 0.107,
            "loudness": -9.396,
            "speechiness": 0.0284,
            "time_signature": 4,
            "happiness": 1.927
        }
    },
    {
        "#": 51,
        "Track Title": "Anyone",
        "Artist": "Justin Bieber",
        "Key": "10B",
        "Energy": 5.8420000000000005,
        "Popularity": 7.66,
        "BPM": 116,
        "DJ Play Count": 0,
        "Rating": "*******",
        "My Tag": [
            "[Wedding, Romantic & Slow Dance]",
            "2020s",
            "Pop"
        ],
        "Additional Info": {
            "id": "31qCy5ZaophVA81wtlwLc4",
            "explicit": false,
            "album": "Anyone",
            "release_date": "2021-01-01",
            "genres": [
                "canadian pop",
                "pop"
            ],
            "duration": 190779,
            "acousticness": 0.181,
            "danceability": 7.174,
            "instrumentalness": 3.13e-06,
            "liveness": 0.113,
            "loudness": -8.026,
            "speechiness": 0.0345,
            "time_signature": 4,
            "happiness": 6.255999999999999
        }
    }
]