[
    {
        "#": 1,
        "Track Title": "Single Ladies (Put a Ring on It)",
        "Artist": "Beyoncé",
        "Key": "3B",
        "Energy": 6.255999999999999,
        "Popularity": 7.39,
        "BPM": 97,
        "DJ Play Count": 0,
        "Rating": "*******",
        "My Tag": [
            "[Wedding, Happy]",
            "2000s",
            "Romantic & Slow Dance",
            "Pop"
        ],
        "Additional Info": {
            "id": "5R9a4t5t5O0IsznsrKPVro",
            "explicit": false,
            "album": "I AM...SASHA FIERCE",
            "release_date": "2008-11-17",
            "genres": [
                "pop",
                "r&b"
            ],
            "duration": 193213,
            "acousticness": 0.0383,
            "danceability": 4.834,
            "instrumentalness": 0,
            "liveness": 0.188,
            "loudness": -5.293,
            "speechiness": 0.296,
            "time_signature": 4,
            "happiness": 3.4480000000000004
        }
    },
    {
        "#": 2,
        "Track Title": "Dear Future Husband",
        "Artist": "Meghan Trainor",
        "Key": "3B",
        "Energy": 8.038,
        "Popularity": 7.93,
        "BPM": 79,
        "DJ Play Count": 0,
        "Rating": "*******",
        "My Tag": [
            "[Wedding, Happy]",
            "2010s",
            "Pop",
            "Hip Hop",
            "Happy"
        ],
        "Additional Info": {
            "id": "3cU2wBxuV6nFiuf6PJZNlC",
            "explicit": false,
            "album": "Title (Deluxe)",
            "release_date": "2015-01-09",
            "genres": [
                "hip pop",
                "pop"
            ],
            "duration": 184227,
            "acousticness": 0.375,
            "danceability": 6.8950000000000005,
            "instrumentalness": 0,
            "liveness": 0.317,
            "loudness": -4.789,
            "speechiness": 0.185,
            "time_signature": 4,
            "happiness": 8.488
        }
    },
    {
        "#": 3,
        "Track Title": "Man! I Feel Like A Woman!",
        "Artist": "Shania Twain",
        "Key": "6B",
        "Energy": 9.091000000000001,
        "Popularity": 1.0,
        "BPM": 125,
        "DJ Play Count": 0,
        "Rating": "*******",
        "My Tag": [
            "[Wedding, Happy]",
            "90s",
            "Pop",
            "Nostalgic",
            "Happy"
        ],
        "Additional Info": {
            "id": "0IF0vGwaJQ8ZCh0QxhW6OV",
            "explicit": false,
            "album": "Come On Over",
            "release_date": "1997",
            "genres": [
                "canadian country",
                "canadian pop",
                "contemporary country",
                "country",
                "country dawn"
            ],
            "duration": 233000,
            "acousticness": 0.637,
            "danceability": 7.102,
            "instrumentalness": 0,
            "liveness": 0.347,
            "loudness": -2.937,
            "speechiness": 0.048,
            "time_signature": 4,
            "happiness": 7.813
        }
    },
    {
        "#": 4,
        "Track Title": "Girls Just Want to Have Fun",
        "Artist": "Cyndi Lauper",
        "Key": "2B",
        "Energy": 8.191,
        "Popularity": 8.469999999999999,
        "BPM": 120,
        "DJ Play Count": 0,
        "Rating": "*******",
        "My Tag": [
            "[Wedding, Happy]",
            "80s",
            "Rock",
            "Calm",
            "Nostalgic",
            "Dance Remixes",
            "Pop",
            "Happy"
        ],
        "Additional Info": {
            "id": "4y1LsJpmMti1PfRQV9AWWe",
            "explicit": false,
            "album": "She's So Unusual",
            "release_date": "1983-10-14",
            "genres": [
                "dance pop",
                "new wave pop",
                "permanent wave",
                "soft rock"
            ],
            "duration": 238267,
            "acousticness": 0.22,
            "danceability": 7.39,
            "instrumentalness": 0.000602,
            "liveness": 0.349,
            "loudness": -4.897,
            "speechiness": 0.0328,
            "time_signature": 4,
            "happiness": 7.5249999999999995
        }
    },
    {
        "#": 5,
        "Track Title": "Where Them Girls At (feat. Nicki Minaj & Flo Rida)",
        "Artist": "David Guetta",
        "Key": "5B",
        "Energy": 8.884,
        "Popularity": 7.84,
        "BPM": 130,
        "DJ Play Count": 0,
        "Rating": "*******",
        "My Tag": [
            "[Wedding, Happy]",
            "2010s",
            "Dance Remixes",
            "EDM",
            "Club-Hotel",
            "Pop",
            "PEGI 16 [Age]"
        ],
        "Additional Info": {
            "id": "7ks6AZmFcm3Y6PGGxGSmlB",
            "explicit": true,
            "album": "Nothing but the Beat (Ultimate Edition)",
            "release_date": "2012-12-07",
            "genres": [
                "big room",
                "dance pop",
                "edm",
                "pop",
                "pop dance"
            ],
            "duration": 194840,
            "acousticness": 0.055,
            "danceability": 6.994000000000001,
            "instrumentalness": 0,
            "liveness": 0.259,
            "loudness": -3.078,
            "speechiness": 0.0414,
            "time_signature": 4,
            "happiness": 5.968
        }
    },
    {
        "#": 6,
        "Track Title": "Run the World (Girls)",
        "Artist": "Beyoncé",
        "Key": "8B",
        "Energy": 9.091000000000001,
        "Popularity": 7.84,
        "BPM": 127,
        "DJ Play Count": 0,
        "Rating": "*******",
        "My Tag": [
            "[Wedding, Happy]",
            "2010s",
            "Romantic & Slow Dance",
            "Pop",
            "Happy"
        ],
        "Additional Info": {
            "id": "1uXbwHHfgsXcUKfSZw5ZJ0",
            "explicit": false,
            "album": "4",
            "release_date": "2011-06-24",
            "genres": [
                "pop",
                "r&b"
            ],
            "duration": 236093,
            "acousticness": 0.00496,
            "danceability": 7.588,
            "instrumentalness": 4.64e-05,
            "liveness": 0.372,
            "loudness": -4.237,
            "speechiness": 0.143,
            "time_signature": 4,
            "happiness": 7.831
        }
    },
    {
        "#": 7,
        "Track Title": "Wannabe",
        "Artist": "Spice Girls",
        "Key": "1B",
        "Energy": 8.776,
        "Popularity": 8.469999999999999,
        "BPM": 110,
        "DJ Play Count": 0,
        "Rating": "*******",
        "My Tag": [
            "[Wedding, Happy]",
            "90s",
            "Dance Remixes",
            "Girl Power",
            "Pop",
            "Happy"
        ],
        "Additional Info": {
            "id": "1Je1IMUlBXcx1Fz0WE7oPT",
            "explicit": false,
            "album": "Spice",
            "release_date": "1996-01-01",
            "genres": [
                "dance pop",
                "girl group",
                "pop"
            ],
            "duration": 173027,
            "acousticness": 0.101,
            "danceability": 7.912,
            "instrumentalness": 0,
            "liveness": 0.162,
            "loudness": -6.145,
            "speechiness": 0.0324,
            "time_signature": 4,
            "happiness": 9.019
        }
    },
    {
        "#": 8,
        "Track Title": "Move Bitch",
        "Artist": "Ludacris, Mystikal, I-20",
        "Key": "3B",
        "Energy": 7.876,
        "Popularity": 6.76,
        "BPM": 89,
        "DJ Play Count": 0,
        "Rating": "*******",
        "My Tag": [
            "[Wedding, Happy]",
            "2000s",
            "Happy",
            "Hip Hop",
            "EDM",
            "Nostalgic",
            "Dance Remixes",
            "Pop",
            "Mad",
            "Fight & Fog",
            "PEGI 16 [Age]"
        ],
        "Additional Info": {
            "id": "1Q9b6CeMcDuO0uq5OJCrqu",
            "explicit": true,
            "album": "Word Of Mouf",
            "release_date": "2001-01-01",
            "genres": [
                "atl hip hop",
                "dance pop",
                "dirty south rap",
                "hip hop",
                "old school atlanta hip hop",
                "pop rap",
                "rap",
                "southern hip hop",
                "trap",
                "crunk",
                "dirty south rap",
                "gangster rap",
                "new orleans rap",
                "atl hip hop"
            ],
            "duration": 270867,
            "acousticness": 0.243,
            "danceability": 7.993,
            "instrumentalness": 0,
            "liveness": 0.103,
            "loudness": -5.681,
            "speechiness": 0.141,
            "time_signature": 4,
            "happiness": 2.566
        }
    },
    {
        "#": 9,
        "Track Title": "Lady Marmalade - From \"Moulin Rouge\" Soundtrack",
        "Artist": "Christina Aguilera, Lil' Kim, Mýa, P!nk",
        "Key": "7B",
        "Energy": 8.272,
        "Popularity": 6.3999999999999995,
        "BPM": 110,
        "DJ Play Count": 0,
        "Rating": "*******",
        "My Tag": [
            "[Wedding, Happy]",
            "2000s",
            "Hip Hop",
            "EDM",
            "Romantic & Slow Dance",
            "Pop",
            "Dance Remixes",
            "Happy",
            "Mad"
        ],
        "Additional Info": {
            "id": "7GQqj9jRtDkMp8zByehXQI",
            "explicit": false,
            "album": "Moulin Rouge",
            "release_date": "2001-01-01",
            "genres": [
                "dance pop",
                "pop",
                "dance pop",
                "east coast hip hop",
                "gangster rap",
                "hip hop",
                "hip pop",
                "pop rap",
                "r&b",
                "rap",
                "southern hip hop",
                "trap queen",
                "urban contemporary",
                "contemporary r&b",
                "hip pop",
                "r&b",
                "urban contemporary",
                "dance pop",
                "pop"
            ],
            "duration": 264847,
            "acousticness": 0.0175,
            "danceability": 7.804,
            "instrumentalness": 3.67e-06,
            "liveness": 0.66,
            "loudness": -3.655,
            "speechiness": 0.0541,
            "time_signature": 4,
            "happiness": 6.742
        }
    },
    {
        "#": 10,
        "Track Title": "Milkshake",
        "Artist": "Kelis",
        "Key": "3B",
        "Energy": 7.966,
        "Popularity": 6.3999999999999995,
        "BPM": 113,
        "DJ Play Count": 0,
        "Rating": "*******",
        "My Tag": [
            "[Wedding, Happy]",
            "2000s",
            "Hip Hop",
            "Romantic & Slow Dance",
            "Pop",
            "Dance Remixes",
            "Happy",
            "Happy"
        ],
        "Additional Info": {
            "id": "4LmzPJDil70LpiApWfOI6O",
            "explicit": false,
            "album": "The Hits",
            "release_date": "2008",
            "genres": [
                "dance pop",
                "hip pop",
                "neo soul",
                "urban contemporary"
            ],
            "duration": 182813,
            "acousticness": 0.00933,
            "danceability": 8.983,
            "instrumentalness": 0.0213,
            "liveness": 0.159,
            "loudness": -6.108,
            "speechiness": 0.0434,
            "time_signature": 4,
            "happiness": 8.434
        }
    },
    {
        "#": 11,
        "Track Title": "Good as Hell",
        "Artist": "Lizzo",
        "Key": "8A",
        "Energy": 9.271,
        "Popularity": 7.93,
        "BPM": 96,
        "DJ Play Count": 0,
        "Rating": "*******",
        "My Tag": [
            "[Wedding, Happy]",
            "2010s",
            "Calm",
            "EDM",
            "Pop",
            "Hip Hop"
        ],
        "Additional Info": {
            "id": "6KgBpzTuTRPebChN0VTyzV",
            "explicit": false,
            "album": "Cuz I Love You (Super Deluxe)",
            "release_date": "2019-04-17",
            "genres": [
                "escape room",
                "minnesota hip hop",
                "pop",
                "trap queen"
            ],
            "duration": 159736,
            "acousticness": 0.256,
            "danceability": 7.138000000000001,
            "instrumentalness": 0,
            "liveness": 0.442,
            "loudness": -3.18,
            "speechiness": 0.0875,
            "time_signature": 4,
            "happiness": 5.815
        }
    },
    {
        "#": 12,
        "Track Title": "Any Man Of Mine",
        "Artist": "Shania Twain",
        "Key": "4B",
        "Energy": 7.5249999999999995,
        "Popularity": 7.75,
        "BPM": 78,
        "DJ Play Count": 0,
        "Rating": "*******",
        "My Tag": [
            "[Wedding, Happy]",
            "90s",
            "Pop",
            "Nostalgic",
            "Happy"
        ],
        "Additional Info": {
            "id": "0pdfN7nOHMYmKykzu1cyfm",
            "explicit": false,
            "album": "The Woman In Me",
            "release_date": "1995-01-01",
            "genres": [
                "canadian country",
                "canadian pop",
                "contemporary country",
                "country",
                "country dawn"
            ],
            "duration": 246760,
            "acousticness": 0.207,
            "danceability": 6.327999999999999,
            "instrumentalness": 0,
            "liveness": 0.148,
            "loudness": -8.698,
            "speechiness": 0.0412,
            "time_signature": 4,
            "happiness": 8.056000000000001
        }
    },
    {
        "#": 13,
        "Track Title": "It's Raining Men",
        "Artist": "The Weather Girls",
        "Key": "7A",
        "Energy": 9.325000000000001,
        "Popularity": 6.31,
        "BPM": 136,
        "DJ Play Count": 0,
        "Rating": "*******",
        "My Tag": [
            "[Wedding, Happy]",
            "90s",
            "Dance Remixes"
        ],
        "Additional Info": {
            "id": "5g6nzsOxwxdoj6sqAl0NXB",
            "explicit": false,
            "album": "The Best of Disco",
            "release_date": "1996-11-25",
            "genres": [
                "disco",
                "hi-nrg"
            ],
            "duration": 211013,
            "acousticness": 0.315,
            "danceability": 7.138000000000001,
            "instrumentalness": 0.000718,
            "liveness": 0.702,
            "loudness": -5.896,
            "speechiness": 0.121,
            "time_signature": 4,
            "happiness": 6.499
        }
    },
    {
        "#": 14,
        "Track Title": "Love On Top",
        "Artist": "Beyoncé",
        "Key": "8B",
        "Energy": 7.741,
        "Popularity": 8.02,
        "BPM": 94,
        "DJ Play Count": 0,
        "Rating": "*******",
        "My Tag": [
            "[Wedding, Happy]",
            "2010s",
            "Romantic & Slow Dance",
            "Pop"
        ],
        "Additional Info": {
            "id": "1z6WtY7X4HQJvzxC4UgkSf",
            "explicit": false,
            "album": "4",
            "release_date": "2011-06-24",
            "genres": [
                "pop",
                "r&b"
            ],
            "duration": 267413,
            "acousticness": 0.0848,
            "danceability": 6.868,
            "instrumentalness": 0,
            "liveness": 0.604,
            "loudness": -5.248,
            "speechiness": 0.0886,
            "time_signature": 4,
            "happiness": 6.859
        }
    },
    {
        "#": 15,
        "Track Title": "No Scrubs",
        "Artist": "TLC",
        "Key": "4A",
        "Energy": 7.075,
        "Popularity": 8.469999999999999,
        "BPM": 93,
        "DJ Play Count": 0,
        "Rating": "*******",
        "My Tag": [
            "[Wedding, Happy]",
            "90s",
            "Girl Power",
            "Hip Hop",
            "Romantic & Slow Dance",
            "Pop",
            "Dance Remixes",
            "Happy"
        ],
        "Additional Info": {
            "id": "1KGi9sZVMeszgZOWivFpxs",
            "explicit": false,
            "album": "Fanmail",
            "release_date": "1999-02-23",
            "genres": [
                "atl hip hop",
                "contemporary r&b",
                "dance pop",
                "girl group",
                "hip pop",
                "r&b",
                "urban contemporary"
            ],
            "duration": 214400,
            "acousticness": 0.0251,
            "danceability": 7.687,
            "instrumentalness": 0.000717,
            "liveness": 0.0685,
            "loudness": -4.267,
            "speechiness": 0.0953,
            "time_signature": 4,
            "happiness": 6.31
        }
    },
    {
        "#": 16,
        "Track Title": "Ladies Night - Single Version",
        "Artist": "Kool & The Gang",
        "Key": "1B",
        "Energy": 6.364,
        "Popularity": 5.41,
        "BPM": 112,
        "DJ Play Count": 0,
        "Rating": "*******",
        "My Tag": [
            "[Wedding, Happy]",
            "90s",
            "Dance Remixes",
            "Romantic & Slow Dance",
            "Nostalgic",
            "Happy"
        ],
        "Additional Info": {
            "id": "2GUESfQxaSuauM5fwiRkXb",
            "explicit": false,
            "album": "Celebration: The Best Of Kool & The Gang (1979-1987)",
            "release_date": "1994-06-07",
            "genres": [
                "disco",
                "funk",
                "motown",
                "soul"
            ],
            "duration": 209707,
            "acousticness": 0.215,
            "danceability": 7.0120000000000005,
            "instrumentalness": 5.23e-05,
            "liveness": 0.0621,
            "loudness": -12.719,
            "speechiness": 0.129,
            "time_signature": 4,
            "happiness": 9.370000000000001
        }
    },
    {
        "#": 17,
        "Track Title": "Truth Hurts",
        "Artist": "Lizzo",
        "Key": "12A",
        "Energy": 6.616,
        "Popularity": 6.67,
        "BPM": 79,
        "DJ Play Count": 0,
        "Rating": "*******",
        "My Tag": [
            "[Wedding, Happy]",
            "2010s",
            "Calm",
            "EDM",
            "Pop",
            "Hip Hop",
            "PEGI 16 [Age]"
        ],
        "Additional Info": {
            "id": "5qmq61DAAOUaW8AUo8xKhh",
            "explicit": true,
            "album": "Cuz I Love You (Deluxe)",
            "release_date": "2019-05-03",
            "genres": [
                "escape room",
                "minnesota hip hop",
                "pop",
                "trap queen"
            ],
            "duration": 173325,
            "acousticness": 0.11,
            "danceability": 7.435,
            "instrumentalness": 0,
            "liveness": 0.123,
            "loudness": -3.046,
            "speechiness": 0.114,
            "time_signature": 4,
            "happiness": 4.708
        }
    },
    {
        "#": 18,
        "Track Title": "Hit Me With Your Best Shot",
        "Artist": "Pat Benatar",
        "Key": "12B",
        "Energy": 6.22,
        "Popularity": 7.84,
        "BPM": 127,
        "DJ Play Count": 0,
        "Rating": "*******",
        "My Tag": [
            "[Wedding, Happy]",
            "80s",
            "Inspiring",
            "Rock",
            "Calm",
            "Romantic & Slow Dance",
            "Nostalgic",
            "Pop",
            "Mad",
            "Happy"
        ],
        "Additional Info": {
            "id": "0vOkmmJEtjuFZDzrQSFzEE",
            "explicit": false,
            "album": "Crimes Of Passion",
            "release_date": "1980-08-05",
            "genres": [
                "album rock",
                "classic rock",
                "glam metal",
                "hard rock",
                "heartland rock",
                "mellow gold",
                "new romantic",
                "new wave pop",
                "rock",
                "singer-songwriter",
                "soft rock"
            ],
            "duration": 171267,
            "acousticness": 0.117,
            "danceability": 7.669,
            "instrumentalness": 3.31e-05,
            "liveness": 0.212,
            "loudness": -9.05,
            "speechiness": 0.0304,
            "time_signature": 4,
            "happiness": 9.495999999999999
        }
    },
    {
        "#": 19,
        "Track Title": "Formation",
        "Artist": "Beyoncé",
        "Key": "7A",
        "Energy": 6.589,
        "Popularity": 7.75,
        "BPM": 122,
        "DJ Play Count": 0,
        "Rating": "*******",
        "My Tag": [
            "[Wedding, Happy]",
            "2010s",
            "Romantic & Slow Dance",
            "Pop",
            "Happy",
            "PEGI 16 [Age]"
        ],
        "Additional Info": {
            "id": "6g0Orsxv6glTJCt4cHsRsQ",
            "explicit": true,
            "album": "Lemonade",
            "release_date": "2016-04-23",
            "genres": [
                "pop",
                "r&b"
            ],
            "duration": 206080,
            "acousticness": 0.00532,
            "danceability": 9.064,
            "instrumentalness": 0,
            "liveness": 0.196,
            "loudness": -6.857,
            "speechiness": 0.237,
            "time_signature": 4,
            "happiness": 8.361999999999998
        }
    },
    {
        "#": 20,
        "Track Title": "Crazy In Love (feat. Jay-Z)",
        "Artist": "Beyoncé, JAY-Z",
        "Key": "10A",
        "Energy": 7.93,
        "Popularity": 8.290000000000001,
        "BPM": 99,
        "DJ Play Count": 0,
        "Rating": "*******",
        "My Tag": [
            "[Wedding, Happy]",
            "2000s",
            "Mad",
            "Hip Hop",
            "Romantic & Slow Dance",
            "Pop",
            "Happy"
        ],
        "Additional Info": {
            "id": "5IVuqXILoxVWvWEPm82Jxr",
            "explicit": false,
            "album": "Dangerously In Love",
            "release_date": "2003-06-24",
            "genres": [
                "pop",
                "r&b",
                "east coast hip hop",
                "gangster rap",
                "hip hop",
                "pop rap",
                "rap"
            ],
            "duration": 236133,
            "acousticness": 0.00249,
            "danceability": 6.814,
            "instrumentalness": 0,
            "liveness": 0.0715,
            "loudness": -6.596,
            "speechiness": 0.226,
            "time_signature": 4,
            "happiness": 7.1290000000000004
        }
    },
    {
        "#": 21,
        "Track Title": "Jumpin', Jumpin'",
        "Artist": "Destiny's Child",
        "Key": "3B",
        "Energy": 7.165000000000001,
        "Popularity": 7.66,
        "BPM": 89,
        "DJ Play Count": 0,
        "Rating": "*******",
        "My Tag": [
            "[Wedding, Happy]",
            "90s",
            "Girl Power",
            "Hip Hop",
            "Romantic & Slow Dance",
            "Pop",
            "Dance Remixes",
            "Happy",
            "Happy"
        ],
        "Additional Info": {
            "id": "4pmc2AxSEq6g7hPVlJCPyP",
            "explicit": false,
            "album": "The Writing's On The Wall",
            "release_date": "1999-07-27",
            "genres": [
                "dance pop",
                "girl group",
                "pop",
                "r&b",
                "urban contemporary"
            ],
            "duration": 230200,
            "acousticness": 0.00543,
            "danceability": 7.939,
            "instrumentalness": 0.00157,
            "liveness": 0.0537,
            "loudness": -4.639,
            "speechiness": 0.0567,
            "time_signature": 4,
            "happiness": 7.147
        }
    },
    {
        "#": 22,
        "Track Title": "One Way Or Another",
        "Artist": "Blondie",
        "Key": "2A",
        "Energy": 8.767,
        "Popularity": 5.86,
        "BPM": 81,
        "DJ Play Count": 0,
        "Rating": "*******",
        "My Tag": [
            "[Wedding, Happy]",
            "2000s",
            "Nostalgic",
            "Happy",
            "Rock",
            "Pop",
            "Happy"
        ],
        "Additional Info": {
            "id": "3DiRdaZtPrVdb4U2RIuRWm",
            "explicit": false,
            "album": "Greatest Hits: Blondie",
            "release_date": "2006-01-01",
            "genres": [
                "candy pop",
                "new wave pop",
                "permanent wave",
                "power pop",
                "rock"
            ],
            "duration": 208467,
            "acousticness": 0.00365,
            "danceability": 5.023,
            "instrumentalness": 0.0138,
            "liveness": 0.0448,
            "loudness": -6.303,
            "speechiness": 0.0585,
            "time_signature": 4,
            "happiness": 8.515
        }
    },
    {
        "#": 23,
        "Track Title": "Independent Women, Pt. 1",
        "Artist": "Destiny's Child",
        "Key": "2A",
        "Energy": 6.418,
        "Popularity": 7.209999999999999,
        "BPM": 98,
        "DJ Play Count": 0,
        "Rating": "*******",
        "My Tag": [
            "[Wedding, Happy]",
            "2000s",
            "Girl Power",
            "Hip Hop",
            "Romantic & Slow Dance",
            "Pop",
            "Dance Remixes",
            "Happy",
            "Happy"
        ],
        "Additional Info": {
            "id": "69XUpOpjzDKcfdxqZebGiI",
            "explicit": false,
            "album": "Survivor",
            "release_date": "2001-05-01",
            "genres": [
                "dance pop",
                "girl group",
                "pop",
                "r&b",
                "urban contemporary"
            ],
            "duration": 221133,
            "acousticness": 0.362,
            "danceability": 7.57,
            "instrumentalness": 3.69e-06,
            "liveness": 0.169,
            "loudness": -3.782,
            "speechiness": 0.206,
            "time_signature": 4,
            "happiness": 9.343
        }
    },
    {
        "#": 24,
        "Track Title": "Hollaback Girl",
        "Artist": "Gwen Stefani",
        "Key": "6A",
        "Energy": 9.262,
        "Popularity": 1.0,
        "BPM": 110,
        "DJ Play Count": 0,
        "Rating": "*******",
        "My Tag": [
            "[Wedding, Happy]",
            "2000s",
            "Dance Remixes",
            "Pop",
            "Happy",
            "PEGI 16 [Age]"
        ],
        "Additional Info": {
            "id": "6RcQOut9fWL6FSqeIr5M1r",
            "explicit": true,
            "album": "Love Angel Music Baby",
            "release_date": "2004-10-27",
            "genres": [
                "dance pop",
                "pop"
            ],
            "duration": 199907,
            "acousticness": 0.344,
            "danceability": 9.262,
            "instrumentalness": 5.35e-06,
            "liveness": 0.0243,
            "loudness": -2.218,
            "speechiness": 0.0954,
            "time_signature": 4,
            "happiness": 8.937999999999999
        }
    },
    {
        "#": 25,
        "Track Title": "Pretty Girl Rock",
        "Artist": "Keri Hilson",
        "Key": "1A",
        "Energy": 8.83,
        "Popularity": 6.94,
        "BPM": 80,
        "DJ Play Count": 0,
        "Rating": "*******",
        "My Tag": [
            "[Wedding, Happy]",
            "2010s",
            "Hip Hop",
            "Romantic & Slow Dance",
            "Pop",
            "Dance Remixes",
            "Happy",
            "Happy"
        ],
        "Additional Info": {
            "id": "2Adn2LNgkHMH5TelQVAu4n",
            "explicit": false,
            "album": "No Boys Allowed",
            "release_date": "2010-01-01",
            "genres": [
                "dance pop",
                "hip pop",
                "r&b",
                "urban contemporary"
            ],
            "duration": 243920,
            "acousticness": 0.203,
            "danceability": 6.994000000000001,
            "instrumentalness": 0,
            "liveness": 0.0851,
            "loudness": -5.004,
            "speechiness": 0.246,
            "time_signature": 4,
            "happiness": 9.1
        }
    },
    {
        "#": 26,
        "Track Title": "Another One Bites The Dust - Remastered 2011",
        "Artist": "Queen",
        "Key": "7A",
        "Energy": 5.752000000000001,
        "Popularity": 7.84,
        "BPM": 110,
        "DJ Play Count": 0,
        "Rating": "*******",
        "My Tag": [
            "[Wedding, Happy]",
            "80s",
            "Rock",
            "Nostalgic",
            "Happy"
        ],
        "Additional Info": {
            "id": "57JVGBtBLCfHw2muk5416J",
            "explicit": false,
            "album": "The Game (Deluxe Remastered Version)",
            "release_date": "1980-06-27",
            "genres": [
                "classic rock",
                "glam rock",
                "rock"
            ],
            "duration": 214653,
            "acousticness": 0.112,
            "danceability": 9.397,
            "instrumentalness": 0.329,
            "liveness": 0.163,
            "loudness": -6.472,
            "speechiness": 0.162,
            "time_signature": 4,
            "happiness": 7.804
        }
    },
    {
        "#": 27,
        "Track Title": "Oh, Pretty Woman",
        "Artist": "Roy Orbison",
        "Key": "11B",
        "Energy": 6.427,
        "Popularity": 7.93,
        "BPM": 127,
        "DJ Play Count": 0,
        "Rating": "*******",
        "My Tag": [
            "[Wedding, Happy]",
            "60s",
            "Inspiring",
            "Calm",
            "Rock",
            "Nostalgic",
            "Happy"
        ],
        "Additional Info": {
            "id": "48i055G1OT5KxGGftwFxWy",
            "explicit": false,
            "album": "Oh, Pretty Woman",
            "release_date": "1962",
            "genres": [
                "adult standards",
                "classic rock",
                "folk rock",
                "mellow gold",
                "rock-and-roll",
                "rockabilly",
                "singer-songwriter"
            ],
            "duration": 178933,
            "acousticness": 0.712,
            "danceability": 6.571,
            "instrumentalness": 0,
            "liveness": 0.0721,
            "loudness": -9.481,
            "speechiness": 0.0342,
            "time_signature": 4,
            "happiness": 9.622
        }
    },
    {
        "#": 28,
        "Track Title": "Dancing Queen",
        "Artist": "ABBA",
        "Key": "11B",
        "Energy": 8.956,
        "Popularity": 1.0,
        "BPM": 101,
        "DJ Play Count": 0,
        "Rating": "*******",
        "My Tag": [
            "[Wedding, Happy]",
            "70s",
            "Pop",
            "Happy"
        ],
        "Additional Info": {
            "id": "4NtUY5IGzHCaqfZemmAu56",
            "explicit": false,
            "album": "Arrival",
            "release_date": "1976",
            "genres": [
                "europop",
                "swedish pop"
            ],
            "duration": 230693,
            "acousticness": 0.382,
            "danceability": 5.851,
            "instrumentalness": 0.00166,
            "liveness": 0.76,
            "loudness": -6.53,
            "speechiness": 0.0403,
            "time_signature": 4,
            "happiness": 7.768
        }
    },
    {
        "#": 29,
        "Track Title": "Marry You",
        "Artist": "Bruno Mars",
        "Key": "6B",
        "Energy": 8.379999999999999,
        "Popularity": 7.93,
        "BPM": 145,
        "DJ Play Count": 0,
        "Rating": "*******",
        "My Tag": [
            "[Wedding, Happy]",
            "2010s",
            "Dance Remixes",
            "Pop"
        ],
        "Additional Info": {
            "id": "22PMfvdz35fFKYnJyMn077",
            "explicit": false,
            "album": "Doo-Wops & Hooligans",
            "release_date": "2010-10-05",
            "genres": [
                "dance pop",
                "pop"
            ],
            "duration": 230192,
            "acousticness": 0.332,
            "danceability": 6.589,
            "instrumentalness": 0,
            "liveness": 0.104,
            "loudness": -4.865,
            "speechiness": 0.0367,
            "time_signature": 4,
            "happiness": 5.0680000000000005
        }
    },
    {
        "#": 30,
        "Track Title": "That's My Girl",
        "Artist": "Fifth Harmony",
        "Key": "7A",
        "Energy": 8.658999999999999,
        "Popularity": 7.75,
        "BPM": 101,
        "DJ Play Count": 0,
        "Rating": "*******",
        "My Tag": [
            "[Wedding, Happy]",
            "2010s",
            "Inspiring",
            "Girl Power",
            "Pop"
        ],
        "Additional Info": {
            "id": "2ACOWPLUe4A4KuQ5ioD2od",
            "explicit": false,
            "album": "7/27 (Deluxe)",
            "release_date": "2016-05-27",
            "genres": [
                "girl group",
                "pop",
                "talent show"
            ],
            "duration": 204013,
            "acousticness": 0.0358,
            "danceability": 6.364,
            "instrumentalness": 3.19e-05,
            "liveness": 0.365,
            "loudness": -4.245,
            "speechiness": 0.121,
            "time_signature": 4,
            "happiness": 6.508
        }
    },
    {
        "#": 31,
        "Track Title": "Worth It (feat. Kid Ink)",
        "Artist": "Fifth Harmony, Kid Ink",
        "Key": "4B",
        "Energy": 7.885,
        "Popularity": 7.84,
        "BPM": 100,
        "DJ Play Count": 0,
        "Rating": "*******",
        "My Tag": [
            "[Wedding, Happy]",
            "2010s",
            "Inspiring",
            "Girl Power",
            "Hip Hop",
            "EDM",
            "Pop"
        ],
        "Additional Info": {
            "id": "41Fflg7qHiVOD6dEPvsCzO",
            "explicit": false,
            "album": "Reflection (Deluxe)",
            "release_date": "2015-01-30",
            "genres": [
                "girl group",
                "pop",
                "talent show",
                "pop rap",
                "rap",
                "southern hip hop",
                "trap"
            ],
            "duration": 224573,
            "acousticness": 0.063,
            "danceability": 8.956,
            "instrumentalness": 7.04e-06,
            "liveness": 0.118,
            "loudness": -3.865,
            "speechiness": 0.0882,
            "time_signature": 4,
            "happiness": 6.346
        }
    },
    {
        "#": 32,
        "Track Title": "Pony",
        "Artist": "Ginuwine",
        "Key": "4A",
        "Energy": 6.832,
        "Popularity": 6.76,
        "BPM": 142,
        "DJ Play Count": 0,
        "Rating": "*******",
        "My Tag": [
            "[Wedding, Happy]",
            "90s",
            "Happy",
            "Pop",
            "Romantic & Slow Dance",
            "Hip Hop",
            "Happy"
        ],
        "Additional Info": {
            "id": "5FR54UnizyI8pE5E9Zb0Dt",
            "explicit": false,
            "album": "Ginuwine... The Bachelor",
            "release_date": "1996-10-08",
            "genres": [
                "contemporary r&b",
                "hip pop",
                "r&b",
                "urban contemporary"
            ],
            "duration": 324800,
            "acousticness": 0.0068,
            "danceability": 5.896000000000001,
            "instrumentalness": 0.000919,
            "liveness": 0.503,
            "loudness": -8.079,
            "speechiness": 0.29,
            "time_signature": 4,
            "happiness": 9.604
        }
    },
    {
        "#": 33,
        "Track Title": "Juice",
        "Artist": "Lizzo",
        "Key": "9B",
        "Energy": 9.001,
        "Popularity": 7.84,
        "BPM": 120,
        "DJ Play Count": 0,
        "Rating": "*******",
        "My Tag": [
            "[Wedding, Happy]",
            "2010s",
            "Calm",
            "EDM",
            "Pop",
            "Hip Hop",
            "Happy",
            "PEGI 16 [Age]"
        ],
        "Additional Info": {
            "id": "0k664IuFwVP557Gnx7RhIl",
            "explicit": true,
            "album": "Cuz I Love You",
            "release_date": "2019-04-19",
            "genres": [
                "escape room",
                "minnesota hip hop",
                "pop",
                "trap queen"
            ],
            "duration": 195145,
            "acousticness": 0.00611,
            "danceability": 7.9030000000000005,
            "instrumentalness": 0,
            "liveness": 0.402,
            "loudness": -2.988,
            "speechiness": 0.0963,
            "time_signature": 4,
            "happiness": 8.587
        }
    },
    {
        "#": 34,
        "Track Title": "This One's for the Girls",
        "Artist": "Martina McBride",
        "Key": "4B",
        "Energy": 8.209,
        "Popularity": 6.76,
        "BPM": 127,
        "DJ Play Count": 0,
        "Rating": "*******",
        "My Tag": [
            "[Wedding, Happy]",
            "2000s",
            "Nostalgic"
        ],
        "Additional Info": {
            "id": "01CnYyPXMFRzOFVQBU8WMb",
            "explicit": false,
            "album": "Martina",
            "release_date": "2003-09-30",
            "genres": [
                "contemporary country",
                "country",
                "country dawn",
                "country road"
            ],
            "duration": 243160,
            "acousticness": 0.0626,
            "danceability": 6.5169999999999995,
            "instrumentalness": 1.15e-05,
            "liveness": 0.124,
            "loudness": -4.431,
            "speechiness": 0.0354,
            "time_signature": 4,
            "happiness": 6.481
        }
    },
    {
        "#": 35,
        "Track Title": "P.Y.T. (Pretty Young Thing)",
        "Artist": "Michael Jackson",
        "Key": "1A",
        "Energy": 8.344,
        "Popularity": 7.3,
        "BPM": 127,
        "DJ Play Count": 0,
        "Rating": "*******",
        "My Tag": [
            "[Wedding, Happy]",
            "2000s",
            "Romantic & Slow Dance",
            "Happy"
        ],
        "Additional Info": {
            "id": "5lA3pwMkBdd24StM90QrNR",
            "explicit": false,
            "album": "Thriller 25 Super Deluxe Edition",
            "release_date": "2008-02-08",
            "genres": [
                "r&b",
                "soul"
            ],
            "duration": 238733,
            "acousticness": 0.233,
            "danceability": 8.992,
            "instrumentalness": 0.00042,
            "liveness": 0.127,
            "loudness": -4.909,
            "speechiness": 0.0404,
            "time_signature": 4,
            "happiness": 9.649
        }
    },
    {
        "#": 36,
        "Track Title": "Girls, Girls, Girls",
        "Artist": "Mötley Crüe",
        "Key": "9B",
        "Energy": 9.379000000000001,
        "Popularity": 1.18,
        "BPM": 140,
        "DJ Play Count": 0,
        "Rating": "*******",
        "My Tag": [
            "[Wedding, Happy]",
            "80s",
            "Rock",
            "Mad"
        ],
        "Additional Info": {
            "id": "5xLyTbCFONUGUuG0LtUxjn",
            "explicit": false,
            "album": "Girls, Girls, Girls",
            "release_date": "1987",
            "genres": [
                "album rock",
                "alternative metal",
                "glam metal",
                "hard rock",
                "metal",
                "rock",
                "sleaze rock"
            ],
            "duration": 270427,
            "acousticness": 0.0296,
            "danceability": 6.3999999999999995,
            "instrumentalness": 7.1e-05,
            "liveness": 0.392,
            "loudness": -4.647,
            "speechiness": 0.0734,
            "time_signature": 4,
            "happiness": 5.878
        }
    },
    {
        "#": 37,
        "Track Title": "Come & Get It",
        "Artist": "Selena Gomez",
        "Key": "9A",
        "Energy": 8.083,
        "Popularity": 7.66,
        "BPM": 80,
        "DJ Play Count": 0,
        "Rating": "*******",
        "My Tag": [
            "[Wedding, Happy]",
            "2010s",
            "Happy",
            "Pop"
        ],
        "Additional Info": {
            "id": "6LoQHIo74tOzQ8EsLEkhgF",
            "explicit": false,
            "album": "Stars Dance (Bonus Track Version)",
            "release_date": "2013-01-01",
            "genres": [
                "pop",
                "post-teen pop"
            ],
            "duration": 231987,
            "acousticness": 0.0101,
            "danceability": 5.914000000000001,
            "instrumentalness": 0.00021,
            "liveness": 0.0809,
            "loudness": -4.1,
            "speechiness": 0.0517,
            "time_signature": 4,
            "happiness": 6.157
        }
    },
    {
        "#": 38,
        "Track Title": "7 rings (feat. 2 Chainz) - Remix",
        "Artist": "Ariana Grande, 2 Chainz",
        "Key": "3A",
        "Energy": 4.069000000000001,
        "Popularity": 5.5,
        "BPM": 70,
        "DJ Play Count": 0,
        "Rating": "*******",
        "My Tag": [
            "[Wedding, Happy]",
            "2010s",
            "EDM",
            "Hip Hop",
            "Pop",
            "PEGI 16 [Age]"
        ],
        "Additional Info": {
            "id": "6AyI8UGx8Y4peb7pLOy2pf",
            "explicit": true,
            "album": "7 rings (Remix)",
            "release_date": "2019-02-01",
            "genres": [
                "pop",
                "atl hip hop",
                "hip hop",
                "pop rap",
                "rap",
                "southern hip hop",
                "trap"
            ],
            "duration": 178640,
            "acousticness": 0.517,
            "danceability": 8.02,
            "instrumentalness": 0,
            "liveness": 0.0873,
            "loudness": -10.162,
            "speechiness": 0.465,
            "time_signature": 4,
            "happiness": 4.078
        }
    },
    {
        "#": 39,
        "Track Title": "Love Shack",
        "Artist": "The B-52's",
        "Key": "7A",
        "Energy": 8.227,
        "Popularity": 7.66,
        "BPM": 134,
        "DJ Play Count": 0,
        "Rating": "*******",
        "My Tag": [
            "[Wedding, Happy]",
            "80s",
            "Rock",
            "Romantic & Slow Dance",
            "Pop",
            "Dance Remixes",
            "Nostalgic",
            "Happy"
        ],
        "Additional Info": {
            "id": "4W4wYHtsrgDiivRASVOINL",
            "explicit": false,
            "album": "Cosmic Thing",
            "release_date": "1989-06-23",
            "genres": [
                "album rock",
                "classic rock",
                "dance rock",
                "new romantic",
                "new wave",
                "new wave pop",
                "permanent wave",
                "post-punk",
                "rock",
                "zolo"
            ],
            "duration": 320680,
            "acousticness": 0.0544,
            "danceability": 7.308999999999999,
            "instrumentalness": 1.54e-06,
            "liveness": 0.7,
            "loudness": -6.786,
            "speechiness": 0.0545,
            "time_signature": 4,
            "happiness": 9.127
        }
    },
    {
        "#": 40,
        "Track Title": "I Like It",
        "Artist": "Cardi B, Bad Bunny, J Balvin",
        "Key": "7A",
        "Energy": 7.489,
        "Popularity": 5.7700000000000005,
        "BPM": 136,
        "DJ Play Count": 0,
        "Rating": "*******",
        "My Tag": [
            "[Wedding, Happy]",
            "2010s",
            "Latin",
            "Hip Hop",
            "Pop"
        ],
        "Additional Info": {
            "id": "3bsycjdQtbcJeR6822SBvd",
            "explicit": false,
            "album": "Invasion of Privacy",
            "release_date": "2018-04-05",
            "genres": [
                "pop",
                "rap",
                "reggaeton",
                "trap latino",
                "urbano latino",
                "reggaeton",
                "reggaeton colombiano",
                "trap latino",
                "urbano latino"
            ],
            "duration": 253390,
            "acousticness": 0.0981,
            "danceability": 8.326,
            "instrumentalness": 0,
            "liveness": 0.378,
            "loudness": -4.026,
            "speechiness": 0.136,
            "time_signature": 4,
            "happiness": 6.787
        }
    },
    {
        "#": 41,
        "Track Title": "Maneater",
        "Artist": "Nelly Furtado",
        "Key": "2B",
        "Energy": 7.93,
        "Popularity": 1.0,
        "BPM": 133,
        "DJ Play Count": 0,
        "Rating": "*******",
        "My Tag": [
            "[Wedding, Happy]",
            "2000s",
            "Dance Remixes",
            "Latin",
            "Pop",
            "Happy"
        ],
        "Additional Info": {
            "id": "1M9uq2yCiOhsO6BFozo2OE",
            "explicit": false,
            "album": "Loose",
            "release_date": "2006-01-01",
            "genres": [
                "canadian latin",
                "canadian pop",
                "dance pop",
                "pop"
            ],
            "duration": 258840,
            "acousticness": 0.0318,
            "danceability": 8.128,
            "instrumentalness": 0.000194,
            "liveness": 0.122,
            "loudness": -4.811,
            "speechiness": 0.0392,
            "time_signature": 4,
            "happiness": 7.588
        }
    },
    {
        "#": 42,
        "Track Title": "Kings & Queens",
        "Artist": "Ava Max",
        "Key": "3A",
        "Energy": 7.209999999999999,
        "Popularity": 8.469999999999999,
        "BPM": 130,
        "DJ Play Count": 0,
        "Rating": "*******",
        "My Tag": [
            "[Wedding, Happy]",
            "2020s",
            "Pop"
        ],
        "Additional Info": {
            "id": "7a53HqqArd4b9NF4XAmlbI",
            "explicit": false,
            "album": "Heaven & Hell",
            "release_date": "2020-09-18",
            "genres": [
                "pop"
            ],
            "duration": 162399,
            "acousticness": 0.00786,
            "danceability": 6.7330000000000005,
            "instrumentalness": 0,
            "liveness": 0.124,
            "loudness": -4.057,
            "speechiness": 0.0405,
            "time_signature": 4,
            "happiness": 5.113
        }
    },
    {
        "#": 43,
        "Track Title": "Party (feat. J. Cole)",
        "Artist": "Beyoncé, J. Cole",
        "Key": "6B",
        "Energy": 5.923,
        "Popularity": 5.86,
        "BPM": 81,
        "DJ Play Count": 0,
        "Rating": "*******",
        "My Tag": [
            "[Wedding, Happy]",
            "2010s",
            "Inspiring",
            "Hip Hop",
            "Romantic & Slow Dance",
            "Pop",
            "Happy"
        ],
        "Additional Info": {
            "id": "7GjNPaxtLRJxPy1U6bLYrK",
            "explicit": false,
            "album": "Party (feat. J. Cole)",
            "release_date": "2011-10-24",
            "genres": [
                "pop",
                "r&b",
                "conscious hip hop",
                "hip hop",
                "north carolina hip hop",
                "rap"
            ],
            "duration": 219827,
            "acousticness": 0.0111,
            "danceability": 6.841,
            "instrumentalness": 0,
            "liveness": 0.105,
            "loudness": -6.936,
            "speechiness": 0.0493,
            "time_signature": 4,
            "happiness": 7.372
        }
    },
    {
        "#": 44,
        "Track Title": "Girlfight",
        "Artist": "Brooke Valentine, Lil Jon, Big Boi",
        "Key": "1B",
        "Energy": 6.58,
        "Popularity": 4.96,
        "BPM": 100,
        "DJ Play Count": 0,
        "Rating": "*******",
        "My Tag": [
            "[Wedding, Happy]",
            "2000s",
            "Hip Hop",
            "Nostalgic",
            "EDM",
            "Romantic & Slow Dance",
            "Pop",
            "Dance Remixes",
            "Happy",
            "PEGI 16 [Age]"
        ],
        "Additional Info": {
            "id": "0GkkiqqRdjqmRDrWfTdemH",
            "explicit": true,
            "album": "Chain Letter",
            "release_date": "2005-01-01",
            "genres": [
                "hip pop",
                "r&b",
                "urban contemporary",
                "atl hip hop",
                "crunk",
                "dance pop",
                "dirty south rap",
                "old school atlanta hip hop",
                "pop rap",
                "southern hip hop",
                "trap",
                "atl hip hop",
                "dirty south rap",
                "hip hop",
                "southern hip hop"
            ],
            "duration": 234733,
            "acousticness": 0.0131,
            "danceability": 7.705,
            "instrumentalness": 0,
            "liveness": 0.118,
            "loudness": -8.24,
            "speechiness": 0.148,
            "time_signature": 4,
            "happiness": 6.427
        }
    },
    {
        "#": 45,
        "Track Title": "She's A Bad Mama Jama (She's Built, She's Stacked) - Single Version",
        "Artist": "Carl Carlton",
        "Key": "8B",
        "Energy": 6.228999999999999,
        "Popularity": 6.13,
        "BPM": 114,
        "DJ Play Count": 0,
        "Rating": "*******",
        "My Tag": [
            "[Wedding, Happy]",
            "2000s"
        ],
        "Additional Info": {
            "id": "7KEguG3CDoestm50v6XET5",
            "explicit": false,
            "album": "Gold - '80s Soul",
            "release_date": "2006-01-01",
            "genres": [],
            "duration": 234707,
            "acousticness": 0.117,
            "danceability": 8.911,
            "instrumentalness": 0,
            "liveness": 0.0435,
            "loudness": -6.078,
            "speechiness": 0.0723,
            "time_signature": 4,
            "happiness": 6.661
        }
    },
    {
        "#": 46,
        "Track Title": "Only Girl (In The World)",
        "Artist": "Rihanna",
        "Key": "1A",
        "Energy": 7.444,
        "Popularity": 6.22,
        "BPM": 126,
        "DJ Play Count": 0,
        "Rating": "*******",
        "My Tag": [
            "[Wedding, Happy]",
            "2010s",
            "Hip Hop",
            "Happy",
            "Pop"
        ],
        "Additional Info": {
            "id": "6jAsmDJI8iPhGWtS27kZ67",
            "explicit": false,
            "album": "Loud",
            "release_date": "2010-11-15",
            "genres": [
                "barbadian pop",
                "pop",
                "urban contemporary"
            ],
            "duration": 235520,
            "acousticness": 0.102,
            "danceability": 8.074,
            "instrumentalness": 1.72e-05,
            "liveness": 0.0557,
            "loudness": -4.253,
            "speechiness": 0.0409,
            "time_signature": 4,
            "happiness": 6.3549999999999995
        }
    },
    {
        "#": 47,
        "Track Title": "Country Girl (Shake It For Me)",
        "Artist": "Luke Bryan",
        "Key": "10B",
        "Energy": 9.136000000000001,
        "Popularity": 1.18,
        "BPM": 106,
        "DJ Play Count": 0,
        "Rating": "*******",
        "My Tag": [
            "[Wedding, Happy]",
            "2010s",
            "Nostalgic",
            "Happy"
        ],
        "Additional Info": {
            "id": "0yD66650JxhqKbW76C2qCo",
            "explicit": false,
            "album": "Tailgates & Tanlines",
            "release_date": "2011-08-09",
            "genres": [
                "contemporary country",
                "country",
                "country road"
            ],
            "duration": 225560,
            "acousticness": 0.0293,
            "danceability": 6.805,
            "instrumentalness": 0,
            "liveness": 0.0834,
            "loudness": -4.532,
            "speechiness": 0.0462,
            "time_signature": 4,
            "happiness": 7.039000000000001
        }
    },
    {
        "#": 48,
        "Track Title": "You Can't Hurry Love",
        "Artist": "The Supremes",
        "Key": "6B",
        "Energy": 7.399,
        "Popularity": 7.93,
        "BPM": 97,
        "DJ Play Count": 0,
        "Rating": "*******",
        "My Tag": [
            "[Wedding, Happy]",
            "60s",
            "Girl Power",
            "Romantic & Slow Dance",
            "Nostalgic",
            "Dance Remixes",
            "Pop"
        ],
        "Additional Info": {
            "id": "1OppEieGNdItZbE14gLBEv",
            "explicit": false,
            "album": "The Supremes A' Go-Go (Expanded Edition)",
            "release_date": "1966-08-25",
            "genres": [
                "classic girl group",
                "disco",
                "motown",
                "soul"
            ],
            "duration": 167933,
            "acousticness": 0.299,
            "danceability": 6.67,
            "instrumentalness": 0,
            "liveness": 0.0813,
            "loudness": -9.34,
            "speechiness": 0.0472,
            "time_signature": 4,
            "happiness": 6.931
        }
    },
    {
        "#": 49,
        "Track Title": "Girls",
        "Artist": "Beastie Boys",
        "Key": "8A",
        "Energy": 8.272,
        "Popularity": 6.67,
        "BPM": 140,
        "DJ Play Count": 0,
        "Rating": "*******",
        "My Tag": [
            "[Wedding, Happy]",
            "80s",
            "Nostalgic",
            "Rock",
            "Hip Hop",
            "Happy"
        ],
        "Additional Info": {
            "id": "5h40ovzXu7rF7Giwb9oXYy",
            "explicit": false,
            "album": "Licensed To Ill",
            "release_date": "1986-11-15",
            "genres": [
                "alternative rock",
                "east coast hip hop",
                "golden age hip hop",
                "hip hop",
                "old school hip hop",
                "rap",
                "rap rock",
                "rock"
            ],
            "duration": 132707,
            "acousticness": 0.777,
            "danceability": 8.857,
            "instrumentalness": 0,
            "liveness": 0.357,
            "loudness": -6.729,
            "speechiness": 0.0466,
            "time_signature": 4,
            "happiness": 9.397
        }
    },
    {
        "#": 50,
        "Track Title": "Wishin' And Hopin' - Stereo Version",
        "Artist": "Dusty Springfield",
        "Key": "1B",
        "Energy": 3.988,
        "Popularity": 5.5,
        "BPM": 108,
        "DJ Play Count": 0,
        "Rating": "*******",
        "My Tag": [
            "[Wedding, Happy]",
            "60s",
            "Romantic & Slow Dance",
            "Nostalgic",
            "Happy"
        ],
        "Additional Info": {
            "id": "4NAbnwBxeiFY714TBr3zBJ",
            "explicit": false,
            "album": "A Girl Called Dusty",
            "release_date": "1964-04-17",
            "genres": [
                "adult standards",
                "british invasion",
                "soul"
            ],
            "duration": 173933,
            "acousticness": 0.24,
            "danceability": 7.147,
            "instrumentalness": 0,
            "liveness": 0.165,
            "loudness": -11.425,
            "speechiness": 0.0404,
            "time_signature": 4,
            "happiness": 7.372
        }
    }
]