[
    {
        "#": 1,
        "Track Title": "Shut Up and Dance",
        "Artist": "WALK THE MOON",
        "Key": "3B",
        "Energy": 8.794,
        "Popularity": 8.74,
        "BPM": 128,
        "DJ Play Count": 0,
        "Rating": "*******",
        "My Tag": [
            "[Wedding, Happy]",
            "2010s",
            "Dance Remixes",
            "Rock",
            "Pop"
        ],
        "Additional Info": {
            "id": "4kbj5MwxO1bq9wjT5g9HaA",
            "explicit": false,
            "album": "TALKING IS HARD",
            "release_date": "2014-12-02",
            "genres": [
                "dance rock",
                "modern rock",
                "pop"
            ],
            "duration": 199080,
            "acousticness": 0.00701,
            "danceability": 6.202,
            "instrumentalness": 0,
            "liveness": 0.257,
            "loudness": -3.804,
            "speechiness": 0.0619,
            "time_signature": 4,
            "happiness": 6.571
        }
    },
    {
        "#": 2,
        "Track Title": "The Git Up",
        "Artist": "Blanco Brown",
        "Key": "11B",
        "Energy": 7.102,
        "Popularity": 7.39,
        "BPM": 98,
        "DJ Play Count": 0,
        "Rating": "*******",
        "My Tag": [
            "[Wedding, Happy]",
            "2010s",
            "Nostalgic",
            "Happy"
        ],
        "Additional Info": {
            "id": "2KKijf6Ett4kmVNJze2roh",
            "explicit": false,
            "album": "Honeysuckle & Lightning Bugs",
            "release_date": "2019-10-10",
            "genres": [
                "black americana",
                "country rap"
            ],
            "duration": 200594,
            "acousticness": 0.0669,
            "danceability": 8.623,
            "instrumentalness": 0,
            "liveness": 0.274,
            "loudness": -8.635,
            "speechiness": 0.109,
            "time_signature": 4,
            "happiness": 8.299
        }
    },
    {
        "#": 3,
        "Track Title": "CAN'T STOP THE FEELING! (from DreamWorks Animation's \"TROLLS\")",
        "Artist": "Justin Timberlake",
        "Key": "8B",
        "Energy": 8.469999999999999,
        "Popularity": 8.290000000000001,
        "BPM": 113,
        "DJ Play Count": 0,
        "Rating": "*******",
        "My Tag": [
            "[Wedding, Happy]",
            "2010s",
            "Dance Remixes",
            "Pop",
            "Happy"
        ],
        "Additional Info": {
            "id": "6JV2JOEocMgcZxYSZelKcc",
            "explicit": false,
            "album": "CAN'T STOP THE FEELING! (from DreamWorks Animation's \"TROLLS\")",
            "release_date": "2016-05-06",
            "genres": [
                "dance pop",
                "pop"
            ],
            "duration": 236002,
            "acousticness": 0.0123,
            "danceability": 6.994000000000001,
            "instrumentalness": 0,
            "liveness": 0.191,
            "loudness": -5.715,
            "speechiness": 0.0751,
            "time_signature": 4,
            "happiness": 7.318
        }
    },
    {
        "#": 4,
        "Track Title": "I Wanna Dance with Somebody (Who Loves Me)",
        "Artist": "Whitney Houston",
        "Key": "3B",
        "Energy": 8.416,
        "Popularity": 8.559999999999999,
        "BPM": 119,
        "DJ Play Count": 0,
        "Rating": "*******",
        "My Tag": [
            "[Wedding, Happy]",
            "80s",
            "Dance Remixes",
            "Pop",
            "Happy"
        ],
        "Additional Info": {
            "id": "2tUBqZG2AbRi7Q0BIrVrEj",
            "explicit": false,
            "album": "Whitney",
            "release_date": "1987-06-02",
            "genres": [
                "dance pop"
            ],
            "duration": 291293,
            "acousticness": 0.207,
            "danceability": 7.380999999999999,
            "instrumentalness": 0.000307,
            "liveness": 0.0888,
            "loudness": -8.824,
            "speechiness": 0.0453,
            "time_signature": 4,
            "happiness": 8.803
        }
    },
    {
        "#": 5,
        "Track Title": "I Gotta Feeling",
        "Artist": "Black Eyed Peas",
        "Key": "8B",
        "Energy": 7.894,
        "Popularity": 1.3599999999999999,
        "BPM": 128,
        "DJ Play Count": 0,
        "Rating": "*******",
        "My Tag": [
            "[Wedding, Happy]",
            "2000s",
            "Dance Remixes",
            "Hip Hop",
            "Pop"
        ],
        "Additional Info": {
            "id": "4vp2J1l5RD4gMZwGFLfRAu",
            "explicit": false,
            "album": "THE E.N.D. (THE ENERGY NEVER DIES)",
            "release_date": "2009-01-01",
            "genres": [
                "dance pop",
                "pop",
                "pop rap"
            ],
            "duration": 289133,
            "acousticness": 0.0873,
            "danceability": 7.687,
            "instrumentalness": 0,
            "liveness": 0.509,
            "loudness": -6.375,
            "speechiness": 0.0265,
            "time_signature": 4,
            "happiness": 6.49
        }
    },
    {
        "#": 6,
        "Track Title": "Fishing In The Dark",
        "Artist": "Nitty Gritty Dirt Band",
        "Key": "10B",
        "Energy": 5.446,
        "Popularity": 7.84,
        "BPM": 78,
        "DJ Play Count": 0,
        "Rating": "*******",
        "My Tag": [
            "[Wedding, Happy]",
            "2010s",
            "Rock",
            "Nostalgic",
            "Happy"
        ],
        "Additional Info": {
            "id": "3i5QyEUyXa9Y7lIklr5sWk",
            "explicit": false,
            "album": "Anthology",
            "release_date": "2017-09-29",
            "genres": [
                "country rock",
                "heartland rock"
            ],
            "duration": 201987,
            "acousticness": 0.31,
            "danceability": 7.885,
            "instrumentalness": 0,
            "liveness": 0.0836,
            "loudness": -7.348,
            "speechiness": 0.0377,
            "time_signature": 4,
            "happiness": 9.19
        }
    },
    {
        "#": 7,
        "Track Title": "Thinking out Loud",
        "Artist": "Ed Sheeran",
        "Key": "10B",
        "Energy": 5.005,
        "Popularity": 8.74,
        "BPM": 79,
        "DJ Play Count": 0,
        "Rating": "*******",
        "My Tag": [
            "[Wedding, Happy]",
            "2010s",
            "Pop"
        ],
        "Additional Info": {
            "id": "34gCuhDGsG4bRPIf9bb02f",
            "explicit": false,
            "album": "x (Deluxe Edition)",
            "release_date": "2014-06-21",
            "genres": [
                "pop",
                "uk pop"
            ],
            "duration": 281560,
            "acousticness": 0.474,
            "danceability": 8.029,
            "instrumentalness": 0,
            "liveness": 0.184,
            "loudness": -6.061,
            "speechiness": 0.0295,
            "time_signature": 4,
            "happiness": 6.319
        }
    },
    {
        "#": 8,
        "Track Title": "Party Rock Anthem",
        "Artist": "LMFAO, Lauren Bennett, GoonRock",
        "Key": "7A",
        "Energy": 7.543,
        "Popularity": 7.4799999999999995,
        "BPM": 130,
        "DJ Play Count": 0,
        "Rating": "*******",
        "My Tag": [
            "[Wedding, Happy]",
            "2010s",
            "Dance Remixes",
            "Hip Hop",
            "Pop"
        ],
        "Additional Info": {
            "id": "0IkKz2J93C94Ei4BvDop7P",
            "explicit": false,
            "album": "Sorry For Party Rocking",
            "release_date": "2011-01-01",
            "genres": [
                "dance pop",
                "pop",
                "pop rap"
            ],
            "duration": 262173,
            "acousticness": 0.0189,
            "danceability": 7.75,
            "instrumentalness": 0,
            "liveness": 0.266,
            "loudness": -4.21,
            "speechiness": 0.142,
            "time_signature": 4,
            "happiness": 4.231
        }
    },
    {
        "#": 9,
        "Track Title": "24K Magic",
        "Artist": "Bruno Mars",
        "Key": "3B",
        "Energy": 8.227,
        "Popularity": 8.290000000000001,
        "BPM": 107,
        "DJ Play Count": 0,
        "Rating": "*******",
        "My Tag": [
            "[Wedding, Happy]",
            "2010s",
            "Dance Remixes",
            "Pop"
        ],
        "Additional Info": {
            "id": "6b8Be6ljOzmkOmFslEb23P",
            "explicit": false,
            "album": "24K Magic",
            "release_date": "2016-11-17",
            "genres": [
                "dance pop",
                "pop"
            ],
            "duration": 225983,
            "acousticness": 0.034,
            "danceability": 8.361999999999998,
            "instrumentalness": 0,
            "liveness": 0.153,
            "loudness": -4.282,
            "speechiness": 0.0797,
            "time_signature": 4,
            "happiness": 6.688
        }
    },
    {
        "#": 10,
        "Track Title": "Boogie Shoes",
        "Artist": "KC & The Sunshine Band",
        "Key": "12B",
        "Energy": 7.9030000000000005,
        "Popularity": 6.040000000000001,
        "BPM": 120,
        "DJ Play Count": 0,
        "Rating": "*******",
        "My Tag": [
            "[Wedding, Happy]",
            "90s",
            "Rock",
            "Calm",
            "Romantic & Slow Dance",
            "Pop",
            "Dance Remixes",
            "Happy"
        ],
        "Additional Info": {
            "id": "2Nc1Tl1qHWLAtBnqRJmkP3",
            "explicit": false,
            "album": "KC & the Sunshine Band... and More",
            "release_date": "1994-12-13",
            "genres": [
                "disco",
                "mellow gold",
                "new wave pop",
                "soft rock",
                "soul"
            ],
            "duration": 131518,
            "acousticness": 0.454,
            "danceability": 9.370000000000001,
            "instrumentalness": 0.192,
            "liveness": 0.0692,
            "loudness": -11.646,
            "speechiness": 0.0579,
            "time_signature": 4,
            "happiness": 9.748
        }
    },
    {
        "#": 11,
        "Track Title": "Footloose - From \"Footloose\" Soundtrack",
        "Artist": "Kenny Loggins",
        "Key": "10B",
        "Energy": 9.145,
        "Popularity": 7.75,
        "BPM": 87,
        "DJ Play Count": 0,
        "Rating": "*******",
        "My Tag": [
            "[Wedding, Happy]",
            "80s",
            "Inspiring",
            "Rock",
            "Calm",
            "Pop",
            "Nostalgic"
        ],
        "Additional Info": {
            "id": "2vz1CsL5WBsbpBcwgboTAw",
            "explicit": false,
            "album": "Footloose (15th Anniversary Collectors' Edition)",
            "release_date": "1984",
            "genres": [
                "album rock",
                "classic rock",
                "heartland rock",
                "mellow gold",
                "new wave pop",
                "singer-songwriter",
                "soft rock",
                "yacht rock"
            ],
            "duration": 226827,
            "acousticness": 0.0984,
            "danceability": 6.247,
            "instrumentalness": 0.00019,
            "liveness": 0.0593,
            "loudness": -6.132,
            "speechiness": 0.0733,
            "time_signature": 4,
            "happiness": 6.814
        }
    },
    {
        "#": 12,
        "Track Title": "September",
        "Artist": "Earth, Wind & Fire",
        "Key": "11B",
        "Energy": 8.281,
        "Popularity": 1.0,
        "BPM": 126,
        "DJ Play Count": 0,
        "Rating": "*******",
        "My Tag": [
            "[Wedding, Happy]",
            "90s",
            "Dance Remixes",
            "Romantic & Slow Dance",
            "Happy"
        ],
        "Additional Info": {
            "id": "5nNmj1cLH3r4aA4XDJ2bgY",
            "explicit": false,
            "album": "The Eternal Dance",
            "release_date": "1992-09-08",
            "genres": [
                "disco",
                "funk",
                "jazz funk",
                "soul"
            ],
            "duration": 214827,
            "acousticness": 0.114,
            "danceability": 7.273,
            "instrumentalness": 0.000521,
            "liveness": 0.183,
            "loudness": -8.197,
            "speechiness": 0.0302,
            "time_signature": 4,
            "happiness": 9.82
        }
    },
    {
        "#": 13,
        "Track Title": "Get the Party Started",
        "Artist": "P!nk",
        "Key": "1A",
        "Energy": 9.118,
        "Popularity": 5.59,
        "BPM": 129,
        "DJ Play Count": 0,
        "Rating": "*******",
        "My Tag": [
            "[Wedding, Happy]",
            "2000s",
            "Dance Remixes",
            "Pop",
            "Happy"
        ],
        "Additional Info": {
            "id": "2u1hMwcB9TwziV6P7jdyxX",
            "explicit": false,
            "album": "M!ssundaztood",
            "release_date": "2001-11-20",
            "genres": [
                "dance pop",
                "pop"
            ],
            "duration": 191667,
            "acousticness": 0.00124,
            "danceability": 8.254000000000001,
            "instrumentalness": 0,
            "liveness": 0.212,
            "loudness": -3.391,
            "speechiness": 0.0477,
            "time_signature": 4,
            "happiness": 9.667
        }
    },
    {
        "#": 14,
        "Track Title": "10,000 Hours (with Justin Bieber)",
        "Artist": "Dan + Shay, Justin Bieber",
        "Key": "6B",
        "Energy": 6.67,
        "Popularity": 8.02,
        "BPM": 90,
        "DJ Play Count": 0,
        "Rating": "*******",
        "My Tag": [
            "[Wedding, Happy]",
            "2010s",
            "Pop",
            "Nostalgic"
        ],
        "Additional Info": {
            "id": "2wrJq5XKLnmhRXHIAf9xBa",
            "explicit": false,
            "album": "10,000 Hours (with Justin Bieber)",
            "release_date": "2019-10-04",
            "genres": [
                "contemporary country",
                "country",
                "country road",
                "canadian pop",
                "pop"
            ],
            "duration": 167693,
            "acousticness": 0.153,
            "danceability": 6.886,
            "instrumentalness": 0,
            "liveness": 0.111,
            "loudness": -4.644,
            "speechiness": 0.0259,
            "time_signature": 4,
            "happiness": 4.87
        }
    },
    {
        "#": 15,
        "Track Title": "We Are Family - 1995 Remaster",
        "Artist": "Sister Sledge",
        "Key": "9A",
        "Energy": 9.037,
        "Popularity": 7.66,
        "BPM": 119,
        "DJ Play Count": 0,
        "Rating": "*******",
        "My Tag": [
            "[Wedding, Happy]",
            "70s",
            "Dance Remixes",
            "Calm",
            "Romantic & Slow Dance",
            "Happy"
        ],
        "Additional Info": {
            "id": "5IKLwqBQG6KU6MP2zP80Nu",
            "explicit": false,
            "album": "We Are Family (1995 Remaster)",
            "release_date": "1979-02-15",
            "genres": [
                "disco",
                "funk",
                "philly soul",
                "quiet storm",
                "soul"
            ],
            "duration": 216733,
            "acousticness": 0.3,
            "danceability": 8.056000000000001,
            "instrumentalness": 1.57e-05,
            "liveness": 0.272,
            "loudness": -5.153,
            "speechiness": 0.0923,
            "time_signature": 4,
            "happiness": 8.370999999999999
        }
    },
    {
        "#": 16,
        "Track Title": "Happy",
        "Artist": "Pharrell Williams",
        "Key": "3B",
        "Energy": 7.813,
        "Popularity": 1.09,
        "BPM": 80,
        "DJ Play Count": 0,
        "Rating": "*******",
        "My Tag": [
            "[Wedding, Happy]",
            "2010s",
            "Dance Remixes",
            "Pop",
            "Happy"
        ],
        "Additional Info": {
            "id": "6NPVjNh8Jhru9xOmyQigds",
            "explicit": false,
            "album": "Despicable Me 2 (Original Motion Picture Soundtrack)",
            "release_date": "2013-06-18",
            "genres": [
                "dance pop",
                "pop"
            ],
            "duration": 233305,
            "acousticness": 0.286,
            "danceability": 6.868,
            "instrumentalness": 0,
            "liveness": 0.0886,
            "loudness": -6.819,
            "speechiness": 0.153,
            "time_signature": 4,
            "happiness": 9.658
        }
    },
    {
        "#": 17,
        "Track Title": "Turn Down for What",
        "Artist": "DJ Snake, Lil Jon",
        "Key": "3A",
        "Energy": 8.191,
        "Popularity": 7.57,
        "BPM": 100,
        "DJ Play Count": 0,
        "Rating": "*******",
        "My Tag": [
            "[Wedding, Happy]",
            "2010s",
            "Hip Hop",
            "EDM",
            "Nostalgic",
            "Pop",
            "Dance Remixes",
            "Happy",
            "Fight & Fog"
        ],
        "Additional Info": {
            "id": "67awxiNHNyjMXhVgsHuIrs",
            "explicit": false,
            "album": "Turn Down for What",
            "release_date": "2013-12-18",
            "genres": [
                "edm",
                "electronic trap",
                "pop",
                "pop dance",
                "atl hip hop",
                "crunk",
                "dance pop",
                "dirty south rap",
                "old school atlanta hip hop",
                "pop rap",
                "southern hip hop",
                "trap"
            ],
            "duration": 213733,
            "acousticness": 0.00107,
            "danceability": 8.361999999999998,
            "instrumentalness": 0.128,
            "liveness": 0.057,
            "loudness": -4.1,
            "speechiness": 0.156,
            "time_signature": 4,
            "happiness": 1.7335
        }
    },
    {
        "#": 18,
        "Track Title": "With A Little Help From My Friends - Remastered 2009",
        "Artist": "The Beatles",
        "Key": "12B",
        "Energy": 5.635,
        "Popularity": 7.12,
        "BPM": 112,
        "DJ Play Count": 0,
        "Rating": "*******",
        "My Tag": [
            "[Wedding, Happy]",
            "60s",
            "Inspiring",
            "Rock",
            "Nostalgic",
            "Happy"
        ],
        "Additional Info": {
            "id": "2RnPATK99oGOZygnD2GTO6",
            "explicit": false,
            "album": "Sgt. Pepper's Lonely Hearts Club Band (Remastered)",
            "release_date": "1967-06-01",
            "genres": [
                "beatlesque",
                "british invasion",
                "classic rock",
                "merseybeat",
                "psychedelic rock",
                "rock"
            ],
            "duration": 164107,
            "acousticness": 0.365,
            "danceability": 7.345,
            "instrumentalness": 0,
            "liveness": 0.389,
            "loudness": -9.343,
            "speechiness": 0.0337,
            "time_signature": 4,
            "happiness": 8.227
        }
    },
    {
        "#": 19,
        "Track Title": "Con Calma - Remix",
        "Artist": "Daddy Yankee, Katy Perry, Snow",
        "Key": "4A",
        "Energy": 8.812000000000001,
        "Popularity": 6.76,
        "BPM": 94,
        "DJ Play Count": 0,
        "Rating": "*******",
        "My Tag": [
            "[Wedding, Happy]",
            "2010s",
            "Dance Remixes",
            "Latin",
            "Pop",
            "Hip Hop"
        ],
        "Additional Info": {
            "id": "4au7FRcgZzChASRYu279xH",
            "explicit": false,
            "album": "Con Calma (Remix)",
            "release_date": "2019-04-19",
            "genres": [
                "latin hip hop",
                "reggaeton",
                "trap latino",
                "urbano latino",
                "pop",
                "canadian old school hip hop",
                "reggae fusion"
            ],
            "duration": 181280,
            "acousticness": 0.166,
            "danceability": 7.624,
            "instrumentalness": 1.48e-06,
            "liveness": 0.0419,
            "loudness": -3.01,
            "speechiness": 0.0454,
            "time_signature": 4,
            "happiness": 6.5169999999999995
        }
    },
    {
        "#": 20,
        "Track Title": "Beautiful Crazy",
        "Artist": "Luke Combs",
        "Key": "1B",
        "Energy": 4.618,
        "Popularity": 8.469999999999999,
        "BPM": 103,
        "DJ Play Count": 0,
        "Rating": "*******",
        "My Tag": [
            "[Wedding, Happy]",
            "2010s",
            "Nostalgic"
        ],
        "Additional Info": {
            "id": "2rxQMGVafnNaRaXlRMWPde",
            "explicit": false,
            "album": "This One's for You Too (Deluxe Edition)",
            "release_date": "2018-06-01",
            "genres": [
                "contemporary country",
                "country"
            ],
            "duration": 193200,
            "acousticness": 0.676,
            "danceability": 5.9590000000000005,
            "instrumentalness": 0,
            "liveness": 0.0928,
            "loudness": -7.431,
            "speechiness": 0.0262,
            "time_signature": 4,
            "happiness": 4.438000000000001
        }
    },
    {
        "#": 21,
        "Track Title": "Crazy In Love (feat. Jay-Z)",
        "Artist": "Beyoncé, JAY-Z",
        "Key": "10A",
        "Energy": 7.93,
        "Popularity": 8.290000000000001,
        "BPM": 99,
        "DJ Play Count": 0,
        "Rating": "*******",
        "My Tag": [
            "[Wedding, Happy]",
            "2000s",
            "Mad",
            "Hip Hop",
            "Romantic & Slow Dance",
            "Pop",
            "Happy"
        ],
        "Additional Info": {
            "id": "5IVuqXILoxVWvWEPm82Jxr",
            "explicit": false,
            "album": "Dangerously In Love",
            "release_date": "2003-06-24",
            "genres": [
                "pop",
                "r&b",
                "east coast hip hop",
                "gangster rap",
                "hip hop",
                "pop rap",
                "rap"
            ],
            "duration": 236133,
            "acousticness": 0.00249,
            "danceability": 6.814,
            "instrumentalness": 0,
            "liveness": 0.0715,
            "loudness": -6.596,
            "speechiness": 0.226,
            "time_signature": 4,
            "happiness": 7.1290000000000004
        }
    },
    {
        "#": 22,
        "Track Title": "I Don't Dance",
        "Artist": "Lee Brice",
        "Key": "3B",
        "Energy": 6.031000000000001,
        "Popularity": 7.209999999999999,
        "BPM": 92,
        "DJ Play Count": 0,
        "Rating": "*******",
        "My Tag": [
            "[Wedding, Happy]",
            "2010s",
            "Nostalgic"
        ],
        "Additional Info": {
            "id": "5aj0xPGiEUN3aI2oOYu14S",
            "explicit": false,
            "album": "I Don't Dance (Deluxe Edition)",
            "release_date": "2014-09-09",
            "genres": [
                "contemporary country",
                "country",
                "country road",
                "modern country rock"
            ],
            "duration": 221173,
            "acousticness": 0.399,
            "danceability": 6.2829999999999995,
            "instrumentalness": 6.69e-06,
            "liveness": 0.0992,
            "loudness": -7.742,
            "speechiness": 0.0321,
            "time_signature": 4,
            "happiness": 2.71
        }
    },
    {
        "#": 23,
        "Track Title": "Forever",
        "Artist": "Chris Brown",
        "Key": "1B",
        "Energy": 8.370999999999999,
        "Popularity": 1.0,
        "BPM": 120,
        "DJ Play Count": 0,
        "Rating": "*******",
        "My Tag": [
            "[Wedding, Happy]",
            "2000s",
            "Romantic & Slow Dance",
            "Hip Hop"
        ],
        "Additional Info": {
            "id": "7tAXHZdp9UpcYrHn7MZqfo",
            "explicit": false,
            "album": "Forever",
            "release_date": "2007-11-02",
            "genres": [
                "r&b",
                "rap"
            ],
            "duration": 278573,
            "acousticness": 0.0362,
            "danceability": 7.048,
            "instrumentalness": 0.000196,
            "liveness": 0.182,
            "loudness": -4.457,
            "speechiness": 0.0463,
            "time_signature": 4,
            "happiness": 5.005
        }
    },
    {
        "#": 24,
        "Track Title": "Party (feat. J. Cole)",
        "Artist": "Beyoncé, J. Cole",
        "Key": "6B",
        "Energy": 5.923,
        "Popularity": 5.86,
        "BPM": 81,
        "DJ Play Count": 0,
        "Rating": "*******",
        "My Tag": [
            "[Wedding, Happy]",
            "2010s",
            "Inspiring",
            "Hip Hop",
            "Romantic & Slow Dance",
            "Pop",
            "Happy"
        ],
        "Additional Info": {
            "id": "7GjNPaxtLRJxPy1U6bLYrK",
            "explicit": false,
            "album": "Party (feat. J. Cole)",
            "release_date": "2011-10-24",
            "genres": [
                "pop",
                "r&b",
                "conscious hip hop",
                "hip hop",
                "north carolina hip hop",
                "rap"
            ],
            "duration": 219827,
            "acousticness": 0.0111,
            "danceability": 6.841,
            "instrumentalness": 0,
            "liveness": 0.105,
            "loudness": -6.936,
            "speechiness": 0.0493,
            "time_signature": 4,
            "happiness": 7.372
        }
    },
    {
        "#": 25,
        "Track Title": "Heaven",
        "Artist": "Kane Brown",
        "Key": "11B",
        "Energy": 6.0040000000000004,
        "Popularity": 7.84,
        "BPM": 80,
        "DJ Play Count": 0,
        "Rating": "*******",
        "My Tag": [
            "[Wedding, Happy]",
            "2010s",
            "Nostalgic"
        ],
        "Additional Info": {
            "id": "1HXy5I3HTWq8OvxCn0z7G7",
            "explicit": false,
            "album": "Kane Brown (Deluxe Edition)",
            "release_date": "2017-10-06",
            "genres": [
                "black americana",
                "contemporary country",
                "country",
                "country road"
            ],
            "duration": 179507,
            "acousticness": 0.263,
            "danceability": 7.093,
            "instrumentalness": 0,
            "liveness": 0.105,
            "loudness": -6.544,
            "speechiness": 0.0306,
            "time_signature": 4,
            "happiness": 5.689
        }
    },
    {
        "#": 26,
        "Track Title": "I Like It",
        "Artist": "Cardi B, Bad Bunny, J Balvin",
        "Key": "7A",
        "Energy": 7.534,
        "Popularity": 8.290000000000001,
        "BPM": 136,
        "DJ Play Count": 0,
        "Rating": "*******",
        "My Tag": [
            "[Wedding, Happy]",
            "2010s",
            "Latin",
            "Hip Hop",
            "Pop",
            "PEGI 16 [Age]"
        ],
        "Additional Info": {
            "id": "58q2HKrzhC3ozto2nDdN4z",
            "explicit": true,
            "album": "Invasion of Privacy",
            "release_date": "2018-04-06",
            "genres": [
                "pop",
                "rap",
                "reggaeton",
                "trap latino",
                "urbano latino",
                "reggaeton",
                "reggaeton colombiano",
                "trap latino",
                "urbano latino"
            ],
            "duration": 253390,
            "acousticness": 0.099,
            "danceability": 8.344,
            "instrumentalness": 0,
            "liveness": 0.372,
            "loudness": -3.998,
            "speechiness": 0.129,
            "time_signature": 4,
            "happiness": 6.8500000000000005
        }
    },
    {
        "#": 27,
        "Track Title": "Party In The U.S.A.",
        "Artist": "Miley Cyrus",
        "Key": "6A",
        "Energy": 7.282,
        "Popularity": 1.0,
        "BPM": 96,
        "DJ Play Count": 0,
        "Rating": "*******",
        "My Tag": [
            "[Wedding, Happy]",
            "2000s",
            "Pop"
        ],
        "Additional Info": {
            "id": "5m7T3eJlK0O92QOCT2SpVM",
            "explicit": false,
            "album": "The Time Of Our Lives (Canadian Version)",
            "release_date": "2009-01-01",
            "genres": [
                "pop"
            ],
            "duration": 202067,
            "acousticness": 0.00112,
            "danceability": 6.868,
            "instrumentalness": 0.000115,
            "liveness": 0.0886,
            "loudness": -4.667,
            "speechiness": 0.042,
            "time_signature": 4,
            "happiness": 5.2299999999999995
        }
    },
    {
        "#": 28,
        "Track Title": "Knockin' Boots",
        "Artist": "Luke Bryan",
        "Key": "10B",
        "Energy": 7.138000000000001,
        "Popularity": 7.03,
        "BPM": 132,
        "DJ Play Count": 0,
        "Rating": "*******",
        "My Tag": [
            "[Wedding, Happy]",
            "2010s",
            "Nostalgic"
        ],
        "Additional Info": {
            "id": "6ERR6e7h6wCqGoz1TjiUJb",
            "explicit": false,
            "album": "Knockin' Boots",
            "release_date": "2019-03-29",
            "genres": [
                "contemporary country",
                "country",
                "country road"
            ],
            "duration": 199382,
            "acousticness": 0.129,
            "danceability": 7.651,
            "instrumentalness": 0,
            "liveness": 0.328,
            "loudness": -3.728,
            "speechiness": 0.205,
            "time_signature": 4,
            "happiness": 6.706
        }
    },
    {
        "#": 29,
        "Track Title": "Danza Kuduro",
        "Artist": "Don Omar, Lucenzo",
        "Key": "8B",
        "Energy": 9.235,
        "Popularity": 8.469999999999999,
        "BPM": 89,
        "DJ Play Count": 0,
        "Rating": "*******",
        "My Tag": [
            "[Wedding, Happy]",
            "2010s",
            "Latin",
            "Pop",
            "Hip Hop",
            "Happy"
        ],
        "Additional Info": {
            "id": "2a1o6ZejUi8U3wzzOtCOYw",
            "explicit": false,
            "album": "Meet The Orphans",
            "release_date": "2010-01-01",
            "genres": [
                "latin hip hop",
                "puerto rican pop",
                "reggaeton",
                "trap latino",
                "urbano latino",
                "reggaeton"
            ],
            "duration": 198773,
            "acousticness": 0.0846,
            "danceability": 4.6,
            "instrumentalness": 0,
            "liveness": 0.0503,
            "loudness": -4.89,
            "speechiness": 0.28,
            "time_signature": 3,
            "happiness": 8.902000000000001
        }
    },
    {
        "#": 30,
        "Track Title": "You Had Me from Hello",
        "Artist": "Kenny Chesney",
        "Key": "10B",
        "Energy": 4.789,
        "Popularity": 4.6,
        "BPM": 138,
        "DJ Play Count": 0,
        "Rating": "*******",
        "My Tag": [
            "[Wedding, Happy]",
            "2000s",
            "Nostalgic"
        ],
        "Additional Info": {
            "id": "7EubLCzrE4SAsbp41UqyNG",
            "explicit": false,
            "album": "Greatest Hits",
            "release_date": "2000-09-25",
            "genres": [
                "contemporary country",
                "country",
                "country road"
            ],
            "duration": 230600,
            "acousticness": 0.474,
            "danceability": 6.274,
            "instrumentalness": 0,
            "liveness": 0.13,
            "loudness": -8.869,
            "speechiness": 0.0294,
            "time_signature": 4,
            "happiness": 2.5300000000000002
        }
    },
    {
        "#": 31,
        "Track Title": "Wanted",
        "Artist": "Hunter Hayes",
        "Key": "8B",
        "Energy": 5.284,
        "Popularity": 7.209999999999999,
        "BPM": 85,
        "DJ Play Count": 0,
        "Rating": "*******",
        "My Tag": [
            "[Wedding, Happy]",
            "2010s",
            "Nostalgic"
        ],
        "Additional Info": {
            "id": "0p1BcEcYVO3uk4KDf3gzkY",
            "explicit": false,
            "album": "Hunter Hayes (Encore)",
            "release_date": "2011",
            "genres": [
                "contemporary country",
                "country",
                "country road",
                "modern country rock"
            ],
            "duration": 228840,
            "acousticness": 0.268,
            "danceability": 4.789,
            "instrumentalness": 0,
            "liveness": 0.0816,
            "loudness": -7.692,
            "speechiness": 0.0298,
            "time_signature": 4,
            "happiness": 3.6999999999999997
        }
    },
    {
        "#": 32,
        "Track Title": "With A Little Help From My Friends",
        "Artist": "Joe Cocker",
        "Key": "10B",
        "Energy": 5.023,
        "Popularity": 1.0,
        "BPM": 141,
        "DJ Play Count": 0,
        "Rating": "*******",
        "My Tag": [
            "[Wedding, Happy]",
            "60s",
            "Inspiring",
            "Calm",
            "Rock",
            "Nostalgic"
        ],
        "Additional Info": {
            "id": "1yOPFin76ojxOnecsV3v81",
            "explicit": false,
            "album": "With A Little Help From My Friends",
            "release_date": "1969-04-23",
            "genres": [
                "album rock",
                "blues rock",
                "classic rock",
                "folk rock",
                "heartland rock",
                "mellow gold",
                "rock",
                "singer-songwriter",
                "soft rock"
            ],
            "duration": 312173,
            "acousticness": 0.276,
            "danceability": 3.835,
            "instrumentalness": 0.00152,
            "liveness": 0.0923,
            "loudness": -11.198,
            "speechiness": 0.0672,
            "time_signature": 3,
            "happiness": 3.979
        }
    },
    {
        "#": 33,
        "Track Title": "Celebration",
        "Artist": "Kool & The Gang",
        "Key": "3B",
        "Energy": 6.976,
        "Popularity": 7.66,
        "BPM": 122,
        "DJ Play Count": 0,
        "Rating": "*******",
        "My Tag": [
            "[Wedding, Happy]",
            "80s",
            "Dance Remixes",
            "Romantic & Slow Dance",
            "Nostalgic",
            "Happy"
        ],
        "Additional Info": {
            "id": "3K7Q9PHUWPTaknlbFPThn2",
            "explicit": false,
            "album": "Celebrate!",
            "release_date": "1980-09-29",
            "genres": [
                "disco",
                "funk",
                "motown",
                "soul"
            ],
            "duration": 298867,
            "acousticness": 0.145,
            "danceability": 8.965,
            "instrumentalness": 0.0483,
            "liveness": 0.0767,
            "loudness": -11.795,
            "speechiness": 0.0524,
            "time_signature": 4,
            "happiness": 9.154
        }
    },
    {
        "#": 34,
        "Track Title": "Long Live",
        "Artist": "Florida Georgia Line",
        "Key": "9B",
        "Energy": 8.614,
        "Popularity": 6.94,
        "BPM": 130,
        "DJ Play Count": 0,
        "Rating": "*******",
        "My Tag": [
            "[Wedding, Happy]",
            "2020s",
            "Pop",
            "Nostalgic"
        ],
        "Additional Info": {
            "id": "0YfRAYTNTNszGg8VARrSIH",
            "explicit": false,
            "album": "Life Rolls On",
            "release_date": "2021-02-12",
            "genres": [
                "contemporary country",
                "country",
                "country pop",
                "country road",
                "modern country rock"
            ],
            "duration": 153253,
            "acousticness": 0.178,
            "danceability": 6.499,
            "instrumentalness": 0,
            "liveness": 0.12,
            "loudness": -3.548,
            "speechiness": 0.0374,
            "time_signature": 4,
            "happiness": 5.896000000000001
        }
    },
    {
        "#": 35,
        "Track Title": "Uptown Funk (feat. Bruno Mars)",
        "Artist": "Mark Ronson, Bruno Mars",
        "Key": "8B",
        "Energy": 6.481,
        "Popularity": 8.649999999999999,
        "BPM": 115,
        "DJ Play Count": 0,
        "Rating": "*******",
        "My Tag": [
            "[Wedding, Happy]",
            "2010s",
            "Dance Remixes",
            "Romantic & Slow Dance",
            "Pop",
            "Happy",
            "PEGI 16 [Age]"
        ],
        "Additional Info": {
            "id": "32OlwWuMpZ6b0aN2RZOeMS",
            "explicit": true,
            "album": "Uptown Special",
            "release_date": "2015-01-12",
            "genres": [
                "pop soul",
                "dance pop",
                "pop"
            ],
            "duration": 269667,
            "acousticness": 0.00801,
            "danceability": 8.704,
            "instrumentalness": 8.15e-05,
            "liveness": 0.0344,
            "loudness": -7.223,
            "speechiness": 0.0824,
            "time_signature": 4,
            "happiness": 9.352
        }
    },
    {
        "#": 36,
        "Track Title": "Can't Help Falling In Love - with The Royal Philharmonic Orchestra",
        "Artist": "Elvis Presley, Royal Philharmonic Orchestra",
        "Key": "10B",
        "Energy": 4.996,
        "Popularity": 5.95,
        "BPM": 67,
        "DJ Play Count": 0,
        "Rating": "*******",
        "My Tag": [
            "[Wedding, Happy]",
            "2010s"
        ],
        "Additional Info": {
            "id": "2MRJ3Oqb5yAONPvQyoWnQ9",
            "explicit": false,
            "album": "If I Can Dream: Elvis Presley with the Royal Philharmonic Orchestra",
            "release_date": "2015-10-30",
            "genres": [
                "rock-and-roll",
                "rockabilly",
                "british orchestra",
                "orchestra"
            ],
            "duration": 198600,
            "acousticness": 0.87,
            "danceability": 1.8091,
            "instrumentalness": 0.00548,
            "liveness": 0.192,
            "loudness": -9.748,
            "speechiness": 0.0375,
            "time_signature": 4,
            "happiness": 2.224
        }
    },
    {
        "#": 37,
        "Track Title": "Post Malone (feat. RANI)",
        "Artist": "Sam Feldt, RANI",
        "Key": "9B",
        "Energy": 6.7780000000000005,
        "Popularity": 7.3,
        "BPM": 107,
        "DJ Play Count": 0,
        "Rating": "*******",
        "My Tag": [
            "[Wedding, Happy]",
            "2010s",
            "Dance Remixes",
            "EDM",
            "Pop"
        ],
        "Additional Info": {
            "id": "0qc4QlcCxVTGyShurEv1UU",
            "explicit": false,
            "album": "Magnets EP",
            "release_date": "2019-05-24",
            "genres": [
                "edm",
                "pop dance",
                "tropical house",
                "dutch pop"
            ],
            "duration": 174444,
            "acousticness": 0.0771,
            "danceability": 6.31,
            "instrumentalness": 0,
            "liveness": 0.105,
            "loudness": -3.87,
            "speechiness": 0.122,
            "time_signature": 4,
            "happiness": 6.859
        }
    },
    {
        "#": 38,
        "Track Title": "May I Have This Dance (Remix) [feat. Chance the Rapper]",
        "Artist": "Francis and the Lights, Chance the Rapper",
        "Key": "4B",
        "Energy": 4.915,
        "Popularity": 5.95,
        "BPM": 90,
        "DJ Play Count": 0,
        "Rating": "*******",
        "My Tag": [
            "[Wedding, Happy]",
            "2010s",
            "Inspiring",
            "Pop",
            "Hip Hop",
            "Happy"
        ],
        "Additional Info": {
            "id": "0VaIsQoIQY10uxBrOyZ5cQ",
            "explicit": false,
            "album": "May I Have This Dance (Remix) [feat. Chance the Rapper]",
            "release_date": "2017-05-18",
            "genres": [
                "chicago rap",
                "conscious hip hop",
                "hip hop",
                "pop rap",
                "rap"
            ],
            "duration": 195356,
            "acousticness": 0.464,
            "danceability": 8.056000000000001,
            "instrumentalness": 5.27e-06,
            "liveness": 0.0913,
            "loudness": -9.197,
            "speechiness": 0.0647,
            "time_signature": 4,
            "happiness": 8.785
        }
    },
    {
        "#": 39,
        "Track Title": "Happy - From \"Despicable Me 2\"",
        "Artist": "Pharrell Williams",
        "Key": "7A",
        "Energy": 8.398,
        "Popularity": 8.469999999999999,
        "BPM": 80,
        "DJ Play Count": 0,
        "Rating": "*******",
        "My Tag": [
            "[Wedding, Happy]",
            "2010s",
            "Dance Remixes",
            "Pop",
            "Happy"
        ],
        "Additional Info": {
            "id": "60nZcImufyMA1MKQY3dcCH",
            "explicit": false,
            "album": "G I R L",
            "release_date": "2014-03-03",
            "genres": [
                "dance pop",
                "pop"
            ],
            "duration": 232720,
            "acousticness": 0.219,
            "danceability": 6.823,
            "instrumentalness": 0,
            "liveness": 0.0908,
            "loudness": -4.662,
            "speechiness": 0.183,
            "time_signature": 4,
            "happiness": 9.658
        }
    },
    {
        "#": 40,
        "Track Title": "The Safety Dance",
        "Artist": "Men Without Hats",
        "Key": "7B",
        "Energy": 7.678,
        "Popularity": 5.32,
        "BPM": 100,
        "DJ Play Count": 0,
        "Rating": "*******",
        "My Tag": [
            "[Wedding, Happy]",
            "80s",
            "Rock",
            "EDM",
            "Romantic & Slow Dance",
            "Pop",
            "Nostalgic"
        ],
        "Additional Info": {
            "id": "5ZpDiWqCG93McsnuHu9uCR",
            "explicit": false,
            "album": "Rhythm of Youth",
            "release_date": "1982",
            "genres": [
                "classic canadian rock",
                "new romantic",
                "new wave",
                "new wave pop",
                "synthpop"
            ],
            "duration": 277480,
            "acousticness": 0.0463,
            "danceability": 8.011,
            "instrumentalness": 5.56e-05,
            "liveness": 0.157,
            "loudness": -8.534,
            "speechiness": 0.0368,
            "time_signature": 4,
            "happiness": 3.574
        }
    },
    {
        "#": 41,
        "Track Title": "Now That We Found Love",
        "Artist": "Heavy D & The Boyz, Aaron Hall",
        "Key": "4B",
        "Energy": 7.273,
        "Popularity": 6.76,
        "BPM": 120,
        "DJ Play Count": 0,
        "Rating": "*******",
        "My Tag": [
            "[Wedding, Happy]",
            "90s",
            "Nostalgic",
            "Romantic & Slow Dance",
            "Hip Hop",
            "Happy"
        ],
        "Additional Info": {
            "id": "1KONmY3enP3r3nIPQidWAy",
            "explicit": false,
            "album": "Peaceful Journey",
            "release_date": "1991-01-01",
            "genres": [
                "contemporary r&b",
                "east coast hip hop",
                "new jack swing",
                "old school hip hop",
                "contemporary r&b",
                "new jack swing",
                "r&b"
            ],
            "duration": 258200,
            "acousticness": 0.039,
            "danceability": 7.696,
            "instrumentalness": 0,
            "liveness": 0.171,
            "loudness": -14.753,
            "speechiness": 0.0631,
            "time_signature": 4,
            "happiness": 7.147
        }
    },
    {
        "#": 42,
        "Track Title": "Boot Scootin' Boogie",
        "Artist": "Brooks & Dunn",
        "Key": "1A",
        "Energy": 8.353,
        "Popularity": 7.66,
        "BPM": 130,
        "DJ Play Count": 0,
        "Rating": "*******",
        "My Tag": [
            "[Wedding, Happy]",
            "2000s",
            "Nostalgic",
            "Happy"
        ],
        "Additional Info": {
            "id": "7Fq9RwQxSn3kW85PrDUf0M",
            "explicit": false,
            "album": "#1s ... and then some",
            "release_date": "2009-09-08",
            "genres": [
                "contemporary country",
                "country",
                "country road"
            ],
            "duration": 198227,
            "acousticness": 0.22,
            "danceability": 6.904,
            "instrumentalness": 0,
            "liveness": 0.304,
            "loudness": -4.296,
            "speechiness": 0.0435,
            "time_signature": 4,
            "happiness": 8.758
        }
    },
    {
        "#": 43,
        "Track Title": "Ballroom Blitz",
        "Artist": "Sweet",
        "Key": "12A",
        "Energy": 8.191,
        "Popularity": 6.76,
        "BPM": 108,
        "DJ Play Count": 0,
        "Rating": "*******",
        "My Tag": [
            "[Wedding, Happy]",
            "70s",
            "Rock",
            "Mad",
            "Happy"
        ],
        "Additional Info": {
            "id": "3Pu3IChaAoa5EjgUBv5F6x",
            "explicit": false,
            "album": "Desolation Boulevard",
            "release_date": "1974-11",
            "genres": [
                "album rock",
                "glam rock",
                "hard rock"
            ],
            "duration": 246573,
            "acousticness": 0.0821,
            "danceability": 6.796,
            "instrumentalness": 0.00154,
            "liveness": 0.055,
            "loudness": -10.856,
            "speechiness": 0.0598,
            "time_signature": 4,
            "happiness": 9.001
        }
    },
    {
        "#": 44,
        "Track Title": "Levitating (feat. DaBaby)",
        "Artist": "Dua Lipa, DaBaby",
        "Key": "2A",
        "Energy": 8.425,
        "Popularity": 8.74,
        "BPM": 103,
        "DJ Play Count": 0,
        "Rating": "*******",
        "My Tag": [
            "[Wedding, Happy]",
            "2020s",
            "Dance Remixes",
            "Hip Hop",
            "Pop",
            "Happy"
        ],
        "Additional Info": {
            "id": "5nujrmhLynf4yMoMtj8AQF",
            "explicit": false,
            "album": "Future Nostalgia",
            "release_date": "2020-03-27",
            "genres": [
                "dance pop",
                "pop",
                "uk pop",
                "hip hop",
                "north carolina hip hop",
                "rap"
            ],
            "duration": 203064,
            "acousticness": 0.00883,
            "danceability": 7.318,
            "instrumentalness": 0,
            "liveness": 0.0674,
            "loudness": -3.787,
            "speechiness": 0.0601,
            "time_signature": 4,
            "happiness": 9.235
        }
    },
    {
        "#": 45,
        "Track Title": "Tennessee Whiskey",
        "Artist": "Chris Stapleton",
        "Key": "11B",
        "Energy": 4.33,
        "Popularity": 8.559999999999999,
        "BPM": 97,
        "DJ Play Count": 0,
        "Rating": "*******",
        "My Tag": [
            "[Wedding, Happy]",
            "2010s",
            "Nostalgic"
        ],
        "Additional Info": {
            "id": "3fqwjXwUGN6vbzIwvyFMhx",
            "explicit": false,
            "album": "Traveller",
            "release_date": "2015-05-04",
            "genres": [
                "contemporary country",
                "outlaw country"
            ],
            "duration": 293293,
            "acousticness": 0.205,
            "danceability": 4.5280000000000005,
            "instrumentalness": 0.0096,
            "liveness": 0.0821,
            "loudness": -10.888,
            "speechiness": 0.0298,
            "time_signature": 4,
            "happiness": 5.6080000000000005
        }
    },
    {
        "#": 46,
        "Track Title": "Space Jam",
        "Artist": "Quad City DJ's",
        "Key": "1A",
        "Energy": 9.568,
        "Popularity": 6.49,
        "BPM": 132,
        "DJ Play Count": 0,
        "Rating": "*******",
        "My Tag": [
            "[Wedding, Happy]",
            "90s",
            "Hip Hop",
            "Happy"
        ],
        "Additional Info": {
            "id": "683hRieVmYdAhVA1DkjSAk",
            "explicit": false,
            "album": "Space Jam (Music From And Inspired By The Motion Picture)",
            "release_date": "1996-11-12",
            "genres": [
                "miami bass"
            ],
            "duration": 304960,
            "acousticness": 0.064,
            "danceability": 8.182,
            "instrumentalness": 0.000513,
            "liveness": 0.287,
            "loudness": -4.78,
            "speechiness": 0.0401,
            "time_signature": 4,
            "happiness": 8.587
        }
    },
    {
        "#": 47,
        "Track Title": "Summer Of '69",
        "Artist": "Bryan Adams",
        "Key": "10B",
        "Energy": 8.506,
        "Popularity": 8.649999999999999,
        "BPM": 139,
        "DJ Play Count": 0,
        "Rating": "*******",
        "My Tag": [
            "[Wedding, Happy]",
            "80s",
            "Calm",
            "Nostalgic",
            "Rock",
            "Pop",
            "Happy"
        ],
        "Additional Info": {
            "id": "0GONea6G2XdnHWjNZd6zt3",
            "explicit": false,
            "album": "Reckless (30th Anniversary / Deluxe Edition)",
            "release_date": "1984-11-05",
            "genres": [
                "canadian pop",
                "canadian singer-songwriter",
                "classic canadian rock",
                "heartland rock",
                "mellow gold",
                "soft rock"
            ],
            "duration": 216053,
            "acousticness": 0.0183,
            "danceability": 5.572,
            "instrumentalness": 0,
            "liveness": 0.0732,
            "loudness": -6.205,
            "speechiness": 0.0386,
            "time_signature": 4,
            "happiness": 7.966
        }
    },
    {
        "#": 48,
        "Track Title": "Any Man Of Mine",
        "Artist": "Shania Twain",
        "Key": "4B",
        "Energy": 7.5249999999999995,
        "Popularity": 7.75,
        "BPM": 78,
        "DJ Play Count": 0,
        "Rating": "*******",
        "My Tag": [
            "[Wedding, Happy]",
            "90s",
            "Pop",
            "Nostalgic",
            "Happy"
        ],
        "Additional Info": {
            "id": "0pdfN7nOHMYmKykzu1cyfm",
            "explicit": false,
            "album": "The Woman In Me",
            "release_date": "1995-01-01",
            "genres": [
                "canadian country",
                "canadian pop",
                "contemporary country",
                "country",
                "country dawn"
            ],
            "duration": 246760,
            "acousticness": 0.207,
            "danceability": 6.327999999999999,
            "instrumentalness": 0,
            "liveness": 0.148,
            "loudness": -8.698,
            "speechiness": 0.0412,
            "time_signature": 4,
            "happiness": 8.056000000000001
        }
    },
    {
        "#": 49,
        "Track Title": "Wellerman - Sea Shanty / 220 KID x Billen Ted Remix",
        "Artist": "Nathan Evans, 220 KID",
        "Key": "8A",
        "Energy": 9.037,
        "Popularity": 7.66,
        "BPM": 120,
        "DJ Play Count": 0,
        "Rating": "*******",
        "My Tag": [
            "[Wedding, Happy]",
            "2020s",
            "EDM"
        ],
        "Additional Info": {
            "id": "3iw6V4LH7yPj1ESORX9RIN",
            "explicit": false,
            "album": "Wellerman (Sea Shanty / 220 KID x Billen Ted Remix)",
            "release_date": "2021-01-21",
            "genres": [
                "uk dance"
            ],
            "duration": 116750,
            "acousticness": 0.0441,
            "danceability": 7.497999999999999,
            "instrumentalness": 0.000937,
            "liveness": 0.0673,
            "loudness": -3.255,
            "speechiness": 0.0475,
            "time_signature": 4,
            "happiness": 4.9510000000000005
        }
    }
]