[
    {
        "#": 1,
        "Track Title": "Your Song",
        "Artist": "Saxophone Rufus",
        "Key": "5B",
        "Energy": 3.259,
        "Popularity": 4.42,
        "BPM": 134,
        "DJ Play Count": 0,
        "Rating": "*******",
        "My Tag": [
            "[Wedding, Calm]",
            "2020s",
            "Mad",
            "Calm"
        ],
        "Additional Info": {
            "id": "2Mo3WlWrBEe4wWyLTHgjVc",
            "explicit": false,
            "album": "Saxophone Cover",
            "release_date": "2020-08-12",
            "genres": [],
            "duration": 227753,
            "acousticness": 0.855,
            "danceability": 7.777,
            "instrumentalness": 0.86,
            "liveness": 0.11,
            "loudness": -8.488,
            "speechiness": 0.0372,
            "time_signature": 4,
            "happiness": 2.503
        }
    },
    {
        "#": 2,
        "Track Title": "Stand By Me - Instrumental",
        "Artist": "The Saxists",
        "Key": "6B",
        "Energy": 2.359,
        "Popularity": 2.44,
        "BPM": 119,
        "DJ Play Count": 0,
        "Rating": "*******",
        "My Tag": [
            "[Wedding, Calm]",
            "2010s",
            "Happy"
        ],
        "Additional Info": {
            "id": "0eU58JoxKeHwKU4cLDvqQp",
            "explicit": false,
            "album": "Simply Saxophone",
            "release_date": "2015-07-03",
            "genres": [],
            "duration": 191240,
            "acousticness": 0.569,
            "danceability": 7.849,
            "instrumentalness": 0.86,
            "liveness": 0.123,
            "loudness": -20.978,
            "speechiness": 0.0409,
            "time_signature": 4,
            "happiness": 8.596
        }
    },
    {
        "#": 3,
        "Track Title": "I Feel It Coming - Instrumental Version",
        "Artist": "Saxophone Rufus",
        "Key": "7A",
        "Energy": 6.643,
        "Popularity": 2.8899999999999997,
        "BPM": 84,
        "DJ Play Count": 0,
        "Rating": "*******",
        "My Tag": [
            "[Wedding, Calm]",
            "2020s"
        ],
        "Additional Info": {
            "id": "5SmJ49FdWE34vdJpMbGftg",
            "explicit": false,
            "album": "Romanticas Instrumentales",
            "release_date": "2021-07-16",
            "genres": [],
            "duration": 205822,
            "acousticness": 0.572,
            "danceability": 7.633,
            "instrumentalness": 0.891,
            "liveness": 0.0858,
            "loudness": -10.431,
            "speechiness": 0.0328,
            "time_signature": 4,
            "happiness": 4.987
        }
    },
    {
        "#": 4,
        "Track Title": "Perfect - Wedding Dance Edit",
        "Artist": "Saxophone Rufus",
        "Key": "4B",
        "Energy": 2.152,
        "Popularity": 5.140000000000001,
        "BPM": 92,
        "DJ Play Count": 0,
        "Rating": "*******",
        "My Tag": [
            "[Wedding, Calm]",
            "2020s"
        ],
        "Additional Info": {
            "id": "6bGwizqneLnSmpkie9tm1U",
            "explicit": false,
            "album": "Saxophone Solo",
            "release_date": "2021-06-18",
            "genres": [],
            "duration": 165414,
            "acousticness": 0.719,
            "danceability": 5.617,
            "instrumentalness": 0.871,
            "liveness": 0.117,
            "loudness": -11.478,
            "speechiness": 0.0335,
            "time_signature": 3,
            "happiness": 5.707
        }
    },
    {
        "#": 5,
        "Track Title": "Thinking Out Loud (Sax Instrumental Version)",
        "Artist": "Samuel Solis\"Saxofonista\"",
        "Key": "10B",
        "Energy": 3.952,
        "Popularity": 4.6,
        "BPM": 79,
        "DJ Play Count": 0,
        "Rating": "*******",
        "My Tag": [
            "[Wedding, Calm]",
            "2010s"
        ],
        "Additional Info": {
            "id": "7BhT0n7EYzVtxYhpUuPf7f",
            "explicit": false,
            "album": "Samuel Solis \"Saxofonista\" Vol 1",
            "release_date": "2016-01-20",
            "genres": [
                "smooth saxophone"
            ],
            "duration": 277516,
            "acousticness": 0.182,
            "danceability": 6.886,
            "instrumentalness": 0.799,
            "liveness": 0.472,
            "loudness": -9.201,
            "speechiness": 0.0275,
            "time_signature": 4,
            "happiness": 5.851
        }
    },
    {
        "#": 6,
        "Track Title": "Days Like This",
        "Artist": "Saxtribution",
        "Key": "8A",
        "Energy": 4.357,
        "Popularity": 1.18,
        "BPM": 92,
        "DJ Play Count": 0,
        "Rating": "*******",
        "My Tag": [
            "[Wedding, Calm]",
            "2010s",
            "Happy"
        ],
        "Additional Info": {
            "id": "5sITHZODOF6dRrPZnjB9Kz",
            "explicit": false,
            "album": "A Tribute To Van Morrison",
            "release_date": "2013-10-23",
            "genres": [
                "coverchill",
                "smooth saxophone",
                "tribute"
            ],
            "duration": 197608,
            "acousticness": 0.282,
            "danceability": 7.579,
            "instrumentalness": 0.794,
            "liveness": 0.108,
            "loudness": -10.134,
            "speechiness": 0.0332,
            "time_signature": 4,
            "happiness": 7.111000000000001
        }
    },
    {
        "#": 7,
        "Track Title": "All of Me",
        "Artist": "The Sax Crew",
        "Key": "4B",
        "Energy": 1.972,
        "Popularity": 3.88,
        "BPM": 126,
        "DJ Play Count": 0,
        "Rating": "*******",
        "My Tag": [
            "[Wedding, Calm]",
            "2010s"
        ],
        "Additional Info": {
            "id": "1feOyztT3Fh3UOpl8Qp16A",
            "explicit": false,
            "album": "The Best Sax Covers",
            "release_date": "2015-01-26",
            "genres": [],
            "duration": 272066,
            "acousticness": 0.985,
            "danceability": 5.455,
            "instrumentalness": 0.888,
            "liveness": 0.0942,
            "loudness": -11.2,
            "speechiness": 0.0354,
            "time_signature": 4,
            "happiness": 5.0680000000000005
        }
    },
    {
        "#": 8,
        "Track Title": "Here Comes The Sun",
        "Artist": "The Saxists",
        "Key": "11B",
        "Energy": 4.24,
        "Popularity": 1.09,
        "BPM": 128,
        "DJ Play Count": 0,
        "Rating": "*******",
        "My Tag": [
            "[Wedding, Calm]",
            "2010s",
            "Happy"
        ],
        "Additional Info": {
            "id": "75CYiscynd5yUHu76b1YZ2",
            "explicit": false,
            "album": "Simply Saxophone",
            "release_date": "2015-07-03",
            "genres": [],
            "duration": 191640,
            "acousticness": 0.272,
            "danceability": 6.616,
            "instrumentalness": 0.579,
            "liveness": 0.144,
            "loudness": -15.628,
            "speechiness": 0.0373,
            "time_signature": 4,
            "happiness": 8.974
        }
    },
    {
        "#": 9,
        "Track Title": "I Won't Give Up (Sax Instrumental)",
        "Artist": "Justin Ward",
        "Key": "12B",
        "Energy": 1.8226,
        "Popularity": 1.99,
        "BPM": 137,
        "DJ Play Count": 0,
        "Rating": "*******",
        "My Tag": [
            "[Wedding, Calm]",
            "2010s",
            "Mad",
            "Calm"
        ],
        "Additional Info": {
            "id": "4PYiqcxvHcBnOtmdGMZVco",
            "explicit": false,
            "album": "Justin Ward",
            "release_date": "2018-04-20",
            "genres": [
                "smooth saxophone"
            ],
            "duration": 243717,
            "acousticness": 0.959,
            "danceability": 3.232,
            "instrumentalness": 0.818,
            "liveness": 0.118,
            "loudness": -14.573,
            "speechiness": 0.0337,
            "time_signature": 3,
            "happiness": 1.8487
        }
    },
    {
        "#": 10,
        "Track Title": "Don't Stop Believin'",
        "Artist": "Saxophone Rufus",
        "Key": "12B",
        "Energy": 4.672,
        "Popularity": 3.5200000000000005,
        "BPM": 122,
        "DJ Play Count": 0,
        "Rating": "*******",
        "My Tag": [
            "[Wedding, Calm]",
            "2020s"
        ],
        "Additional Info": {
            "id": "0NkbwAdkYqYzj1H35Xhny5",
            "explicit": false,
            "album": "Saxophone Covers",
            "release_date": "2021-06-04",
            "genres": [],
            "duration": 195112,
            "acousticness": 0.52,
            "danceability": 7.606,
            "instrumentalness": 0.32,
            "liveness": 0.119,
            "loudness": -7.428,
            "speechiness": 0.034,
            "time_signature": 4,
            "happiness": 4.096
        }
    },
    {
        "#": 11,
        "Track Title": "Have I told you lately I love you",
        "Artist": "Pepito Ros e A.M.P.",
        "Key": "6B",
        "Energy": 4.375,
        "Popularity": 3.97,
        "BPM": 132,
        "DJ Play Count": 0,
        "Rating": "*******",
        "My Tag": [
            "[Wedding, Calm]",
            "2000s"
        ],
        "Additional Info": {
            "id": "0gvdX2JfspdZlmtXSV1q7q",
            "explicit": false,
            "album": "SAX FOR LOVERS Vol. 4",
            "release_date": "2003",
            "genres": [
                "smooth saxophone"
            ],
            "duration": 240413,
            "acousticness": 0.82,
            "danceability": 6.066999999999999,
            "instrumentalness": 0.861,
            "liveness": 0.123,
            "loudness": -7.394,
            "speechiness": 0.0295,
            "time_signature": 4,
            "happiness": 1.8748
        }
    },
    {
        "#": 12,
        "Track Title": "Make You Feel My Love",
        "Artist": "Saxophone Rufus",
        "Key": "6B",
        "Energy": 3.709,
        "Popularity": 3.88,
        "BPM": 82,
        "DJ Play Count": 0,
        "Rating": "*******",
        "My Tag": [
            "[Wedding, Calm]",
            "2020s",
            "Mad",
            "Calm"
        ],
        "Additional Info": {
            "id": "3GRyA98xmdv96WQMegpCqD",
            "explicit": false,
            "album": "Easy",
            "release_date": "2021-02-25",
            "genres": [],
            "duration": 198049,
            "acousticness": 0.418,
            "danceability": 6.553,
            "instrumentalness": 0.829,
            "liveness": 0.13,
            "loudness": -8.011,
            "speechiness": 0.0285,
            "time_signature": 4,
            "happiness": 2.3049999999999997
        }
    },
    {
        "#": 13,
        "Track Title": "Love Me Like You Do (Saxophone Instrumental)",
        "Artist": "Samuel Solís",
        "Key": "4B",
        "Energy": 2.593,
        "Popularity": 4.6,
        "BPM": 93,
        "DJ Play Count": 0,
        "Rating": "*******",
        "My Tag": [
            "[Wedding, Calm]",
            "2010s",
            "Mad",
            "Calm"
        ],
        "Additional Info": {
            "id": "0qbH0hViD1uZGIn0CQWmlN",
            "explicit": false,
            "album": "Saxophone Covers, Vol. 2",
            "release_date": "2017-07-14",
            "genres": [
                "smooth saxophone"
            ],
            "duration": 245474,
            "acousticness": 0.936,
            "danceability": 5.491,
            "instrumentalness": 0.58,
            "liveness": 0.117,
            "loudness": -11.443,
            "speechiness": 0.0276,
            "time_signature": 4,
            "happiness": 1.999
        }
    },
    {
        "#": 14,
        "Track Title": "Take on Me - Saxophone Version",
        "Artist": "Manu López",
        "Key": "7B",
        "Energy": 6.031000000000001,
        "Popularity": 2.8,
        "BPM": 84,
        "DJ Play Count": 0,
        "Rating": "*******",
        "My Tag": [
            "[Wedding, Calm]",
            "2010s"
        ],
        "Additional Info": {
            "id": "6aiUKPKpIobel0tETX06f3",
            "explicit": false,
            "album": "My Favourite Songs Vol.1",
            "release_date": "2016-08-11",
            "genres": [
                "smooth saxophone"
            ],
            "duration": 223365,
            "acousticness": 0.00814,
            "danceability": 5.806,
            "instrumentalness": 0.515,
            "liveness": 0.131,
            "loudness": -9.578,
            "speechiness": 0.0326,
            "time_signature": 4,
            "happiness": 4.618
        }
    },
    {
        "#": 15,
        "Track Title": "Can't Help Falling in Love - Saxophone Instrumental Version",
        "Artist": "Nikolay Kasakov",
        "Key": "10B",
        "Energy": 3.637,
        "Popularity": 4.6899999999999995,
        "BPM": 99,
        "DJ Play Count": 0,
        "Rating": "*******",
        "My Tag": [
            "[Wedding, Calm]",
            "2000s",
            "Mad",
            "Calm"
        ],
        "Additional Info": {
            "id": "5AFZxTXGpHT1RsqhFdq042",
            "explicit": false,
            "album": "Old Songs About",
            "release_date": "2006",
            "genres": [
                "smooth saxophone"
            ],
            "duration": 181240,
            "acousticness": 0.875,
            "danceability": 4.069000000000001,
            "instrumentalness": 0.944,
            "liveness": 0.137,
            "loudness": -9.795,
            "speechiness": 0.0303,
            "time_signature": 3,
            "happiness": 2.0709999999999997
        }
    },
    {
        "#": 16,
        "Track Title": "I'm Yours - Relaxed Sunset Bar Mix",
        "Artist": "Saxophone Allstars",
        "Key": "6B",
        "Energy": 4.771,
        "Popularity": 3.97,
        "BPM": 78,
        "DJ Play Count": 0,
        "Rating": "*******",
        "My Tag": [
            "[Wedding, Calm]",
            "2010s"
        ],
        "Additional Info": {
            "id": "4Obe2oeRd8885GOX87pmBf",
            "explicit": false,
            "album": "Ultimate Chart Hits On Saxophone",
            "release_date": "2013-08-21",
            "genres": [
                "smooth saxophone"
            ],
            "duration": 193404,
            "acousticness": 0.894,
            "danceability": 7.6419999999999995,
            "instrumentalness": 0.862,
            "liveness": 0.121,
            "loudness": -6.832,
            "speechiness": 0.0343,
            "time_signature": 4,
            "happiness": 5.302
        }
    },
    {
        "#": 17,
        "Track Title": "Just the Way You Are - Smooth Saxophone Mix",
        "Artist": "Saxophone Allstars",
        "Key": "7B",
        "Energy": 7.0120000000000005,
        "Popularity": 3.88,
        "BPM": 108,
        "DJ Play Count": 0,
        "Rating": "*******",
        "My Tag": [
            "[Wedding, Calm]",
            "2010s"
        ],
        "Additional Info": {
            "id": "1dwW3dkFqJmK7J8BnOyNUQ",
            "explicit": false,
            "album": "Ultimate Chart Hits On Saxophone",
            "release_date": "2013-08-21",
            "genres": [
                "smooth saxophone"
            ],
            "duration": 214225,
            "acousticness": 0.493,
            "danceability": 4.968999999999999,
            "instrumentalness": 0.82,
            "liveness": 0.112,
            "loudness": -7.803,
            "speechiness": 0.0375,
            "time_signature": 4,
            "happiness": 5.1850000000000005
        }
    },
    {
        "#": 18,
        "Track Title": "I Don't Wanna Miss a Thing - Sax Instrumental Version",
        "Artist": "David Llaguno Saxofonista",
        "Key": "10B",
        "Energy": 3.5559999999999996,
        "Popularity": 2.8899999999999997,
        "BPM": 121,
        "DJ Play Count": 0,
        "Rating": "*******",
        "My Tag": [
            "[Wedding, Calm]",
            "2010s",
            "Mad",
            "Calm"
        ],
        "Additional Info": {
            "id": "1zCBxNgkYvzEq7BMdwijrt",
            "explicit": false,
            "album": "De Películas Y Más! (Sax Instrumental Version)",
            "release_date": "2018-10-16",
            "genres": [],
            "duration": 295497,
            "acousticness": 0.668,
            "danceability": 5.023,
            "instrumentalness": 0.358,
            "liveness": 0.207,
            "loudness": -13.511,
            "speechiness": 0.0332,
            "time_signature": 4,
            "happiness": 2.314
        }
    },
    {
        "#": 19,
        "Track Title": "A Thousand Years - Slow Saxophone Edit",
        "Artist": "Saxophone Rufus",
        "Key": "6B",
        "Energy": 3.178,
        "Popularity": 4.51,
        "BPM": 147,
        "DJ Play Count": 0,
        "Rating": "*******",
        "My Tag": [
            "[Wedding, Calm]",
            "2020s",
            "Mad",
            "Calm"
        ],
        "Additional Info": {
            "id": "4ij0h1lRybCDRGBvEcAYwN",
            "explicit": false,
            "album": "Saxophone Covers",
            "release_date": "2021-06-04",
            "genres": [],
            "duration": 184698,
            "acousticness": 0.905,
            "danceability": 4.033,
            "instrumentalness": 0.944,
            "liveness": 0.107,
            "loudness": -10.533,
            "speechiness": 0.0312,
            "time_signature": 3,
            "happiness": 2.818
        }
    },
    {
        "#": 20,
        "Track Title": "Wedding March (Sax Romantic Smooth Jazz Saxophone) [Remix]",
        "Artist": "Blue Claw Philharmonic",
        "Key": "8B",
        "Energy": 3.835,
        "Popularity": 1.0,
        "BPM": 85,
        "DJ Play Count": 0,
        "Rating": "*******",
        "My Tag": [
            "[Wedding, Calm]",
            "2010s"
        ],
        "Additional Info": {
            "id": "0EnMWuyF0qDeMoTNfWjwSU",
            "explicit": false,
            "album": "Wedding March Remix (Bridal Chorus Recessional) [a Midsummer Night's Dream]",
            "release_date": "2012-12-07",
            "genres": [
                "classical drill"
            ],
            "duration": 108911,
            "acousticness": 0.668,
            "danceability": 2.746,
            "instrumentalness": 0.826,
            "liveness": 0.605,
            "loudness": -12.435,
            "speechiness": 0.0348,
            "time_signature": 4,
            "happiness": 3.16
        }
    },
    {
        "#": 21,
        "Track Title": "Wonderwall (Cover) - Saxofon & Acoustic Guitar Instrumental",
        "Artist": "Saxophone Rufus",
        "Key": "2A",
        "Energy": 4.33,
        "Popularity": 1.0,
        "BPM": 84,
        "DJ Play Count": 0,
        "Rating": "*******",
        "My Tag": [
            "[Wedding, Calm]",
            "2020s"
        ],
        "Additional Info": {
            "id": "7zZFECnk4yHYa5LSwl9KcL",
            "explicit": false,
            "album": "Instrumental Cover",
            "release_date": "2020-08-13",
            "genres": [],
            "duration": 260000,
            "acousticness": 0.662,
            "danceability": 6.210999999999999,
            "instrumentalness": 0.194,
            "liveness": 0.124,
            "loudness": -8.036,
            "speechiness": 0.0267,
            "time_signature": 4,
            "happiness": 3.241
        }
    },
    {
        "#": 22,
        "Track Title": "Wonderful Tonight - Saxophone Instrumental Version",
        "Artist": "Nikolay Kasakov",
        "Key": "9B",
        "Energy": 4.167999999999999,
        "Popularity": 4.24,
        "BPM": 95,
        "DJ Play Count": 0,
        "Rating": "*******",
        "My Tag": [
            "[Wedding, Calm]",
            "2000s"
        ],
        "Additional Info": {
            "id": "2RSuGvNyVdpPuroTK4TsBp",
            "explicit": false,
            "album": "Choice",
            "release_date": "2005",
            "genres": [
                "smooth saxophone"
            ],
            "duration": 224106,
            "acousticness": 0.523,
            "danceability": 4.753,
            "instrumentalness": 0.818,
            "liveness": 0.226,
            "loudness": -10.589,
            "speechiness": 0.0289,
            "time_signature": 4,
            "happiness": 2.629
        }
    },
    {
        "#": 23,
        "Track Title": "My Girl",
        "Artist": "Nathan Reed",
        "Key": "8B",
        "Energy": 3.898,
        "Popularity": 3.88,
        "BPM": 104,
        "DJ Play Count": 0,
        "Rating": "*******",
        "My Tag": [
            "[Wedding, Calm]",
            "2000s",
            "Happy"
        ],
        "Additional Info": {
            "id": "2ZERRDjWwmaANFSZt2AqiV",
            "explicit": false,
            "album": "Chill Out Saxophone",
            "release_date": "2006-04-06",
            "genres": [
                "smooth saxophone"
            ],
            "duration": 165467,
            "acousticness": 0.257,
            "danceability": 7.3,
            "instrumentalness": 0.339,
            "liveness": 0.105,
            "loudness": -14.948,
            "speechiness": 0.0264,
            "time_signature": 4,
            "happiness": 7.966
        }
    },
    {
        "#": 24,
        "Track Title": "Easy Like Sunday Morning",
        "Artist": "Saxophone Rufus",
        "Key": "4B",
        "Energy": 5.014,
        "Popularity": 3.34,
        "BPM": 132,
        "DJ Play Count": 0,
        "Rating": "*******",
        "My Tag": [
            "[Wedding, Calm]",
            "2020s"
        ],
        "Additional Info": {
            "id": "60EXXuME5NO8t8F0SkUvn1",
            "explicit": false,
            "album": "Saxofone Romantico",
            "release_date": "2021-05-07",
            "genres": [],
            "duration": 225134,
            "acousticness": 0.482,
            "danceability": 7.165000000000001,
            "instrumentalness": 0.756,
            "liveness": 0.0978,
            "loudness": -5.89,
            "speechiness": 0.0322,
            "time_signature": 4,
            "happiness": 2.5300000000000002
        }
    },
    {
        "#": 25,
        "Track Title": "I Want To Know What Love Is – Foreigner Tribute",
        "Artist": "Saxtribution",
        "Key": "2B",
        "Energy": 4.177,
        "Popularity": 1.0,
        "BPM": 81,
        "DJ Play Count": 0,
        "Rating": "*******",
        "My Tag": [
            "[Wedding, Calm]",
            "2010s"
        ],
        "Additional Info": {
            "id": "4ddOamS3oydyAQMTSmGyKV",
            "explicit": false,
            "album": "Top Songs, Vol. 3",
            "release_date": "2013-11-27",
            "genres": [
                "coverchill",
                "smooth saxophone",
                "tribute"
            ],
            "duration": 299147,
            "acousticness": 0.123,
            "danceability": 6.372999999999999,
            "instrumentalness": 0.905,
            "liveness": 0.152,
            "loudness": -9.355,
            "speechiness": 0.0242,
            "time_signature": 4,
            "happiness": 4.843
        }
    },
    {
        "#": 26,
        "Track Title": "In the Name of Love (Saxophone Instrumental)",
        "Artist": "Samuel Solís",
        "Key": "9B",
        "Energy": 2.4219999999999997,
        "Popularity": 1.0,
        "BPM": 134,
        "DJ Play Count": 0,
        "Rating": "*******",
        "My Tag": [
            "[Wedding, Calm]",
            "2010s"
        ],
        "Additional Info": {
            "id": "6bicrmEhBeNqjeVoj0IbMZ",
            "explicit": false,
            "album": "Saxophone Covers, Vol. 2",
            "release_date": "2017-07-14",
            "genres": [
                "smooth saxophone"
            ],
            "duration": 196500,
            "acousticness": 0.886,
            "danceability": 5.878,
            "instrumentalness": 0.139,
            "liveness": 0.0844,
            "loudness": -11.999,
            "speechiness": 0.0307,
            "time_signature": 4,
            "happiness": 4.339
        }
    },
    {
        "#": 27,
        "Track Title": "Let It Be - Saxophone Cover Version",
        "Artist": "Saxophone Rufus",
        "Key": "8B",
        "Energy": 3.4930000000000003,
        "Popularity": 4.15,
        "BPM": 140,
        "DJ Play Count": 0,
        "Rating": "*******",
        "My Tag": [
            "[Wedding, Calm]",
            "2020s"
        ],
        "Additional Info": {
            "id": "6mEHbIhWb6sCgt4HGq8ETI",
            "explicit": false,
            "album": "Saxophone Chill",
            "release_date": "2021-11-05",
            "genres": [],
            "duration": 133714,
            "acousticness": 0.87,
            "danceability": 6.031000000000001,
            "instrumentalness": 0.797,
            "liveness": 0.118,
            "loudness": -8.776,
            "speechiness": 0.0291,
            "time_signature": 4,
            "happiness": 4.699
        }
    },
    {
        "#": 28,
        "Track Title": "Hallelujah - Saxophone Version",
        "Artist": "Fernando Bussetti",
        "Key": "10A",
        "Energy": 3.88,
        "Popularity": 3.0700000000000003,
        "BPM": 90,
        "DJ Play Count": 0,
        "Rating": "*******",
        "My Tag": [
            "[Wedding, Calm]",
            "2020s",
            "Mad",
            "Calm"
        ],
        "Additional Info": {
            "id": "4LdgTEMnxlFbXqDNvnCqAW",
            "explicit": false,
            "album": "Hallelujah (Saxophone Version)",
            "release_date": "2020-06-30",
            "genres": [],
            "duration": 216225,
            "acousticness": 0.181,
            "danceability": 2.737,
            "instrumentalness": 0.582,
            "liveness": 0.149,
            "loudness": -4.699,
            "speechiness": 0.035,
            "time_signature": 3,
            "happiness": 2.6470000000000002
        }
    },
    {
        "#": 29,
        "Track Title": "You Are The Reason (Saxophone Instrumental)",
        "Artist": "Samuel Solís",
        "Key": "6B",
        "Energy": 2.3049999999999997,
        "Popularity": 4.24,
        "BPM": 86,
        "DJ Play Count": 0,
        "Rating": "*******",
        "My Tag": [
            "[Wedding, Calm]",
            "2020s",
            "Mad",
            "Calm"
        ],
        "Additional Info": {
            "id": "0Tp9Y2GrjJFGwgTtuRxs7Y",
            "explicit": false,
            "album": "Saxophone Covers, Vol. 4",
            "release_date": "2020-05-27",
            "genres": [
                "smooth saxophone"
            ],
            "duration": 203067,
            "acousticness": 0.863,
            "danceability": 2.332,
            "instrumentalness": 0.678,
            "liveness": 0.15,
            "loudness": -13.002,
            "speechiness": 0.0332,
            "time_signature": 3,
            "happiness": 2.467
        }
    },
    {
        "#": 30,
        "Track Title": "What a Wonderful World",
        "Artist": "Graziatto",
        "Key": "7B",
        "Energy": 2.233,
        "Popularity": 4.15,
        "BPM": 68,
        "DJ Play Count": 0,
        "Rating": "*******",
        "My Tag": [
            "[Wedding, Calm]",
            "2020s"
        ],
        "Additional Info": {
            "id": "204z55ipM2WaXF2h4Ce8Ql",
            "explicit": false,
            "album": "Sax Covers, Vol. 1",
            "release_date": "2020-04-08",
            "genres": [],
            "duration": 142681,
            "acousticness": 0.993,
            "danceability": 5.878,
            "instrumentalness": 0.926,
            "liveness": 0.123,
            "loudness": -10.161,
            "speechiness": 0.0373,
            "time_signature": 4,
            "happiness": 5.014
        }
    },
    {
        "#": 31,
        "Track Title": "The Scientist - Saxophone Solo Edit",
        "Artist": "Saxophone Rufus",
        "Key": "7B",
        "Energy": 2.404,
        "Popularity": 4.0600000000000005,
        "BPM": 148,
        "DJ Play Count": 0,
        "Rating": "*******",
        "My Tag": [
            "[Wedding, Calm]",
            "2020s",
            "Mad",
            "Calm"
        ],
        "Additional Info": {
            "id": "0YlX0U5977UKLS0TuolfN1",
            "explicit": false,
            "album": "Saxophone Covers",
            "release_date": "2021-06-04",
            "genres": [],
            "duration": 151622,
            "acousticness": 0.937,
            "danceability": 5.743,
            "instrumentalness": 0.76,
            "liveness": 0.138,
            "loudness": -11.017,
            "speechiness": 0.0299,
            "time_signature": 4,
            "happiness": 2.314
        }
    }
]