[
    {
        "#": 1,
        "Track Title": "Bring Em Out",
        "Artist": "T.I.",
        "Key": "1B",
        "Energy": 9.019,
        "Popularity": 7.03,
        "BPM": 99,
        "DJ Play Count": 0,
        "Rating": "*******",
        "My Tag": [
            "[Wedding]",
            "2000s",
            "Mad",
            "EDM",
            "Pop",
            "Hip Hop",
            "PEGI 16 [Age]"
        ],
        "Additional Info": {
            "id": "3CcvahnsiArpTHYQEWV2Au",
            "explicit": true,
            "album": "Urban Legend",
            "release_date": "2004-11-28",
            "genres": [
                "atl hip hop",
                "dirty south rap",
                "gangster rap",
                "hip hop",
                "pop rap",
                "rap",
                "southern hip hop",
                "trap"
            ],
            "duration": 216707,
            "acousticness": 0.0298,
            "danceability": 7.831,
            "instrumentalness": 0,
            "liveness": 0.141,
            "loudness": -2.983,
            "speechiness": 0.257,
            "time_signature": 4,
            "happiness": 6.2829999999999995
        }
    },
    {
        "#": 2,
        "Track Title": "Forever",
        "Artist": "Chris Brown",
        "Key": "1B",
        "Energy": 8.370999999999999,
        "Popularity": 1.0,
        "BPM": 120,
        "DJ Play Count": 0,
        "Rating": "*******",
        "My Tag": [
            "[Wedding]",
            "2000s",
            "Romantic & Slow Dance",
            "Hip Hop"
        ],
        "Additional Info": {
            "id": "7tAXHZdp9UpcYrHn7MZqfo",
            "explicit": false,
            "album": "Forever",
            "release_date": "2007-11-02",
            "genres": [
                "r&b",
                "rap"
            ],
            "duration": 278573,
            "acousticness": 0.0362,
            "danceability": 7.048,
            "instrumentalness": 0.000196,
            "liveness": 0.182,
            "loudness": -4.457,
            "speechiness": 0.0463,
            "time_signature": 4,
            "happiness": 5.005
        }
    },
    {
        "#": 3,
        "Track Title": "CAN'T STOP THE FEELING! (from DreamWorks Animation's \"TROLLS\")",
        "Artist": "Justin Timberlake",
        "Key": "8B",
        "Energy": 8.469999999999999,
        "Popularity": 8.290000000000001,
        "BPM": 113,
        "DJ Play Count": 0,
        "Rating": "*******",
        "My Tag": [
            "[Wedding]",
            "2010s",
            "Dance Remixes",
            "Pop",
            "Happy"
        ],
        "Additional Info": {
            "id": "6JV2JOEocMgcZxYSZelKcc",
            "explicit": false,
            "album": "CAN'T STOP THE FEELING! (from DreamWorks Animation's \"TROLLS\")",
            "release_date": "2016-05-06",
            "genres": [
                "dance pop",
                "pop"
            ],
            "duration": 236002,
            "acousticness": 0.0123,
            "danceability": 6.994000000000001,
            "instrumentalness": 0,
            "liveness": 0.191,
            "loudness": -5.715,
            "speechiness": 0.0751,
            "time_signature": 4,
            "happiness": 7.318
        }
    },
    {
        "#": 4,
        "Track Title": "I Gotta Feeling",
        "Artist": "Black Eyed Peas",
        "Key": "8B",
        "Energy": 7.894,
        "Popularity": 1.3599999999999999,
        "BPM": 128,
        "DJ Play Count": 0,
        "Rating": "*******",
        "My Tag": [
            "[Wedding]",
            "2000s",
            "Dance Remixes",
            "Hip Hop",
            "Pop"
        ],
        "Additional Info": {
            "id": "4vp2J1l5RD4gMZwGFLfRAu",
            "explicit": false,
            "album": "THE E.N.D. (THE ENERGY NEVER DIES)",
            "release_date": "2009-01-01",
            "genres": [
                "dance pop",
                "pop",
                "pop rap"
            ],
            "duration": 289133,
            "acousticness": 0.0873,
            "danceability": 7.687,
            "instrumentalness": 0,
            "liveness": 0.509,
            "loudness": -6.375,
            "speechiness": 0.0265,
            "time_signature": 4,
            "happiness": 6.49
        }
    },
    {
        "#": 5,
        "Track Title": "Marry You",
        "Artist": "Bruno Mars",
        "Key": "6B",
        "Energy": 8.379999999999999,
        "Popularity": 7.93,
        "BPM": 145,
        "DJ Play Count": 0,
        "Rating": "*******",
        "My Tag": [
            "[Wedding]",
            "2010s",
            "Dance Remixes",
            "Pop"
        ],
        "Additional Info": {
            "id": "22PMfvdz35fFKYnJyMn077",
            "explicit": false,
            "album": "Doo-Wops & Hooligans",
            "release_date": "2010-10-05",
            "genres": [
                "dance pop",
                "pop"
            ],
            "duration": 230192,
            "acousticness": 0.332,
            "danceability": 6.589,
            "instrumentalness": 0,
            "liveness": 0.104,
            "loudness": -4.865,
            "speechiness": 0.0367,
            "time_signature": 4,
            "happiness": 5.0680000000000005
        }
    },
    {
        "#": 6,
        "Track Title": "You Make My Dreams (Come True)",
        "Artist": "Daryl Hall & John Oates",
        "Key": "7B",
        "Energy": 5.509,
        "Popularity": 8.379999999999999,
        "BPM": 84,
        "DJ Play Count": 0,
        "Rating": "*******",
        "My Tag": [
            "[Wedding]",
            "80s",
            "Inspiring",
            "Calm",
            "Rock",
            "Nostalgic",
            "Happy"
        ],
        "Additional Info": {
            "id": "4o6BgsqLIBViaGVbx5rbRk",
            "explicit": false,
            "album": "Voices",
            "release_date": "1980",
            "genres": [
                "album rock",
                "classic rock",
                "heartland rock",
                "mellow gold",
                "rock",
                "singer-songwriter",
                "soft rock",
                "yacht rock"
            ],
            "duration": 190627,
            "acousticness": 0.234,
            "danceability": 7.759,
            "instrumentalness": 0.112,
            "liveness": 0.0467,
            "loudness": -12.151,
            "speechiness": 0.0551,
            "time_signature": 4,
            "happiness": 9.118
        }
    },
    {
        "#": 7,
        "Track Title": "Let's Get It Started - Spike Mix",
        "Artist": "Black Eyed Peas",
        "Key": "10B",
        "Energy": 8.146,
        "Popularity": 1.09,
        "BPM": 105,
        "DJ Play Count": 0,
        "Rating": "*******",
        "My Tag": [
            "[Wedding]",
            "2000s",
            "Dance Remixes",
            "Hip Hop",
            "Pop",
            "Happy"
        ],
        "Additional Info": {
            "id": "3qK8x4GZcIkzTz9JEqvIF5",
            "explicit": false,
            "album": "Elephunk",
            "release_date": "2003",
            "genres": [
                "dance pop",
                "pop",
                "pop rap"
            ],
            "duration": 217213,
            "acousticness": 0.103,
            "danceability": 8.065000000000001,
            "instrumentalness": 0,
            "liveness": 0.196,
            "loudness": -2.197,
            "speechiness": 0.113,
            "time_signature": 4,
            "happiness": 8.047
        }
    },
    {
        "#": 8,
        "Track Title": "24K Magic",
        "Artist": "Bruno Mars",
        "Key": "3B",
        "Energy": 8.227,
        "Popularity": 8.290000000000001,
        "BPM": 107,
        "DJ Play Count": 0,
        "Rating": "*******",
        "My Tag": [
            "[Wedding]",
            "2010s",
            "Dance Remixes",
            "Pop"
        ],
        "Additional Info": {
            "id": "6b8Be6ljOzmkOmFslEb23P",
            "explicit": false,
            "album": "24K Magic",
            "release_date": "2016-11-17",
            "genres": [
                "dance pop",
                "pop"
            ],
            "duration": 225983,
            "acousticness": 0.034,
            "danceability": 8.361999999999998,
            "instrumentalness": 0,
            "liveness": 0.153,
            "loudness": -4.282,
            "speechiness": 0.0797,
            "time_signature": 4,
            "happiness": 6.688
        }
    },
    {
        "#": 9,
        "Track Title": "Shut Up and Dance",
        "Artist": "WALK THE MOON",
        "Key": "3B",
        "Energy": 8.794,
        "Popularity": 8.74,
        "BPM": 128,
        "DJ Play Count": 0,
        "Rating": "*******",
        "My Tag": [
            "[Wedding]",
            "2010s",
            "Dance Remixes",
            "Rock",
            "Pop"
        ],
        "Additional Info": {
            "id": "4kbj5MwxO1bq9wjT5g9HaA",
            "explicit": false,
            "album": "TALKING IS HARD",
            "release_date": "2014-12-02",
            "genres": [
                "dance rock",
                "modern rock",
                "pop"
            ],
            "duration": 199080,
            "acousticness": 0.00701,
            "danceability": 6.202,
            "instrumentalness": 0,
            "liveness": 0.257,
            "loudness": -3.804,
            "speechiness": 0.0619,
            "time_signature": 4,
            "happiness": 6.571
        }
    },
    {
        "#": 10,
        "Track Title": "Uptown Funk (feat. Bruno Mars)",
        "Artist": "Mark Ronson, Bruno Mars",
        "Key": "8B",
        "Energy": 6.481,
        "Popularity": 8.649999999999999,
        "BPM": 115,
        "DJ Play Count": 0,
        "Rating": "*******",
        "My Tag": [
            "[Wedding]",
            "2010s",
            "Dance Remixes",
            "Romantic & Slow Dance",
            "Pop",
            "Happy",
            "PEGI 16 [Age]"
        ],
        "Additional Info": {
            "id": "32OlwWuMpZ6b0aN2RZOeMS",
            "explicit": true,
            "album": "Uptown Special",
            "release_date": "2015-01-12",
            "genres": [
                "pop soul",
                "dance pop",
                "pop"
            ],
            "duration": 269667,
            "acousticness": 0.00801,
            "danceability": 8.704,
            "instrumentalness": 8.15e-05,
            "liveness": 0.0344,
            "loudness": -7.223,
            "speechiness": 0.0824,
            "time_signature": 4,
            "happiness": 9.352
        }
    },
    {
        "#": 11,
        "Track Title": "Celebration",
        "Artist": "Kool & The Gang",
        "Key": "3B",
        "Energy": 6.976,
        "Popularity": 7.66,
        "BPM": 122,
        "DJ Play Count": 0,
        "Rating": "*******",
        "My Tag": [
            "[Wedding]",
            "80s",
            "Dance Remixes",
            "Romantic & Slow Dance",
            "Nostalgic",
            "Happy"
        ],
        "Additional Info": {
            "id": "3K7Q9PHUWPTaknlbFPThn2",
            "explicit": false,
            "album": "Celebrate!",
            "release_date": "1980-09-29",
            "genres": [
                "disco",
                "funk",
                "motown",
                "soul"
            ],
            "duration": 298867,
            "acousticness": 0.145,
            "danceability": 8.965,
            "instrumentalness": 0.0483,
            "liveness": 0.0767,
            "loudness": -11.795,
            "speechiness": 0.0524,
            "time_signature": 4,
            "happiness": 9.154
        }
    },
    {
        "#": 12,
        "Track Title": "This Is How We Do It",
        "Artist": "Montell Jordan, Wino",
        "Key": "8B",
        "Energy": 6.607,
        "Popularity": 7.209999999999999,
        "BPM": 104,
        "DJ Play Count": 0,
        "Rating": "*******",
        "My Tag": [
            "[Wedding]",
            "90s",
            "Happy",
            "Romantic & Slow Dance",
            "Hip Hop",
            "Happy"
        ],
        "Additional Info": {
            "id": "6uQKuonTU8VKBz5SHZuQXD",
            "explicit": false,
            "album": "This Is How We Do It",
            "release_date": "1995-01-01",
            "genres": [
                "contemporary r&b",
                "new jack swing",
                "r&b",
                "urban contemporary"
            ],
            "duration": 238800,
            "acousticness": 0.0141,
            "danceability": 8.191,
            "instrumentalness": 0,
            "liveness": 0.43,
            "loudness": -9.374,
            "speechiness": 0.0812,
            "time_signature": 4,
            "happiness": 7.957
        }
    },
    {
        "#": 13,
        "Track Title": "Thunderstruck",
        "Artist": "AC/DC",
        "Key": "12B",
        "Energy": 9.01,
        "Popularity": 8.74,
        "BPM": 134,
        "DJ Play Count": 0,
        "Rating": "*******",
        "My Tag": [
            "[Wedding]",
            "90s",
            "Rock",
            "Mad"
        ],
        "Additional Info": {
            "id": "57bgtoPSgt236HzfBOd8kj",
            "explicit": false,
            "album": "The Razors Edge",
            "release_date": "1990-09-24",
            "genres": [
                "australian rock",
                "hard rock",
                "rock"
            ],
            "duration": 292880,
            "acousticness": 0.000147,
            "danceability": 5.518,
            "instrumentalness": 0.0117,
            "liveness": 0.217,
            "loudness": -5.175,
            "speechiness": 0.0364,
            "time_signature": 4,
            "happiness": 3.331
        }
    },
    {
        "#": 14,
        "Track Title": "This Will Be (An Everlasting Love)",
        "Artist": "Natalie Cole",
        "Key": "4B",
        "Energy": 6.607,
        "Popularity": 7.84,
        "BPM": 127,
        "DJ Play Count": 0,
        "Rating": "*******",
        "My Tag": [
            "[Wedding]",
            "70s",
            "Dance Remixes",
            "Calm",
            "Romantic & Slow Dance",
            "Nostalgic",
            "Happy"
        ],
        "Additional Info": {
            "id": "0PDCewmZCp0P5s00bptcdd",
            "explicit": false,
            "album": "Inseparable",
            "release_date": "1975-01-01",
            "genres": [
                "adult standards",
                "disco",
                "quiet storm",
                "soul",
                "vocal jazz"
            ],
            "duration": 171960,
            "acousticness": 0.228,
            "danceability": 7.165000000000001,
            "instrumentalness": 0.00234,
            "liveness": 0.0295,
            "loudness": -11.146,
            "speechiness": 0.042,
            "time_signature": 4,
            "happiness": 9.064
        }
    },
    {
        "#": 15,
        "Track Title": "Higher Love",
        "Artist": "Kygo, Whitney Houston",
        "Key": "4B",
        "Energy": 7.102,
        "Popularity": 8.02,
        "BPM": 104,
        "DJ Play Count": 0,
        "Rating": "*******",
        "My Tag": [
            "[Wedding]",
            "2010s",
            "Dance Remixes",
            "EDM",
            "Pop"
        ],
        "Additional Info": {
            "id": "6oJ6le65B3SEqPwMRNXWjY",
            "explicit": false,
            "album": "Higher Love",
            "release_date": "2019-06-28",
            "genres": [
                "edm",
                "pop",
                "pop dance",
                "tropical house",
                "dance pop"
            ],
            "duration": 228267,
            "acousticness": 0.0151,
            "danceability": 7.236999999999999,
            "instrumentalness": 5.71e-06,
            "liveness": 0.101,
            "loudness": -7.159,
            "speechiness": 0.0324,
            "time_signature": 4,
            "happiness": 4.636
        }
    },
    {
        "#": 16,
        "Track Title": "Happy",
        "Artist": "Pharrell Williams",
        "Key": "3B",
        "Energy": 7.813,
        "Popularity": 1.09,
        "BPM": 80,
        "DJ Play Count": 0,
        "Rating": "*******",
        "My Tag": [
            "[Wedding]",
            "2010s",
            "Dance Remixes",
            "Pop",
            "Happy"
        ],
        "Additional Info": {
            "id": "6NPVjNh8Jhru9xOmyQigds",
            "explicit": false,
            "album": "Despicable Me 2 (Original Motion Picture Soundtrack)",
            "release_date": "2013-06-18",
            "genres": [
                "dance pop",
                "pop"
            ],
            "duration": 233305,
            "acousticness": 0.286,
            "danceability": 6.868,
            "instrumentalness": 0,
            "liveness": 0.0886,
            "loudness": -6.819,
            "speechiness": 0.153,
            "time_signature": 4,
            "happiness": 9.658
        }
    },
    {
        "#": 17,
        "Track Title": "Crazy In Love (feat. Jay-Z)",
        "Artist": "Beyoncé, JAY-Z",
        "Key": "10A",
        "Energy": 7.93,
        "Popularity": 8.290000000000001,
        "BPM": 99,
        "DJ Play Count": 0,
        "Rating": "*******",
        "My Tag": [
            "[Wedding]",
            "2000s",
            "Mad",
            "Hip Hop",
            "Romantic & Slow Dance",
            "Pop",
            "Happy"
        ],
        "Additional Info": {
            "id": "5IVuqXILoxVWvWEPm82Jxr",
            "explicit": false,
            "album": "Dangerously In Love",
            "release_date": "2003-06-24",
            "genres": [
                "pop",
                "r&b",
                "east coast hip hop",
                "gangster rap",
                "hip hop",
                "pop rap",
                "rap"
            ],
            "duration": 236133,
            "acousticness": 0.00249,
            "danceability": 6.814,
            "instrumentalness": 0,
            "liveness": 0.0715,
            "loudness": -6.596,
            "speechiness": 0.226,
            "time_signature": 4,
            "happiness": 7.1290000000000004
        }
    },
    {
        "#": 18,
        "Track Title": "All I Do Is Win (feat. T-Pain, Ludacris, Snoop Dogg & Rick Ross)",
        "Artist": "DJ Khaled",
        "Key": "6B",
        "Energy": 8.029,
        "Popularity": 7.39,
        "BPM": 75,
        "DJ Play Count": 0,
        "Rating": "*******",
        "My Tag": [
            "[Wedding]",
            "2010s",
            "Pop",
            "Hip Hop",
            "PEGI 16 [Age]"
        ],
        "Additional Info": {
            "id": "12PNcnMsjsZ3eHm62t8hiy",
            "explicit": true,
            "album": "Victory",
            "release_date": "2010-03-02",
            "genres": [
                "hip hop",
                "miami hip hop",
                "pop rap",
                "rap"
            ],
            "duration": 232507,
            "acousticness": 0.0139,
            "danceability": 5.905,
            "instrumentalness": 0,
            "liveness": 0.161,
            "loudness": -3.616,
            "speechiness": 0.185,
            "time_signature": 4,
            "happiness": 3.4930000000000003
        }
    },
    {
        "#": 19,
        "Track Title": "Get the Party Started",
        "Artist": "P!nk",
        "Key": "1A",
        "Energy": 9.118,
        "Popularity": 5.59,
        "BPM": 129,
        "DJ Play Count": 0,
        "Rating": "*******",
        "My Tag": [
            "[Wedding]",
            "2000s",
            "Dance Remixes",
            "Pop",
            "Happy"
        ],
        "Additional Info": {
            "id": "2u1hMwcB9TwziV6P7jdyxX",
            "explicit": false,
            "album": "M!ssundaztood",
            "release_date": "2001-11-20",
            "genres": [
                "dance pop",
                "pop"
            ],
            "duration": 191667,
            "acousticness": 0.00124,
            "danceability": 8.254000000000001,
            "instrumentalness": 0,
            "liveness": 0.212,
            "loudness": -3.391,
            "speechiness": 0.0477,
            "time_signature": 4,
            "happiness": 9.667
        }
    },
    {
        "#": 20,
        "Track Title": "Signed, Sealed, Delivered (I'm Yours)",
        "Artist": "Stevie Wonder",
        "Key": "7B",
        "Energy": 8.056000000000001,
        "Popularity": 1.0,
        "BPM": 109,
        "DJ Play Count": 0,
        "Rating": "*******",
        "My Tag": [
            "[Wedding]",
            "2000s",
            "Romantic & Slow Dance",
            "Nostalgic",
            "Happy"
        ],
        "Additional Info": {
            "id": "2jg4Yc8071puvDRYi22B3a",
            "explicit": false,
            "album": "Number 1's",
            "release_date": "2007-01-01",
            "genres": [
                "motown",
                "soul"
            ],
            "duration": 158040,
            "acousticness": 0.00495,
            "danceability": 6.814,
            "instrumentalness": 0,
            "liveness": 0.061,
            "loudness": -6.137,
            "speechiness": 0.0334,
            "time_signature": 4,
            "happiness": 8.370999999999999
        }
    },
    {
        "#": 21,
        "Track Title": "Love On Top",
        "Artist": "Beyoncé",
        "Key": "8B",
        "Energy": 7.741,
        "Popularity": 8.02,
        "BPM": 94,
        "DJ Play Count": 0,
        "Rating": "*******",
        "My Tag": [
            "[Wedding]",
            "2010s",
            "Romantic & Slow Dance",
            "Pop"
        ],
        "Additional Info": {
            "id": "1z6WtY7X4HQJvzxC4UgkSf",
            "explicit": false,
            "album": "4",
            "release_date": "2011-06-24",
            "genres": [
                "pop",
                "r&b"
            ],
            "duration": 267413,
            "acousticness": 0.0848,
            "danceability": 6.868,
            "instrumentalness": 0,
            "liveness": 0.604,
            "loudness": -5.248,
            "speechiness": 0.0886,
            "time_signature": 4,
            "happiness": 6.859
        }
    },
    {
        "#": 22,
        "Track Title": "I Believe in a Thing Called Love",
        "Artist": "The Darkness",
        "Key": "12B",
        "Energy": 8.614,
        "Popularity": 7.4799999999999995,
        "BPM": 128,
        "DJ Play Count": 0,
        "Rating": "*******",
        "My Tag": [
            "[Wedding]",
            "2000s",
            "Rock",
            "Mad"
        ],
        "Additional Info": {
            "id": "756CJtQRFSxEx9jV4P9hpA",
            "explicit": false,
            "album": "Permission to Land",
            "release_date": "2003-07-07",
            "genres": [
                "glam metal",
                "hard rock"
            ],
            "duration": 217653,
            "acousticness": 0.0538,
            "danceability": 4.978,
            "instrumentalness": 4.71e-06,
            "liveness": 0.282,
            "loudness": -5.214,
            "speechiness": 0.0764,
            "time_signature": 4,
            "happiness": 6.598
        }
    },
    {
        "#": 23,
        "Track Title": "Space Jam",
        "Artist": "Quad City DJ's",
        "Key": "1A",
        "Energy": 9.568,
        "Popularity": 6.49,
        "BPM": 132,
        "DJ Play Count": 0,
        "Rating": "*******",
        "My Tag": [
            "[Wedding]",
            "90s",
            "Hip Hop",
            "Happy"
        ],
        "Additional Info": {
            "id": "683hRieVmYdAhVA1DkjSAk",
            "explicit": false,
            "album": "Space Jam (Music From And Inspired By The Motion Picture)",
            "release_date": "1996-11-12",
            "genres": [
                "miami bass"
            ],
            "duration": 304960,
            "acousticness": 0.064,
            "danceability": 8.182,
            "instrumentalness": 0.000513,
            "liveness": 0.287,
            "loudness": -4.78,
            "speechiness": 0.0401,
            "time_signature": 4,
            "happiness": 8.587
        }
    },
    {
        "#": 24,
        "Track Title": "Yeah! (feat. Lil Jon & Ludacris)",
        "Artist": "Usher, Lil Jon, Ludacris",
        "Key": "10B",
        "Energy": 8.119,
        "Popularity": 8.649999999999999,
        "BPM": 105,
        "DJ Play Count": 0,
        "Rating": "*******",
        "My Tag": [
            "[Wedding]",
            "2000s",
            "Hip Hop",
            "Nostalgic",
            "EDM",
            "Romantic & Slow Dance",
            "Pop",
            "Dance Remixes",
            "Happy"
        ],
        "Additional Info": {
            "id": "5rb9QrpfcKFHM1EUbSIurX",
            "explicit": false,
            "album": "Confessions (Expanded Edition)",
            "release_date": "2004-03-23",
            "genres": [
                "atl hip hop",
                "contemporary r&b",
                "dance pop",
                "pop",
                "r&b",
                "rap",
                "south carolina hip hop",
                "urban contemporary",
                "atl hip hop",
                "crunk",
                "dance pop",
                "dirty south rap",
                "old school atlanta hip hop",
                "pop rap",
                "southern hip hop",
                "trap",
                "atl hip hop",
                "dance pop",
                "dirty south rap",
                "hip hop",
                "old school atlanta hip hop",
                "pop rap",
                "rap",
                "southern hip hop",
                "trap"
            ],
            "duration": 250373,
            "acousticness": 0.0183,
            "danceability": 9.046,
            "instrumentalness": 0,
            "liveness": 0.0388,
            "loudness": -4.699,
            "speechiness": 0.112,
            "time_signature": 4,
            "happiness": 6.247
        }
    },
    {
        "#": 25,
        "Track Title": "Sirius",
        "Artist": "The Alan Parsons Project",
        "Key": "12B",
        "Energy": 4.564,
        "Popularity": 7.03,
        "BPM": 111,
        "DJ Play Count": 0,
        "Rating": "*******",
        "My Tag": [
            "[Wedding]",
            "80s",
            "Inspiring",
            "Calm",
            "Rock",
            "Nostalgic"
        ],
        "Additional Info": {
            "id": "4OV0sRTFrZLXaZZ1sS9hLn",
            "explicit": false,
            "album": "Eye In The Sky (Expanded Edition)",
            "release_date": "1982",
            "genres": [
                "album rock",
                "art rock",
                "classic rock",
                "mellow gold",
                "progressive rock",
                "soft rock",
                "symphonic rock"
            ],
            "duration": 115280,
            "acousticness": 0.0647,
            "danceability": 6.616,
            "instrumentalness": 0.909,
            "liveness": 0.113,
            "loudness": -15.411,
            "speechiness": 0.034,
            "time_signature": 4,
            "happiness": 1.3492
        }
    },
    {
        "#": 26,
        "Track Title": "Best Day Of My Life",
        "Artist": "American Authors",
        "Key": "10B",
        "Energy": 9.118,
        "Popularity": 8.379999999999999,
        "BPM": 100,
        "DJ Play Count": 0,
        "Rating": "*******",
        "My Tag": [
            "[Wedding]",
            "2010s",
            "Rock",
            "Pop"
        ],
        "Additional Info": {
            "id": "5Hroj5K7vLpIG4FNCRIjbP",
            "explicit": false,
            "album": "Oh, What A Life",
            "release_date": "2014-01-01",
            "genres": [
                "modern rock",
                "pop rock"
            ],
            "duration": 194240,
            "acousticness": 0.0591,
            "danceability": 7.057,
            "instrumentalness": 0.000262,
            "liveness": 0.0558,
            "loudness": -2.392,
            "speechiness": 0.0346,
            "time_signature": 4,
            "happiness": 5.8420000000000005
        }
    },
    {
        "#": 27,
        "Track Title": "Now That We Found Love",
        "Artist": "Heavy D & The Boyz, Aaron Hall",
        "Key": "4B",
        "Energy": 7.273,
        "Popularity": 6.76,
        "BPM": 120,
        "DJ Play Count": 0,
        "Rating": "*******",
        "My Tag": [
            "[Wedding]",
            "90s",
            "Nostalgic",
            "Romantic & Slow Dance",
            "Hip Hop",
            "Happy"
        ],
        "Additional Info": {
            "id": "1KONmY3enP3r3nIPQidWAy",
            "explicit": false,
            "album": "Peaceful Journey",
            "release_date": "1991-01-01",
            "genres": [
                "contemporary r&b",
                "east coast hip hop",
                "new jack swing",
                "old school hip hop",
                "contemporary r&b",
                "new jack swing",
                "r&b"
            ],
            "duration": 258200,
            "acousticness": 0.039,
            "danceability": 7.696,
            "instrumentalness": 0,
            "liveness": 0.171,
            "loudness": -14.753,
            "speechiness": 0.0631,
            "time_signature": 4,
            "happiness": 7.147
        }
    },
    {
        "#": 28,
        "Track Title": "You Are the Best Thing",
        "Artist": "Ray LaMontagne",
        "Key": "6B",
        "Energy": 7.543,
        "Popularity": 7.209999999999999,
        "BPM": 85,
        "DJ Play Count": 0,
        "Rating": "*******",
        "My Tag": [
            "[Wedding]",
            "2000s",
            "Calm",
            "Pop",
            "Happy"
        ],
        "Additional Info": {
            "id": "1jyddn36UN4tVsJGtaJfem",
            "explicit": false,
            "album": "Gossip In The Grain",
            "release_date": "2008-10-13",
            "genres": [
                "acoustic pop",
                "indie folk",
                "neo mellow",
                "stomp and holler"
            ],
            "duration": 231840,
            "acousticness": 0.0304,
            "danceability": 6.202,
            "instrumentalness": 1.99e-05,
            "liveness": 0.172,
            "loudness": -4.872,
            "speechiness": 0.0332,
            "time_signature": 4,
            "happiness": 8.965
        }
    },
    {
        "#": 29,
        "Track Title": "Turn Down for What",
        "Artist": "DJ Snake, Lil Jon",
        "Key": "3A",
        "Energy": 8.191,
        "Popularity": 7.57,
        "BPM": 100,
        "DJ Play Count": 0,
        "Rating": "*******",
        "My Tag": [
            "[Wedding]",
            "2010s",
            "Hip Hop",
            "EDM",
            "Nostalgic",
            "Pop",
            "Dance Remixes",
            "Happy",
            "Fight & Fog"
        ],
        "Additional Info": {
            "id": "67awxiNHNyjMXhVgsHuIrs",
            "explicit": false,
            "album": "Turn Down for What",
            "release_date": "2013-12-18",
            "genres": [
                "edm",
                "electronic trap",
                "pop",
                "pop dance",
                "atl hip hop",
                "crunk",
                "dance pop",
                "dirty south rap",
                "old school atlanta hip hop",
                "pop rap",
                "southern hip hop",
                "trap"
            ],
            "duration": 213733,
            "acousticness": 0.00107,
            "danceability": 8.361999999999998,
            "instrumentalness": 0.128,
            "liveness": 0.057,
            "loudness": -4.1,
            "speechiness": 0.156,
            "time_signature": 4,
            "happiness": 1.7335
        }
    },
    {
        "#": 30,
        "Track Title": "Born To Be Yours",
        "Artist": "Kygo, Imagine Dragons",
        "Key": "5B",
        "Energy": 7.191999999999999,
        "Popularity": 7.39,
        "BPM": 114,
        "DJ Play Count": 0,
        "Rating": "*******",
        "My Tag": [
            "[Wedding]",
            "2010s",
            "Dance Remixes",
            "EDM",
            "Rock",
            "Pop"
        ],
        "Additional Info": {
            "id": "0kHyKhJMukHEPfeh8s7rdM",
            "explicit": false,
            "album": "Born To Be Yours",
            "release_date": "2018-06-15",
            "genres": [
                "edm",
                "pop",
                "pop dance",
                "tropical house",
                "modern rock",
                "pop",
                "rock"
            ],
            "duration": 193321,
            "acousticness": 0.3,
            "danceability": 7.191999999999999,
            "instrumentalness": 0,
            "liveness": 0.0982,
            "loudness": -5.84,
            "speechiness": 0.0357,
            "time_signature": 4,
            "happiness": 5.059
        }
    },
    {
        "#": 31,
        "Track Title": "We Are Family - 1995 Remaster",
        "Artist": "Sister Sledge",
        "Key": "9A",
        "Energy": 9.037,
        "Popularity": 7.66,
        "BPM": 119,
        "DJ Play Count": 0,
        "Rating": "*******",
        "My Tag": [
            "[Wedding]",
            "70s",
            "Dance Remixes",
            "Calm",
            "Romantic & Slow Dance",
            "Happy"
        ],
        "Additional Info": {
            "id": "5IKLwqBQG6KU6MP2zP80Nu",
            "explicit": false,
            "album": "We Are Family (1995 Remaster)",
            "release_date": "1979-02-15",
            "genres": [
                "disco",
                "funk",
                "philly soul",
                "quiet storm",
                "soul"
            ],
            "duration": 216733,
            "acousticness": 0.3,
            "danceability": 8.056000000000001,
            "instrumentalness": 1.57e-05,
            "liveness": 0.272,
            "loudness": -5.153,
            "speechiness": 0.0923,
            "time_signature": 4,
            "happiness": 8.370999999999999
        }
    },
    {
        "#": 32,
        "Track Title": "Levels",
        "Artist": "Avicii",
        "Key": "3A",
        "Energy": 8.506,
        "Popularity": 1.0,
        "BPM": 126,
        "DJ Play Count": 0,
        "Rating": "*******",
        "My Tag": [
            "[Wedding]",
            "2010s",
            "Dance Remixes",
            "EDM",
            "Pop"
        ],
        "Additional Info": {
            "id": "6dfXwa0dI1sBm4CIePuOYM",
            "explicit": false,
            "album": "Levels",
            "release_date": "2011-01-01",
            "genres": [
                "edm",
                "pop",
                "pop dance"
            ],
            "duration": 338867,
            "acousticness": 0.0295,
            "danceability": 6.409,
            "instrumentalness": 0.888,
            "liveness": 0.34,
            "loudness": -6.573,
            "speechiness": 0.0358,
            "time_signature": 4,
            "happiness": 4.167999999999999
        }
    },
    {
        "#": 33,
        "Track Title": "Danza Kuduro",
        "Artist": "Don Omar, Lucenzo",
        "Key": "8B",
        "Energy": 9.235,
        "Popularity": 8.469999999999999,
        "BPM": 89,
        "DJ Play Count": 0,
        "Rating": "*******",
        "My Tag": [
            "[Wedding]",
            "2010s",
            "Latin",
            "Pop",
            "Hip Hop",
            "Happy"
        ],
        "Additional Info": {
            "id": "2a1o6ZejUi8U3wzzOtCOYw",
            "explicit": false,
            "album": "Meet The Orphans",
            "release_date": "2010-01-01",
            "genres": [
                "latin hip hop",
                "puerto rican pop",
                "reggaeton",
                "trap latino",
                "urbano latino",
                "reggaeton"
            ],
            "duration": 198773,
            "acousticness": 0.0846,
            "danceability": 4.6,
            "instrumentalness": 0,
            "liveness": 0.0503,
            "loudness": -4.89,
            "speechiness": 0.28,
            "time_signature": 3,
            "happiness": 8.902000000000001
        }
    },
    {
        "#": 34,
        "Track Title": "Party Rock Anthem",
        "Artist": "LMFAO, Lauren Bennett, GoonRock",
        "Key": "7A",
        "Energy": 7.543,
        "Popularity": 7.4799999999999995,
        "BPM": 130,
        "DJ Play Count": 0,
        "Rating": "*******",
        "My Tag": [
            "[Wedding]",
            "2010s",
            "Dance Remixes",
            "Hip Hop",
            "Pop"
        ],
        "Additional Info": {
            "id": "0IkKz2J93C94Ei4BvDop7P",
            "explicit": false,
            "album": "Sorry For Party Rocking",
            "release_date": "2011-01-01",
            "genres": [
                "dance pop",
                "pop",
                "pop rap"
            ],
            "duration": 262173,
            "acousticness": 0.0189,
            "danceability": 7.75,
            "instrumentalness": 0,
            "liveness": 0.266,
            "loudness": -4.21,
            "speechiness": 0.142,
            "time_signature": 4,
            "happiness": 4.231
        }
    },
    {
        "#": 35,
        "Track Title": "Come and Get Your Love - Single Version",
        "Artist": "Redbone",
        "Key": "1A",
        "Energy": 8.236,
        "Popularity": 8.379999999999999,
        "BPM": 107,
        "DJ Play Count": 0,
        "Rating": "*******",
        "My Tag": [
            "[Wedding]",
            "70s",
            "Happy"
        ],
        "Additional Info": {
            "id": "7GVUmCP00eSsqc4tzj1sDD",
            "explicit": false,
            "album": "Come and Get Your Love",
            "release_date": "1973-11-01",
            "genres": [
                "native american",
                "native american contemporary"
            ],
            "duration": 205933,
            "acousticness": 0.172,
            "danceability": 7.579,
            "instrumentalness": 0.00028,
            "liveness": 0.0685,
            "loudness": -7.621,
            "speechiness": 0.0473,
            "time_signature": 4,
            "happiness": 9.613
        }
    },
    {
        "#": 36,
        "Track Title": "We Found Love",
        "Artist": "Rihanna, Calvin Harris",
        "Key": "3B",
        "Energy": 7.894,
        "Popularity": 6.67,
        "BPM": 128,
        "DJ Play Count": 0,
        "Rating": "*******",
        "My Tag": [
            "[Wedding]",
            "2010s",
            "Club-Hotel",
            "Hip Hop",
            "EDM",
            "Pop",
            "Dance Remixes",
            "Happy"
        ],
        "Additional Info": {
            "id": "1zv3WFUbZ5vPxFq9I2jAU1",
            "explicit": false,
            "album": "Talk That Talk (Explicit)",
            "release_date": "2011-01-01",
            "genres": [
                "barbadian pop",
                "pop",
                "urban contemporary",
                "dance pop",
                "edm",
                "electro house",
                "house",
                "pop",
                "progressive house",
                "uk dance"
            ],
            "duration": 215227,
            "acousticness": 0.025,
            "danceability": 7.606,
            "instrumentalness": 0.00138,
            "liveness": 0.108,
            "loudness": -4.485,
            "speechiness": 0.0383,
            "time_signature": 4,
            "happiness": 6.3999999999999995
        }
    },
    {
        "#": 37,
        "Track Title": "I Wanna Dance with Somebody (Who Loves Me)",
        "Artist": "Whitney Houston",
        "Key": "3B",
        "Energy": 8.416,
        "Popularity": 8.559999999999999,
        "BPM": 119,
        "DJ Play Count": 0,
        "Rating": "*******",
        "My Tag": [
            "[Wedding]",
            "80s",
            "Dance Remixes",
            "Pop",
            "Happy"
        ],
        "Additional Info": {
            "id": "2tUBqZG2AbRi7Q0BIrVrEj",
            "explicit": false,
            "album": "Whitney",
            "release_date": "1987-06-02",
            "genres": [
                "dance pop"
            ],
            "duration": 291293,
            "acousticness": 0.207,
            "danceability": 7.380999999999999,
            "instrumentalness": 0.000307,
            "liveness": 0.0888,
            "loudness": -8.824,
            "speechiness": 0.0453,
            "time_signature": 4,
            "happiness": 8.803
        }
    },
    {
        "#": 38,
        "Track Title": "Brand New",
        "Artist": "Ben Rector",
        "Key": "11B",
        "Energy": 9.406,
        "Popularity": 6.94,
        "BPM": 145,
        "DJ Play Count": 0,
        "Rating": "*******",
        "My Tag": [
            "[Wedding]",
            "2010s",
            "Calm",
            "Rock",
            "Pop"
        ],
        "Additional Info": {
            "id": "07m8PuXxxv5J4qPEDq6ZkK",
            "explicit": false,
            "album": "Brand New",
            "release_date": "2015-08-28",
            "genres": [
                "acoustic pop",
                "indiecoustica",
                "lds youth",
                "neo mellow",
                "piano rock"
            ],
            "duration": 243933,
            "acousticness": 0.00268,
            "danceability": 5.995,
            "instrumentalness": 0,
            "liveness": 0.122,
            "loudness": -5.04,
            "speechiness": 0.113,
            "time_signature": 4,
            "happiness": 4.798
        }
    },
    {
        "#": 39,
        "Track Title": "Let Me Clear My Throat - Old School Reunion Remix '96",
        "Artist": "DJ Kool",
        "Key": "9B",
        "Energy": 9.109,
        "Popularity": 6.13,
        "BPM": 103,
        "DJ Play Count": 0,
        "Rating": "*******",
        "My Tag": [
            "[Wedding]",
            "90s",
            "Nostalgic",
            "Hip Hop"
        ],
        "Additional Info": {
            "id": "7k3sn5TIQ3qRVJ8FPTG9kx",
            "explicit": false,
            "album": "Let Me Clear My Throat",
            "release_date": "1996-01-01",
            "genres": [
                "old school hip hop"
            ],
            "duration": 290160,
            "acousticness": 0.169,
            "danceability": 7.273,
            "instrumentalness": 0,
            "liveness": 0.356,
            "loudness": -7.154,
            "speechiness": 0.259,
            "time_signature": 4,
            "happiness": 5.815
        }
    },
    {
        "#": 40,
        "Track Title": "You're My Best Friend - Remastered 2011",
        "Artist": "Queen",
        "Key": "8B",
        "Energy": 7.849,
        "Popularity": 7.03,
        "BPM": 119,
        "DJ Play Count": 0,
        "Rating": "*******",
        "My Tag": [
            "[Wedding]",
            "70s",
            "Rock",
            "Nostalgic"
        ],
        "Additional Info": {
            "id": "4OKf7CcYuw5H2HptkcKxcP",
            "explicit": false,
            "album": "A Night At The Opera (Deluxe Remastered Version)",
            "release_date": "1975-11-21",
            "genres": [
                "classic rock",
                "glam rock",
                "rock"
            ],
            "duration": 170800,
            "acousticness": 0.158,
            "danceability": 5.662,
            "instrumentalness": 0.00765,
            "liveness": 0.0715,
            "loudness": -7.025,
            "speechiness": 0.0452,
            "time_signature": 4,
            "happiness": 6.183999999999999
        }
    },
    {
        "#": 41,
        "Track Title": "Love And Marriage",
        "Artist": "Frank Sinatra",
        "Key": "6B",
        "Energy": 2.773,
        "Popularity": 5.32,
        "BPM": 112,
        "DJ Play Count": 0,
        "Rating": "*******",
        "My Tag": [
            "[Wedding]",
            "90s",
            "Calm",
            "Club-Hotel",
            "Nostalgic"
        ],
        "Additional Info": {
            "id": "4eM4EWXOkOEq19kMFRYDxD",
            "explicit": false,
            "album": "Sinatra 80th: All The Best",
            "release_date": "1995-01-01",
            "genres": [
                "adult standards",
                "easy listening",
                "lounge"
            ],
            "duration": 158760,
            "acousticness": 0.765,
            "danceability": 7.417,
            "instrumentalness": 0,
            "liveness": 0.152,
            "loudness": -11.935,
            "speechiness": 0.0327,
            "time_signature": 4,
            "happiness": 6.643
        }
    },
    {
        "#": 42,
        "Track Title": "Welcome To The Jungle",
        "Artist": "Guns N' Roses",
        "Key": "4B",
        "Energy": 9.883,
        "Popularity": 8.649999999999999,
        "BPM": 124,
        "DJ Play Count": 0,
        "Rating": "*******",
        "My Tag": [
            "[Wedding]",
            "80s",
            "Rock",
            "Mad",
            "PEGI 16 [Age]"
        ],
        "Additional Info": {
            "id": "0G21yYKMZoHa30cYVi1iA8",
            "explicit": true,
            "album": "Appetite For Destruction",
            "release_date": "1987-07-21",
            "genres": [
                "glam metal",
                "hard rock",
                "rock"
            ],
            "duration": 273480,
            "acousticness": 0.0195,
            "danceability": 5.077,
            "instrumentalness": 0.283,
            "liveness": 0.268,
            "loudness": -4.485,
            "speechiness": 0.0889,
            "time_signature": 4,
            "happiness": 3.844
        }
    },
    {
        "#": 43,
        "Track Title": "On Top Of The World",
        "Artist": "Imagine Dragons",
        "Key": "8B",
        "Energy": 9.334,
        "Popularity": 6.3999999999999995,
        "BPM": 100,
        "DJ Play Count": 0,
        "Rating": "*******",
        "My Tag": [
            "[Wedding]",
            "2010s",
            "Rock",
            "Pop",
            "Happy"
        ],
        "Additional Info": {
            "id": "6Qj1WXW41Mn3Fh9V2sHphM",
            "explicit": false,
            "album": "Night Visions",
            "release_date": "2012-09-04",
            "genres": [
                "modern rock",
                "pop",
                "rock"
            ],
            "duration": 189840,
            "acousticness": 0.0893,
            "danceability": 6.715,
            "instrumentalness": 4.53e-06,
            "liveness": 0.0928,
            "loudness": -5.589,
            "speechiness": 0.151,
            "time_signature": 4,
            "happiness": 7.849
        }
    },
    {
        "#": 44,
        "Track Title": "Good Life",
        "Artist": "Kanye West, T-Pain",
        "Key": "3B",
        "Energy": 8.218,
        "Popularity": 1.0,
        "BPM": 84,
        "DJ Play Count": 0,
        "Rating": "*******",
        "My Tag": [
            "[Wedding]",
            "2000s",
            "Hip Hop",
            "EDM",
            "Romantic & Slow Dance",
            "Pop",
            "Dance Remixes",
            "Happy",
            "Mad",
            "PEGI 16 [Age]"
        ],
        "Additional Info": {
            "id": "1fLdeDTrJWNkwOeFyAVLvF",
            "explicit": true,
            "album": "Graduation",
            "release_date": "2007-09-11",
            "genres": [
                "chicago rap",
                "hip hop",
                "rap",
                "dance pop",
                "gangster rap",
                "hip hop",
                "pop rap",
                "r&b",
                "rap",
                "southern hip hop",
                "trap",
                "urban contemporary"
            ],
            "duration": 207000,
            "acousticness": 0.00376,
            "danceability": 4.915,
            "instrumentalness": 0,
            "liveness": 0.467,
            "loudness": -6.871,
            "speechiness": 0.324,
            "time_signature": 4,
            "happiness": 5.086
        }
    },
    {
        "#": 45,
        "Track Title": "Sexy And I Know It",
        "Artist": "LMFAO",
        "Key": "9B",
        "Energy": 8.748999999999999,
        "Popularity": 7.03,
        "BPM": 130,
        "DJ Play Count": 0,
        "Rating": "*******",
        "My Tag": [
            "[Wedding]",
            "2010s",
            "Dance Remixes",
            "Hip Hop",
            "Pop",
            "Happy"
        ],
        "Additional Info": {
            "id": "0obBFrPYkSoBJbvHfUIhkv",
            "explicit": false,
            "album": "Sorry For Party Rocking (Deluxe Version)",
            "release_date": "2011-01-01",
            "genres": [
                "dance pop",
                "pop",
                "pop rap"
            ],
            "duration": 199480,
            "acousticness": 0.1,
            "danceability": 7.3629999999999995,
            "instrumentalness": 0,
            "liveness": 0.191,
            "loudness": -4.225,
            "speechiness": 0.316,
            "time_signature": 4,
            "happiness": 8.155000000000001
        }
    },
    {
        "#": 46,
        "Track Title": "Shots",
        "Artist": "LMFAO, Lil Jon",
        "Key": "3B",
        "Energy": 8.704,
        "Popularity": 7.39,
        "BPM": 128,
        "DJ Play Count": 0,
        "Rating": "*******",
        "My Tag": [
            "[Wedding]",
            "2000s",
            "Pop",
            "Hip Hop",
            "EDM",
            "Nostalgic",
            "Dance Remixes",
            "Happy",
            "Fight & Fog",
            "PEGI 16 [Age]"
        ],
        "Additional Info": {
            "id": "1V4jC0vJ5525lEF1bFgPX2",
            "explicit": true,
            "album": "Party Rock",
            "release_date": "2009-01-01",
            "genres": [
                "dance pop",
                "pop",
                "pop rap",
                "atl hip hop",
                "crunk",
                "dance pop",
                "dirty south rap",
                "old school atlanta hip hop",
                "pop rap",
                "southern hip hop",
                "trap"
            ],
            "duration": 222133,
            "acousticness": 0.00851,
            "danceability": 8.425,
            "instrumentalness": 1.4e-06,
            "liveness": 0.127,
            "loudness": -1.912,
            "speechiness": 0.0476,
            "time_signature": 4,
            "happiness": 2.863
        }
    },
    {
        "#": 47,
        "Track Title": "Star Wars (Main Theme)",
        "Artist": "John Williams, London Symphony Orchestra",
        "Key": "7B",
        "Energy": 3.655,
        "Popularity": 6.13,
        "BPM": 83,
        "DJ Play Count": 0,
        "Rating": "*******",
        "My Tag": [
            "[Wedding]",
            "80s",
            "Mad",
            "Calm"
        ],
        "Additional Info": {
            "id": "7a9UUo3zfID7Ik2fTQjRLi",
            "explicit": false,
            "album": "Star Wars: The Empire Strikes Back (Original Motion Picture Soundtrack)",
            "release_date": "1980-01-01",
            "genres": [
                "orchestral soundtrack",
                "soundtrack",
                "british orchestra",
                "classical",
                "orchestra"
            ],
            "duration": 346933,
            "acousticness": 0.39,
            "danceability": 2.593,
            "instrumentalness": 0.591,
            "liveness": 0.0684,
            "loudness": -14.581,
            "speechiness": 0.061,
            "time_signature": 4,
            "happiness": 1.7425000000000002
        }
    },
    {
        "#": 48,
        "Track Title": "Raise Your Glass",
        "Artist": "P!nk",
        "Key": "9B",
        "Energy": 7.380999999999999,
        "Popularity": 8.290000000000001,
        "BPM": 122,
        "DJ Play Count": 0,
        "Rating": "*******",
        "My Tag": [
            "[Wedding]",
            "2010s",
            "Dance Remixes",
            "Pop",
            "PEGI 16 [Age]"
        ],
        "Additional Info": {
            "id": "1gv4xPanImH17bKZ9rOveR",
            "explicit": true,
            "album": "Raise Your Glass",
            "release_date": "2010-10-05",
            "genres": [
                "dance pop",
                "pop"
            ],
            "duration": 202960,
            "acousticness": 0.0048,
            "danceability": 7.3,
            "instrumentalness": 0,
            "liveness": 0.029,
            "loudness": -5.006,
            "speechiness": 0.0838,
            "time_signature": 4,
            "happiness": 6.616
        }
    },
    {
        "#": 49,
        "Track Title": "Crazy Little Thing Called Love - Remastered 2011",
        "Artist": "Queen",
        "Key": "8B",
        "Energy": 7.8580000000000005,
        "Popularity": 7.57,
        "BPM": 77,
        "DJ Play Count": 0,
        "Rating": "*******",
        "My Tag": [
            "[Wedding]",
            "80s",
            "Rock",
            "Nostalgic",
            "Happy"
        ],
        "Additional Info": {
            "id": "35ItUJlMtjOQW3SSiTCrrw",
            "explicit": false,
            "album": "The Game (Deluxe Remastered Version)",
            "release_date": "1980-06-27",
            "genres": [
                "classic rock",
                "glam rock",
                "rock"
            ],
            "duration": 163373,
            "acousticness": 0.714,
            "danceability": 6.391,
            "instrumentalness": 4.43e-06,
            "liveness": 0.35,
            "loudness": -6.887,
            "speechiness": 0.0423,
            "time_signature": 4,
            "happiness": 7.435
        }
    },
    {
        "#": 50,
        "Track Title": "Get Ready for This - Radio Edit",
        "Artist": "2 Unlimited",
        "Key": "1A",
        "Energy": 8.767,
        "Popularity": 1.0,
        "BPM": 125,
        "DJ Play Count": 0,
        "Rating": "*******",
        "My Tag": [
            "[Wedding]",
            "2010s",
            "EDM",
            "Happy",
            "Pop",
            "Happy"
        ],
        "Additional Info": {
            "id": "6eMry77tX8WTocKpnVOGQs",
            "explicit": false,
            "album": "Exitos Retro Del Verano",
            "release_date": "2016",
            "genres": [
                "eurodance",
                "europop",
                "hip house"
            ],
            "duration": 224827,
            "acousticness": 0.0332,
            "danceability": 8.173,
            "instrumentalness": 2.22e-05,
            "liveness": 0.0941,
            "loudness": -7.015,
            "speechiness": 0.0559,
            "time_signature": 4,
            "happiness": 7.921
        }
    }
]