[
    {
        "#": 1,
        "Track Title": "Rich Flex",
        "Artist": "Drake, 21 Savage",
        "Key": "1A",
        "Energy": 5.68,
        "Popularity": 9.1,
        "BPM": 77,
        "DJ Play Count": 0,
        "Rating": "*******",
        "My Tag": [
            "Fight & Fog",
            "2020s",
            "Hip Hop",
            "Pop"
        ],
        "Additional Info": {
            "id": "1bDbXMyjaUIooNwFE9wn0N",
            "explicit": true,
            "album": "Her Loss",
            "release_date": "2022-11-04",
            "genres": [
                "canadian hip hop",
                "canadian pop",
                "hip hop",
                "rap",
                "toronto rap",
                "atl hip hop",
                "hip hop",
                "rap",
                "trap"
            ],
            "duration": 239360,
            "acousticness": 0.0503,
            "danceability": 6.049,
            "instrumentalness": 1.86e-06,
            "liveness": 0.355,
            "loudness": -9.342,
            "speechiness": 0.244,
            "time_signature": 3,
            "happiness": 4.816
        }
    },
    {
        "#": 2,
        "Track Title": "Just Wanna Rock",
        "Artist": "Lil Uzi Vert",
        "Key": "1B",
        "Energy": 5.905,
        "Popularity": 9.1,
        "BPM": 75,
        "DJ Play Count": 0,
        "Rating": "*******",
        "My Tag": [
            "Fight & Fog",
            "2020s",
            "Hip Hop"
        ],
        "Additional Info": {
            "id": "4FyesJzVpA39hbYvcseO2d",
            "explicit": true,
            "album": "Just Wanna Rock",
            "release_date": "2022-10-17",
            "genres": [
                "melodic rap",
                "philly rap",
                "rage rap",
                "rap"
            ],
            "duration": 123891,
            "acousticness": 0.0652,
            "danceability": 5.374,
            "instrumentalness": 0.00474,
            "liveness": 0.0642,
            "loudness": -7.924,
            "speechiness": 0.0336,
            "time_signature": 4,
            "happiness": 1.3465
        }
    },
    {
        "#": 3,
        "Track Title": "Keep It Low (feat. Future)",
        "Artist": "Moneybagg Yo, Future",
        "Key": "3B",
        "Energy": 7.353999999999999,
        "Popularity": 7.12,
        "BPM": 77,
        "DJ Play Count": 0,
        "Rating": "*******",
        "My Tag": [
            "Fight & Fog",
            "2020s",
            "Hip Hop",
            "Fight & Fog"
        ],
        "Additional Info": {
            "id": "3kH94a1MQM7YrpsZRWuXrh",
            "explicit": true,
            "album": "Keep It Low (feat. Future)",
            "release_date": "2023-06-01",
            "genres": [
                "memphis hip hop",
                "rap",
                "southern hip hop",
                "tennessee hip hop",
                "trap",
                "atl hip hop",
                "hip hop",
                "rap",
                "southern hip hop",
                "trap"
            ],
            "duration": 142452,
            "acousticness": 0.0168,
            "danceability": 8.074,
            "instrumentalness": 0,
            "liveness": 0.174,
            "loudness": -4.644,
            "speechiness": 0.096,
            "time_signature": 4,
            "happiness": 2.368
        }
    },
    {
        "#": 4,
        "Track Title": "Area Codes",
        "Artist": "Kali",
        "Key": "3B",
        "Energy": 4.492,
        "Popularity": 8.92,
        "BPM": 77,
        "DJ Play Count": 0,
        "Rating": "*******",
        "My Tag": [
            "Fight & Fog",
            "2020s"
        ],
        "Additional Info": {
            "id": "7sliFe6W30tPBPh6dvZsIH",
            "explicit": true,
            "album": "Area Codes",
            "release_date": "2023-03-17",
            "genres": [],
            "duration": 139326,
            "acousticness": 0.0187,
            "danceability": 8.407,
            "instrumentalness": 0,
            "liveness": 0.0876,
            "loudness": -10.867,
            "speechiness": 0.491,
            "time_signature": 4,
            "happiness": 5.563
        }
    },
    {
        "#": 5,
        "Track Title": "Princess Diana (with Nicki Minaj)",
        "Artist": "Ice Spice, Nicki Minaj",
        "Key": "11B",
        "Energy": 7.0840000000000005,
        "Popularity": 8.92,
        "BPM": 148,
        "DJ Play Count": 0,
        "Rating": "*******",
        "My Tag": [
            "Fight & Fog",
            "2020s",
            "Hip Hop",
            "Happy"
        ],
        "Additional Info": {
            "id": "0ZxhtATQ0a6EvQNZ0z6NKV",
            "explicit": true,
            "album": "Princess Diana (with Nicki Minaj)",
            "release_date": "2023-04-14",
            "genres": [
                "bronx drill",
                "hip pop",
                "pop",
                "queens hip hop",
                "rap"
            ],
            "duration": 172125,
            "acousticness": 0.14,
            "danceability": 9.082,
            "instrumentalness": 0,
            "liveness": 0.101,
            "loudness": -5.196,
            "speechiness": 0.187,
            "time_signature": 4,
            "happiness": 7.678
        }
    },
    {
        "#": 6,
        "Track Title": "UK Rap",
        "Artist": "Dave, Central Cee",
        "Key": "3B",
        "Energy": 7.138000000000001,
        "Popularity": 4.96,
        "BPM": 140,
        "DJ Play Count": 0,
        "Rating": "*******",
        "My Tag": [
            "Fight & Fog",
            "2020s",
            "Happy"
        ],
        "Additional Info": {
            "id": "2VjOTvl50tscmc0RDjPdr2",
            "explicit": true,
            "album": "Split Decision",
            "release_date": "2023-06-04",
            "genres": [
                "uk hip hop",
                "melodic drill"
            ],
            "duration": 198027,
            "acousticness": 0.339,
            "danceability": 9.280000000000001,
            "instrumentalness": 2.08e-06,
            "liveness": 0.112,
            "loudness": -4.82,
            "speechiness": 0.368,
            "time_signature": 4,
            "happiness": 7.273
        }
    },
    {
        "#": 7,
        "Track Title": "Freestyle",
        "Artist": "Lil Baby",
        "Key": "10A",
        "Energy": 5.6530000000000005,
        "Popularity": 8.649999999999999,
        "BPM": 120,
        "DJ Play Count": 0,
        "Rating": "*******",
        "My Tag": [
            "Fight & Fog",
            "2010s",
            "Hip Hop"
        ],
        "Additional Info": {
            "id": "5BbdKBZO0TH0GhfxUfyhL9",
            "explicit": true,
            "album": "Too Hard",
            "release_date": "2017-12-01",
            "genres": [
                "atl hip hop",
                "atl trap",
                "rap",
                "trap"
            ],
            "duration": 162053,
            "acousticness": 0.217,
            "danceability": 8.893,
            "instrumentalness": 0,
            "liveness": 0.143,
            "loudness": -5.426,
            "speechiness": 0.0706,
            "time_signature": 4,
            "happiness": 3.295
        }
    },
    {
        "#": 8,
        "Track Title": "Runnin",
        "Artist": "21 Savage, Metro Boomin",
        "Key": "6A",
        "Energy": 6.634,
        "Popularity": 8.559999999999999,
        "BPM": 143,
        "DJ Play Count": 0,
        "Rating": "*******",
        "My Tag": [
            "Fight & Fog",
            "2020s",
            "Hip Hop"
        ],
        "Additional Info": {
            "id": "5SWnsxjhdcEDc7LJjq9UHk",
            "explicit": true,
            "album": "SAVAGE MODE II",
            "release_date": "2020-10-02",
            "genres": [
                "atl hip hop",
                "hip hop",
                "rap",
                "trap",
                "rap"
            ],
            "duration": 195906,
            "acousticness": 0.00748,
            "danceability": 8.370999999999999,
            "instrumentalness": 0.101,
            "liveness": 0.167,
            "loudness": -4.574,
            "speechiness": 0.202,
            "time_signature": 4,
            "happiness": 4.734999999999999
        }
    },
    {
        "#": 9,
        "Track Title": "Pull Up (feat. 21 Savage)",
        "Artist": "Toosii, 21 Savage",
        "Key": "3B",
        "Energy": 5.689,
        "Popularity": 6.8500000000000005,
        "BPM": 125,
        "DJ Play Count": 0,
        "Rating": "*******",
        "My Tag": [
            "Fight & Fog",
            "2020s",
            "Hip Hop"
        ],
        "Additional Info": {
            "id": "4EzkcqltSOxYE2lstuLOFs",
            "explicit": true,
            "album": "NAUJOUR",
            "release_date": "2023-06-02",
            "genres": [
                "north carolina hip hop",
                "atl hip hop",
                "hip hop",
                "rap",
                "trap"
            ],
            "duration": 133000,
            "acousticness": 0.195,
            "danceability": 9.450999999999999,
            "instrumentalness": 0,
            "liveness": 0.201,
            "loudness": -7.468,
            "speechiness": 0.379,
            "time_signature": 4,
            "happiness": 5.635
        }
    },
    {
        "#": 10,
        "Track Title": "Niagara Falls (Foot or 2) [with Travis Scott & 21 Savage]",
        "Artist": "Metro Boomin, Travis Scott, 21 Savage",
        "Key": "10B",
        "Energy": 6.922000000000001,
        "Popularity": 8.559999999999999,
        "BPM": 88,
        "DJ Play Count": 0,
        "Rating": "*******",
        "My Tag": [
            "Fight & Fog",
            "2020s",
            "Hip Hop"
        ],
        "Additional Info": {
            "id": "4WuOWVnAqvEQxgSRrspBgt",
            "explicit": true,
            "album": "HEROES & VILLAINS",
            "release_date": "2022-12-02",
            "genres": [
                "rap",
                "hip hop",
                "rap",
                "slap house",
                "atl hip hop",
                "hip hop",
                "rap",
                "trap"
            ],
            "duration": 207307,
            "acousticness": 0.189,
            "danceability": 7.039000000000001,
            "instrumentalness": 8.66e-05,
            "liveness": 0.147,
            "loudness": -5.567,
            "speechiness": 0.309,
            "time_signature": 4,
            "happiness": 3.313
        }
    },
    {
        "#": 11,
        "Track Title": "Dior",
        "Artist": "Pop Smoke",
        "Key": "9B",
        "Energy": 8.245000000000001,
        "Popularity": 8.469999999999999,
        "BPM": 142,
        "DJ Play Count": 0,
        "Rating": "*******",
        "My Tag": [
            "Fight & Fog",
            "2010s",
            "Hip Hop"
        ],
        "Additional Info": {
            "id": "79s5XnCN4TJKTVMSmOx8Ep",
            "explicit": true,
            "album": "Meet The Woo",
            "release_date": "2019-07-26",
            "genres": [
                "brooklyn drill",
                "rap"
            ],
            "duration": 216387,
            "acousticness": 0.212,
            "danceability": 5.932,
            "instrumentalness": 0.000389,
            "liveness": 0.408,
            "loudness": -5.732,
            "speechiness": 0.351,
            "time_signature": 4,
            "happiness": 6.832
        }
    },
    {
        "#": 12,
        "Track Title": "Red Ruby Da Sleeze",
        "Artist": "Nicki Minaj",
        "Key": "3B",
        "Energy": 7.5969999999999995,
        "Popularity": 8.379999999999999,
        "BPM": 98,
        "DJ Play Count": 0,
        "Rating": "*******",
        "My Tag": [
            "Fight & Fog",
            "2020s",
            "Hip Hop"
        ],
        "Additional Info": {
            "id": "4ZYAU4A2YBtlNdqOUtc7T2",
            "explicit": true,
            "album": "Red Ruby Da Sleeze",
            "release_date": "2023-03-03",
            "genres": [
                "hip pop",
                "pop",
                "queens hip hop",
                "rap"
            ],
            "duration": 214445,
            "acousticness": 0.115,
            "danceability": 7.263999999999999,
            "instrumentalness": 0,
            "liveness": 0.111,
            "loudness": -6.181,
            "speechiness": 0.256,
            "time_signature": 4,
            "happiness": 3.6279999999999997
        }
    },
    {
        "#": 13,
        "Track Title": "Put It On Da Floor Again (feat. Cardi B)",
        "Artist": "Latto, Cardi B",
        "Key": "3B",
        "Energy": 6.526,
        "Popularity": 7.12,
        "BPM": 111,
        "DJ Play Count": 0,
        "Rating": "*******",
        "My Tag": [
            "Fight & Fog",
            "2020s",
            "Hip Hop"
        ],
        "Additional Info": {
            "id": "6c6WmIHcHlhccEwSFBhzNa",
            "explicit": true,
            "album": "Put It On Da Floor Again (feat. Cardi B)",
            "release_date": "2023-06-02",
            "genres": [
                "trap queen",
                "pop",
                "rap"
            ],
            "duration": 185748,
            "acousticness": 0.0282,
            "danceability": 8.641,
            "instrumentalness": 0,
            "liveness": 0.0603,
            "loudness": -7.323,
            "speechiness": 0.317,
            "time_signature": 5,
            "happiness": 5.247999999999999
        }
    },
    {
        "#": 14,
        "Track Title": "SHAKE SUMN",
        "Artist": "DaBaby",
        "Key": "1A",
        "Energy": 7.912,
        "Popularity": 8.2,
        "BPM": 143,
        "DJ Play Count": 0,
        "Rating": "*******",
        "My Tag": [
            "Fight & Fog",
            "2020s",
            "Hip Hop"
        ],
        "Additional Info": {
            "id": "3FhZPYvMGSjFc6boVYKlCv",
            "explicit": true,
            "album": "CALL DA FIREMAN",
            "release_date": "2023-05-05",
            "genres": [
                "hip hop",
                "north carolina hip hop",
                "rap"
            ],
            "duration": 124806,
            "acousticness": 0.00198,
            "danceability": 8.047,
            "instrumentalness": 0,
            "liveness": 0.171,
            "loudness": -8.471,
            "speechiness": 0.157,
            "time_signature": 4,
            "happiness": 3.403
        }
    },
    {
        "#": 15,
        "Track Title": "Circo Loco",
        "Artist": "Drake, 21 Savage",
        "Key": "3B",
        "Energy": 6.445,
        "Popularity": 8.11,
        "BPM": 104,
        "DJ Play Count": 0,
        "Rating": "*******",
        "My Tag": [
            "Fight & Fog",
            "2020s",
            "Hip Hop",
            "Pop"
        ],
        "Additional Info": {
            "id": "7GeTsDIc5ykNB6lORO6Cee",
            "explicit": true,
            "album": "Her Loss",
            "release_date": "2022-11-04",
            "genres": [
                "canadian hip hop",
                "canadian pop",
                "hip hop",
                "rap",
                "toronto rap",
                "atl hip hop",
                "hip hop",
                "rap",
                "trap"
            ],
            "duration": 236795,
            "acousticness": 0.0102,
            "danceability": 7.606,
            "instrumentalness": 0,
            "liveness": 0.317,
            "loudness": -8.476,
            "speechiness": 0.0699,
            "time_signature": 4,
            "happiness": 3.268
        }
    },
    {
        "#": 16,
        "Track Title": "EVERY CHANCE I GET (feat. Lil Baby & Lil Durk)",
        "Artist": "DJ Khaled, Lil Baby, Lil Durk",
        "Key": "10B",
        "Energy": 7.543,
        "Popularity": 8.11,
        "BPM": 75,
        "DJ Play Count": 0,
        "Rating": "*******",
        "My Tag": [
            "Fight & Fog",
            "2020s",
            "Hip Hop",
            "Pop"
        ],
        "Additional Info": {
            "id": "1EJIcDYXwSqipW5dFe4uJz",
            "explicit": true,
            "album": "KHALED KHALED",
            "release_date": "2021-04-30",
            "genres": [
                "hip hop",
                "miami hip hop",
                "pop rap",
                "rap",
                "atl hip hop",
                "atl trap",
                "rap",
                "trap",
                "chicago drill",
                "chicago rap",
                "drill",
                "hip hop",
                "rap",
                "trap"
            ],
            "duration": 236524,
            "acousticness": 0.000866,
            "danceability": 5.293,
            "instrumentalness": 0,
            "liveness": 0.108,
            "loudness": -4.053,
            "speechiness": 0.286,
            "time_signature": 4,
            "happiness": 3.043
        }
    },
    {
        "#": 17,
        "Track Title": "Go Hard",
        "Artist": "Lil Baby",
        "Key": "2A",
        "Energy": 6.228999999999999,
        "Popularity": 8.469999999999999,
        "BPM": 142,
        "DJ Play Count": 0,
        "Rating": "*******",
        "My Tag": [
            "Fight & Fog",
            "2020s",
            "Hip Hop"
        ],
        "Additional Info": {
            "id": "1IzJxbARcQrOWMZgPw1PNj",
            "explicit": true,
            "album": "Go Hard",
            "release_date": "2023-05-03",
            "genres": [
                "atl hip hop",
                "atl trap",
                "rap",
                "trap"
            ],
            "duration": 217610,
            "acousticness": 0.0178,
            "danceability": 8.641,
            "instrumentalness": 0,
            "liveness": 0.092,
            "loudness": -5.464,
            "speechiness": 0.261,
            "time_signature": 4,
            "happiness": 3.466
        }
    },
    {
        "#": 18,
        "Track Title": "family ties (with Kendrick Lamar)",
        "Artist": "Baby Keem, Kendrick Lamar",
        "Key": "3B",
        "Energy": 6.499,
        "Popularity": 8.02,
        "BPM": 134,
        "DJ Play Count": 0,
        "Rating": "*******",
        "My Tag": [
            "Fight & Fog",
            "2020s",
            "Hip Hop"
        ],
        "Additional Info": {
            "id": "7Bpx2vsWfQFBACRz4h3IqH",
            "explicit": true,
            "album": "family ties (with Kendrick Lamar)",
            "release_date": "2021-08-27",
            "genres": [
                "hip hop",
                "rap",
                "conscious hip hop",
                "hip hop",
                "rap",
                "west coast rap"
            ],
            "duration": 252070,
            "acousticness": 0.00575,
            "danceability": 7.399,
            "instrumentalness": 0,
            "liveness": 0.231,
            "loudness": -5.453,
            "speechiness": 0.329,
            "time_signature": 4,
            "happiness": 2.296
        }
    },
    {
        "#": 19,
        "Track Title": "Motley Crew",
        "Artist": "Post Malone",
        "Key": "5A",
        "Energy": 6.679,
        "Popularity": 7.93,
        "BPM": 130,
        "DJ Play Count": 0,
        "Rating": "*******",
        "My Tag": [
            "Fight & Fog",
            "2020s",
            "Hip Hop"
        ],
        "Additional Info": {
            "id": "40uMIn2zJLAQhNXghRjBed",
            "explicit": true,
            "album": "Motley Crew",
            "release_date": "2021-07-09",
            "genres": [
                "dfw rap",
                "melodic rap",
                "pop",
                "rap"
            ],
            "duration": 184213,
            "acousticness": 0.0904,
            "danceability": 8.173,
            "instrumentalness": 3.71e-06,
            "liveness": 0.0998,
            "loudness": -3.818,
            "speechiness": 0.0786,
            "time_signature": 4,
            "happiness": 3.5919999999999996
        }
    },
    {
        "#": 20,
        "Track Title": "Go Stupid",
        "Artist": "Polo G, Stunna 4 Vegas, NLE Choppa, Mike WiLL Made-It",
        "Key": "3B",
        "Energy": 8.497,
        "Popularity": 7.84,
        "BPM": 141,
        "DJ Play Count": 0,
        "Rating": "*******",
        "My Tag": [
            "Fight & Fog",
            "2020s",
            "Hip Hop"
        ],
        "Additional Info": {
            "id": "4PklAHGXT5ityno3IA8SKd",
            "explicit": true,
            "album": "THE GOAT",
            "release_date": "2020-05-15",
            "genres": [
                "chicago rap",
                "rap",
                "north carolina hip hop",
                "trap",
                "memphis hip hop",
                "rap",
                "atl hip hop",
                "rap",
                "southern hip hop",
                "trap"
            ],
            "duration": 165726,
            "acousticness": 0.0277,
            "danceability": 9.280000000000001,
            "instrumentalness": 0,
            "liveness": 0.0596,
            "loudness": -3.18,
            "speechiness": 0.253,
            "time_signature": 4,
            "happiness": 6.805
        }
    },
    {
        "#": 21,
        "Track Title": "Same Side (feat. Rob49)",
        "Artist": "Lil Durk, Rob49",
        "Key": "11B",
        "Energy": 7.236999999999999,
        "Popularity": 7.84,
        "BPM": 80,
        "DJ Play Count": 0,
        "Rating": "*******",
        "My Tag": [
            "Fight & Fog",
            "2020s",
            "Hip Hop",
            "Fight & Fog"
        ],
        "Additional Info": {
            "id": "2JNaqjOm7jHePMdr6WIadg",
            "explicit": true,
            "album": "Almost Healed",
            "release_date": "2023-05-26",
            "genres": [
                "chicago drill",
                "chicago rap",
                "drill",
                "hip hop",
                "rap",
                "trap"
            ],
            "duration": 153741,
            "acousticness": 7.46e-05,
            "danceability": 6.526,
            "instrumentalness": 1.48e-05,
            "liveness": 0.1,
            "loudness": -5.983,
            "speechiness": 0.13,
            "time_signature": 4,
            "happiness": 1.6282
        }
    },
    {
        "#": 22,
        "Track Title": "Ramen & OJ",
        "Artist": "Joyner Lucas, Lil Baby",
        "Key": "3A",
        "Energy": 6.138999999999999,
        "Popularity": 7.84,
        "BPM": 106,
        "DJ Play Count": 0,
        "Rating": "*******",
        "My Tag": [
            "Fight & Fog",
            "2020s",
            "Hip Hop",
            "Pop"
        ],
        "Additional Info": {
            "id": "4TIqzdAssasqx3DAe6cG9J",
            "explicit": true,
            "album": "Ramen & OJ",
            "release_date": "2021-04-30",
            "genres": [
                "boston hip hop",
                "hip hop",
                "pop rap",
                "rap",
                "atl hip hop",
                "atl trap",
                "rap",
                "trap"
            ],
            "duration": 218448,
            "acousticness": 0.492,
            "danceability": 6.372999999999999,
            "instrumentalness": 0,
            "liveness": 0.093,
            "loudness": -6.205,
            "speechiness": 0.293,
            "time_signature": 3,
            "happiness": 2.4850000000000003
        }
    },
    {
        "#": 23,
        "Track Title": "Super Gremlin",
        "Artist": "Kodak Black",
        "Key": "10B",
        "Energy": 4.726,
        "Popularity": 7.75,
        "BPM": 73,
        "DJ Play Count": 0,
        "Rating": "*******",
        "My Tag": [
            "Fight & Fog",
            "2020s",
            "Hip Hop"
        ],
        "Additional Info": {
            "id": "4A8cWXxKfIL3lAyUDzXbCF",
            "explicit": true,
            "album": "Sniper Gang Presents Syko Bob & Snapkatt: Nightmare Babies",
            "release_date": "2021-10-30",
            "genres": [
                "florida drill",
                "florida rap",
                "melodic rap",
                "miami hip hop",
                "rap",
                "trap",
                "trap latino"
            ],
            "duration": 200548,
            "acousticness": 0.00265,
            "danceability": 8.425,
            "instrumentalness": 0,
            "liveness": 0.357,
            "loudness": -6.634,
            "speechiness": 0.144,
            "time_signature": 4,
            "happiness": 1.954
        }
    },
    {
        "#": 24,
        "Track Title": "WHATS POPPIN (feat. DaBaby, Tory Lanez & Lil Wayne) - Remix",
        "Artist": "Jack Harlow, Tory Lanez, DaBaby, Lil Wayne",
        "Key": "1A",
        "Energy": 7.507,
        "Popularity": 7.75,
        "BPM": 145,
        "DJ Play Count": 0,
        "Rating": "*******",
        "My Tag": [
            "Fight & Fog",
            "2020s",
            "Hip Hop",
            "Pop",
            "Happy"
        ],
        "Additional Info": {
            "id": "2MbdDtCv5LUVjYy9RuGTgC",
            "explicit": true,
            "album": "WHATS POPPIN (feat. DaBaby, Tory Lanez & Lil Wayne) [Remix]",
            "release_date": "2020-06-24",
            "genres": [
                "deep underground hip hop",
                "kentucky hip hop",
                "pop rap",
                "rap",
                "canadian hip hop",
                "canadian trap",
                "melodic rap",
                "r&b",
                "rap",
                "toronto rap",
                "trap",
                "hip hop",
                "north carolina hip hop",
                "rap",
                "hip hop",
                "new orleans rap",
                "pop rap",
                "rap",
                "trap"
            ],
            "duration": 227478,
            "acousticness": 0.0631,
            "danceability": 9.136000000000001,
            "instrumentalness": 0,
            "liveness": 0.185,
            "loudness": -5.224,
            "speechiness": 0.26,
            "time_signature": 4,
            "happiness": 8.515
        }
    },
    {
        "#": 25,
        "Track Title": "Look Alive (feat. Drake)",
        "Artist": "BlocBoy JB, Drake",
        "Key": "6B",
        "Energy": 6.22,
        "Popularity": 7.75,
        "BPM": 140,
        "DJ Play Count": 0,
        "Rating": "*******",
        "My Tag": [
            "Fight & Fog",
            "2010s",
            "Hip Hop",
            "Pop"
        ],
        "Additional Info": {
            "id": "6HJ34Zyw6bg8yGm28AxLXf",
            "explicit": true,
            "album": "Simi",
            "release_date": "2018-05-04",
            "genres": [
                "memphis hip hop",
                "rap",
                "southern hip hop",
                "tennessee hip hop",
                "trap",
                "canadian hip hop",
                "canadian pop",
                "hip hop",
                "rap",
                "toronto rap"
            ],
            "duration": 181415,
            "acousticness": 0.00108,
            "danceability": 9.262,
            "instrumentalness": 6.12e-05,
            "liveness": 0.106,
            "loudness": -7.501,
            "speechiness": 0.322,
            "time_signature": 4,
            "happiness": 6.499
        }
    },
    {
        "#": 26,
        "Track Title": "Taste (feat. Offset)",
        "Artist": "Tyga, Offset",
        "Key": "8B",
        "Energy": 6.5169999999999995,
        "Popularity": 7.75,
        "BPM": 98,
        "DJ Play Count": 0,
        "Rating": "*******",
        "My Tag": [
            "Fight & Fog",
            "2010s",
            "Hip Hop",
            "Pop"
        ],
        "Additional Info": {
            "id": "2toVe5hfuIi97ytDPDbQFt",
            "explicit": true,
            "album": "Legendary",
            "release_date": "2019-06-07",
            "genres": [
                "hip hop",
                "pop rap",
                "rap",
                "trap",
                "atl hip hop",
                "rap",
                "trap"
            ],
            "duration": 229210,
            "acousticness": 0.0293,
            "danceability": 8.794,
            "instrumentalness": 0,
            "liveness": 0.104,
            "loudness": -6.385,
            "speechiness": 0.151,
            "time_signature": 4,
            "happiness": 4.231
        }
    },
    {
        "#": 27,
        "Track Title": "BackOutsideBoyz",
        "Artist": "Drake",
        "Key": "7A",
        "Energy": 4.897,
        "Popularity": 7.66,
        "BPM": 142,
        "DJ Play Count": 0,
        "Rating": "*******",
        "My Tag": [
            "Fight & Fog",
            "2020s",
            "Hip Hop",
            "Pop"
        ],
        "Additional Info": {
            "id": "0wshkEEcJUQU33RSRBb5dv",
            "explicit": true,
            "album": "Her Loss",
            "release_date": "2022-11-04",
            "genres": [
                "canadian hip hop",
                "canadian pop",
                "hip hop",
                "rap",
                "toronto rap"
            ],
            "duration": 152962,
            "acousticness": 0.0407,
            "danceability": 8.641,
            "instrumentalness": 0,
            "liveness": 0.388,
            "loudness": -8.434,
            "speechiness": 0.316,
            "time_signature": 4,
            "happiness": 4.555
        }
    },
    {
        "#": 28,
        "Track Title": "Up",
        "Artist": "Cardi B",
        "Key": "1B",
        "Energy": 8.155000000000001,
        "Popularity": 7.57,
        "BPM": 83,
        "DJ Play Count": 0,
        "Rating": "*******",
        "My Tag": [
            "Fight & Fog",
            "2020s",
            "Hip Hop",
            "Happy"
        ],
        "Additional Info": {
            "id": "1XXimziG1uhM0eDNCZCrUl",
            "explicit": true,
            "album": "Up",
            "release_date": "2021-02-05",
            "genres": [
                "pop",
                "rap"
            ],
            "duration": 156945,
            "acousticness": 0.0012,
            "danceability": 8.812000000000001,
            "instrumentalness": 0.0193,
            "liveness": 0.0461,
            "loudness": -6.044,
            "speechiness": 0.269,
            "time_signature": 4,
            "happiness": 8.370999999999999
        }
    },
    {
        "#": 29,
        "Track Title": "Not Finished",
        "Artist": "Lil Baby",
        "Key": "3B",
        "Energy": 5.716,
        "Popularity": 7.4799999999999995,
        "BPM": 142,
        "DJ Play Count": 0,
        "Rating": "*******",
        "My Tag": [
            "Fight & Fog",
            "2020s",
            "Hip Hop"
        ],
        "Additional Info": {
            "id": "2A0G0bPmlkUXUbvWqrAXzg",
            "explicit": true,
            "album": "It's Only Me",
            "release_date": "2022-10-14",
            "genres": [
                "atl hip hop",
                "atl trap",
                "rap",
                "trap"
            ],
            "duration": 163454,
            "acousticness": 0.0123,
            "danceability": 8.065000000000001,
            "instrumentalness": 0,
            "liveness": 0.365,
            "loudness": -7.004,
            "speechiness": 0.122,
            "time_signature": 4,
            "happiness": 1.7695
        }
    },
    {
        "#": 30,
        "Track Title": "Dua Lipa",
        "Artist": "Jack Harlow",
        "Key": "1B",
        "Energy": 6.868,
        "Popularity": 7.75,
        "BPM": 79,
        "DJ Play Count": 0,
        "Rating": "*******",
        "My Tag": [
            "Fight & Fog",
            "2020s",
            "Hip Hop",
            "Pop"
        ],
        "Additional Info": {
            "id": "0LnS7aOdOdI1dNKZqdOLz4",
            "explicit": true,
            "album": "Come Home The Kids Miss You",
            "release_date": "2022-05-06",
            "genres": [
                "deep underground hip hop",
                "kentucky hip hop",
                "pop rap",
                "rap"
            ],
            "duration": 135053,
            "acousticness": 0.00161,
            "danceability": 8.497,
            "instrumentalness": 0.0985,
            "liveness": 0.106,
            "loudness": -6.942,
            "speechiness": 0.0762,
            "time_signature": 4,
            "happiness": 4.6450000000000005
        }
    },
    {
        "#": 31,
        "Track Title": "Blackout",
        "Artist": "Joyner Lucas, Future",
        "Key": "3A",
        "Energy": 5.239,
        "Popularity": 7.75,
        "BPM": 76,
        "DJ Play Count": 0,
        "Rating": "*******",
        "My Tag": [
            "Fight & Fog",
            "2020s",
            "Hip Hop",
            "Pop"
        ],
        "Additional Info": {
            "id": "0B0Xu2ih8fWpcwyxAt1c7m",
            "explicit": true,
            "album": "Blackout",
            "release_date": "2023-04-07",
            "genres": [
                "boston hip hop",
                "hip hop",
                "pop rap",
                "rap",
                "atl hip hop",
                "hip hop",
                "rap",
                "southern hip hop",
                "trap"
            ],
            "duration": 196569,
            "acousticness": 0.012,
            "danceability": 8.299,
            "instrumentalness": 0,
            "liveness": 0.0951,
            "loudness": -7.125,
            "speechiness": 0.32,
            "time_signature": 4,
            "happiness": 4.734999999999999
        }
    },
    {
        "#": 32,
        "Track Title": "Mad Max",
        "Artist": "Lil Durk, Future",
        "Key": "7A",
        "Energy": 6.76,
        "Popularity": 7.57,
        "BPM": 150,
        "DJ Play Count": 0,
        "Rating": "*******",
        "My Tag": [
            "Fight & Fog",
            "2020s",
            "Hip Hop",
            "Happy"
        ],
        "Additional Info": {
            "id": "2i2qDe3dnTl6maUE31FO7c",
            "explicit": true,
            "album": "Lil Durk Presents: Loyal Bros 2",
            "release_date": "2022-12-16",
            "genres": [
                "chicago drill",
                "chicago rap",
                "drill",
                "hip hop",
                "rap",
                "trap",
                "atl hip hop",
                "hip hop",
                "rap",
                "southern hip hop",
                "trap"
            ],
            "duration": 153600,
            "acousticness": 0.0212,
            "danceability": 9.082,
            "instrumentalness": 0,
            "liveness": 0.0919,
            "loudness": -8.796,
            "speechiness": 0.255,
            "time_signature": 4,
            "happiness": 7.12
        }
    },
    {
        "#": 33,
        "Track Title": "Never Sleep (with Lil Baby feat. Travis Scott)",
        "Artist": "NAV, Lil Baby, Travis Scott",
        "Key": "3B",
        "Energy": 6.859,
        "Popularity": 7.4799999999999995,
        "BPM": 140,
        "DJ Play Count": 0,
        "Rating": "*******",
        "My Tag": [
            "Fight & Fog",
            "2020s",
            "Hip Hop"
        ],
        "Additional Info": {
            "id": "3GdWfmQBiiJrDUvSZS1bGv",
            "explicit": true,
            "album": "Never Sleep",
            "release_date": "2022-07-29",
            "genres": [
                "canadian hip hop",
                "canadian trap",
                "melodic rap",
                "rap",
                "toronto rap",
                "trap",
                "atl hip hop",
                "atl trap",
                "rap",
                "trap",
                "hip hop",
                "rap",
                "slap house"
            ],
            "duration": 185786,
            "acousticness": 0.00639,
            "danceability": 8.370999999999999,
            "instrumentalness": 0,
            "liveness": 0.122,
            "loudness": -5.829,
            "speechiness": 0.169,
            "time_signature": 4,
            "happiness": 5.509
        }
    },
    {
        "#": 34,
        "Track Title": "Back in Blood (feat. Lil Durk)",
        "Artist": "Pooh Shiesty, Lil Durk",
        "Key": "4A",
        "Energy": 5.8420000000000005,
        "Popularity": 7.4799999999999995,
        "BPM": 147,
        "DJ Play Count": 0,
        "Rating": "*******",
        "My Tag": [
            "Fight & Fog",
            "2020s",
            "Hip Hop",
            "Happy"
        ],
        "Additional Info": {
            "id": "7FGdjbZ32vMybPuP0IuE7d",
            "explicit": true,
            "album": "Shiesty Season",
            "release_date": "2021-02-05",
            "genres": [
                "memphis hip hop",
                "tennessee hip hop",
                "chicago drill",
                "chicago rap",
                "drill",
                "hip hop",
                "rap",
                "trap"
            ],
            "duration": 184490,
            "acousticness": 0.151,
            "danceability": 7.831,
            "instrumentalness": 0,
            "liveness": 0.126,
            "loudness": -8.256,
            "speechiness": 0.384,
            "time_signature": 4,
            "happiness": 8.479
        }
    },
    {
        "#": 35,
        "Track Title": "No Friends In The Industry",
        "Artist": "Drake",
        "Key": "3B",
        "Energy": 7.696,
        "Popularity": 7.66,
        "BPM": 84,
        "DJ Play Count": 0,
        "Rating": "*******",
        "My Tag": [
            "Fight & Fog",
            "2020s",
            "Hip Hop",
            "Pop",
            "Fight & Fog"
        ],
        "Additional Info": {
            "id": "2tUL6dZf1mywCj5WvCPZw6",
            "explicit": true,
            "album": "Certified Lover Boy",
            "release_date": "2021-09-03",
            "genres": [
                "canadian hip hop",
                "canadian pop",
                "hip hop",
                "rap",
                "toronto rap"
            ],
            "duration": 204347,
            "acousticness": 0.0181,
            "danceability": 8.559999999999999,
            "instrumentalness": 0,
            "liveness": 0.629,
            "loudness": -4.751,
            "speechiness": 0.113,
            "time_signature": 4,
            "happiness": 2.539
        }
    },
    {
        "#": 36,
        "Track Title": "Time Today",
        "Artist": "Moneybagg Yo",
        "Key": "3B",
        "Energy": 6.4719999999999995,
        "Popularity": 7.4799999999999995,
        "BPM": 137,
        "DJ Play Count": 0,
        "Rating": "*******",
        "My Tag": [
            "Fight & Fog",
            "2020s",
            "Hip Hop"
        ],
        "Additional Info": {
            "id": "0YrKSfpvflYnLSBd4Jtu6J",
            "explicit": true,
            "album": "A Gangsta’s Pain",
            "release_date": "2021-04-23",
            "genres": [
                "memphis hip hop",
                "rap",
                "southern hip hop",
                "tennessee hip hop",
                "trap"
            ],
            "duration": 136900,
            "acousticness": 0.0458,
            "danceability": 9.208,
            "instrumentalness": 0,
            "liveness": 0.248,
            "loudness": -7.686,
            "speechiness": 0.397,
            "time_signature": 4,
            "happiness": 3.943
        }
    },
    {
        "#": 37,
        "Track Title": "Bops",
        "Artist": "Coi Leray",
        "Key": "1A",
        "Energy": 6.5169999999999995,
        "Popularity": 7.4799999999999995,
        "BPM": 100,
        "DJ Play Count": 0,
        "Rating": "*******",
        "My Tag": [
            "Fight & Fog",
            "2020s"
        ],
        "Additional Info": {
            "id": "72vMwCjJuRRa1r0bhFBbE1",
            "explicit": true,
            "album": "Bops",
            "release_date": "2023-04-27",
            "genres": [
                "new jersey underground rap",
                "trap queen"
            ],
            "duration": 128667,
            "acousticness": 0.0312,
            "danceability": 9.442,
            "instrumentalness": 0.000162,
            "liveness": 0.0982,
            "loudness": -7.959,
            "speechiness": 0.22,
            "time_signature": 4,
            "happiness": 3.475
        }
    },
    {
        "#": 38,
        "Track Title": "Bubbly (with Drake & Travis Scott)",
        "Artist": "Young Thug, Drake, Travis Scott",
        "Key": "1A",
        "Energy": 6.265,
        "Popularity": 7.4799999999999995,
        "BPM": 129,
        "DJ Play Count": 0,
        "Rating": "*******",
        "My Tag": [
            "Fight & Fog",
            "2020s",
            "Hip Hop",
            "Pop"
        ],
        "Additional Info": {
            "id": "4KDNRh9Oor80z3XIxdWlui",
            "explicit": true,
            "album": "Punk",
            "release_date": "2021-10-15",
            "genres": [
                "atl hip hop",
                "atl trap",
                "gangster rap",
                "melodic rap",
                "rap",
                "trap",
                "canadian hip hop",
                "canadian pop",
                "hip hop",
                "rap",
                "toronto rap",
                "hip hop",
                "rap",
                "slap house"
            ],
            "duration": 165067,
            "acousticness": 0.0536,
            "danceability": 9.19,
            "instrumentalness": 0,
            "liveness": 0.127,
            "loudness": -7.572,
            "speechiness": 0.257,
            "time_signature": 4,
            "happiness": 6.391
        }
    },
    {
        "#": 39,
        "Track Title": "Sleazy Flow (with Lil Baby) - Remix",
        "Artist": "SleazyWorld Go, Lil Baby",
        "Key": "10B",
        "Energy": 3.682,
        "Popularity": 7.4799999999999995,
        "BPM": 77,
        "DJ Play Count": 0,
        "Rating": "*******",
        "My Tag": [
            "Fight & Fog",
            "2020s",
            "Hip Hop",
            "Mad",
            "Calm"
        ],
        "Additional Info": {
            "id": "5cx7vkF8BQ0iOsVpfvZbnz",
            "explicit": true,
            "album": "Sleazy Flow (Remix)",
            "release_date": "2022-05-26",
            "genres": [
                "atl hip hop",
                "atl trap",
                "rap",
                "trap"
            ],
            "duration": 161355,
            "acousticness": 0.2,
            "danceability": 8.821,
            "instrumentalness": 0,
            "liveness": 0.0753,
            "loudness": -12.076,
            "speechiness": 0.386,
            "time_signature": 4,
            "happiness": 2.602
        }
    },
    {
        "#": 40,
        "Track Title": "Honey Bun",
        "Artist": "Quavo",
        "Key": "3A",
        "Energy": 7.183000000000001,
        "Popularity": 7.4799999999999995,
        "BPM": 76,
        "DJ Play Count": 0,
        "Rating": "*******",
        "My Tag": [
            "Fight & Fog",
            "2020s",
            "Hip Hop"
        ],
        "Additional Info": {
            "id": "0oWL7FTlaA1YtsRRuiF4Xs",
            "explicit": true,
            "album": "Honey Bun",
            "release_date": "2023-03-31",
            "genres": [
                "atl hip hop",
                "melodic rap",
                "rap",
                "trap"
            ],
            "duration": 134667,
            "acousticness": 0.0171,
            "danceability": 7.768,
            "instrumentalness": 0,
            "liveness": 0.127,
            "loudness": -5.801,
            "speechiness": 0.095,
            "time_signature": 4,
            "happiness": 3.394
        }
    },
    {
        "#": 41,
        "Track Title": "Right On",
        "Artist": "Lil Baby",
        "Key": "10B",
        "Energy": 6.562,
        "Popularity": 7.39,
        "BPM": 83,
        "DJ Play Count": 0,
        "Rating": "*******",
        "My Tag": [
            "Fight & Fog",
            "2020s",
            "Hip Hop"
        ],
        "Additional Info": {
            "id": "6ws54n2IzyrIxxyzlG2bVJ",
            "explicit": true,
            "album": "Right On",
            "release_date": "2022-04-08",
            "genres": [
                "atl hip hop",
                "atl trap",
                "rap",
                "trap"
            ],
            "duration": 213976,
            "acousticness": 0.0245,
            "danceability": 5.815,
            "instrumentalness": 0,
            "liveness": 0.103,
            "loudness": -5.668,
            "speechiness": 0.382,
            "time_signature": 4,
            "happiness": 2.899
        }
    },
    {
        "#": 42,
        "Track Title": "Nail Tech",
        "Artist": "Jack Harlow",
        "Key": "3B",
        "Energy": 6.013000000000001,
        "Popularity": 7.39,
        "BPM": 75,
        "DJ Play Count": 0,
        "Rating": "*******",
        "My Tag": [
            "Fight & Fog",
            "2020s",
            "Hip Hop",
            "Pop"
        ],
        "Additional Info": {
            "id": "62Yo3FDddWY8ydu6PW2wyz",
            "explicit": true,
            "album": "Nail Tech",
            "release_date": "2022-02-18",
            "genres": [
                "deep underground hip hop",
                "kentucky hip hop",
                "pop rap",
                "rap"
            ],
            "duration": 206385,
            "acousticness": 0.00508,
            "danceability": 7.093,
            "instrumentalness": 8.36e-06,
            "liveness": 0.0984,
            "loudness": -8.409,
            "speechiness": 0.0694,
            "time_signature": 4,
            "happiness": 1.9
        }
    },
    {
        "#": 43,
        "Track Title": "Ambition For Cash",
        "Artist": "Key Glock",
        "Key": "9A",
        "Energy": 7.588,
        "Popularity": 7.39,
        "BPM": 149,
        "DJ Play Count": 0,
        "Rating": "*******",
        "My Tag": [
            "Fight & Fog",
            "2020s",
            "Hip Hop"
        ],
        "Additional Info": {
            "id": "1tkipCYkIgti8f1tqjfcWe",
            "explicit": true,
            "album": "Ambition For Cash",
            "release_date": "2021-10-01",
            "genres": [
                "memphis hip hop",
                "tennessee hip hop",
                "trap"
            ],
            "duration": 143480,
            "acousticness": 0.0115,
            "danceability": 8.568999999999999,
            "instrumentalness": 2.18e-05,
            "liveness": 0.136,
            "loudness": -5.186,
            "speechiness": 0.19,
            "time_signature": 4,
            "happiness": 6.183999999999999
        }
    },
    {
        "#": 44,
        "Track Title": "Pound Town 2 (feat. Nicki Minaj & Tay Keith)",
        "Artist": "Sexyy Red, Nicki Minaj, Tay Keith",
        "Key": "10B",
        "Energy": 6.706,
        "Popularity": 7.39,
        "BPM": 89,
        "DJ Play Count": 0,
        "Rating": "*******",
        "My Tag": [
            "Fight & Fog",
            "2020s",
            "Hip Hop"
        ],
        "Additional Info": {
            "id": "6IEXjer2qbXhRLFv99NQQv",
            "explicit": true,
            "album": "Pound Town 2 (feat. Nicki Minaj & Tay Keith)",
            "release_date": "2023-05-26",
            "genres": [
                "trap queen",
                "hip pop",
                "pop",
                "queens hip hop",
                "rap",
                "memphis hip hop"
            ],
            "duration": 194048,
            "acousticness": 0.174,
            "danceability": 6.7330000000000005,
            "instrumentalness": 0,
            "liveness": 0.149,
            "loudness": -8.126,
            "speechiness": 0.426,
            "time_signature": 4,
            "happiness": 5.41
        }
    },
    {
        "#": 45,
        "Track Title": "Over The Top (feat. Drake)",
        "Artist": "Smiley, Drake",
        "Key": "6A",
        "Energy": 5.482,
        "Popularity": 7.39,
        "BPM": 140,
        "DJ Play Count": 0,
        "Rating": "*******",
        "My Tag": [
            "Fight & Fog",
            "2020s",
            "Hip Hop",
            "Pop"
        ],
        "Additional Info": {
            "id": "22ruOqBqBRiZDiXFud4OXa",
            "explicit": true,
            "album": "Buy or Bye 2",
            "release_date": "2021-11-12",
            "genres": [
                "canadian hip hop",
                "toronto rap",
                "canadian hip hop",
                "canadian pop",
                "hip hop",
                "rap",
                "toronto rap"
            ],
            "duration": 153406,
            "acousticness": 0.0493,
            "danceability": 8.497,
            "instrumentalness": 0,
            "liveness": 0.119,
            "loudness": -5.196,
            "speechiness": 0.117,
            "time_signature": 4,
            "happiness": 3.331
        }
    },
    {
        "#": 46,
        "Track Title": "AIN'T GONNA ANSWER",
        "Artist": "NLE Choppa, Lil Wayne",
        "Key": "6A",
        "Energy": 8.875,
        "Popularity": 7.39,
        "BPM": 95,
        "DJ Play Count": 0,
        "Rating": "*******",
        "My Tag": [
            "Fight & Fog",
            "2020s",
            "Hip Hop",
            "Pop",
            "Happy"
        ],
        "Additional Info": {
            "id": "2NV0mpU5YbyJXydzYPgw5O",
            "explicit": true,
            "album": "AIN'T GONNA ANSWER",
            "release_date": "2023-03-23",
            "genres": [
                "memphis hip hop",
                "rap",
                "hip hop",
                "new orleans rap",
                "pop rap",
                "rap",
                "trap"
            ],
            "duration": 187454,
            "acousticness": 0.0808,
            "danceability": 8.911,
            "instrumentalness": 0,
            "liveness": 0.327,
            "loudness": -1.868,
            "speechiness": 0.18,
            "time_signature": 4,
            "happiness": 7.867
        }
    },
    {
        "#": 47,
        "Track Title": "Hot Shit (feat. Ye & Lil Durk)",
        "Artist": "Cardi B, Kanye West, Lil Durk",
        "Key": "11B",
        "Energy": 7.165000000000001,
        "Popularity": 7.39,
        "BPM": 79,
        "DJ Play Count": 0,
        "Rating": "*******",
        "My Tag": [
            "Fight & Fog",
            "2020s",
            "Hip Hop"
        ],
        "Additional Info": {
            "id": "3uJFmluXzYedoJcvhpC1AW",
            "explicit": true,
            "album": "Hot Shit (feat. Ye & Lil Durk)",
            "release_date": "2022-07-01",
            "genres": [
                "pop",
                "rap",
                "chicago rap",
                "hip hop",
                "rap",
                "chicago drill",
                "chicago rap",
                "drill",
                "hip hop",
                "rap",
                "trap"
            ],
            "duration": 211649,
            "acousticness": 0.00152,
            "danceability": 8.902000000000001,
            "instrumentalness": 0,
            "liveness": 0.0753,
            "loudness": -5.28,
            "speechiness": 0.225,
            "time_signature": 4,
            "happiness": 5.707
        }
    },
    {
        "#": 48,
        "Track Title": "Rumors (feat. Lil Durk)",
        "Artist": "Gucci Mane, Lil Durk",
        "Key": "10B",
        "Energy": 8.578,
        "Popularity": 7.3,
        "BPM": 80,
        "DJ Play Count": 0,
        "Rating": "*******",
        "My Tag": [
            "Fight & Fog",
            "2020s",
            "Hip Hop"
        ],
        "Additional Info": {
            "id": "0P2P1AxcRYhiZvoF5MyRmM",
            "explicit": true,
            "album": "Rumors (feat. Lil Durk)",
            "release_date": "2022-01-25",
            "genres": [
                "atl hip hop",
                "dirty south rap",
                "hip hop",
                "rap",
                "southern hip hop",
                "trap",
                "chicago drill",
                "chicago rap",
                "drill",
                "hip hop",
                "rap",
                "trap"
            ],
            "duration": 185856,
            "acousticness": 0.0499,
            "danceability": 7.191999999999999,
            "instrumentalness": 0,
            "liveness": 0.241,
            "loudness": -4.211,
            "speechiness": 0.264,
            "time_signature": 4,
            "happiness": 4.744
        }
    },
    {
        "#": 49,
        "Track Title": "Lift Me Up",
        "Artist": "Tyga",
        "Key": "11B",
        "Energy": 5.806,
        "Popularity": 7.3,
        "BPM": 107,
        "DJ Play Count": 0,
        "Rating": "*******",
        "My Tag": [
            "Fight & Fog",
            "2020s",
            "Hip Hop",
            "Pop"
        ],
        "Additional Info": {
            "id": "7bH9S0IHoM5kznWf1432zZ",
            "explicit": true,
            "album": "Lift Me Up",
            "release_date": "2021-11-19",
            "genres": [
                "hip hop",
                "pop rap",
                "rap",
                "trap"
            ],
            "duration": 168224,
            "acousticness": 0.0163,
            "danceability": 9.217,
            "instrumentalness": 0.000875,
            "liveness": 0.269,
            "loudness": -6.048,
            "speechiness": 0.0571,
            "time_signature": 4,
            "happiness": 3.808
        }
    },
    {
        "#": 50,
        "Track Title": "I'M THAT BITCH",
        "Artist": "BIA, Timbaland",
        "Key": "9A",
        "Energy": 6.724,
        "Popularity": 7.3,
        "BPM": 141,
        "DJ Play Count": 0,
        "Rating": "*******",
        "My Tag": [
            "Fight & Fog",
            "2020s",
            "Dance Remixes",
            "Pop",
            "Happy"
        ],
        "Additional Info": {
            "id": "39uEuUEWsAZtozSQRPlf62",
            "explicit": true,
            "album": "I'M THAT BITCH",
            "release_date": "2023-03-24",
            "genres": [
                "rap latina",
                "trap queen",
                "dance pop",
                "pop",
                "pop rap"
            ],
            "duration": 152043,
            "acousticness": 0.328,
            "danceability": 8.317,
            "instrumentalness": 0,
            "liveness": 0.129,
            "loudness": -6.173,
            "speechiness": 0.21,
            "time_signature": 4,
            "happiness": 7.507
        }
    },
    {
        "#": 51,
        "Track Title": "Hanging With Wolves",
        "Artist": "Lil Durk",
        "Key": "1A",
        "Energy": 6.724,
        "Popularity": 7.209999999999999,
        "BPM": 76,
        "DJ Play Count": 0,
        "Rating": "*******",
        "My Tag": [
            "Fight & Fog",
            "2020s",
            "Hip Hop"
        ],
        "Additional Info": {
            "id": "1a7tOEheXeaSNathZW4Gzk",
            "explicit": true,
            "album": "Hanging With Wolves",
            "release_date": "2022-12-09",
            "genres": [
                "chicago drill",
                "chicago rap",
                "drill",
                "hip hop",
                "rap",
                "trap"
            ],
            "duration": 205893,
            "acousticness": 0.0168,
            "danceability": 8.407,
            "instrumentalness": 0,
            "liveness": 0.108,
            "loudness": -7.239,
            "speechiness": 0.0612,
            "time_signature": 4,
            "happiness": 5.5
        }
    },
    {
        "#": 52,
        "Track Title": "Andale",
        "Artist": "DJ Drama, Offset, Moneybagg Yo",
        "Key": "6A",
        "Energy": 6.751,
        "Popularity": 7.209999999999999,
        "BPM": 138,
        "DJ Play Count": 0,
        "Rating": "*******",
        "My Tag": [
            "Fight & Fog",
            "2020s",
            "Hip Hop"
        ],
        "Additional Info": {
            "id": "4EgZqNfwsDJ1HvvSMEXypp",
            "explicit": true,
            "album": "I'M REALLY LIKE THAT",
            "release_date": "2023-03-31",
            "genres": [
                "dirty south rap",
                "philly rap",
                "southern hip hop",
                "trap",
                "atl hip hop",
                "rap",
                "trap",
                "memphis hip hop",
                "rap",
                "southern hip hop",
                "tennessee hip hop",
                "trap"
            ],
            "duration": 168857,
            "acousticness": 0.0843,
            "danceability": 8.389,
            "instrumentalness": 0,
            "liveness": 0.202,
            "loudness": -4.926,
            "speechiness": 0.161,
            "time_signature": 4,
            "happiness": 2.575
        }
    },
    {
        "#": 53,
        "Track Title": "Detox",
        "Artist": "Lil Baby",
        "Key": "3B",
        "Energy": 5.527,
        "Popularity": 7.209999999999999,
        "BPM": 147,
        "DJ Play Count": 0,
        "Rating": "*******",
        "My Tag": [
            "Fight & Fog",
            "2020s",
            "Hip Hop"
        ],
        "Additional Info": {
            "id": "7fSM2taFBEB1WNZl8AOIoo",
            "explicit": true,
            "album": "Detox",
            "release_date": "2022-09-02",
            "genres": [
                "atl hip hop",
                "atl trap",
                "rap",
                "trap"
            ],
            "duration": 161637,
            "acousticness": 0.027,
            "danceability": 8.605,
            "instrumentalness": 0,
            "liveness": 0.116,
            "loudness": -7.021,
            "speechiness": 0.334,
            "time_signature": 4,
            "happiness": 4.744
        }
    },
    {
        "#": 54,
        "Track Title": "LEMONHEAD (feat. 42 Dugg)",
        "Artist": "Tyler, The Creator, 42 Dugg",
        "Key": "3B",
        "Energy": 6.274,
        "Popularity": 7.209999999999999,
        "BPM": 137,
        "DJ Play Count": 0,
        "Rating": "*******",
        "My Tag": [
            "Fight & Fog",
            "2020s",
            "Hip Hop"
        ],
        "Additional Info": {
            "id": "5fbHRCsGpFIOLRtlhCRFDR",
            "explicit": true,
            "album": "CALL ME IF YOU GET LOST",
            "release_date": "2021-06-25",
            "genres": [
                "hip hop",
                "rap",
                "detroit trap",
                "trap"
            ],
            "duration": 130980,
            "acousticness": 0.155,
            "danceability": 6.58,
            "instrumentalness": 0,
            "liveness": 0.535,
            "loudness": -6.612,
            "speechiness": 0.212,
            "time_signature": 4,
            "happiness": 5.383
        }
    },
    {
        "#": 55,
        "Track Title": "SILVER TOOTH. (with A$AP Ferg)",
        "Artist": "Armani White, A$AP Ferg",
        "Key": "3B",
        "Energy": 8.029,
        "Popularity": 7.12,
        "BPM": 103,
        "DJ Play Count": 0,
        "Rating": "*******",
        "My Tag": [
            "Fight & Fog",
            "2020s",
            "Hip Hop",
            "Pop",
            "Happy"
        ],
        "Additional Info": {
            "id": "7fhcDui4AKQydfFoXILsso",
            "explicit": true,
            "album": "SILVER TOOTH.",
            "release_date": "2023-04-21",
            "genres": [
                "indie hip hop",
                "hip hop",
                "pop rap",
                "rap",
                "southern hip hop",
                "trap"
            ],
            "duration": 142561,
            "acousticness": 0.181,
            "danceability": 9.622,
            "instrumentalness": 2.47e-06,
            "liveness": 0.0364,
            "loudness": -5.864,
            "speechiness": 0.234,
            "time_signature": 4,
            "happiness": 8.677
        }
    },
    {
        "#": 56,
        "Track Title": "Sharing Locations (feat. Lil Baby & Lil Durk)",
        "Artist": "Meek Mill, Lil Durk, Lil Baby",
        "Key": "3B",
        "Energy": 6.67,
        "Popularity": 7.12,
        "BPM": 76,
        "DJ Play Count": 0,
        "Rating": "*******",
        "My Tag": [
            "Fight & Fog",
            "2020s",
            "Hip Hop",
            "Pop"
        ],
        "Additional Info": {
            "id": "3J4VKkUpLvomXJbn9ZAypO",
            "explicit": true,
            "album": "Sharing Locations (feat. Lil Baby & Lil Durk)",
            "release_date": "2021-08-27",
            "genres": [
                "hip hop",
                "philly rap",
                "pop rap",
                "rap",
                "southern hip hop",
                "trap",
                "chicago drill",
                "chicago rap",
                "drill",
                "hip hop",
                "rap",
                "trap",
                "atl hip hop",
                "atl trap",
                "rap",
                "trap"
            ],
            "duration": 161053,
            "acousticness": 0.00383,
            "danceability": 7.1290000000000004,
            "instrumentalness": 0,
            "liveness": 0.139,
            "loudness": -5.585,
            "speechiness": 0.0385,
            "time_signature": 4,
            "happiness": 2.6470000000000002
        }
    },
    {
        "#": 57,
        "Track Title": "Stick (with JID & J. Cole feat. Kenny Mason & Sheck Wes)",
        "Artist": "Dreamville, JID, J. Cole, Kenny Mason, Sheck Wes",
        "Key": "9B",
        "Energy": 8.713000000000001,
        "Popularity": 7.12,
        "BPM": 119,
        "DJ Play Count": 0,
        "Rating": "*******",
        "My Tag": [
            "Fight & Fog",
            "2020s",
            "Hip Hop",
            "Pop"
        ],
        "Additional Info": {
            "id": "1BzXvBpIFWJgu0P8P6xmP4",
            "explicit": true,
            "album": "D-Day: A Gangsta Grillz Mixtape",
            "release_date": "2022-03-31",
            "genres": [
                "hip hop",
                "pop rap",
                "rap",
                "underground hip hop",
                "hip hop",
                "rap",
                "underground hip hop",
                "conscious hip hop",
                "hip hop",
                "north carolina hip hop",
                "rap",
                "atl hip hop",
                "indie hip hop",
                "pop rap",
                "rap",
                "trap"
            ],
            "duration": 309323,
            "acousticness": 0.266,
            "danceability": 7.039000000000001,
            "instrumentalness": 0,
            "liveness": 0.668,
            "loudness": -5.435,
            "speechiness": 0.292,
            "time_signature": 4,
            "happiness": 6.372999999999999
        }
    },
    {
        "#": 58,
        "Track Title": "King Snipe",
        "Artist": "Gucci Mane, Kodak Black",
        "Key": "3B",
        "Energy": 5.734,
        "Popularity": 7.209999999999999,
        "BPM": 125,
        "DJ Play Count": 0,
        "Rating": "*******",
        "My Tag": [
            "Fight & Fog",
            "2020s",
            "Hip Hop"
        ],
        "Additional Info": {
            "id": "0UMqDSXk4xvoCNRrIEPf7T",
            "explicit": true,
            "album": "King Snipe",
            "release_date": "2023-01-13",
            "genres": [
                "atl hip hop",
                "dirty south rap",
                "hip hop",
                "rap",
                "southern hip hop",
                "trap",
                "florida drill",
                "florida rap",
                "melodic rap",
                "miami hip hop",
                "rap",
                "trap",
                "trap latino"
            ],
            "duration": 214594,
            "acousticness": 0.0103,
            "danceability": 8.361999999999998,
            "instrumentalness": 0,
            "liveness": 0.146,
            "loudness": -8.078,
            "speechiness": 0.277,
            "time_signature": 4,
            "happiness": 5.779
        }
    },
    {
        "#": 59,
        "Track Title": "Blow",
        "Artist": "Moneybagg Yo",
        "Key": "1A",
        "Energy": 7.678,
        "Popularity": 7.12,
        "BPM": 137,
        "DJ Play Count": 0,
        "Rating": "*******",
        "My Tag": [
            "Fight & Fog",
            "2020s",
            "Hip Hop"
        ],
        "Additional Info": {
            "id": "2g3qKijfeHfDyM7Fmaoi5M",
            "explicit": true,
            "album": "Blow",
            "release_date": "2022-09-22",
            "genres": [
                "memphis hip hop",
                "rap",
                "southern hip hop",
                "tennessee hip hop",
                "trap"
            ],
            "duration": 182533,
            "acousticness": 0.0579,
            "danceability": 8.334999999999999,
            "instrumentalness": 0,
            "liveness": 0.345,
            "loudness": -4.896,
            "speechiness": 0.245,
            "time_signature": 4,
            "happiness": 6.255999999999999
        }
    },
    {
        "#": 60,
        "Track Title": "Lick Or Sum",
        "Artist": "GloRilla",
        "Key": "3A",
        "Energy": 6.499,
        "Popularity": 7.12,
        "BPM": 85,
        "DJ Play Count": 0,
        "Rating": "*******",
        "My Tag": [
            "Fight & Fog",
            "2020s"
        ],
        "Additional Info": {
            "id": "132Yd321hAG0oOz3lbiqig",
            "explicit": true,
            "album": "Lick Or Sum",
            "release_date": "2023-05-23",
            "genres": [],
            "duration": 141604,
            "acousticness": 0.00179,
            "danceability": 9.136000000000001,
            "instrumentalness": 1.78e-06,
            "liveness": 0.0815,
            "loudness": -7.001,
            "speechiness": 0.314,
            "time_signature": 4,
            "happiness": 6.76
        }
    },
    {
        "#": 61,
        "Track Title": "Backstage Passes (feat. Jack Harlow)",
        "Artist": "EST Gee, Jack Harlow",
        "Key": "3B",
        "Energy": 5.302,
        "Popularity": 7.12,
        "BPM": 77,
        "DJ Play Count": 0,
        "Rating": "*******",
        "My Tag": [
            "Fight & Fog",
            "2020s",
            "Hip Hop",
            "Pop"
        ],
        "Additional Info": {
            "id": "2BSl2gSFHdzJAMus74qzNj",
            "explicit": true,
            "album": "I Never Felt Nun",
            "release_date": "2022-09-16",
            "genres": [
                "kentucky hip hop",
                "memphis hip hop",
                "deep underground hip hop",
                "kentucky hip hop",
                "pop rap",
                "rap"
            ],
            "duration": 158431,
            "acousticness": 0.145,
            "danceability": 8.695,
            "instrumentalness": 0,
            "liveness": 0.101,
            "loudness": -8.31,
            "speechiness": 0.345,
            "time_signature": 4,
            "happiness": 5.824
        }
    },
    {
        "#": 62,
        "Track Title": "SUVs (Black on Black)",
        "Artist": "Jack Harlow, Pooh Shiesty",
        "Key": "3B",
        "Energy": 7.191999999999999,
        "Popularity": 7.12,
        "BPM": 81,
        "DJ Play Count": 0,
        "Rating": "*******",
        "My Tag": [
            "Fight & Fog",
            "2020s",
            "Hip Hop",
            "Pop"
        ],
        "Additional Info": {
            "id": "1MIGkQxcdAt2lDx6ySpsc5",
            "explicit": true,
            "album": "SUVs (Black on Black)",
            "release_date": "2021-08-03",
            "genres": [
                "deep underground hip hop",
                "kentucky hip hop",
                "pop rap",
                "rap",
                "memphis hip hop",
                "tennessee hip hop"
            ],
            "duration": 157675,
            "acousticness": 0.144,
            "danceability": 8.209,
            "instrumentalness": 0,
            "liveness": 0.107,
            "loudness": -4.594,
            "speechiness": 0.396,
            "time_signature": 4,
            "happiness": 5.5
        }
    },
    {
        "#": 63,
        "Track Title": "Don't Play With It (feat. Latto & Yung Miami) - Remix",
        "Artist": "Lola Brooke, Latto, Yung Miami",
        "Key": "3B",
        "Energy": 7.191999999999999,
        "Popularity": 7.12,
        "BPM": 99,
        "DJ Play Count": 0,
        "Rating": "*******",
        "My Tag": [
            "Fight & Fog",
            "2020s"
        ],
        "Additional Info": {
            "id": "7rl489EKnUgITmkBd6P9zi",
            "explicit": true,
            "album": "Don't Play With It (feat. Latto & Yung Miami) [Remix]",
            "release_date": "2023-03-24",
            "genres": [
                "trap queen",
                "trap queen"
            ],
            "duration": 179533,
            "acousticness": 0.00645,
            "danceability": 7.984,
            "instrumentalness": 0,
            "liveness": 0.0757,
            "loudness": -5.75,
            "speechiness": 0.127,
            "time_signature": 4,
            "happiness": 4.87
        }
    },
    {
        "#": 64,
        "Track Title": "24 (feat. Lil Baby)",
        "Artist": "Money Man, Lil Baby",
        "Key": "10B",
        "Energy": 6.742,
        "Popularity": 7.12,
        "BPM": 126,
        "DJ Play Count": 0,
        "Rating": "*******",
        "My Tag": [
            "Fight & Fog",
            "2020s",
            "Hip Hop"
        ],
        "Additional Info": {
            "id": "7v96VvFLS0wSYT8kewNLRy",
            "explicit": true,
            "album": "24 (feat. Lil Baby)",
            "release_date": "2020-08-14",
            "genres": [
                "memphis hip hop",
                "trap",
                "atl hip hop",
                "atl trap",
                "rap",
                "trap"
            ],
            "duration": 182857,
            "acousticness": 0.146,
            "danceability": 8.812000000000001,
            "instrumentalness": 0.0565,
            "liveness": 0.0931,
            "loudness": -7.746,
            "speechiness": 0.0736,
            "time_signature": 4,
            "happiness": 5.131
        }
    },
    {
        "#": 65,
        "Track Title": "LIKE ME (feat. 42 Dugg & Lil Baby)",
        "Artist": "Future, 42 Dugg, Lil Baby",
        "Key": "10B",
        "Energy": 8.092,
        "Popularity": 7.12,
        "BPM": 80,
        "DJ Play Count": 0,
        "Rating": "*******",
        "My Tag": [
            "Fight & Fog",
            "2020s",
            "Hip Hop"
        ],
        "Additional Info": {
            "id": "3gOL6mYIq19Oq8raxIntrV",
            "explicit": true,
            "album": "I NEVER LIKED YOU",
            "release_date": "2022-05-02",
            "genres": [
                "atl hip hop",
                "hip hop",
                "rap",
                "southern hip hop",
                "trap",
                "detroit trap",
                "trap",
                "atl hip hop",
                "atl trap",
                "rap",
                "trap"
            ],
            "duration": 132987,
            "acousticness": 0.00119,
            "danceability": 7.669,
            "instrumentalness": 0,
            "liveness": 0.0957,
            "loudness": -6.403,
            "speechiness": 0.2,
            "time_signature": 4,
            "happiness": 3.763
        }
    },
    {
        "#": 66,
        "Track Title": "AHHH HA",
        "Artist": "Lil Durk",
        "Key": "3B",
        "Energy": 6.49,
        "Popularity": 7.03,
        "BPM": 78,
        "DJ Play Count": 0,
        "Rating": "*******",
        "My Tag": [
            "Fight & Fog",
            "2020s",
            "Hip Hop"
        ],
        "Additional Info": {
            "id": "2bPI4TKM4oTxl2SijUXM2J",
            "explicit": true,
            "album": "7220",
            "release_date": "2022-03-11",
            "genres": [
                "chicago drill",
                "chicago rap",
                "drill",
                "hip hop",
                "rap",
                "trap"
            ],
            "duration": 186538,
            "acousticness": 0.000114,
            "danceability": 7.0840000000000005,
            "instrumentalness": 1.73e-06,
            "liveness": 0.191,
            "loudness": -9.185,
            "speechiness": 0.273,
            "time_signature": 4,
            "happiness": 5.671
        }
    },
    {
        "#": 67,
        "Track Title": "Mississippi Slide",
        "Artist": "Rae Sremmurd",
        "Key": "3A",
        "Energy": 7.561,
        "Popularity": 7.03,
        "BPM": 80,
        "DJ Play Count": 0,
        "Rating": "*******",
        "My Tag": [
            "Fight & Fog",
            "2020s",
            "Hip Hop"
        ],
        "Additional Info": {
            "id": "4tiKQGqkoVmvshWNFDvFxG",
            "explicit": true,
            "album": "Sremm 4 Life",
            "release_date": "2023-04-07",
            "genres": [
                "melodic rap",
                "mississippi hip hop",
                "rap",
                "trap"
            ],
            "duration": 180000,
            "acousticness": 0.0956,
            "danceability": 8.605,
            "instrumentalness": 0,
            "liveness": 0.116,
            "loudness": -6.076,
            "speechiness": 0.134,
            "time_signature": 4,
            "happiness": 3.691
        }
    },
    {
        "#": 68,
        "Track Title": "HOME",
        "Artist": "Mike Dimes",
        "Key": "8A",
        "Energy": 5.203,
        "Popularity": 7.03,
        "BPM": 118,
        "DJ Play Count": 0,
        "Rating": "*******",
        "My Tag": [
            "Fight & Fog",
            "2020s"
        ],
        "Additional Info": {
            "id": "1tIgeZloeOtSJrVx9WiArC",
            "explicit": true,
            "album": "IN DIMES WE TRUST",
            "release_date": "2022-03-08",
            "genres": [],
            "duration": 174915,
            "acousticness": 0.347,
            "danceability": 9.055,
            "instrumentalness": 0,
            "liveness": 0.214,
            "loudness": -5.78,
            "speechiness": 0.378,
            "time_signature": 4,
            "happiness": 4.897
        }
    },
    {
        "#": 69,
        "Track Title": "Said Sum",
        "Artist": "Moneybagg Yo",
        "Key": "4A",
        "Energy": 7.003,
        "Popularity": 7.03,
        "BPM": 127,
        "DJ Play Count": 0,
        "Rating": "*******",
        "My Tag": [
            "Fight & Fog",
            "2020s",
            "Hip Hop"
        ],
        "Additional Info": {
            "id": "3sKz6Sd72K0ofPWcJPPk6H",
            "explicit": true,
            "album": "Code Red",
            "release_date": "2020-09-18",
            "genres": [
                "memphis hip hop",
                "rap",
                "southern hip hop",
                "tennessee hip hop",
                "trap"
            ],
            "duration": 155168,
            "acousticness": 0.0185,
            "danceability": 9.361,
            "instrumentalness": 0,
            "liveness": 0.1,
            "loudness": -6.789,
            "speechiness": 0.353,
            "time_signature": 4,
            "happiness": 3.466
        }
    },
    {
        "#": 70,
        "Track Title": "Hell Yeah",
        "Artist": "SoFaygo, Ken Carson",
        "Key": "11B",
        "Energy": 7.372,
        "Popularity": 7.03,
        "BPM": 142,
        "DJ Play Count": 0,
        "Rating": "*******",
        "My Tag": [
            "Fight & Fog",
            "2020s"
        ],
        "Additional Info": {
            "id": "0jQ4mEnWB1AuSVqnFLhxT6",
            "explicit": true,
            "album": "Hell Yeah",
            "release_date": "2022-10-17",
            "genres": [
                "glitchcore",
                "plugg",
                "rage rap",
                "rage rap"
            ],
            "duration": 168161,
            "acousticness": 0.000113,
            "danceability": 7.263999999999999,
            "instrumentalness": 0,
            "liveness": 0.444,
            "loudness": -4.737,
            "speechiness": 0.0438,
            "time_signature": 4,
            "happiness": 3.5829999999999997
        }
    },
    {
        "#": 71,
        "Track Title": "REPEAT IT (with Gunna)",
        "Artist": "Lil Tecca, Gunna",
        "Key": "11B",
        "Energy": 7.183000000000001,
        "Popularity": 6.94,
        "BPM": 109,
        "DJ Play Count": 0,
        "Rating": "*******",
        "My Tag": [
            "Fight & Fog",
            "2020s",
            "Hip Hop"
        ],
        "Additional Info": {
            "id": "21AJQhGZpujjZQXByZAXpr",
            "explicit": true,
            "album": "REPEAT IT",
            "release_date": "2021-08-06",
            "genres": [
                "melodic rap",
                "pluggnb",
                "rap",
                "atl hip hop",
                "melodic rap",
                "rap",
                "trap"
            ],
            "duration": 190345,
            "acousticness": 0.0555,
            "danceability": 7.1290000000000004,
            "instrumentalness": 0,
            "liveness": 0.062,
            "loudness": -7.612,
            "speechiness": 0.332,
            "time_signature": 3,
            "happiness": 6.292
        }
    },
    {
        "#": 72,
        "Track Title": "CHAMPIONS",
        "Artist": "NLE Choppa",
        "Key": "3B",
        "Energy": 6.8500000000000005,
        "Popularity": 6.94,
        "BPM": 133,
        "DJ Play Count": 0,
        "Rating": "*******",
        "My Tag": [
            "Fight & Fog",
            "2020s",
            "Hip Hop"
        ],
        "Additional Info": {
            "id": "7ezboaARv4FY1k0WFoINWC",
            "explicit": false,
            "album": "CHAMPIONS",
            "release_date": "2023-02-03",
            "genres": [
                "memphis hip hop",
                "rap"
            ],
            "duration": 216738,
            "acousticness": 0.171,
            "danceability": 6.823,
            "instrumentalness": 0,
            "liveness": 0.106,
            "loudness": -7.396,
            "speechiness": 0.0771,
            "time_signature": 4,
            "happiness": 4.393
        }
    },
    {
        "#": 73,
        "Track Title": "Act Bad",
        "Artist": "Diddy, City Girls, Fabolous",
        "Key": "11B",
        "Energy": 5.743,
        "Popularity": 6.8500000000000005,
        "BPM": 100,
        "DJ Play Count": 0,
        "Rating": "*******",
        "My Tag": [
            "Fight & Fog",
            "2020s",
            "Hip Hop",
            "Dance Remixes",
            "Pop"
        ],
        "Additional Info": {
            "id": "1Bgga0poKKUZftx5p8b16y",
            "explicit": true,
            "album": "Act Bad",
            "release_date": "2023-05-26",
            "genres": [
                "dance pop",
                "east coast hip hop",
                "hip hop",
                "hip pop",
                "pop rap",
                "rap",
                "scam rap",
                "trap queen",
                "gangster rap",
                "hip hop",
                "pop rap",
                "rap",
                "trap",
                "urban contemporary"
            ],
            "duration": 192000,
            "acousticness": 0.0152,
            "danceability": 8.658999999999999,
            "instrumentalness": 0,
            "liveness": 0.109,
            "loudness": -12.439,
            "speechiness": 0.0673,
            "time_signature": 4,
            "happiness": 4.708
        }
    },
    {
        "#": 74,
        "Track Title": "NO TRENDS",
        "Artist": "Mike Dimes",
        "Key": "10B",
        "Energy": 7.534,
        "Popularity": 6.94,
        "BPM": 140,
        "DJ Play Count": 0,
        "Rating": "*******",
        "My Tag": [
            "Fight & Fog",
            "2020s",
            "Happy"
        ],
        "Additional Info": {
            "id": "1R7IfLjtJ4B9kqjIqaEeVf",
            "explicit": true,
            "album": "IN DIMES WE TRUST",
            "release_date": "2022-03-08",
            "genres": [],
            "duration": 151286,
            "acousticness": 0.00893,
            "danceability": 7.57,
            "instrumentalness": 4.42e-06,
            "liveness": 0.255,
            "loudness": -4.865,
            "speechiness": 0.0655,
            "time_signature": 4,
            "happiness": 7.579
        }
    },
    {
        "#": 75,
        "Track Title": "Bussin",
        "Artist": "Nicki Minaj, Lil Baby",
        "Key": "1B",
        "Energy": 7.2909999999999995,
        "Popularity": 6.8500000000000005,
        "BPM": 140,
        "DJ Play Count": 0,
        "Rating": "*******",
        "My Tag": [
            "Fight & Fog",
            "2020s",
            "Hip Hop",
            "Happy"
        ],
        "Additional Info": {
            "id": "7lcI4X8RZxK4zIknJcwpBq",
            "explicit": true,
            "album": "Bussin",
            "release_date": "2022-02-11",
            "genres": [
                "hip pop",
                "pop",
                "queens hip hop",
                "rap",
                "atl hip hop",
                "atl trap",
                "rap",
                "trap"
            ],
            "duration": 136761,
            "acousticness": 0.0576,
            "danceability": 9.037,
            "instrumentalness": 3.02e-06,
            "liveness": 0.128,
            "loudness": -8.059,
            "speechiness": 0.0517,
            "time_signature": 4,
            "happiness": 7.723
        }
    },
    {
        "#": 76,
        "Track Title": "Wow. - Remix",
        "Artist": "Post Malone, Roddy Ricch, Tyga",
        "Key": "1A",
        "Energy": 6.76,
        "Popularity": 6.76,
        "BPM": 100,
        "DJ Play Count": 0,
        "Rating": "*******",
        "My Tag": [
            "Fight & Fog",
            "2010s",
            "Hip Hop",
            "Pop"
        ],
        "Additional Info": {
            "id": "0fcq51a3gOI6gPvzc0YLsk",
            "explicit": true,
            "album": "Wow. (Remix)",
            "release_date": "2019-03-15",
            "genres": [
                "dfw rap",
                "melodic rap",
                "pop",
                "rap",
                "melodic rap",
                "rap",
                "trap",
                "hip hop",
                "pop rap",
                "rap",
                "trap"
            ],
            "duration": 170053,
            "acousticness": 0.148,
            "danceability": 8.173,
            "instrumentalness": 0,
            "liveness": 0.209,
            "loudness": -6.272,
            "speechiness": 0.194,
            "time_signature": 4,
            "happiness": 5.374
        }
    }
]