[
    {
        "#": 1,
        "Track Title": "I'm Good (Blue)",
        "Artist": "David Guetta, Bebe Rexha",
        "Key": "9A",
        "Energy": 9.685,
        "Popularity": 9.549999999999999,
        "BPM": 128,
        "DJ Play Count": 0,
        "Rating": "*******",
        "My Tag": [
            "Fight & Fog, EDM",
            "2020s",
            "Dance Remixes",
            "EDM",
            "Pop",
            "Club-Hotel",
            "PEGI 16 [Age]"
        ],
        "Additional Info": {
            "id": "4uUG5RXrOk84mYEfFvj3cK",
            "explicit": true,
            "album": "I'm Good (Blue)",
            "release_date": "2022-08-26",
            "genres": [
                "big room",
                "dance pop",
                "edm",
                "pop",
                "pop dance",
                "dance pop",
                "pop"
            ],
            "duration": 175238,
            "acousticness": 0.00383,
            "danceability": 6.049,
            "instrumentalness": 7.07e-06,
            "liveness": 0.371,
            "loudness": -3.673,
            "speechiness": 0.0343,
            "time_signature": 4,
            "happiness": 3.7359999999999998
        }
    },
    {
        "#": 2,
        "Track Title": "10:35",
        "Artist": "Tiësto, Tate McRae",
        "Key": "4B",
        "Energy": 8.137,
        "Popularity": 8.83,
        "BPM": 120,
        "DJ Play Count": 0,
        "Rating": "*******",
        "My Tag": [
            "Fight & Fog, EDM",
            "2020s",
            "EDM",
            "Club-Hotel",
            "Mad",
            "Rock",
            "Pop",
            "Flying High",
            "Dance Remixes",
            "Happy"
        ],
        "Additional Info": {
            "id": "6BePGk3eCan4FqaW2X8Qy3",
            "explicit": false,
            "album": "10:35",
            "release_date": "2022-11-03",
            "genres": [
                "big room",
                "brostep",
                "dutch edm",
                "edm",
                "house",
                "pop dance",
                "slap house",
                "trance",
                "alt z",
                "pop"
            ],
            "duration": 172253,
            "acousticness": 0.0683,
            "danceability": 7.263999999999999,
            "instrumentalness": 3.78e-06,
            "liveness": 0.18,
            "loudness": -5.733,
            "speechiness": 0.097,
            "time_signature": 4,
            "happiness": 7.282
        }
    },
    {
        "#": 3,
        "Track Title": "Bad Memories (feat. Elley Duhé & FAST BOY)",
        "Artist": "MEDUZA, James Carter, Elley Duhé, FAST BOY",
        "Key": "7A",
        "Energy": 7.9030000000000005,
        "Popularity": 8.74,
        "BPM": 124,
        "DJ Play Count": 0,
        "Rating": "*******",
        "My Tag": [
            "Fight & Fog, EDM",
            "2020s",
            "EDM",
            "Mad",
            "Rock",
            "Pop",
            "Dance Remixes"
        ],
        "Additional Info": {
            "id": "3rb0tMq42WfggucPm0HHkA",
            "explicit": false,
            "album": "Bad Memories (feat. Elley Duhé & FAST BOY)",
            "release_date": "2022-07-22",
            "genres": [
                "pop dance",
                "pop house",
                "uk dance",
                "pop dance",
                "uk dance",
                "alt z",
                "pop dance",
                "uk dance"
            ],
            "duration": 148629,
            "acousticness": 0.118,
            "danceability": 6.463,
            "instrumentalness": 0,
            "liveness": 0.122,
            "loudness": -6.069,
            "speechiness": 0.0474,
            "time_signature": 3,
            "happiness": 6.958
        }
    },
    {
        "#": 4,
        "Track Title": "Belly Dancer",
        "Artist": "Imanbek, BYOR",
        "Key": "3B",
        "Energy": 8.173,
        "Popularity": 8.649999999999999,
        "BPM": 122,
        "DJ Play Count": 0,
        "Rating": "*******",
        "My Tag": [
            "Fight & Fog, EDM",
            "2020s",
            "Club-Hotel",
            "EDM",
            "Pop",
            "Dance Remixes"
        ],
        "Additional Info": {
            "id": "7fZBQnc0zXwVybgCIrQQil",
            "explicit": false,
            "album": "Belly Dancer",
            "release_date": "2022-02-18",
            "genres": [
                "electro house",
                "pop dance",
                "slap house",
                "pop dance",
                "russian edm"
            ],
            "duration": 151475,
            "acousticness": 0.0582,
            "danceability": 8.605,
            "instrumentalness": 5.57e-06,
            "liveness": 0.167,
            "loudness": -4.984,
            "speechiness": 0.139,
            "time_signature": 4,
            "happiness": 4.798
        }
    },
    {
        "#": 5,
        "Track Title": "Call It Love",
        "Artist": "Felix Jaehn, Ray Dalton",
        "Key": "7A",
        "Energy": 8.568999999999999,
        "Popularity": 8.559999999999999,
        "BPM": 110,
        "DJ Play Count": 0,
        "Rating": "*******",
        "My Tag": [
            "Fight & Fog, EDM",
            "2020s",
            "EDM",
            "Pop",
            "Dance Remixes",
            "Happy"
        ],
        "Additional Info": {
            "id": "5YdnOm5990Kfq1Jodws98B",
            "explicit": false,
            "album": "Call It Love",
            "release_date": "2022-09-16",
            "genres": [
                "edm",
                "german dance",
                "pop dance",
                "tropical house"
            ],
            "duration": 154561,
            "acousticness": 0.0559,
            "danceability": 6.544,
            "instrumentalness": 0.00217,
            "liveness": 0.417,
            "loudness": -4.779,
            "speechiness": 0.076,
            "time_signature": 4,
            "happiness": 7.426
        }
    },
    {
        "#": 6,
        "Track Title": "Words (feat. Zara Larsson)",
        "Artist": "Alesso, Zara Larsson",
        "Key": "6A",
        "Energy": 6.274,
        "Popularity": 8.469999999999999,
        "BPM": 124,
        "DJ Play Count": 0,
        "Rating": "*******",
        "My Tag": [
            "Fight & Fog, EDM",
            "2020s",
            "EDM",
            "Pop",
            "Dance Remixes"
        ],
        "Additional Info": {
            "id": "1bgKMxPQU7JIZEhNsM1vFs",
            "explicit": false,
            "album": "Words (feat. Zara Larsson)",
            "release_date": "2022-04-22",
            "genres": [
                "dance pop",
                "edm",
                "electro house",
                "pop",
                "pop dance",
                "progressive electro house",
                "pop",
                "scandipop",
                "swedish electropop",
                "swedish pop"
            ],
            "duration": 142677,
            "acousticness": 0.0245,
            "danceability": 7.651,
            "instrumentalness": 0.000252,
            "liveness": 0.308,
            "loudness": -5.079,
            "speechiness": 0.0472,
            "time_signature": 4,
            "happiness": 4.996
        }
    },
    {
        "#": 7,
        "Track Title": "Lay Low",
        "Artist": "Tiësto",
        "Key": "3A",
        "Energy": 8.695,
        "Popularity": 8.74,
        "BPM": 122,
        "DJ Play Count": 0,
        "Rating": "*******",
        "My Tag": [
            "Fight & Fog, EDM",
            "2020s",
            "EDM",
            "Club-Hotel",
            "Pop",
            "Flying High",
            "Dance Remixes"
        ],
        "Additional Info": {
            "id": "0zKbDrEXKpnExhGQRe9dxt",
            "explicit": false,
            "album": "Lay Low",
            "release_date": "2023-01-06",
            "genres": [
                "big room",
                "brostep",
                "dutch edm",
                "edm",
                "house",
                "pop dance",
                "slap house",
                "trance"
            ],
            "duration": 153443,
            "acousticness": 0.0607,
            "danceability": 5.806,
            "instrumentalness": 0.000263,
            "liveness": 0.346,
            "loudness": -4.923,
            "speechiness": 0.183,
            "time_signature": 4,
            "happiness": 4.779999999999999
        }
    },
    {
        "#": 8,
        "Track Title": "Baby Don't Hurt Me",
        "Artist": "David Guetta, Anne-Marie, Coi Leray",
        "Key": "9B",
        "Energy": 9.19,
        "Popularity": 9.280000000000001,
        "BPM": 128,
        "DJ Play Count": 0,
        "Rating": "*******",
        "My Tag": [
            "Fight & Fog, EDM",
            "2020s",
            "EDM",
            "Club-Hotel",
            "Hip Hop",
            "Pop",
            "Dance Remixes"
        ],
        "Additional Info": {
            "id": "3BKD1PwArikchz2Zrlp1qi",
            "explicit": false,
            "album": "Baby Don't Hurt Me",
            "release_date": "2023-04-06",
            "genres": [
                "big room",
                "dance pop",
                "edm",
                "pop",
                "pop dance",
                "pop",
                "new jersey underground rap",
                "trap queen"
            ],
            "duration": 140018,
            "acousticness": 0.00126,
            "danceability": 6.418,
            "instrumentalness": 0.000174,
            "liveness": 0.12,
            "loudness": -3.404,
            "speechiness": 0.0308,
            "time_signature": 4,
            "happiness": 3.052
        }
    },
    {
        "#": 9,
        "Track Title": "Deep Down (feat. Never Dull)",
        "Artist": "Alok, Ella Eyre, Kenny Dope, Never Dull",
        "Key": "8B",
        "Energy": 8.361999999999998,
        "Popularity": 8.469999999999999,
        "BPM": 126,
        "DJ Play Count": 0,
        "Rating": "*******",
        "My Tag": [
            "Fight & Fog, EDM",
            "2020s",
            "EDM",
            "Inspiring",
            "Club-Hotel",
            "Pop",
            "Dance Remixes",
            "Nostalgic",
            "Happy"
        ],
        "Additional Info": {
            "id": "7MIhUdNJtaOnDmC5nBC1fb",
            "explicit": false,
            "album": "Deep Down (feat. Never Dull)",
            "release_date": "2022-06-17",
            "genres": [
                "electro house",
                "pop nacional",
                "sertanejo universitario",
                "slap house",
                "dance pop",
                "talent show",
                "uk dance",
                "uk pop",
                "deep house",
                "soulful house",
                "funky house"
            ],
            "duration": 165753,
            "acousticness": 0.0112,
            "danceability": 7.183000000000001,
            "instrumentalness": 0,
            "liveness": 0.248,
            "loudness": -4.221,
            "speechiness": 0.0778,
            "time_signature": 4,
            "happiness": 8.974
        }
    },
    {
        "#": 10,
        "Track Title": "21 Reasons (feat. Ella Henderson)",
        "Artist": "Nathan Dawe, Ella Henderson",
        "Key": "2B",
        "Energy": 8.065000000000001,
        "Popularity": 8.379999999999999,
        "BPM": 124,
        "DJ Play Count": 0,
        "Rating": "*******",
        "My Tag": [
            "Fight & Fog, EDM",
            "2020s",
            "Inspiring",
            "EDM",
            "Pop",
            "Dance Remixes",
            "Happy"
        ],
        "Additional Info": {
            "id": "1RF02Cf80mTaeNXG2P2boR",
            "explicit": false,
            "album": "21 Reasons (feat. Ella Henderson)",
            "release_date": "2022-04-29",
            "genres": [
                "pop dance",
                "uk dance",
                "dance pop",
                "talent show",
                "uk pop"
            ],
            "duration": 155253,
            "acousticness": 0.0165,
            "danceability": 6.589,
            "instrumentalness": 5.92e-06,
            "liveness": 0.0512,
            "loudness": -4.499,
            "speechiness": 0.11,
            "time_signature": 4,
            "happiness": 8.011
        }
    },
    {
        "#": 11,
        "Track Title": "Move Your Body",
        "Artist": "Öwnboss, Sevek",
        "Key": "10A",
        "Energy": 8.389,
        "Popularity": 8.290000000000001,
        "BPM": 125,
        "DJ Play Count": 0,
        "Rating": "*******",
        "My Tag": [
            "Fight & Fog, EDM",
            "2020s",
            "EDM"
        ],
        "Additional Info": {
            "id": "6GomT970rCOkKAyyrwJeZi",
            "explicit": false,
            "album": "Move Your Body",
            "release_date": "2021-10-29",
            "genres": [
                "brazilian edm"
            ],
            "duration": 157445,
            "acousticness": 0.0169,
            "danceability": 8.632,
            "instrumentalness": 0.000403,
            "liveness": 0.0962,
            "loudness": -5.408,
            "speechiness": 0.0527,
            "time_signature": 4,
            "happiness": 3.241
        }
    },
    {
        "#": 12,
        "Track Title": "Hero",
        "Artist": "Alan Walker, Sasha Alex Sloan",
        "Key": "7B",
        "Energy": 7.1290000000000004,
        "Popularity": 8.290000000000001,
        "BPM": 126,
        "DJ Play Count": 0,
        "Rating": "*******",
        "My Tag": [
            "Fight & Fog, EDM",
            "2020s",
            "Mad",
            "Rock",
            "EDM",
            "Fight & Fog"
        ],
        "Additional Info": {
            "id": "1rBTBbtkJlSDk78gg8Dw9F",
            "explicit": false,
            "album": "Hero",
            "release_date": "2023-05-04",
            "genres": [
                "electro house",
                "alt z"
            ],
            "duration": 175764,
            "acousticness": 0.046,
            "danceability": 6.31,
            "instrumentalness": 7.55e-05,
            "liveness": 0.153,
            "loudness": -7.289,
            "speechiness": 0.0305,
            "time_signature": 4,
            "happiness": 1.6534
        }
    },
    {
        "#": 13,
        "Track Title": "OUT OUT (feat. Charli XCX & Saweetie)",
        "Artist": "Joel Corry, Jax Jones, Charli XCX, Saweetie",
        "Key": "4B",
        "Energy": 8.497,
        "Popularity": 8.2,
        "BPM": 124,
        "DJ Play Count": 0,
        "Rating": "*******",
        "My Tag": [
            "Fight & Fog, EDM",
            "2020s",
            "EDM",
            "Inspiring",
            "Club-Hotel",
            "Hip Hop",
            "Happy",
            "Pop",
            "Dance Remixes",
            "California [Loc]",
            "Happy"
        ],
        "Additional Info": {
            "id": "6Dy1jexKYriXAVG6evyUTJ",
            "explicit": false,
            "album": "OUT OUT (feat. Charli XCX & Saweetie)",
            "release_date": "2021-08-13",
            "genres": [
                "dance pop",
                "pop dance",
                "uk dance",
                "dance pop",
                "edm",
                "house",
                "pop dance",
                "uk dance",
                "uk pop",
                "art pop",
                "candy pop",
                "metropopolis",
                "pop",
                "uk pop",
                "cali rap",
                "trap queen"
            ],
            "duration": 162604,
            "acousticness": 0.018,
            "danceability": 8.083,
            "instrumentalness": 0.00747,
            "liveness": 0.0374,
            "loudness": -4.403,
            "speechiness": 0.0478,
            "time_signature": 4,
            "happiness": 8.164000000000001
        }
    },
    {
        "#": 14,
        "Track Title": "Weekends",
        "Artist": "Jonas Blue, Felix Jaehn",
        "Key": "2B",
        "Energy": 9.433,
        "Popularity": 8.2,
        "BPM": 149,
        "DJ Play Count": 0,
        "Rating": "*******",
        "My Tag": [
            "Fight & Fog, EDM",
            "2020s",
            "EDM",
            "Pop",
            "Dance Remixes"
        ],
        "Additional Info": {
            "id": "3JlHRjPt2TNB9h7VFf0im2",
            "explicit": false,
            "album": "Weekends",
            "release_date": "2023-02-03",
            "genres": [
                "pop",
                "pop dance",
                "tropical house",
                "uk dance",
                "edm",
                "german dance",
                "pop dance",
                "tropical house"
            ],
            "duration": 127004,
            "acousticness": 0.0337,
            "danceability": 6.138999999999999,
            "instrumentalness": 3.71e-05,
            "liveness": 0.212,
            "loudness": -3.365,
            "speechiness": 0.033,
            "time_signature": 4,
            "happiness": 6.463
        }
    },
    {
        "#": 15,
        "Track Title": "Be My Lover (feat. La Bouche) - 2023 Mix",
        "Artist": "Hypaton, David Guetta, La Bouche",
        "Key": "4B",
        "Energy": 9.757,
        "Popularity": 8.2,
        "BPM": 126,
        "DJ Play Count": 0,
        "Rating": "*******",
        "My Tag": [
            "Fight & Fog, EDM",
            "2020s",
            "EDM",
            "Club-Hotel",
            "Happy",
            "Pop",
            "Dance Remixes",
            "Fight & Fog"
        ],
        "Additional Info": {
            "id": "2aQpISWUBToaF84DDiTeRV",
            "explicit": false,
            "album": "Be My Lover (feat. La Bouche) [2023 Mix]",
            "release_date": "2023-04-21",
            "genres": [
                "big room",
                "dance pop",
                "edm",
                "pop",
                "pop dance",
                "diva house",
                "eurodance",
                "europop",
                "german techno"
            ],
            "duration": 169524,
            "acousticness": 0.0347,
            "danceability": 6.301,
            "instrumentalness": 0.000945,
            "liveness": 0.45,
            "loudness": -5.317,
            "speechiness": 0.0426,
            "time_signature": 4,
            "happiness": 2.035
        }
    },
    {
        "#": 16,
        "Track Title": "Heaven Takes You Home (feat. Connie Constance)",
        "Artist": "Swedish House Mafia, Connie Constance",
        "Key": "8A",
        "Energy": 7.6419999999999995,
        "Popularity": 8.2,
        "BPM": 125,
        "DJ Play Count": 0,
        "Rating": "*******",
        "My Tag": [
            "Fight & Fog, EDM",
            "2020s",
            "EDM",
            "Pop",
            "Romantic & Slow Dance",
            "Dance Remixes",
            "Fight & Fog"
        ],
        "Additional Info": {
            "id": "3nEHrvNNtgLv9rneTAYVr4",
            "explicit": false,
            "album": "Paradise Again",
            "release_date": "2022-04-15",
            "genres": [
                "edm",
                "pop dance",
                "progressive electro house",
                "uk contemporary r&b"
            ],
            "duration": 214071,
            "acousticness": 0.0124,
            "danceability": 6.985,
            "instrumentalness": 0.00598,
            "liveness": 0.0923,
            "loudness": -5.931,
            "speechiness": 0.0379,
            "time_signature": 4,
            "happiness": 1.3500999999999999
        }
    },
    {
        "#": 17,
        "Track Title": "All By Myself",
        "Artist": "Alok, Sigala, Ellie Goulding",
        "Key": "8A",
        "Energy": 8.632,
        "Popularity": 8.11,
        "BPM": 123,
        "DJ Play Count": 0,
        "Rating": "*******",
        "My Tag": [
            "Fight & Fog, EDM",
            "2020s",
            "EDM",
            "Inspiring",
            "Club-Hotel",
            "Pop",
            "Dance Remixes",
            "Nostalgic",
            "Happy"
        ],
        "Additional Info": {
            "id": "5Hp4xFihdOE2dmDzxWcBFb",
            "explicit": false,
            "album": "All By Myself",
            "release_date": "2022-10-07",
            "genres": [
                "electro house",
                "pop nacional",
                "sertanejo universitario",
                "slap house",
                "dance pop",
                "edm",
                "pop dance",
                "uk dance",
                "uk pop",
                "indietronica",
                "metropopolis",
                "pop",
                "uk pop"
            ],
            "duration": 171778,
            "acousticness": 0.0932,
            "danceability": 6.958,
            "instrumentalness": 7.62e-06,
            "liveness": 0.241,
            "loudness": -4.338,
            "speechiness": 0.0346,
            "time_signature": 4,
            "happiness": 7.957
        }
    },
    {
        "#": 18,
        "Track Title": "Crazy What Love Can Do",
        "Artist": "David Guetta, Becky Hill, Ella Henderson",
        "Key": "12A",
        "Energy": 7.417,
        "Popularity": 8.379999999999999,
        "BPM": 123,
        "DJ Play Count": 0,
        "Rating": "*******",
        "My Tag": [
            "Fight & Fog, EDM",
            "2020s",
            "EDM",
            "Inspiring",
            "Club-Hotel",
            "Pop",
            "Dance Remixes"
        ],
        "Additional Info": {
            "id": "1WCEAGGRD066z2Q89ObXTq",
            "explicit": false,
            "album": "Crazy What Love Can Do",
            "release_date": "2022-04-08",
            "genres": [
                "big room",
                "dance pop",
                "edm",
                "pop",
                "pop dance",
                "pop dance",
                "pop house",
                "uk dance",
                "uk pop",
                "dance pop",
                "talent show",
                "uk pop"
            ],
            "duration": 169756,
            "acousticness": 0.0282,
            "danceability": 6.409,
            "instrumentalness": 0,
            "liveness": 0.158,
            "loudness": -3.758,
            "speechiness": 0.0449,
            "time_signature": 4,
            "happiness": 5.176
        }
    },
    {
        "#": 19,
        "Track Title": "Where You Are",
        "Artist": "John Summit, Hayla",
        "Key": "11A",
        "Energy": 8.488,
        "Popularity": 8.11,
        "BPM": 126,
        "DJ Play Count": 0,
        "Rating": "*******",
        "My Tag": [
            "Fight & Fog, EDM",
            "2020s",
            "EDM",
            "Club-Hotel",
            "Fight & Fog"
        ],
        "Additional Info": {
            "id": "4qDpLaFGf5ampf2DXD2TMA",
            "explicit": false,
            "album": "Where You Are",
            "release_date": "2023-03-03",
            "genres": [
                "house",
                "tech house",
                "uk dance"
            ],
            "duration": 236000,
            "acousticness": 0.00953,
            "danceability": 6.040000000000001,
            "instrumentalness": 0.00541,
            "liveness": 0.546,
            "loudness": -6.432,
            "speechiness": 0.0363,
            "time_signature": 4,
            "happiness": 1.7362
        }
    },
    {
        "#": 20,
        "Track Title": "When I’m Gone (with Katy Perry)",
        "Artist": "Alesso, Katy Perry",
        "Key": "8B",
        "Energy": 8.974,
        "Popularity": 8.11,
        "BPM": 125,
        "DJ Play Count": 0,
        "Rating": "*******",
        "My Tag": [
            "Fight & Fog, EDM",
            "2020s",
            "EDM",
            "Pop",
            "Dance Remixes"
        ],
        "Additional Info": {
            "id": "5902W4uHWzhtOff1UK7the",
            "explicit": false,
            "album": "When I’m Gone (with Katy Perry)",
            "release_date": "2021-12-29",
            "genres": [
                "dance pop",
                "edm",
                "electro house",
                "pop",
                "pop dance",
                "progressive electro house",
                "pop"
            ],
            "duration": 161267,
            "acousticness": 0.028,
            "danceability": 7.165000000000001,
            "instrumentalness": 0,
            "liveness": 0.481,
            "loudness": -4.179,
            "speechiness": 0.034,
            "time_signature": 4,
            "happiness": 6.535
        }
    },
    {
        "#": 21,
        "Track Title": "Drugs From Amsterdam",
        "Artist": "Mau P",
        "Key": "4B",
        "Energy": 9.388,
        "Popularity": 8.02,
        "BPM": 125,
        "DJ Play Count": 0,
        "Rating": "*******",
        "My Tag": [
            "Fight & Fog, EDM",
            "2020s",
            "EDM",
            "Club-Hotel"
        ],
        "Additional Info": {
            "id": "0w7JPlp7eEQI2EKW3ayXrv",
            "explicit": false,
            "album": "Drugs From Amsterdam",
            "release_date": "2022-09-16",
            "genres": [
                "tech house"
            ],
            "duration": 235786,
            "acousticness": 0.0389,
            "danceability": 7.147,
            "instrumentalness": 0.605,
            "liveness": 0.0615,
            "loudness": -10.402,
            "speechiness": 0.0513,
            "time_signature": 4,
            "happiness": 5.977
        }
    },
    {
        "#": 22,
        "Track Title": "Kernkraft 400 (A Better Day)",
        "Artist": "Topic, A7S",
        "Key": "1A",
        "Energy": 7.543,
        "Popularity": 8.02,
        "BPM": 126,
        "DJ Play Count": 0,
        "Rating": "*******",
        "My Tag": [
            "Fight & Fog, EDM",
            "2020s",
            "EDM",
            "Pop",
            "Dance Remixes"
        ],
        "Additional Info": {
            "id": "3kcKlOkQQEPVwxwljbGJ5p",
            "explicit": false,
            "album": "Kernkraft 400 (A Better Day)",
            "release_date": "2022-06-17",
            "genres": [
                "german dance",
                "pop dance",
                "pop edm",
                "uk dance",
                "pop dance",
                "scandipop",
                "uk dance"
            ],
            "duration": 165800,
            "acousticness": 0.184,
            "danceability": 6.607,
            "instrumentalness": 2.02e-05,
            "liveness": 0.309,
            "loudness": -5.57,
            "speechiness": 0.0562,
            "time_signature": 4,
            "happiness": 4.6
        }
    },
    {
        "#": 23,
        "Track Title": "MONEY ON THE DASH",
        "Artist": "Elley Duhé, Whethan",
        "Key": "4B",
        "Energy": 7.003,
        "Popularity": 8.02,
        "BPM": 120,
        "DJ Play Count": 0,
        "Rating": "*******",
        "My Tag": [
            "Fight & Fog, EDM",
            "2020s",
            "Mad",
            "Rock",
            "EDM",
            "Pop"
        ],
        "Additional Info": {
            "id": "1p0jBDjxORjYNJyAphBRpE",
            "explicit": false,
            "album": "MONEY ON THE DASH",
            "release_date": "2023-01-20",
            "genres": [
                "alt z",
                "electropop",
                "hyperpop",
                "rage rap"
            ],
            "duration": 145667,
            "acousticness": 0.0439,
            "danceability": 8.559999999999999,
            "instrumentalness": 1.34e-05,
            "liveness": 0.179,
            "loudness": -7.126,
            "speechiness": 0.0843,
            "time_signature": 4,
            "happiness": 3.6279999999999997
        }
    },
    {
        "#": 24,
        "Track Title": "Praising You (feat. Fatboy Slim)",
        "Artist": "Rita Ora, Fatboy Slim",
        "Key": "4B",
        "Energy": 8.092,
        "Popularity": 7.93,
        "BPM": 123,
        "DJ Play Count": 0,
        "Rating": "*******",
        "My Tag": [
            "Fight & Fog, EDM",
            "2020s",
            "Pop",
            "Dance Remixes"
        ],
        "Additional Info": {
            "id": "6jSvgAwRVrJIP0VYz5L2J8",
            "explicit": false,
            "album": "Praising You (feat. Fatboy Slim)",
            "release_date": "2023-04-19",
            "genres": [
                "dance pop",
                "pop",
                "uk pop",
                "big beat",
                "electronica"
            ],
            "duration": 164693,
            "acousticness": 0.07,
            "danceability": 7.201,
            "instrumentalness": 0,
            "liveness": 0.246,
            "loudness": -4.978,
            "speechiness": 0.084,
            "time_signature": 4,
            "happiness": 6.904
        }
    },
    {
        "#": 25,
        "Track Title": "Hot In It",
        "Artist": "Tiësto, Charli XCX",
        "Key": "9B",
        "Energy": 8.568999999999999,
        "Popularity": 7.93,
        "BPM": 123,
        "DJ Play Count": 0,
        "Rating": "*******",
        "My Tag": [
            "Fight & Fog, EDM",
            "2020s",
            "EDM",
            "Inspiring",
            "Club-Hotel",
            "Happy",
            "Pop",
            "Flying High",
            "Dance Remixes",
            "Happy"
        ],
        "Additional Info": {
            "id": "3Z7CaxQkqbIs1rewKi6v4W",
            "explicit": false,
            "album": "Hot In It",
            "release_date": "2022-06-30",
            "genres": [
                "big room",
                "brostep",
                "dutch edm",
                "edm",
                "house",
                "pop dance",
                "slap house",
                "trance",
                "art pop",
                "candy pop",
                "metropopolis",
                "pop",
                "uk pop"
            ],
            "duration": 129817,
            "acousticness": 0.00445,
            "danceability": 7.732,
            "instrumentalness": 1.33e-06,
            "liveness": 0.0413,
            "loudness": -5.08,
            "speechiness": 0.177,
            "time_signature": 4,
            "happiness": 7.452999999999999
        }
    },
    {
        "#": 26,
        "Track Title": "Miss You",
        "Artist": "southstar",
        "Key": "2A",
        "Energy": 6.031000000000001,
        "Popularity": 7.93,
        "BPM": 145,
        "DJ Play Count": 0,
        "Rating": "*******",
        "My Tag": [
            "Fight & Fog, EDM",
            "2020s",
            "PEGI 16 [Age]"
        ],
        "Additional Info": {
            "id": "4tRhRLBxIZ34Iw0eCuiC03",
            "explicit": true,
            "album": "Miss You",
            "release_date": "2022-07-30",
            "genres": [],
            "duration": 206385,
            "acousticness": 0.136,
            "danceability": 6.9670000000000005,
            "instrumentalness": 0.0894,
            "liveness": 0.108,
            "loudness": -12.876,
            "speechiness": 0.0391,
            "time_signature": 4,
            "happiness": 3.6639999999999997
        }
    },
    {
        "#": 27,
        "Track Title": "Beggin'",
        "Artist": "Chris Lake, Aluna",
        "Key": "4A",
        "Energy": 7.03,
        "Popularity": 7.84,
        "BPM": 126,
        "DJ Play Count": 0,
        "Rating": "*******",
        "My Tag": [
            "Fight & Fog, EDM",
            "2020s",
            "Dance Remixes",
            "EDM",
            "Pop",
            "Club-Hotel",
            "Happy"
        ],
        "Additional Info": {
            "id": "74nEGIzIefJhJ5qX7NeIAz",
            "explicit": false,
            "album": "Beggin'",
            "release_date": "2023-04-20",
            "genres": [
                "bass house",
                "edm",
                "electro house",
                "house",
                "melbourne bounce",
                "pop dance",
                "progressive house",
                "tech house",
                "dance pop"
            ],
            "duration": 183397,
            "acousticness": 0.156,
            "danceability": 8.353,
            "instrumentalness": 0.168,
            "liveness": 0.111,
            "loudness": -6.315,
            "speechiness": 0.0545,
            "time_signature": 4,
            "happiness": 7.4079999999999995
        }
    },
    {
        "#": 28,
        "Track Title": "Maria Maria",
        "Artist": "TECH IT DEEP",
        "Key": "8B",
        "Energy": 6.913,
        "Popularity": 7.84,
        "BPM": 128,
        "DJ Play Count": 0,
        "Rating": "*******",
        "My Tag": [
            "Fight & Fog, EDM",
            "2020s"
        ],
        "Additional Info": {
            "id": "4wP6mzWZC94dYmU6OYeljf",
            "explicit": false,
            "album": "Maria Maria",
            "release_date": "2023-02-08",
            "genres": [],
            "duration": 161802,
            "acousticness": 0.0967,
            "danceability": 7.723,
            "instrumentalness": 0.00497,
            "liveness": 0.278,
            "loudness": -7.652,
            "speechiness": 0.0912,
            "time_signature": 4,
            "happiness": 4.573
        }
    },
    {
        "#": 29,
        "Track Title": "Edge of Seventeen",
        "Artist": "Wuki",
        "Key": "7A",
        "Energy": 9.181000000000001,
        "Popularity": 7.84,
        "BPM": 128,
        "DJ Play Count": 0,
        "Rating": "*******",
        "My Tag": [
            "Fight & Fog, EDM",
            "2020s"
        ],
        "Additional Info": {
            "id": "5IFSvSEeCAvvBEQ85poqKB",
            "explicit": false,
            "album": "Edge of Seventeen",
            "release_date": "2022-10-21",
            "genres": [],
            "duration": 164043,
            "acousticness": 0.0324,
            "danceability": 7.372,
            "instrumentalness": 0.527,
            "liveness": 0.08,
            "loudness": -5.999,
            "speechiness": 0.0476,
            "time_signature": 4,
            "happiness": 4.159
        }
    },
    {
        "#": 30,
        "Track Title": "Hero",
        "Artist": "Martin Garrix, JVKE",
        "Key": "11A",
        "Energy": 7.263999999999999,
        "Popularity": 7.84,
        "BPM": 84,
        "DJ Play Count": 0,
        "Rating": "*******",
        "My Tag": [
            "Fight & Fog, EDM",
            "2020s",
            "Inspiring",
            "EDM",
            "Pop",
            "Dance Remixes"
        ],
        "Additional Info": {
            "id": "4Wu62DoQg1ECGlDKDfo30R",
            "explicit": false,
            "album": "Hero",
            "release_date": "2022-12-08",
            "genres": [
                "dutch edm",
                "edm",
                "pop",
                "pop dance",
                "progressive house",
                "modern indie pop",
                "pov: indie"
            ],
            "duration": 160714,
            "acousticness": 0.316,
            "danceability": 5.806,
            "instrumentalness": 0,
            "liveness": 0.248,
            "loudness": -5.211,
            "speechiness": 0.0694,
            "time_signature": 4,
            "happiness": 3.259
        }
    },
    {
        "#": 31,
        "Track Title": "Be The One",
        "Artist": "Eli Brown",
        "Key": "8B",
        "Energy": 9.370000000000001,
        "Popularity": 7.75,
        "BPM": 136,
        "DJ Play Count": 0,
        "Rating": "*******",
        "My Tag": [
            "Fight & Fog, EDM",
            "2020s",
            "EDM",
            "Club-Hotel"
        ],
        "Additional Info": {
            "id": "1cQld05IcUDw3RCFt7uymW",
            "explicit": false,
            "album": "Be The One",
            "release_date": "2023-03-31",
            "genres": [
                "house",
                "tech house",
                "uk dance"
            ],
            "duration": 169853,
            "acousticness": 0.00634,
            "danceability": 6.931,
            "instrumentalness": 0.177,
            "liveness": 0.104,
            "loudness": -5.084,
            "speechiness": 0.043,
            "time_signature": 4,
            "happiness": 5.914000000000001
        }
    },
    {
        "#": 32,
        "Track Title": "Here We Go Again",
        "Artist": "Oliver Tree, David Guetta",
        "Key": "4A",
        "Energy": 9.504999999999999,
        "Popularity": 7.75,
        "BPM": 130,
        "DJ Play Count": 0,
        "Rating": "*******",
        "My Tag": [
            "Fight & Fog, EDM",
            "2020s",
            "Dance Remixes",
            "EDM",
            "Pop",
            "Club-Hotel"
        ],
        "Additional Info": {
            "id": "3WsbAGQt6HgTj9kg6f466M",
            "explicit": false,
            "album": "Here We Go Again",
            "release_date": "2023-03-03",
            "genres": [
                "alternative hip hop",
                "big room",
                "dance pop",
                "edm",
                "pop",
                "pop dance"
            ],
            "duration": 164541,
            "acousticness": 0.00676,
            "danceability": 5.968,
            "instrumentalness": 0.000174,
            "liveness": 0.0556,
            "loudness": -3.771,
            "speechiness": 0.0561,
            "time_signature": 4,
            "happiness": 4.4559999999999995
        }
    },
    {
        "#": 33,
        "Track Title": "Body Talk",
        "Artist": "Ofenbach, SVEA",
        "Key": "2A",
        "Energy": 6.958,
        "Popularity": 7.75,
        "BPM": 122,
        "DJ Play Count": 0,
        "Rating": "*******",
        "My Tag": [
            "Fight & Fog, EDM",
            "2020s",
            "Pop",
            "Dance Remixes"
        ],
        "Additional Info": {
            "id": "7nZUNopZZQX1PhfuvrXTWN",
            "explicit": false,
            "album": "Body Talk",
            "release_date": "2023-02-24",
            "genres": [
                "pop dance",
                "swedish pop"
            ],
            "duration": 139423,
            "acousticness": 0.0169,
            "danceability": 7.372,
            "instrumentalness": 2.47e-05,
            "liveness": 0.122,
            "loudness": -4.34,
            "speechiness": 0.065,
            "time_signature": 4,
            "happiness": 6.625
        }
    },
    {
        "#": 34,
        "Track Title": "Everything You Have Done - Meduza Edit",
        "Artist": "GENESI, MEDUZA",
        "Key": "10B",
        "Energy": 9.415000000000001,
        "Popularity": 7.75,
        "BPM": 125,
        "DJ Play Count": 0,
        "Rating": "*******",
        "My Tag": [
            "Fight & Fog, EDM",
            "2020s",
            "EDM",
            "Pop",
            "Dance Remixes"
        ],
        "Additional Info": {
            "id": "5ooCfBqZyTB5CTdu1x7S77",
            "explicit": false,
            "album": "Everything You Have Done (Meduza Edit)",
            "release_date": "2023-03-10",
            "genres": [
                "pop dance",
                "pop house",
                "uk dance"
            ],
            "duration": 156218,
            "acousticness": 0.0459,
            "danceability": 7.102,
            "instrumentalness": 0.202,
            "liveness": 0.198,
            "loudness": -6.382,
            "speechiness": 0.0592,
            "time_signature": 4,
            "happiness": 5.365
        }
    },
    {
        "#": 35,
        "Track Title": "Heavy Metal Love",
        "Artist": "twocolors",
        "Key": "7A",
        "Energy": 7.9030000000000005,
        "Popularity": 7.75,
        "BPM": 125,
        "DJ Play Count": 0,
        "Rating": "*******",
        "My Tag": [
            "Fight & Fog, EDM",
            "2020s",
            "EDM",
            "Pop"
        ],
        "Additional Info": {
            "id": "07VcTAooOBP8hIluuUS5xr",
            "explicit": false,
            "album": "Heavy Metal Love",
            "release_date": "2022-07-08",
            "genres": [
                "edm",
                "pop edm"
            ],
            "duration": 132000,
            "acousticness": 0.194,
            "danceability": 7.912,
            "instrumentalness": 0,
            "liveness": 0.121,
            "loudness": -8.06,
            "speechiness": 0.0358,
            "time_signature": 4,
            "happiness": 5.113
        }
    },
    {
        "#": 36,
        "Track Title": "RATATA",
        "Artist": "Skrillex, Missy Elliott, Mr. Oizo",
        "Key": "11B",
        "Energy": 6.3999999999999995,
        "Popularity": 7.66,
        "BPM": 124,
        "DJ Play Count": 0,
        "Rating": "*******",
        "My Tag": [
            "Fight & Fog, EDM",
            "2020s",
            "EDM",
            "Club-Hotel",
            "Hip Hop",
            "Happy",
            "Pop",
            "Dance Remixes",
            "Romantic & Slow Dance"
        ],
        "Additional Info": {
            "id": "4wteGC0HtLeZWjDcczc4Pw",
            "explicit": false,
            "album": "Quest For Fire",
            "release_date": "2023-02-17",
            "genres": [
                "brostep",
                "complextro",
                "edm",
                "electro",
                "pop dance",
                "dance pop",
                "hip hop",
                "hip pop",
                "neo soul",
                "pop rap",
                "r&b",
                "rap",
                "urban contemporary",
                "virginia hip hop",
                "filter house"
            ],
            "duration": 126774,
            "acousticness": 0.0145,
            "danceability": 9.001,
            "instrumentalness": 0,
            "liveness": 0.08,
            "loudness": -10.603,
            "speechiness": 0.144,
            "time_signature": 4,
            "happiness": 5.509
        }
    },
    {
        "#": 37,
        "Track Title": "I Was Made For Lovin' You (feat. Nile Rodgers & House Gospel Choir)",
        "Artist": "Oliver Heldens, Nile Rodgers, House Gospel Choir",
        "Key": "6A",
        "Energy": 9.028,
        "Popularity": 7.66,
        "BPM": 126,
        "DJ Play Count": 0,
        "Rating": "*******",
        "My Tag": [
            "Fight & Fog, EDM",
            "2020s",
            "Dance Remixes",
            "EDM",
            "Pop",
            "Club-Hotel",
            "Happy"
        ],
        "Additional Info": {
            "id": "2LxdNADWier3MKTei8FbOY",
            "explicit": false,
            "album": "I Was Made For Lovin' You (feat. Nile Rodgers & House Gospel Choir)",
            "release_date": "2022-05-06",
            "genres": [
                "edm",
                "electro house",
                "future house",
                "house",
                "pop dance",
                "progressive electro house",
                "progressive house",
                "disco",
                "cedm"
            ],
            "duration": 157206,
            "acousticness": 0.0577,
            "danceability": 7.174,
            "instrumentalness": 7.11e-06,
            "liveness": 0.0838,
            "loudness": -3.186,
            "speechiness": 0.0498,
            "time_signature": 4,
            "happiness": 7.768
        }
    },
    {
        "#": 38,
        "Track Title": "Upside Down (feat. Poppy Baskcomb)",
        "Artist": "MEDUZA, Poppy Baskcomb",
        "Key": "5B",
        "Energy": 8.713000000000001,
        "Popularity": 7.66,
        "BPM": 128,
        "DJ Play Count": 0,
        "Rating": "*******",
        "My Tag": [
            "Fight & Fog, EDM",
            "2020s",
            "EDM",
            "Pop",
            "Dance Remixes",
            "Fight & Fog"
        ],
        "Additional Info": {
            "id": "2UDycsru4dEa1UFmyIvKYU",
            "explicit": false,
            "album": "Upside Down (feat. Poppy Baskcomb)",
            "release_date": "2023-04-14",
            "genres": [
                "pop dance",
                "pop house",
                "uk dance",
                "uk dance"
            ],
            "duration": 174375,
            "acousticness": 0.0187,
            "danceability": 5.932,
            "instrumentalness": 0.749,
            "liveness": 0.0731,
            "loudness": -6.83,
            "speechiness": 0.0369,
            "time_signature": 4,
            "happiness": 1.4788000000000001
        }
    },
    {
        "#": 39,
        "Track Title": "Headlights (feat. KIDDO)",
        "Artist": "Alok, Alan Walker, KIDDO",
        "Key": "10A",
        "Energy": 7.786,
        "Popularity": 7.66,
        "BPM": 100,
        "DJ Play Count": 0,
        "Rating": "*******",
        "My Tag": [
            "Fight & Fog, EDM",
            "2020s",
            "Nostalgic",
            "EDM",
            "Pop",
            "Club-Hotel"
        ],
        "Additional Info": {
            "id": "7BhmwvCdQZNwuQXSHw5TzP",
            "explicit": false,
            "album": "Headlights (feat. KIDDO)",
            "release_date": "2022-02-18",
            "genres": [
                "electro house",
                "pop nacional",
                "sertanejo universitario",
                "slap house",
                "electro house",
                "scandipop"
            ],
            "duration": 158400,
            "acousticness": 0.00998,
            "danceability": 6.634,
            "instrumentalness": 0.00404,
            "liveness": 0.157,
            "loudness": -6.217,
            "speechiness": 0.0269,
            "time_signature": 4,
            "happiness": 3.853
        }
    },
    {
        "#": 40,
        "Track Title": "Like Wooh Wooh - Radio Edit",
        "Artist": "Rnbstylerz",
        "Key": "3B",
        "Energy": 8.74,
        "Popularity": 7.57,
        "BPM": 125,
        "DJ Play Count": 0,
        "Rating": "*******",
        "My Tag": [
            "Fight & Fog, EDM",
            "2010s"
        ],
        "Additional Info": {
            "id": "0C9P00gKzHroC3Et2SQylA",
            "explicit": false,
            "album": "Like Wooh Wooh",
            "release_date": "2019-07-30",
            "genres": [
                "klubowe"
            ],
            "duration": 136189,
            "acousticness": 0.155,
            "danceability": 8.497,
            "instrumentalness": 0.773,
            "liveness": 0.103,
            "loudness": -5.331,
            "speechiness": 0.0675,
            "time_signature": 4,
            "happiness": 6.454
        }
    },
    {
        "#": 41,
        "Track Title": "Heute Nacht",
        "Artist": "Maddix",
        "Key": "1A",
        "Energy": 9.208,
        "Popularity": 7.57,
        "BPM": 135,
        "DJ Play Count": 0,
        "Rating": "*******",
        "My Tag": [
            "Fight & Fog, EDM",
            "2020s",
            "EDM",
            "Club-Hotel",
            "Fight & Fog"
        ],
        "Additional Info": {
            "id": "1eMUGMEWrvTXYWrPobq2dH",
            "explicit": false,
            "album": "Heute Nacht",
            "release_date": "2022-10-14",
            "genres": [
                "big room"
            ],
            "duration": 204444,
            "acousticness": 0.0196,
            "danceability": 6.481,
            "instrumentalness": 0.478,
            "liveness": 0.133,
            "loudness": -6.593,
            "speechiness": 0.0391,
            "time_signature": 4,
            "happiness": 1.3519
        }
    },
    {
        "#": 42,
        "Track Title": "Mexico",
        "Artist": "Dimitri Vegas & Like Mike, Ne-Yo, Danna Paola",
        "Key": "2A",
        "Energy": 6.9670000000000005,
        "Popularity": 7.57,
        "BPM": 124,
        "DJ Play Count": 0,
        "Rating": "*******",
        "My Tag": [
            "Fight & Fog, EDM",
            "2020s",
            "EDM",
            "Latin",
            "Club-Hotel",
            "Hip Hop",
            "Happy",
            "Pop",
            "Dance Remixes",
            "Romantic & Slow Dance"
        ],
        "Additional Info": {
            "id": "6yTaG6eJDi6T0VSawfMTQy",
            "explicit": false,
            "album": "Mexico",
            "release_date": "2023-03-03",
            "genres": [
                "belgian dance",
                "belgian edm",
                "big room",
                "dutch house",
                "edm",
                "electro house",
                "pop dance",
                "progressive electro house",
                "dance pop",
                "pop",
                "r&b",
                "urban contemporary",
                "latin pop",
                "latin viral pop",
                "mexican pop"
            ],
            "duration": 153871,
            "acousticness": 0.0316,
            "danceability": 7.678,
            "instrumentalness": 3.75e-05,
            "liveness": 0.216,
            "loudness": -7.14,
            "speechiness": 0.107,
            "time_signature": 4,
            "happiness": 4.276
        }
    },
    {
        "#": 43,
        "Track Title": "Baila Conmigo",
        "Artist": "Tiësto",
        "Key": "9B",
        "Energy": 8.695,
        "Popularity": 7.57,
        "BPM": 128,
        "DJ Play Count": 0,
        "Rating": "*******",
        "My Tag": [
            "Fight & Fog, EDM",
            "2020s",
            "EDM",
            "Club-Hotel",
            "Pop",
            "Flying High",
            "Dance Remixes",
            "Fight & Fog"
        ],
        "Additional Info": {
            "id": "3KruoUtSkm84Az0bJunnxl",
            "explicit": false,
            "album": "Baila Conmigo",
            "release_date": "2022-07-29",
            "genres": [
                "big room",
                "brostep",
                "dutch edm",
                "edm",
                "house",
                "pop dance",
                "slap house",
                "trance"
            ],
            "duration": 146250,
            "acousticness": 0.00658,
            "danceability": 6.868,
            "instrumentalness": 0.409,
            "liveness": 0.341,
            "loudness": -6.411,
            "speechiness": 0.0775,
            "time_signature": 4,
            "happiness": 1.7506
        }
    },
    {
        "#": 44,
        "Track Title": "Voodoo",
        "Artist": "Gorgon City",
        "Key": "2A",
        "Energy": 8.902000000000001,
        "Popularity": 7.57,
        "BPM": 129,
        "DJ Play Count": 0,
        "Rating": "*******",
        "My Tag": [
            "Fight & Fog, EDM",
            "2020s",
            "Dance Remixes",
            "EDM",
            "Pop",
            "Club-Hotel"
        ],
        "Additional Info": {
            "id": "3JsH3qnwhYGs20PBMsCgNx",
            "explicit": false,
            "album": "Voodoo",
            "release_date": "2023-03-10",
            "genres": [
                "future garage",
                "house",
                "pop dance",
                "uk dance"
            ],
            "duration": 213800,
            "acousticness": 0.212,
            "danceability": 6.94,
            "instrumentalness": 0.663,
            "liveness": 0.16,
            "loudness": -6.647,
            "speechiness": 0.0596,
            "time_signature": 4,
            "happiness": 3.3760000000000003
        }
    },
    {
        "#": 45,
        "Track Title": "TMO (Turn Me On) [feat. Kevin Lyttle]",
        "Artist": "Luude, Bru-C, Kevin Lyttle",
        "Key": "3A",
        "Energy": 9.235,
        "Popularity": 7.57,
        "BPM": 90,
        "DJ Play Count": 0,
        "Rating": "*******",
        "My Tag": [
            "Fight & Fog, EDM",
            "2020s",
            "EDM",
            "Happy"
        ],
        "Additional Info": {
            "id": "6WwzdsP1Y1bb4NYXpgn5CD",
            "explicit": false,
            "album": "TMO (Turn Me On) [feat. Kevin Lyttle]",
            "release_date": "2023-04-27",
            "genres": [
                "aussietronica",
                "bassline",
                "charva",
                "nottingham hip hop",
                "old school bassline",
                "soca",
                "vincy soca"
            ],
            "duration": 159471,
            "acousticness": 0.128,
            "danceability": 5.527,
            "instrumentalness": 0,
            "liveness": 0.227,
            "loudness": -2.488,
            "speechiness": 0.136,
            "time_signature": 4,
            "happiness": 7.867
        }
    },
    {
        "#": 46,
        "Track Title": "Eat Your Man (with Nelly Furtado)",
        "Artist": "Dom Dolla, Nelly Furtado",
        "Key": "4B",
        "Energy": 8.947,
        "Popularity": 7.57,
        "BPM": 125,
        "DJ Play Count": 0,
        "Rating": "*******",
        "My Tag": [
            "Fight & Fog, EDM",
            "2020s",
            "EDM",
            "Latin",
            "Club-Hotel",
            "Pop",
            "Dance Remixes"
        ],
        "Additional Info": {
            "id": "6Ea2oEzysv4UECGNxL1IEW",
            "explicit": false,
            "album": "Eat Your Man (with Nelly Furtado)",
            "release_date": "2023-06-02",
            "genres": [
                "australian house",
                "deep groove house",
                "house",
                "canadian latin",
                "canadian pop",
                "dance pop",
                "pop"
            ],
            "duration": 197165,
            "acousticness": 0.053,
            "danceability": 7.6419999999999995,
            "instrumentalness": 0.193,
            "liveness": 0.102,
            "loudness": -7.989,
            "speechiness": 0.0818,
            "time_signature": 4,
            "happiness": 6.859
        }
    },
    {
        "#": 47,
        "Track Title": "We Could Be Together",
        "Artist": "Gabry Ponte, LUM!X, Daddy DJ",
        "Key": "6B",
        "Energy": 8.002,
        "Popularity": 7.4799999999999995,
        "BPM": 126,
        "DJ Play Count": 0,
        "Rating": "*******",
        "My Tag": [
            "Fight & Fog, EDM",
            "2020s",
            "EDM",
            "Club-Hotel",
            "Happy",
            "Pop",
            "Dance Remixes"
        ],
        "Additional Info": {
            "id": "3ElGRG3DqSzzkh1b2wnbzf",
            "explicit": false,
            "album": "We Could Be Together (feat. Daddy DJ)",
            "release_date": "2022-06-03",
            "genres": [
                "eurodance",
                "italo dance",
                "slap house",
                "melbourne bounce international",
                "slap house",
                "bubblegum dance"
            ],
            "duration": 149643,
            "acousticness": 0.198,
            "danceability": 7.353999999999999,
            "instrumentalness": 1.06e-05,
            "liveness": 0.0778,
            "loudness": -4.491,
            "speechiness": 0.0606,
            "time_signature": 4,
            "happiness": 4.384
        }
    },
    {
        "#": 48,
        "Track Title": "Lose You - Felix Jaehn Remix",
        "Artist": "Sam Smith, Felix Jaehn",
        "Key": "4B",
        "Energy": 7.4079999999999995,
        "Popularity": 7.4799999999999995,
        "BPM": 140,
        "DJ Play Count": 0,
        "Rating": "*******",
        "My Tag": [
            "Fight & Fog, EDM",
            "2020s",
            "EDM",
            "Pop",
            "Dance Remixes"
        ],
        "Additional Info": {
            "id": "1YXS5uFWQnwQbN9dmXgYrC",
            "explicit": false,
            "album": "Lose You (Felix Jaehn Remix)",
            "release_date": "2023-05-05",
            "genres": [
                "pop",
                "uk pop",
                "edm",
                "german dance",
                "pop dance",
                "tropical house"
            ],
            "duration": 156405,
            "acousticness": 0.181,
            "danceability": 6.346,
            "instrumentalness": 0,
            "liveness": 0.758,
            "loudness": -7.542,
            "speechiness": 0.266,
            "time_signature": 4,
            "happiness": 5.707
        }
    },
    {
        "#": 49,
        "Track Title": "Stay the Night",
        "Artist": "Sigala, Talia Mar",
        "Key": "9A",
        "Energy": 9.424000000000001,
        "Popularity": 7.4799999999999995,
        "BPM": 124,
        "DJ Play Count": 0,
        "Rating": "*******",
        "My Tag": [
            "Fight & Fog, EDM",
            "2020s",
            "EDM",
            "Pop",
            "Dance Remixes"
        ],
        "Additional Info": {
            "id": "4qtdkdTY1t3RmlmSbWykzR",
            "explicit": false,
            "album": "Stay the Night",
            "release_date": "2022-05-20",
            "genres": [
                "dance pop",
                "edm",
                "pop dance",
                "uk dance",
                "uk pop",
                "game mood"
            ],
            "duration": 171955,
            "acousticness": 0.177,
            "danceability": 6.724,
            "instrumentalness": 0,
            "liveness": 0.0879,
            "loudness": -2.65,
            "speechiness": 0.0729,
            "time_signature": 4,
            "happiness": 4.734999999999999
        }
    },
    {
        "#": 50,
        "Track Title": "Believe (feat. Goodboys)",
        "Artist": "ACRAZE, Goodboys",
        "Key": "3A",
        "Energy": 8.857,
        "Popularity": 7.4799999999999995,
        "BPM": 124,
        "DJ Play Count": 0,
        "Rating": "*******",
        "My Tag": [
            "Fight & Fog, EDM",
            "2020s",
            "Club-Hotel",
            "EDM",
            "Pop",
            "Dance Remixes"
        ],
        "Additional Info": {
            "id": "6h5y2LCqCQudsCarn61CNE",
            "explicit": false,
            "album": "Believe (feat. Goodboys)",
            "release_date": "2022-10-07",
            "genres": [
                "pop dance",
                "tech house",
                "pop dance",
                "uk dance"
            ],
            "duration": 188710,
            "acousticness": 0.00519,
            "danceability": 6.931,
            "instrumentalness": 0.000155,
            "liveness": 0.172,
            "loudness": -5.227,
            "speechiness": 0.0449,
            "time_signature": 4,
            "happiness": 4.258
        }
    },
    {
        "#": 51,
        "Track Title": "These Nights",
        "Artist": "Loud Luxury, KIDDO",
        "Key": "10A",
        "Energy": 7.426,
        "Popularity": 7.4799999999999995,
        "BPM": 120,
        "DJ Play Count": 0,
        "Rating": "*******",
        "My Tag": [
            "Fight & Fog, EDM",
            "2020s",
            "EDM",
            "Pop",
            "Dance Remixes",
            "Fight & Fog"
        ],
        "Additional Info": {
            "id": "1GL7vwDnPqCnJ2xGNxNLwG",
            "explicit": false,
            "album": "These Nights",
            "release_date": "2022-07-08",
            "genres": [
                "edm",
                "pop dance",
                "scandipop"
            ],
            "duration": 132417,
            "acousticness": 0.00444,
            "danceability": 6.787,
            "instrumentalness": 2.85e-06,
            "liveness": 0.146,
            "loudness": -5.504,
            "speechiness": 0.0486,
            "time_signature": 4,
            "happiness": 2.8449999999999998
        }
    },
    {
        "#": 52,
        "Track Title": "Good Love",
        "Artist": "Hannah Laing, RoRo",
        "Key": "3B",
        "Energy": 8.353,
        "Popularity": 7.4799999999999995,
        "BPM": 140,
        "DJ Play Count": 0,
        "Rating": "*******",
        "My Tag": [
            "Fight & Fog, EDM",
            "2020s"
        ],
        "Additional Info": {
            "id": "0ZVjgfaC2Ptrod9v6p9KFP",
            "explicit": false,
            "album": "Good Love",
            "release_date": "2023-05-12",
            "genres": [
                "modern alternative pop"
            ],
            "duration": 169535,
            "acousticness": 0.127,
            "danceability": 7.9750000000000005,
            "instrumentalness": 0.00273,
            "liveness": 0.215,
            "loudness": -4.921,
            "speechiness": 0.0656,
            "time_signature": 4,
            "happiness": 4.474
        }
    },
    {
        "#": 53,
        "Track Title": "All For Love",
        "Artist": "Felix Jaehn, Sandro Cavazza",
        "Key": "1B",
        "Energy": 7.624,
        "Popularity": 7.4799999999999995,
        "BPM": 126,
        "DJ Play Count": 0,
        "Rating": "*******",
        "My Tag": [
            "Fight & Fog, EDM",
            "2020s",
            "EDM",
            "Pop",
            "Dance Remixes",
            "Fight & Fog"
        ],
        "Additional Info": {
            "id": "3ec1mgb7R6yhRvzp3DaTus",
            "explicit": false,
            "album": "All For Love",
            "release_date": "2023-05-26",
            "genres": [
                "edm",
                "german dance",
                "pop dance",
                "tropical house",
                "swedish pop"
            ],
            "duration": 166667,
            "acousticness": 0.0616,
            "danceability": 6.157,
            "instrumentalness": 0,
            "liveness": 0.508,
            "loudness": -6.882,
            "speechiness": 0.0435,
            "time_signature": 4,
            "happiness": 2.665
        }
    },
    {
        "#": 54,
        "Track Title": "After Midnight (feat. Xoro)",
        "Artist": "Lucas & Steve, Yves V, Xoro",
        "Key": "12A",
        "Energy": 7.273,
        "Popularity": 7.4799999999999995,
        "BPM": 125,
        "DJ Play Count": 0,
        "Rating": "*******",
        "My Tag": [
            "Fight & Fog, EDM",
            "2020s",
            "Club-Hotel",
            "EDM",
            "Pop",
            "Dance Remixes"
        ],
        "Additional Info": {
            "id": "5ANWAzmveemGd3Zqb5FXR1",
            "explicit": false,
            "album": "After Midnight (feat. Xoro)",
            "release_date": "2023-01-27",
            "genres": [
                "dutch house",
                "edm",
                "electro house",
                "pop dance",
                "progressive electro house",
                "belgian edm",
                "dutch house",
                "edm",
                "electro house",
                "pop dance",
                "progressive electro house",
                "progressive house",
                "slap house"
            ],
            "duration": 143526,
            "acousticness": 0.0293,
            "danceability": 7.417,
            "instrumentalness": 0.000154,
            "liveness": 0.457,
            "loudness": -6.759,
            "speechiness": 0.0361,
            "time_signature": 4,
            "happiness": 6.742
        }
    },
    {
        "#": 55,
        "Track Title": "In The Yuma (feat. Aatig)",
        "Artist": "Chris Lake, Aatig",
        "Key": "3A",
        "Energy": 9.019,
        "Popularity": 7.39,
        "BPM": 126,
        "DJ Play Count": 0,
        "Rating": "*******",
        "My Tag": [
            "Fight & Fog, EDM",
            "2020s",
            "Dance Remixes",
            "EDM",
            "Pop",
            "Club-Hotel",
            "Happy"
        ],
        "Additional Info": {
            "id": "2e2yKavdT6WQzzMHwNtPFa",
            "explicit": false,
            "album": "In The Yuma (feat. Aatig)",
            "release_date": "2022-11-11",
            "genres": [
                "bass house",
                "edm",
                "electro house",
                "house",
                "melbourne bounce",
                "pop dance",
                "progressive house",
                "tech house"
            ],
            "duration": 156216,
            "acousticness": 0.000394,
            "danceability": 8.614,
            "instrumentalness": 0.803,
            "liveness": 0.124,
            "loudness": -4.902,
            "speechiness": 0.0652,
            "time_signature": 4,
            "happiness": 9.459999999999999
        }
    },
    {
        "#": 56,
        "Track Title": "On & On",
        "Artist": "Armin van Buuren, Punctual, Alika",
        "Key": "8B",
        "Energy": 9.397,
        "Popularity": 7.39,
        "BPM": 128,
        "DJ Play Count": 0,
        "Rating": "*******",
        "My Tag": [
            "Fight & Fog, EDM",
            "2020s",
            "Flying High",
            "EDM",
            "Pop",
            "Dance Remixes"
        ],
        "Additional Info": {
            "id": "19bua05ITWjFrk9iGxOA7r",
            "explicit": false,
            "album": "On & On",
            "release_date": "2023-03-29",
            "genres": [
                "dutch trance",
                "edm",
                "pop dance",
                "progressive house",
                "trance",
                "uk dance"
            ],
            "duration": 170578,
            "acousticness": 0.0221,
            "danceability": 7.1290000000000004,
            "instrumentalness": 0.00504,
            "liveness": 0.266,
            "loudness": -2.855,
            "speechiness": 0.104,
            "time_signature": 4,
            "happiness": 5.140000000000001
        }
    },
    {
        "#": 57,
        "Track Title": "Rumble",
        "Artist": "Skrillex, Fred again.., Flowdan",
        "Key": "3A",
        "Energy": 8.524000000000001,
        "Popularity": 7.39,
        "BPM": 140,
        "DJ Play Count": 0,
        "Rating": "*******",
        "My Tag": [
            "Fight & Fog, EDM",
            "2020s",
            "Club-Hotel",
            "EDM",
            "Pop",
            "Dance Remixes",
            "Fight & Fog"
        ],
        "Additional Info": {
            "id": "74fmYjFwt9CqEFAh8ybeBD",
            "explicit": false,
            "album": "Quest For Fire",
            "release_date": "2023-02-17",
            "genres": [
                "brostep",
                "complextro",
                "edm",
                "electro",
                "pop dance",
                "edm",
                "house",
                "stutter house",
                "grime"
            ],
            "duration": 146571,
            "acousticness": 0.0515,
            "danceability": 8.290000000000001,
            "instrumentalness": 0.229,
            "liveness": 0.0598,
            "loudness": -7.721,
            "speechiness": 0.0645,
            "time_signature": 4,
            "happiness": 1.5265
        }
    },
    {
        "#": 58,
        "Track Title": "Fool 4 U (feat. Enisa)",
        "Artist": "Galantis, JVKE, Enisa",
        "Key": "1A",
        "Energy": 5.977,
        "Popularity": 7.39,
        "BPM": 121,
        "DJ Play Count": 0,
        "Rating": "*******",
        "My Tag": [
            "Fight & Fog, EDM",
            "2020s",
            "Inspiring",
            "EDM",
            "Pop",
            "Dance Remixes"
        ],
        "Additional Info": {
            "id": "41aBRoaTTz9qq8UGIlykiZ",
            "explicit": false,
            "album": "Fool 4 U (feat. Enisa)",
            "release_date": "2023-05-04",
            "genres": [
                "dance pop",
                "edm",
                "pop",
                "pop dance",
                "modern indie pop",
                "pov: indie"
            ],
            "duration": 146077,
            "acousticness": 0.12,
            "danceability": 7.669,
            "instrumentalness": 0,
            "liveness": 0.112,
            "loudness": -5.182,
            "speechiness": 0.0519,
            "time_signature": 4,
            "happiness": 5.563
        }
    },
    {
        "#": 59,
        "Track Title": "Rain In Ibiza",
        "Artist": "Felix Jaehn, The Stickmen Project, Calum Scott",
        "Key": "9B",
        "Energy": 9.082,
        "Popularity": 7.39,
        "BPM": 124,
        "DJ Play Count": 0,
        "Rating": "*******",
        "My Tag": [
            "Fight & Fog, EDM",
            "2020s",
            "EDM",
            "Pop",
            "Dance Remixes",
            "Happy"
        ],
        "Additional Info": {
            "id": "5u8Y0lAUlBLwuhpXSDUGf4",
            "explicit": false,
            "album": "Rain In Ibiza",
            "release_date": "2022-02-25",
            "genres": [
                "edm",
                "german dance",
                "pop dance",
                "tropical house",
                "pop"
            ],
            "duration": 141932,
            "acousticness": 0.0844,
            "danceability": 6.886,
            "instrumentalness": 0.0347,
            "liveness": 0.316,
            "loudness": -5.964,
            "speechiness": 0.0413,
            "time_signature": 4,
            "happiness": 7.497999999999999
        }
    },
    {
        "#": 60,
        "Track Title": "Hurricane",
        "Artist": "Martin Garrix, Sentinel, Bonn",
        "Key": "2B",
        "Energy": 6.94,
        "Popularity": 7.39,
        "BPM": 128,
        "DJ Play Count": 0,
        "Rating": "*******",
        "My Tag": [
            "Fight & Fog, EDM",
            "2020s",
            "EDM",
            "Pop",
            "Dance Remixes"
        ],
        "Additional Info": {
            "id": "5RfVafaeEEiqC0Z3LsBaZw",
            "explicit": false,
            "album": "Hurricane",
            "release_date": "2023-06-02",
            "genres": [
                "dutch edm",
                "edm",
                "pop",
                "pop dance",
                "progressive house",
                "swedish pop"
            ],
            "duration": 198867,
            "acousticness": 0.0122,
            "danceability": 4.906000000000001,
            "instrumentalness": 6.12e-06,
            "liveness": 0.103,
            "loudness": -5.605,
            "speechiness": 0.0359,
            "time_signature": 4,
            "happiness": 3.835
        }
    },
    {
        "#": 61,
        "Track Title": "Typa Girl",
        "Artist": "southstar",
        "Key": "3B",
        "Energy": 8.911,
        "Popularity": 7.39,
        "BPM": 75,
        "DJ Play Count": 0,
        "Rating": "*******",
        "My Tag": [
            "Fight & Fog, EDM",
            "2020s",
            "PEGI 16 [Age]"
        ],
        "Additional Info": {
            "id": "16SKOkyJsJNeJkHUFTcDUm",
            "explicit": true,
            "album": "Dunes",
            "release_date": "2023-05-19",
            "genres": [],
            "duration": 184752,
            "acousticness": 0.0107,
            "danceability": 6.742,
            "instrumentalness": 0.193,
            "liveness": 0.129,
            "loudness": -5.691,
            "speechiness": 0.0288,
            "time_signature": 4,
            "happiness": 6.337
        }
    },
    {
        "#": 62,
        "Track Title": "Lost In The Rhythm",
        "Artist": "David Guetta, MORTEN",
        "Key": "9B",
        "Energy": 9.91,
        "Popularity": 7.39,
        "BPM": 125,
        "DJ Play Count": 0,
        "Rating": "*******",
        "My Tag": [
            "Fight & Fog, EDM",
            "2020s",
            "Dance Remixes",
            "EDM",
            "Pop",
            "Club-Hotel"
        ],
        "Additional Info": {
            "id": "5o06Ga8GxzI35T7AHCeARL",
            "explicit": false,
            "album": "Lost In The Rhythm",
            "release_date": "2023-05-26",
            "genres": [
                "big room",
                "dance pop",
                "edm",
                "pop",
                "pop dance",
                "danish electronic",
                "scandipop"
            ],
            "duration": 170880,
            "acousticness": 0.0069,
            "danceability": 5.95,
            "instrumentalness": 0.893,
            "liveness": 0.205,
            "loudness": -4.901,
            "speechiness": 0.0865,
            "time_signature": 4,
            "happiness": 3.475
        }
    },
    {
        "#": 63,
        "Track Title": "Gimme That Bounce",
        "Artist": "Mau P",
        "Key": "4B",
        "Energy": 9.64,
        "Popularity": 7.39,
        "BPM": 126,
        "DJ Play Count": 0,
        "Rating": "*******",
        "My Tag": [
            "Fight & Fog, EDM",
            "2020s",
            "EDM",
            "Club-Hotel",
            "Fight & Fog"
        ],
        "Additional Info": {
            "id": "7jURkEKDVEm9sHueqUX0ko",
            "explicit": false,
            "album": "Gimme That Bounce",
            "release_date": "2023-01-27",
            "genres": [
                "tech house"
            ],
            "duration": 217411,
            "acousticness": 0.0284,
            "danceability": 8.209,
            "instrumentalness": 0.877,
            "liveness": 0.0985,
            "loudness": -5.534,
            "speechiness": 0.264,
            "time_signature": 4,
            "happiness": 1.909
        }
    },
    {
        "#": 64,
        "Track Title": "Explore Your Future",
        "Artist": "Anyma",
        "Key": "1A",
        "Energy": 8.929,
        "Popularity": 7.3,
        "BPM": 124,
        "DJ Play Count": 0,
        "Rating": "*******",
        "My Tag": [
            "Fight & Fog, EDM",
            "2020s"
        ],
        "Additional Info": {
            "id": "5SfcsMI2nJhdZpmwCcNEGf",
            "explicit": false,
            "album": "Explore Your Future",
            "release_date": "2023-03-23",
            "genres": [
                "stutter house"
            ],
            "duration": 220887,
            "acousticness": 0.000561,
            "danceability": 7.444,
            "instrumentalness": 0.67,
            "liveness": 0.216,
            "loudness": -7.027,
            "speechiness": 0.0536,
            "time_signature": 4,
            "happiness": 3.637
        }
    },
    {
        "#": 65,
        "Track Title": "Million Dollar Baby",
        "Artist": "Ava Max",
        "Key": "10A",
        "Energy": 8.722,
        "Popularity": 7.3,
        "BPM": 133,
        "DJ Play Count": 0,
        "Rating": "*******",
        "My Tag": [
            "Fight & Fog, EDM",
            "2020s",
            "Pop"
        ],
        "Additional Info": {
            "id": "3pPN20syOYvbUuEiBpbenI",
            "explicit": false,
            "album": "Million Dollar Baby",
            "release_date": "2022-09-01",
            "genres": [
                "pop"
            ],
            "duration": 184295,
            "acousticness": 0.0367,
            "danceability": 7.003,
            "instrumentalness": 1.47e-05,
            "liveness": 0.325,
            "loudness": -2.268,
            "speechiness": 0.0926,
            "time_signature": 4,
            "happiness": 6.769
        }
    },
    {
        "#": 66,
        "Track Title": "Miracle Maker",
        "Artist": "Dom Dolla, Clementine Douglas",
        "Key": "6B",
        "Energy": 9.459999999999999,
        "Popularity": 7.3,
        "BPM": 128,
        "DJ Play Count": 0,
        "Rating": "*******",
        "My Tag": [
            "Fight & Fog, EDM",
            "2020s",
            "EDM",
            "Club-Hotel"
        ],
        "Additional Info": {
            "id": "6txvQu0zUbiqG24A8XMLnK",
            "explicit": false,
            "album": "Miracle Maker",
            "release_date": "2022-07-14",
            "genres": [
                "australian house",
                "deep groove house",
                "house",
                "uk dance"
            ],
            "duration": 188592,
            "acousticness": 0.00124,
            "danceability": 6.481,
            "instrumentalness": 0.269,
            "liveness": 0.15,
            "loudness": -6.097,
            "speechiness": 0.0617,
            "time_signature": 4,
            "happiness": 3.142
        }
    },
    {
        "#": 67,
        "Track Title": "Rhyme Dust",
        "Artist": "MK, Dom Dolla",
        "Key": "5B",
        "Energy": 6.049,
        "Popularity": 7.3,
        "BPM": 128,
        "DJ Play Count": 0,
        "Rating": "*******",
        "My Tag": [
            "Fight & Fog, EDM",
            "2020s",
            "Dance Remixes",
            "EDM",
            "Pop",
            "Club-Hotel",
            "Happy"
        ],
        "Additional Info": {
            "id": "5mKiwDDrwG22qKKVL6JZqF",
            "explicit": false,
            "album": "Rhyme Dust",
            "release_date": "2023-02-24",
            "genres": [
                "house",
                "pop dance",
                "australian house",
                "deep groove house",
                "house"
            ],
            "duration": 181365,
            "acousticness": 0.0659,
            "danceability": 9.325000000000001,
            "instrumentalness": 0.0271,
            "liveness": 0.152,
            "loudness": -8.675,
            "speechiness": 0.176,
            "time_signature": 4,
            "happiness": 7.489
        }
    },
    {
        "#": 68,
        "Track Title": "New Gold (feat. Tame Impala and Bootie Brown) - Dom Dolla Remix",
        "Artist": "Gorillaz, Tame Impala, Dom Dolla, Bootie Brown",
        "Key": "12A",
        "Energy": 9.073,
        "Popularity": 7.3,
        "BPM": 127,
        "DJ Play Count": 0,
        "Rating": "*******",
        "My Tag": [
            "Fight & Fog, EDM",
            "2020s",
            "Rock",
            "EDM",
            "Club-Hotel",
            "PEGI 16 [Age]"
        ],
        "Additional Info": {
            "id": "2c3KCGq6UojB2c8UAFrRON",
            "explicit": true,
            "album": "New Gold (feat. Tame Impala and Bootie Brown) [Dom Dolla Remix]",
            "release_date": "2022-11-18",
            "genres": [
                "alternative hip hop",
                "modern rock",
                "rock",
                "australian psych",
                "modern rock",
                "neo-psychedelic",
                "rock",
                "australian house",
                "deep groove house",
                "house"
            ],
            "duration": 274142,
            "acousticness": 0.012,
            "danceability": 7.444,
            "instrumentalness": 0.262,
            "liveness": 0.325,
            "loudness": -7.185,
            "speechiness": 0.0629,
            "time_signature": 4,
            "happiness": 4.2219999999999995
        }
    },
    {
        "#": 69,
        "Track Title": "Wings (I Won't Let You Down)",
        "Artist": "Armand Van Helden, Karen Harding",
        "Key": "3A",
        "Energy": 8.704,
        "Popularity": 7.209999999999999,
        "BPM": 126,
        "DJ Play Count": 0,
        "Rating": "*******",
        "My Tag": [
            "Fight & Fog, EDM",
            "2020s",
            "Dance Remixes",
            "EDM",
            "Pop",
            "Club-Hotel",
            "Happy"
        ],
        "Additional Info": {
            "id": "0QZyAYqpbsfnBfZ4vMRSVd",
            "explicit": false,
            "album": "Wings (I Won't Let You Down)",
            "release_date": "2022-12-02",
            "genres": [
                "big beat",
                "classic house",
                "deep house",
                "disco house",
                "hip house",
                "house",
                "speed garage",
                "uk dance",
                "vocal house",
                "house",
                "pop dance",
                "uk dance"
            ],
            "duration": 171905,
            "acousticness": 0.0746,
            "danceability": 7.228,
            "instrumentalness": 1.15e-05,
            "liveness": 0.153,
            "loudness": -2.963,
            "speechiness": 0.0351,
            "time_signature": 3,
            "happiness": 9.667
        }
    },
    {
        "#": 70,
        "Track Title": "Friends",
        "Artist": "MEDUZA",
        "Key": "12B",
        "Energy": 8.353,
        "Popularity": 7.209999999999999,
        "BPM": 125,
        "DJ Play Count": 0,
        "Rating": "*******",
        "My Tag": [
            "Fight & Fog, EDM",
            "2020s",
            "EDM",
            "Pop",
            "Dance Remixes"
        ],
        "Additional Info": {
            "id": "4kwbbhuemSkRWvtN5dkWmb",
            "explicit": false,
            "album": "Friends",
            "release_date": "2023-05-12",
            "genres": [
                "pop dance",
                "pop house",
                "uk dance"
            ],
            "duration": 157674,
            "acousticness": 0.00743,
            "danceability": 7.1290000000000004,
            "instrumentalness": 3.8e-06,
            "liveness": 0.215,
            "loudness": -5.171,
            "speechiness": 0.0587,
            "time_signature": 4,
            "happiness": 3.763
        }
    },
    {
        "#": 71,
        "Track Title": "Lose Control",
        "Artist": "James Hype",
        "Key": "11B",
        "Energy": 9.424000000000001,
        "Popularity": 7.209999999999999,
        "BPM": 128,
        "DJ Play Count": 0,
        "Rating": "*******",
        "My Tag": [
            "Fight & Fog, EDM",
            "2020s",
            "EDM",
            "Pop",
            "Dance Remixes"
        ],
        "Additional Info": {
            "id": "3DLWVhaowApIGw1JnJj6GS",
            "explicit": false,
            "album": "Lose Control",
            "release_date": "2023-05-12",
            "genres": [
                "deep groove house",
                "pop dance",
                "uk dance"
            ],
            "duration": 173438,
            "acousticness": 0.0338,
            "danceability": 7.426,
            "instrumentalness": 0.0239,
            "liveness": 0.244,
            "loudness": -3.693,
            "speechiness": 0.0426,
            "time_signature": 4,
            "happiness": 3.187
        }
    },
    {
        "#": 72,
        "Track Title": "HISTORY",
        "Artist": "Joel Corry, Becky Hill",
        "Key": "4B",
        "Energy": 8.74,
        "Popularity": 7.209999999999999,
        "BPM": 123,
        "DJ Play Count": 0,
        "Rating": "*******",
        "My Tag": [
            "Fight & Fog, EDM",
            "2020s",
            "EDM",
            "Pop",
            "Dance Remixes",
            "Happy",
            "PEGI 16 [Age]"
        ],
        "Additional Info": {
            "id": "5IfHQilcjciOxJQBFCNCCN",
            "explicit": true,
            "album": "HISTORY",
            "release_date": "2022-08-05",
            "genres": [
                "dance pop",
                "pop dance",
                "uk dance",
                "pop dance",
                "pop house",
                "uk dance",
                "uk pop"
            ],
            "duration": 176610,
            "acousticness": 0.155,
            "danceability": 7.066000000000001,
            "instrumentalness": 3.21e-06,
            "liveness": 0.359,
            "loudness": -3.318,
            "speechiness": 0.0369,
            "time_signature": 4,
            "happiness": 7.939
        }
    },
    {
        "#": 73,
        "Track Title": "Sorry (with Madonna)",
        "Artist": "BLOND:ISH, Madonna, Eran Hersh, Darmon",
        "Key": "8B",
        "Energy": 8.047,
        "Popularity": 7.209999999999999,
        "BPM": 124,
        "DJ Play Count": 0,
        "Rating": "*******",
        "My Tag": [
            "Fight & Fog, EDM",
            "2020s",
            "Pop",
            "Dance Remixes"
        ],
        "Additional Info": {
            "id": "5dW0cgZ9uV1W3PXtuTS5uP",
            "explicit": false,
            "album": "Sorry (with Madonna)",
            "release_date": "2023-02-10",
            "genres": [
                "deep disco house",
                "dance pop",
                "pop"
            ],
            "duration": 161629,
            "acousticness": 0.000577,
            "danceability": 6.8500000000000005,
            "instrumentalness": 0.815,
            "liveness": 0.2,
            "loudness": -8.061,
            "speechiness": 0.0342,
            "time_signature": 4,
            "happiness": 5.563
        }
    },
    {
        "#": 74,
        "Track Title": "Bling Bling",
        "Artist": "ALTÉGO",
        "Key": "1A",
        "Energy": 9.109,
        "Popularity": 7.12,
        "BPM": 122,
        "DJ Play Count": 0,
        "Rating": "*******",
        "My Tag": [
            "Fight & Fog, EDM",
            "2020s",
            "Happy"
        ],
        "Additional Info": {
            "id": "3KMsGaN1xdoOaNQELy8vR8",
            "explicit": false,
            "album": "Bling Bling",
            "release_date": "2023-03-31",
            "genres": [],
            "duration": 119085,
            "acousticness": 0.0248,
            "danceability": 8.038,
            "instrumentalness": 0.000197,
            "liveness": 0.0916,
            "loudness": -5.468,
            "speechiness": 0.0602,
            "time_signature": 4,
            "happiness": 7.471
        }
    },
    {
        "#": 75,
        "Track Title": "Caught A Body (with Ty Dolla $ign)",
        "Artist": "Alesso, Ty Dolla $ign",
        "Key": "3A",
        "Energy": 8.668,
        "Popularity": 7.12,
        "BPM": 118,
        "DJ Play Count": 0,
        "Rating": "*******",
        "My Tag": [
            "Fight & Fog, EDM",
            "2020s",
            "EDM",
            "Hip Hop",
            "Pop",
            "Dance Remixes",
            "Romantic & Slow Dance",
            "PEGI 16 [Age]"
        ],
        "Additional Info": {
            "id": "4JvJj733DNy6nuVcC1NzCq",
            "explicit": true,
            "album": "Caught A Body (with Ty Dolla $ign)",
            "release_date": "2023-04-07",
            "genres": [
                "dance pop",
                "edm",
                "electro house",
                "pop",
                "pop dance",
                "progressive electro house",
                "hip hop",
                "pop rap",
                "r&b",
                "southern hip hop",
                "trap",
                "trap soul"
            ],
            "duration": 149110,
            "acousticness": 0.0113,
            "danceability": 8.227,
            "instrumentalness": 0.0192,
            "liveness": 0.283,
            "loudness": -5.557,
            "speechiness": 0.0617,
            "time_signature": 4,
            "happiness": 4.492
        }
    }
]