[
    {
        "#": 1,
        "Track Title": "Climax",
        "Artist": "Hannah Laing",
        "Key": "1B",
        "Energy": 9.082,
        "Popularity": 5.140000000000001,
        "BPM": 128,
        "DJ Play Count": 0,
        "Rating": "*******",
        "My Tag": [
            "Fight & Fog, EDM",
            "2020s"
        ],
        "Additional Info": {
            "id": "5kV4UK6QYYOvBDe3nH0Djs",
            "explicit": false,
            "album": "Climax",
            "release_date": "2022-05-16",
            "genres": [],
            "duration": 198502,
            "acousticness": 0.00985,
            "danceability": 7.516,
            "instrumentalness": 0.9,
            "liveness": 0.249,
            "loudness": -8.194,
            "speechiness": 0.0469,
            "time_signature": 4,
            "happiness": 4.0600000000000005
        }
    },
    {
        "#": 2,
        "Track Title": "365 (Thr33 6ix 5ive)",
        "Artist": "HoneyLuv",
        "Key": "9B",
        "Energy": 9.64,
        "Popularity": 6.3999999999999995,
        "BPM": 124,
        "DJ Play Count": 0,
        "Rating": "*******",
        "My Tag": [
            "Fight & Fog, EDM",
            "2020s",
            "Happy"
        ],
        "Additional Info": {
            "id": "5Q4MxA344M8VyFieIC4YTk",
            "explicit": false,
            "album": "365 (Thr33 6ix 5ive)",
            "release_date": "2022-04-22",
            "genres": [],
            "duration": 151284,
            "acousticness": 0.00629,
            "danceability": 8.092,
            "instrumentalness": 0.00673,
            "liveness": 0.0878,
            "loudness": -4.684,
            "speechiness": 0.0499,
            "time_signature": 4,
            "happiness": 8.2
        }
    },
    {
        "#": 3,
        "Track Title": "Is It You",
        "Artist": "PAX",
        "Key": "3B",
        "Energy": 7.048,
        "Popularity": 5.5,
        "BPM": 127,
        "DJ Play Count": 0,
        "Rating": "*******",
        "My Tag": [
            "Fight & Fog, EDM",
            "2020s",
            "EDM",
            "Club-Hotel",
            "Fight & Fog"
        ],
        "Additional Info": {
            "id": "4jlS72eGLijzfr7PymxDYi",
            "explicit": false,
            "album": "Is It You",
            "release_date": "2022-03-11",
            "genres": [
                "house",
                "tech house"
            ],
            "duration": 159010,
            "acousticness": 0.0381,
            "danceability": 7.191999999999999,
            "instrumentalness": 0.55,
            "liveness": 0.315,
            "loudness": -11.72,
            "speechiness": 0.0704,
            "time_signature": 4,
            "happiness": 2.395
        }
    },
    {
        "#": 4,
        "Track Title": "My Love",
        "Artist": "Jethro Heston",
        "Key": "5A",
        "Energy": 8.056000000000001,
        "Popularity": 6.49,
        "BPM": 126,
        "DJ Play Count": 0,
        "Rating": "*******",
        "My Tag": [
            "Fight & Fog, EDM",
            "2020s"
        ],
        "Additional Info": {
            "id": "5Vi0u7cGTcPrXk6ZOoppnp",
            "explicit": false,
            "album": "My Love",
            "release_date": "2022-04-29",
            "genres": [
                "deep groove house"
            ],
            "duration": 156210,
            "acousticness": 0.444,
            "danceability": 8.100999999999999,
            "instrumentalness": 0.000114,
            "liveness": 0.257,
            "loudness": -4.623,
            "speechiness": 0.0363,
            "time_signature": 4,
            "happiness": 6.103
        }
    },
    {
        "#": 5,
        "Track Title": "Off Limits",
        "Artist": "Joshwa, Martin Badder",
        "Key": "3B",
        "Energy": 9.154,
        "Popularity": 4.6899999999999995,
        "BPM": 128,
        "DJ Play Count": 0,
        "Rating": "*******",
        "My Tag": [
            "Fight & Fog, EDM",
            "2020s",
            "EDM",
            "Club-Hotel"
        ],
        "Additional Info": {
            "id": "4rbprhajs0YAoGNKefuS77",
            "explicit": false,
            "album": "Off Limits",
            "release_date": "2021-11-26",
            "genres": [
                "tech house",
                "uk tech house"
            ],
            "duration": 157969,
            "acousticness": 0.0482,
            "danceability": 7.984,
            "instrumentalness": 0.717,
            "liveness": 0.068,
            "loudness": -9.033,
            "speechiness": 0.0871,
            "time_signature": 4,
            "happiness": 6.445
        }
    },
    {
        "#": 6,
        "Track Title": "Drugs From Amsterdam",
        "Artist": "Mau P",
        "Key": "4B",
        "Energy": 9.388,
        "Popularity": 8.02,
        "BPM": 125,
        "DJ Play Count": 0,
        "Rating": "*******",
        "My Tag": [
            "Fight & Fog, EDM",
            "2020s",
            "EDM",
            "Club-Hotel"
        ],
        "Additional Info": {
            "id": "0w7JPlp7eEQI2EKW3ayXrv",
            "explicit": false,
            "album": "Drugs From Amsterdam",
            "release_date": "2022-09-16",
            "genres": [
                "tech house"
            ],
            "duration": 235786,
            "acousticness": 0.0389,
            "danceability": 7.147,
            "instrumentalness": 0.605,
            "liveness": 0.0615,
            "loudness": -10.402,
            "speechiness": 0.0513,
            "time_signature": 4,
            "happiness": 5.977
        }
    },
    {
        "#": 7,
        "Track Title": "Ferrari",
        "Artist": "James Hype, Miggy Dela Rosa",
        "Key": "3A",
        "Energy": 7.209999999999999,
        "Popularity": 8.74,
        "BPM": 125,
        "DJ Play Count": 0,
        "Rating": "*******",
        "My Tag": [
            "Fight & Fog, EDM",
            "2020s",
            "EDM",
            "Pop",
            "Dance Remixes",
            "Happy"
        ],
        "Additional Info": {
            "id": "4zN21mbAuaD0WqtmaTZZeP",
            "explicit": false,
            "album": "Ferrari",
            "release_date": "2022-04-01",
            "genres": [
                "deep groove house",
                "pop dance",
                "uk dance",
                "dance pop",
                "pop dance"
            ],
            "duration": 186662,
            "acousticness": 0.0127,
            "danceability": 8.623,
            "instrumentalness": 6e-05,
            "liveness": 0.0526,
            "loudness": -7.877,
            "speechiness": 0.0493,
            "time_signature": 4,
            "happiness": 7.228
        }
    },
    {
        "#": 8,
        "Track Title": "Do It To It",
        "Artist": "ACRAZE, Cherish",
        "Key": "1A",
        "Energy": 8.254000000000001,
        "Popularity": 8.469999999999999,
        "BPM": 125,
        "DJ Play Count": 0,
        "Rating": "*******",
        "My Tag": [
            "Fight & Fog, EDM",
            "2020s",
            "EDM",
            "Girl Power",
            "Club-Hotel",
            "Hip Hop",
            "Happy",
            "Pop",
            "Dance Remixes",
            "Romantic & Slow Dance"
        ],
        "Additional Info": {
            "id": "20on25jryn53hWghthWWW3",
            "explicit": false,
            "album": "Do It To It",
            "release_date": "2021-08-20",
            "genres": [
                "pop dance",
                "tech house",
                "atl hip hop",
                "girl group",
                "hip pop",
                "r&b",
                "southern hip hop",
                "urban contemporary"
            ],
            "duration": 157890,
            "acousticness": 0.0209,
            "danceability": 8.686,
            "instrumentalness": 0.0542,
            "liveness": 0.0703,
            "loudness": -8.262,
            "speechiness": 0.0886,
            "time_signature": 4,
            "happiness": 6.7330000000000005
        }
    },
    {
        "#": 9,
        "Track Title": "Losing It",
        "Artist": "FISHER",
        "Key": "10B",
        "Energy": 9.676,
        "Popularity": 7.84,
        "BPM": 125,
        "DJ Play Count": 0,
        "Rating": "*******",
        "My Tag": [
            "Fight & Fog, EDM",
            "2010s",
            "EDM",
            "Club-Hotel"
        ],
        "Additional Info": {
            "id": "6ho0GyrWZN3mhi9zVRW7xi",
            "explicit": false,
            "album": "Losing It",
            "release_date": "2018-07-13",
            "genres": [
                "australian house",
                "house"
            ],
            "duration": 248036,
            "acousticness": 0.00181,
            "danceability": 7.84,
            "instrumentalness": 0.703,
            "liveness": 0.0975,
            "loudness": -5.844,
            "speechiness": 0.0577,
            "time_signature": 4,
            "happiness": 6.787
        }
    },
    {
        "#": 10,
        "Track Title": "Get This Feeling",
        "Artist": "Mark Knight, Darius Syrossian, Prospect Park",
        "Key": "8A",
        "Energy": 9.901,
        "Popularity": 5.41,
        "BPM": 127,
        "DJ Play Count": 0,
        "Rating": "*******",
        "My Tag": [
            "Fight & Fog, EDM",
            "2020s",
            "EDM",
            "Club-Hotel"
        ],
        "Additional Info": {
            "id": "3uqsEcdRWuZWkgQdhxwaxU",
            "explicit": false,
            "album": "Get This Feeling",
            "release_date": "2021-11-05",
            "genres": [
                "house",
                "progressive house",
                "tech house",
                "uk house",
                "house",
                "tech house",
                "uk tech house"
            ],
            "duration": 170039,
            "acousticness": 0.0171,
            "danceability": 7.12,
            "instrumentalness": 0.167,
            "liveness": 0.463,
            "loudness": -2.891,
            "speechiness": 0.126,
            "time_signature": 4,
            "happiness": 3.5919999999999996
        }
    },
    {
        "#": 11,
        "Track Title": "Move It",
        "Artist": "DJ S.K.T, King Perryy",
        "Key": "11A",
        "Energy": 9.154,
        "Popularity": 4.42,
        "BPM": 125,
        "DJ Play Count": 0,
        "Rating": "*******",
        "My Tag": [
            "Fight & Fog, EDM",
            "2020s",
            "EDM",
            "Club-Hotel",
            "Happy"
        ],
        "Additional Info": {
            "id": "6zFHp0sOAQSWNGECix1Gp8",
            "explicit": false,
            "album": "Move It",
            "release_date": "2022-07-22",
            "genres": [
                "deep groove house",
                "house",
                "uk dance",
                "afrobeats",
                "nigerian pop"
            ],
            "duration": 158420,
            "acousticness": 0.00812,
            "danceability": 7.9750000000000005,
            "instrumentalness": 0.0024,
            "liveness": 0.068,
            "loudness": -5.514,
            "speechiness": 0.0631,
            "time_signature": 4,
            "happiness": 9.379000000000001
        }
    },
    {
        "#": 12,
        "Track Title": "Intentions",
        "Artist": "PAX",
        "Key": "4A",
        "Energy": 8.794,
        "Popularity": 4.51,
        "BPM": 127,
        "DJ Play Count": 0,
        "Rating": "*******",
        "My Tag": [
            "Fight & Fog, EDM",
            "2020s",
            "EDM",
            "Club-Hotel"
        ],
        "Additional Info": {
            "id": "6Z3ORHjKFKqjODCQ2iez2v",
            "explicit": false,
            "album": "Intentions",
            "release_date": "2021-05-07",
            "genres": [
                "house",
                "tech house"
            ],
            "duration": 201464,
            "acousticness": 0.000747,
            "danceability": 7.534,
            "instrumentalness": 0.0394,
            "liveness": 0.129,
            "loudness": -5.422,
            "speechiness": 0.0586,
            "time_signature": 4,
            "happiness": 4.15
        }
    },
    {
        "#": 13,
        "Track Title": "Pulling Me Back Ft. Lovlee",
        "Artist": "Eli Brown, Siege, Lovlee",
        "Key": "4B",
        "Energy": 9.298,
        "Popularity": 4.96,
        "BPM": 128,
        "DJ Play Count": 0,
        "Rating": "*******",
        "My Tag": [
            "Fight & Fog, EDM",
            "2020s",
            "EDM",
            "Club-Hotel"
        ],
        "Additional Info": {
            "id": "0megFGFoMy2ueMv48YHDGw",
            "explicit": false,
            "album": "Pulling Me Back",
            "release_date": "2021-05-21",
            "genres": [
                "house",
                "tech house",
                "uk dance",
                "tech house",
                "thrash core"
            ],
            "duration": 198750,
            "acousticness": 0.00115,
            "danceability": 6.544,
            "instrumentalness": 0.509,
            "liveness": 0.149,
            "loudness": -5.587,
            "speechiness": 0.0414,
            "time_signature": 4,
            "happiness": 4.042
        }
    },
    {
        "#": 14,
        "Track Title": "Fuck The Regs",
        "Artist": "Josh Butler",
        "Key": "8B",
        "Energy": 8.281,
        "Popularity": 4.24,
        "BPM": 124,
        "DJ Play Count": 0,
        "Rating": "*******",
        "My Tag": [
            "Fight & Fog, EDM",
            "2020s",
            "EDM",
            "Club-Hotel",
            "Fight & Fog",
            "PEGI 16 [Age]"
        ],
        "Additional Info": {
            "id": "3krO0tblKXMBuIsSg5Yijv",
            "explicit": true,
            "album": "Fuck The Regs EP",
            "release_date": "2022-07-29",
            "genres": [
                "house",
                "tech house",
                "uk tech house"
            ],
            "duration": 204836,
            "acousticness": 0.000184,
            "danceability": 8.218,
            "instrumentalness": 0.943,
            "liveness": 0.107,
            "loudness": -8.13,
            "speechiness": 0.0492,
            "time_signature": 4,
            "happiness": 2.386
        }
    },
    {
        "#": 15,
        "Track Title": "More Money Girls",
        "Artist": "Joshwa",
        "Key": "3B",
        "Energy": 9.397,
        "Popularity": 4.51,
        "BPM": 129,
        "DJ Play Count": 0,
        "Rating": "*******",
        "My Tag": [
            "Fight & Fog, EDM",
            "2020s",
            "EDM",
            "Club-Hotel",
            "Happy"
        ],
        "Additional Info": {
            "id": "3qWeNg7bQLcssTFYjnQFwB",
            "explicit": false,
            "album": "More Money Girls",
            "release_date": "2022-05-20",
            "genres": [
                "tech house",
                "uk tech house"
            ],
            "duration": 184935,
            "acousticness": 0.0573,
            "danceability": 8.353,
            "instrumentalness": 0.00362,
            "liveness": 0.324,
            "loudness": -8.226,
            "speechiness": 0.079,
            "time_signature": 4,
            "happiness": 8.902000000000001
        }
    },
    {
        "#": 16,
        "Track Title": "You",
        "Artist": "Ben Malone",
        "Key": "7A",
        "Energy": 9.676,
        "Popularity": 4.15,
        "BPM": 124,
        "DJ Play Count": 0,
        "Rating": "*******",
        "My Tag": [
            "Fight & Fog, EDM",
            "2020s"
        ],
        "Additional Info": {
            "id": "3foBz5mllkQJWjXuwW1nfq",
            "explicit": false,
            "album": "Unified Vol.15",
            "release_date": "2021-12-03",
            "genres": [],
            "duration": 187742,
            "acousticness": 0.154,
            "danceability": 7.003,
            "instrumentalness": 0.886,
            "liveness": 0.193,
            "loudness": -4.181,
            "speechiness": 0.0346,
            "time_signature": 4,
            "happiness": 4.186
        }
    },
    {
        "#": 17,
        "Track Title": "I Want You",
        "Artist": "Sam Divine, Kormak",
        "Key": "10A",
        "Energy": 9.298,
        "Popularity": 4.779999999999999,
        "BPM": 124,
        "DJ Play Count": 0,
        "Rating": "*******",
        "My Tag": [
            "Fight & Fog, EDM",
            "2020s"
        ],
        "Additional Info": {
            "id": "1UTIgGpDdxUonuUIw3O0YZ",
            "explicit": false,
            "album": "I Want You",
            "release_date": "2022-08-12",
            "genres": [
                "australian house"
            ],
            "duration": 190645,
            "acousticness": 0.00652,
            "danceability": 6.751,
            "instrumentalness": 0.0105,
            "liveness": 0.341,
            "loudness": -5.544,
            "speechiness": 0.0474,
            "time_signature": 4,
            "happiness": 3.133
        }
    },
    {
        "#": 18,
        "Track Title": "Morenita",
        "Artist": "HUGEL, Cumbiafrica",
        "Key": "3B",
        "Energy": 7.921,
        "Popularity": 7.66,
        "BPM": 124,
        "DJ Play Count": 0,
        "Rating": "*******",
        "My Tag": [
            "Fight & Fog, EDM",
            "2020s",
            "Fight & Fog"
        ],
        "Additional Info": {
            "id": "0pIiCv0GdhtsOjCJ5Y7zHj",
            "explicit": false,
            "album": "Morenita",
            "release_date": "2021-06-25",
            "genres": [
                "deep house"
            ],
            "duration": 176492,
            "acousticness": 0.000701,
            "danceability": 6.751,
            "instrumentalness": 0.742,
            "liveness": 0.0553,
            "loudness": -5.077,
            "speechiness": 0.0383,
            "time_signature": 4,
            "happiness": 2.593
        }
    },
    {
        "#": 19,
        "Track Title": "Don't Let It Stop",
        "Artist": "DJ YUKI, The Melody Men",
        "Key": "3B",
        "Energy": 9.783999999999999,
        "Popularity": 4.0600000000000005,
        "BPM": 125,
        "DJ Play Count": 0,
        "Rating": "*******",
        "My Tag": [
            "Fight & Fog, EDM",
            "2020s",
            "Happy"
        ],
        "Additional Info": {
            "id": "6YULcqvCPo9m3R2bqcMdpq",
            "explicit": false,
            "album": "Don't Let It Stop",
            "release_date": "2022-05-20",
            "genres": [],
            "duration": 146107,
            "acousticness": 0.000688,
            "danceability": 7.3,
            "instrumentalness": 0.806,
            "liveness": 0.35,
            "loudness": -6.015,
            "speechiness": 0.051,
            "time_signature": 4,
            "happiness": 7.759
        }
    },
    {
        "#": 20,
        "Track Title": "Let Me In",
        "Artist": "Junior Simba",
        "Key": "8B",
        "Energy": 9.298,
        "Popularity": 4.15,
        "BPM": 126,
        "DJ Play Count": 0,
        "Rating": "*******",
        "My Tag": [
            "Fight & Fog, EDM",
            "2020s"
        ],
        "Additional Info": {
            "id": "0g3862tgs6NQ8SBEpFNbfv",
            "explicit": false,
            "album": "Let Me In",
            "release_date": "2022-03-11",
            "genres": [],
            "duration": 147900,
            "acousticness": 0.00283,
            "danceability": 7.849,
            "instrumentalness": 0.698,
            "liveness": 0.239,
            "loudness": -8.599,
            "speechiness": 0.0401,
            "time_signature": 4,
            "happiness": 4.636
        }
    },
    {
        "#": 21,
        "Track Title": "Young & Reckless",
        "Artist": "ABEL",
        "Key": "4B",
        "Energy": 7.426,
        "Popularity": 4.0600000000000005,
        "BPM": 124,
        "DJ Play Count": 0,
        "Rating": "*******",
        "My Tag": [
            "Fight & Fog, EDM",
            "2020s",
            "Fight & Fog"
        ],
        "Additional Info": {
            "id": "0E5d7jFk6kFrXNp62DsSEC",
            "explicit": false,
            "album": "Young & Reckless",
            "release_date": "2022-07-22",
            "genres": [],
            "duration": 161790,
            "acousticness": 0.421,
            "danceability": 7.948,
            "instrumentalness": 0.000614,
            "liveness": 0.311,
            "loudness": -7.658,
            "speechiness": 0.0508,
            "time_signature": 4,
            "happiness": 2.665
        }
    },
    {
        "#": 22,
        "Track Title": "Check Out",
        "Artist": "J. Worra, Leo Stannard",
        "Key": "6A",
        "Energy": 7.075,
        "Popularity": 7.39,
        "BPM": 125,
        "DJ Play Count": 0,
        "Rating": "*******",
        "My Tag": [
            "Fight & Fog, EDM",
            "2020s",
            "EDM",
            "Club-Hotel",
            "Happy"
        ],
        "Additional Info": {
            "id": "2n6qz4opcJlHsEpI8030YM",
            "explicit": false,
            "album": "Check Out",
            "release_date": "2021-11-05",
            "genres": [
                "bass house",
                "tech house",
                "indie anthem-folk"
            ],
            "duration": 174138,
            "acousticness": 0.00577,
            "danceability": 8.326,
            "instrumentalness": 0.0818,
            "liveness": 0.0956,
            "loudness": -6.761,
            "speechiness": 0.042,
            "time_signature": 4,
            "happiness": 7.984
        }
    },
    {
        "#": 23,
        "Track Title": "Talk About",
        "Artist": "Rain Radio, DJ Craig Gorman",
        "Key": "2B",
        "Energy": 8.866,
        "Popularity": 7.12,
        "BPM": 124,
        "DJ Play Count": 0,
        "Rating": "*******",
        "My Tag": [
            "Fight & Fog, EDM",
            "2020s"
        ],
        "Additional Info": {
            "id": "1olCzMxaeiQKNO64ssWVGr",
            "explicit": false,
            "album": "Talk About",
            "release_date": "2021-05-14",
            "genres": [],
            "duration": 161041,
            "acousticness": 0.000222,
            "danceability": 8.326,
            "instrumentalness": 0.522,
            "liveness": 0.276,
            "loudness": -5.316,
            "speechiness": 0.0425,
            "time_signature": 4,
            "happiness": 4.906000000000001
        }
    },
    {
        "#": 24,
        "Track Title": "Bayside - Radio Edit",
        "Artist": "Obskür",
        "Key": "3B",
        "Energy": 9.127,
        "Popularity": 7.12,
        "BPM": 123,
        "DJ Play Count": 0,
        "Rating": "*******",
        "My Tag": [
            "Fight & Fog, EDM",
            "2020s",
            "Happy"
        ],
        "Additional Info": {
            "id": "7hYW4hKuPkfaLbzTpg9hQB",
            "explicit": false,
            "album": "Bayside",
            "release_date": "2020-11-09",
            "genres": [
                "irish electronic"
            ],
            "duration": 197419,
            "acousticness": 0.0281,
            "danceability": 7.191999999999999,
            "instrumentalness": 2.12e-06,
            "liveness": 0.0855,
            "loudness": -3.598,
            "speechiness": 0.34,
            "time_signature": 4,
            "happiness": 7.399
        }
    },
    {
        "#": 25,
        "Track Title": "Move Your Body",
        "Artist": "Marshall Jefferson, Solardo",
        "Key": "12A",
        "Energy": 8.209,
        "Popularity": 6.94,
        "BPM": 125,
        "DJ Play Count": 0,
        "Rating": "*******",
        "My Tag": [
            "Fight & Fog, EDM",
            "2010s",
            "EDM",
            "Club-Hotel"
        ],
        "Additional Info": {
            "id": "3YXIVMQLRRq2K7kxC7UYx6",
            "explicit": false,
            "album": "Move Your Body",
            "release_date": "2019-10-18",
            "genres": [
                "acid house",
                "chicago house",
                "classic house",
                "house",
                "tech house",
                "uk dance"
            ],
            "duration": 196110,
            "acousticness": 0.00531,
            "danceability": 8.119,
            "instrumentalness": 0.189,
            "liveness": 0.509,
            "loudness": -6.344,
            "speechiness": 0.07,
            "time_signature": 4,
            "happiness": 6.481
        }
    },
    {
        "#": 26,
        "Track Title": "Stop This Flame - Celeste x MK",
        "Artist": "Celeste, MK",
        "Key": "4B",
        "Energy": 8.614,
        "Popularity": 6.94,
        "BPM": 124,
        "DJ Play Count": 0,
        "Rating": "*******",
        "My Tag": [
            "Fight & Fog, EDM",
            "2020s",
            "EDM",
            "Club-Hotel",
            "Pop",
            "Dance Remixes",
            "Romantic & Slow Dance",
            "Happy"
        ],
        "Additional Info": {
            "id": "3FN7IJMnUMWZXDw08ix3ot",
            "explicit": false,
            "album": "Stop This Flame (Celeste x MK)",
            "release_date": "2021-06-25",
            "genres": [
                "british soul",
                "house",
                "pop dance"
            ],
            "duration": 203947,
            "acousticness": 0.0194,
            "danceability": 7.228,
            "instrumentalness": 2.91e-05,
            "liveness": 0.324,
            "loudness": -5.72,
            "speechiness": 0.0559,
            "time_signature": 4,
            "happiness": 8.443
        }
    },
    {
        "#": 27,
        "Track Title": "Bongo Cha Cha Cha",
        "Artist": "Goodboys",
        "Key": "7A",
        "Energy": 9.766,
        "Popularity": 6.94,
        "BPM": 126,
        "DJ Play Count": 0,
        "Rating": "*******",
        "My Tag": [
            "Fight & Fog, EDM",
            "2020s",
            "EDM",
            "Pop",
            "Dance Remixes",
            "Happy"
        ],
        "Additional Info": {
            "id": "7J4zszAZxAyowZp7gNUIUI",
            "explicit": false,
            "album": "Bongo Cha Cha Cha",
            "release_date": "2021-05-21",
            "genres": [
                "pop dance",
                "uk dance"
            ],
            "duration": 113128,
            "acousticness": 0.00664,
            "danceability": 8.353,
            "instrumentalness": 0.255,
            "liveness": 0.0651,
            "loudness": -5.703,
            "speechiness": 0.0473,
            "time_signature": 4,
            "happiness": 9.757
        }
    },
    {
        "#": 28,
        "Track Title": "Mi Amor",
        "Artist": "Cloonee, Wade",
        "Key": "4A",
        "Energy": 5.599,
        "Popularity": 6.8500000000000005,
        "BPM": 128,
        "DJ Play Count": 0,
        "Rating": "*******",
        "My Tag": [
            "Fight & Fog, EDM",
            "2020s",
            "EDM",
            "Club-Hotel"
        ],
        "Additional Info": {
            "id": "6U7DCvIA93YYzyFYwmiIIe",
            "explicit": false,
            "album": "Mi Amor",
            "release_date": "2021-05-28",
            "genres": [
                "tech house",
                "tech house"
            ],
            "duration": 195952,
            "acousticness": 0.0187,
            "danceability": 8.416,
            "instrumentalness": 0.834,
            "liveness": 0.309,
            "loudness": -9.049,
            "speechiness": 0.151,
            "time_signature": 4,
            "happiness": 1.7722
        }
    },
    {
        "#": 29,
        "Track Title": "Breathe",
        "Artist": "CamelPhat, Cristoph, Jem Cooke",
        "Key": "11A",
        "Energy": 8.893,
        "Popularity": 6.8500000000000005,
        "BPM": 125,
        "DJ Play Count": 0,
        "Rating": "*******",
        "My Tag": [
            "Fight & Fog, EDM",
            "2010s",
            "EDM",
            "Club-Hotel",
            "Fight & Fog"
        ],
        "Additional Info": {
            "id": "6TR0FGw4zhlGbQALN065AI",
            "explicit": false,
            "album": "Breathe",
            "release_date": "2018-11-16",
            "genres": [
                "deep tech house",
                "house",
                "progressive house",
                "house",
                "progressive house",
                "neo-singer-songwriter"
            ],
            "duration": 194233,
            "acousticness": 0.00646,
            "danceability": 6.3549999999999995,
            "instrumentalness": 0.0879,
            "liveness": 0.398,
            "loudness": -7.414,
            "speechiness": 0.0442,
            "time_signature": 4,
            "happiness": 1.729
        }
    },
    {
        "#": 30,
        "Track Title": "Talamanca",
        "Artist": "BURNS",
        "Key": "1A",
        "Energy": 7.93,
        "Popularity": 6.8500000000000005,
        "BPM": 126,
        "DJ Play Count": 0,
        "Rating": "*******",
        "My Tag": [
            "Fight & Fog, EDM",
            "2020s",
            "EDM"
        ],
        "Additional Info": {
            "id": "7dDLAQ1y0qOq3E4DhNh8FS",
            "explicit": false,
            "album": "Talamanca",
            "release_date": "2021-06-25",
            "genres": [
                "la pop",
                "uk dance"
            ],
            "duration": 186727,
            "acousticness": 0.0988,
            "danceability": 7.147,
            "instrumentalness": 0.896,
            "liveness": 0.379,
            "loudness": -6.641,
            "speechiness": 0.0512,
            "time_signature": 4,
            "happiness": 5.743
        }
    },
    {
        "#": 31,
        "Track Title": "Lights Go Down",
        "Artist": "Drinks On Me, Why So Low",
        "Key": "12A",
        "Energy": 7.3629999999999995,
        "Popularity": 6.76,
        "BPM": 128,
        "DJ Play Count": 0,
        "Rating": "*******",
        "My Tag": [
            "Fight & Fog, EDM",
            "2020s",
            "EDM"
        ],
        "Additional Info": {
            "id": "2M2itA0spt6ZXit7l21WMJ",
            "explicit": false,
            "album": "Lights Go Down",
            "release_date": "2021-01-22",
            "genres": [
                "bassline"
            ],
            "duration": 151875,
            "acousticness": 0.0999,
            "danceability": 7.191999999999999,
            "instrumentalness": 9.37e-05,
            "liveness": 0.157,
            "loudness": -5.749,
            "speechiness": 0.158,
            "time_signature": 4,
            "happiness": 3.673
        }
    },
    {
        "#": 32,
        "Track Title": "Pump It Up",
        "Artist": "Endor",
        "Key": "3B",
        "Energy": 9.037,
        "Popularity": 6.67,
        "BPM": 129,
        "DJ Play Count": 0,
        "Rating": "*******",
        "My Tag": [
            "Fight & Fog, EDM",
            "2020s",
            "EDM",
            "Club-Hotel"
        ],
        "Additional Info": {
            "id": "4tcPIwy0UvLYjhXLrMyx89",
            "explicit": false,
            "album": "Pump It Up",
            "release_date": "2020-03-12",
            "genres": [
                "deep groove house",
                "house",
                "scottish rock"
            ],
            "duration": 150635,
            "acousticness": 0.207,
            "danceability": 9.082,
            "instrumentalness": 9.33e-05,
            "liveness": 0.061,
            "loudness": -7.255,
            "speechiness": 0.225,
            "time_signature": 4,
            "happiness": 6.877000000000001
        }
    },
    {
        "#": 33,
        "Track Title": "You've Done Enough",
        "Artist": "Gorgon City, DRAMA",
        "Key": "8B",
        "Energy": 8.038,
        "Popularity": 6.67,
        "BPM": 125,
        "DJ Play Count": 0,
        "Rating": "*******",
        "My Tag": [
            "Fight & Fog, EDM",
            "2020s",
            "Dance Remixes",
            "EDM",
            "Pop",
            "Club-Hotel"
        ],
        "Additional Info": {
            "id": "77VqW84V88aKD8Bi8CzEsP",
            "explicit": false,
            "album": "Olympia",
            "release_date": "2021-06-25",
            "genres": [
                "future garage",
                "house",
                "pop dance",
                "uk dance",
                "indie soul"
            ],
            "duration": 212893,
            "acousticness": 0.0147,
            "danceability": 7.0840000000000005,
            "instrumentalness": 0.165,
            "liveness": 0.704,
            "loudness": -6.639,
            "speechiness": 0.0344,
            "time_signature": 4,
            "happiness": 5.671
        }
    },
    {
        "#": 34,
        "Track Title": "Through 2 You",
        "Artist": "Ben Hemsley",
        "Key": "9B",
        "Energy": 9.280000000000001,
        "Popularity": 6.58,
        "BPM": 128,
        "DJ Play Count": 0,
        "Rating": "*******",
        "My Tag": [
            "Fight & Fog, EDM",
            "2020s",
            "Happy"
        ],
        "Additional Info": {
            "id": "0evAtYjWJMnNQrdzgNvqvF",
            "explicit": false,
            "album": "Through 2 You",
            "release_date": "2021-01-22",
            "genres": [
                "uk house"
            ],
            "duration": 198363,
            "acousticness": 0.00314,
            "danceability": 7.957,
            "instrumentalness": 0.000489,
            "liveness": 0.306,
            "loudness": -5.891,
            "speechiness": 0.0567,
            "time_signature": 4,
            "happiness": 9.046
        }
    },
    {
        "#": 35,
        "Track Title": "Back Tomorrow",
        "Artist": "Ferreck Dawn, Jem Cooke",
        "Key": "4B",
        "Energy": 8.119,
        "Popularity": 6.49,
        "BPM": 125,
        "DJ Play Count": 0,
        "Rating": "*******",
        "My Tag": [
            "Fight & Fog, EDM",
            "2020s",
            "EDM",
            "Club-Hotel"
        ],
        "Additional Info": {
            "id": "4q2azQakSVVyqljRiCZtu3",
            "explicit": false,
            "album": "Back Tomorrow",
            "release_date": "2021-10-29",
            "genres": [
                "deep groove house",
                "house",
                "tech house",
                "neo-singer-songwriter"
            ],
            "duration": 118872,
            "acousticness": 0.0595,
            "danceability": 7.201,
            "instrumentalness": 0,
            "liveness": 0.51,
            "loudness": -6.633,
            "speechiness": 0.0478,
            "time_signature": 4,
            "happiness": 5.8870000000000005
        }
    },
    {
        "#": 36,
        "Track Title": "Your Love",
        "Artist": "Sosa UK",
        "Key": "8A",
        "Energy": 8.74,
        "Popularity": 6.31,
        "BPM": 132,
        "DJ Play Count": 0,
        "Rating": "*******",
        "My Tag": [
            "Fight & Fog, EDM",
            "2020s",
            "EDM",
            "Club-Hotel",
            "Happy"
        ],
        "Additional Info": {
            "id": "4xULQ1OH1Rm5EpMhuEWULl",
            "explicit": false,
            "album": "Your Love",
            "release_date": "2020-11-13",
            "genres": [
                "tech house"
            ],
            "duration": 165146,
            "acousticness": 0.0206,
            "danceability": 7.462,
            "instrumentalness": 0.0915,
            "liveness": 0.297,
            "loudness": -5.644,
            "speechiness": 0.0657,
            "time_signature": 4,
            "happiness": 7.174
        }
    },
    {
        "#": 37,
        "Track Title": "Pour the Milk",
        "Artist": "Robbie Doherty, Keees.",
        "Key": "11B",
        "Energy": 7.1290000000000004,
        "Popularity": 6.31,
        "BPM": 127,
        "DJ Play Count": 0,
        "Rating": "*******",
        "My Tag": [
            "Fight & Fog, EDM",
            "2010s",
            "Happy"
        ],
        "Additional Info": {
            "id": "3239OdTeQMBphegyNvF8F3",
            "explicit": false,
            "album": "Pour the Milk",
            "release_date": "2019-11-08",
            "genres": [],
            "duration": 172285,
            "acousticness": 0.026,
            "danceability": 9.352,
            "instrumentalness": 0.00373,
            "liveness": 0.0491,
            "loudness": -8.554,
            "speechiness": 0.0728,
            "time_signature": 4,
            "happiness": 8.902000000000001
        }
    },
    {
        "#": 38,
        "Track Title": "Set You Free",
        "Artist": "Maur, FABER",
        "Key": "6A",
        "Energy": 9.343,
        "Popularity": 6.31,
        "BPM": 126,
        "DJ Play Count": 0,
        "Rating": "*******",
        "My Tag": [
            "Fight & Fog, EDM",
            "2020s",
            "EDM"
        ],
        "Additional Info": {
            "id": "06sV7v0pvyvTbssfNCUWR7",
            "explicit": false,
            "album": "Set You Free",
            "release_date": "2020-09-18",
            "genres": [
                "uk dance"
            ],
            "duration": 156000,
            "acousticness": 0.000551,
            "danceability": 6.409,
            "instrumentalness": 0.177,
            "liveness": 0.275,
            "loudness": -5.12,
            "speechiness": 0.0417,
            "time_signature": 4,
            "happiness": 5.7250000000000005
        }
    },
    {
        "#": 39,
        "Track Title": "Blank Space",
        "Artist": "CHANEY",
        "Key": "11A",
        "Energy": 8.056000000000001,
        "Popularity": 6.22,
        "BPM": 128,
        "DJ Play Count": 0,
        "Rating": "*******",
        "My Tag": [
            "Fight & Fog, EDM",
            "2020s",
            "EDM",
            "Club-Hotel",
            "Happy"
        ],
        "Additional Info": {
            "id": "5mRAG78zUjsakidiVqYzqn",
            "explicit": false,
            "album": "Blank Space",
            "release_date": "2022-04-29",
            "genres": [
                "tech house",
                "uk dance"
            ],
            "duration": 198750,
            "acousticness": 0.0229,
            "danceability": 8.11,
            "instrumentalness": 0.000471,
            "liveness": 0.246,
            "loudness": -7.326,
            "speechiness": 0.0855,
            "time_signature": 4,
            "happiness": 8.658999999999999
        }
    },
    {
        "#": 40,
        "Track Title": "Deep End - SIDEPIECE Remix",
        "Artist": "John Summit, SIDEPIECE",
        "Key": "1A",
        "Energy": 6.985,
        "Popularity": 6.22,
        "BPM": 126,
        "DJ Play Count": 0,
        "Rating": "*******",
        "My Tag": [
            "Fight & Fog, EDM",
            "2020s",
            "EDM",
            "Club-Hotel"
        ],
        "Additional Info": {
            "id": "7JdiXX87BugXUDhQ89GEc8",
            "explicit": false,
            "album": "Deep End (SIDEPIECE Remix)",
            "release_date": "2020-10-16",
            "genres": [
                "house",
                "tech house",
                "uk dance",
                "edm",
                "tech house"
            ],
            "duration": 196667,
            "acousticness": 0.122,
            "danceability": 7.867,
            "instrumentalness": 0.0112,
            "liveness": 0.476,
            "loudness": -9.063,
            "speechiness": 0.0807,
            "time_signature": 4,
            "happiness": 4.798
        }
    },
    {
        "#": 41,
        "Track Title": "Tighter (feat. Jalja) - CamelPhat Remix",
        "Artist": "HOSH, Jalja, CamelPhat",
        "Key": "6A",
        "Energy": 9.433,
        "Popularity": 6.13,
        "BPM": 125,
        "DJ Play Count": 0,
        "Rating": "*******",
        "My Tag": [
            "Fight & Fog, EDM",
            "2020s",
            "EDM",
            "Club-Hotel",
            "Fight & Fog"
        ],
        "Additional Info": {
            "id": "3PGvcGU10IzjiSA96A2GcO",
            "explicit": false,
            "album": "Tighter (feat. Jalja) [CamelPhat Remix]",
            "release_date": "2021-09-17",
            "genres": [
                "deep disco house",
                "hamburg electronic",
                "minimal techno",
                "deep tech house",
                "house",
                "progressive house"
            ],
            "duration": 234313,
            "acousticness": 0.00133,
            "danceability": 6.823,
            "instrumentalness": 0.0292,
            "liveness": 0.131,
            "loudness": -6.008,
            "speechiness": 0.0366,
            "time_signature": 4,
            "happiness": 2.3049999999999997
        }
    },
    {
        "#": 42,
        "Track Title": "Sun Goes Down",
        "Artist": "Cloonee",
        "Key": "9B",
        "Energy": 9.450999999999999,
        "Popularity": 6.13,
        "BPM": 126,
        "DJ Play Count": 0,
        "Rating": "*******",
        "My Tag": [
            "Fight & Fog, EDM",
            "2020s",
            "EDM",
            "Club-Hotel"
        ],
        "Additional Info": {
            "id": "28cF5QOu0CWdyTt6lYxIeA",
            "explicit": false,
            "album": "Sun Goes Down",
            "release_date": "2021-01-22",
            "genres": [
                "tech house"
            ],
            "duration": 154524,
            "acousticness": 0.0339,
            "danceability": 7.939,
            "instrumentalness": 0.000157,
            "liveness": 0.149,
            "loudness": -5.145,
            "speechiness": 0.158,
            "time_signature": 4,
            "happiness": 6.715
        }
    },
    {
        "#": 43,
        "Track Title": "Romeo",
        "Artist": "Corrupt (UK)",
        "Key": "1A",
        "Energy": 7.0120000000000005,
        "Popularity": 5.86,
        "BPM": 126,
        "DJ Play Count": 0,
        "Rating": "*******",
        "My Tag": [
            "Fight & Fog, EDM",
            "2020s",
            "EDM",
            "Happy"
        ],
        "Additional Info": {
            "id": "5sRjSBt7feBd03mXz4xatE",
            "explicit": false,
            "album": "Romeo",
            "release_date": "2022-12-02",
            "genres": [
                "bass house",
                "bassline",
                "old school bassline"
            ],
            "duration": 148571,
            "acousticness": 0.0281,
            "danceability": 8.794,
            "instrumentalness": 0.00123,
            "liveness": 0.0752,
            "loudness": -4.676,
            "speechiness": 0.0495,
            "time_signature": 4,
            "happiness": 8.704
        }
    },
    {
        "#": 44,
        "Track Title": "Make A Move",
        "Artist": "Max Chapman, ThreeSix",
        "Key": "9B",
        "Energy": 9.235,
        "Popularity": 5.86,
        "BPM": 126,
        "DJ Play Count": 0,
        "Rating": "*******",
        "My Tag": [
            "Fight & Fog, EDM",
            "2020s",
            "EDM",
            "Club-Hotel",
            "Happy"
        ],
        "Additional Info": {
            "id": "2sKH8vYxAfcbntcfGpWkmX",
            "explicit": false,
            "album": "Make A Move",
            "release_date": "2020-05-08",
            "genres": [
                "tech house",
                "uk tech house"
            ],
            "duration": 200000,
            "acousticness": 0.0727,
            "danceability": 8.083,
            "instrumentalness": 0.397,
            "liveness": 0.123,
            "loudness": -7.602,
            "speechiness": 0.0608,
            "time_signature": 4,
            "happiness": 7.039000000000001
        }
    },
    {
        "#": 45,
        "Track Title": "Insomnia 2021 - Epic Edit",
        "Artist": "Maceo Plex, Faithless",
        "Key": "12A",
        "Energy": 9.712,
        "Popularity": 5.86,
        "BPM": 126,
        "DJ Play Count": 0,
        "Rating": "*******",
        "My Tag": [
            "Fight & Fog, EDM",
            "2020s",
            "EDM",
            "Club-Hotel"
        ],
        "Additional Info": {
            "id": "6E1VvKBTi0FtLhE8b6GxbE",
            "explicit": false,
            "album": "Insomnia 2021",
            "release_date": "2021-06-11",
            "genres": [
                "deep disco house",
                "house",
                "latin tech house",
                "melodic techno",
                "microhouse",
                "minimal tech house",
                "minimal techno",
                "big beat",
                "downtempo",
                "electronica",
                "trip hop"
            ],
            "duration": 288239,
            "acousticness": 0.029,
            "danceability": 6.787,
            "instrumentalness": 0.0426,
            "liveness": 0.0994,
            "loudness": -5.323,
            "speechiness": 0.0589,
            "time_signature": 4,
            "happiness": 3.0700000000000003
        }
    },
    {
        "#": 46,
        "Track Title": "Meli (II)",
        "Artist": "Bicep",
        "Key": "5A",
        "Energy": 9.280000000000001,
        "Popularity": 5.86,
        "BPM": 127,
        "DJ Play Count": 0,
        "Rating": "*******",
        "My Tag": [
            "Fight & Fog, EDM",
            "2020s",
            "Fight & Fog"
        ],
        "Additional Info": {
            "id": "6nGhGBz7uaE1RngnIFRKep",
            "explicit": false,
            "album": "Meli (II)",
            "release_date": "2022-06-28",
            "genres": [
                "ambient house",
                "electronica"
            ],
            "duration": 417431,
            "acousticness": 0.0376,
            "danceability": 5.401,
            "instrumentalness": 0.665,
            "liveness": 0.25,
            "loudness": -4.746,
            "speechiness": 0.0323,
            "time_signature": 4,
            "happiness": 2.935
        }
    },
    {
        "#": 47,
        "Track Title": "Your Body",
        "Artist": "Biscits",
        "Key": "12A",
        "Energy": 7.696,
        "Popularity": 5.7700000000000005,
        "BPM": 127,
        "DJ Play Count": 0,
        "Rating": "*******",
        "My Tag": [
            "Fight & Fog, EDM",
            "2020s",
            "EDM",
            "Club-Hotel",
            "Happy"
        ],
        "Additional Info": {
            "id": "697HW34FLNURvRAbSieICv",
            "explicit": false,
            "album": "Your Body",
            "release_date": "2021-06-18",
            "genres": [
                "bass house",
                "house",
                "tech house",
                "uk dance",
                "uk tech house"
            ],
            "duration": 207000,
            "acousticness": 0.168,
            "danceability": 8.497,
            "instrumentalness": 0.458,
            "liveness": 0.615,
            "loudness": -6.735,
            "speechiness": 0.0886,
            "time_signature": 4,
            "happiness": 9.253
        }
    },
    {
        "#": 48,
        "Track Title": "Elements Of A New Life",
        "Artist": "VER:WEST, Tiësto",
        "Key": "10A",
        "Energy": 6.327999999999999,
        "Popularity": 5.68,
        "BPM": 124,
        "DJ Play Count": 0,
        "Rating": "*******",
        "My Tag": [
            "Fight & Fog, EDM",
            "2020s",
            "EDM",
            "Club-Hotel",
            "Pop",
            "Flying High",
            "Dance Remixes"
        ],
        "Additional Info": {
            "id": "4aoT4eYesZWIwifnIFRgcs",
            "explicit": false,
            "album": "Elements Of A New Life",
            "release_date": "2021-07-16",
            "genres": [
                "big room",
                "brostep",
                "dutch edm",
                "edm",
                "house",
                "pop dance",
                "slap house",
                "trance"
            ],
            "duration": 205161,
            "acousticness": 0.129,
            "danceability": 6.418,
            "instrumentalness": 0.934,
            "liveness": 0.13,
            "loudness": -12.242,
            "speechiness": 0.038,
            "time_signature": 3,
            "happiness": 1.369
        }
    },
    {
        "#": 49,
        "Track Title": "Back To Me",
        "Artist": "CHANEY, Laura Davie",
        "Key": "3B",
        "Energy": 9.352,
        "Popularity": 6.040000000000001,
        "BPM": 126,
        "DJ Play Count": 0,
        "Rating": "*******",
        "My Tag": [
            "Fight & Fog, EDM",
            "2020s",
            "EDM",
            "Club-Hotel",
            "Happy"
        ],
        "Additional Info": {
            "id": "10Tr484jdKxRC4IXHDdwnM",
            "explicit": false,
            "album": "Back To Me",
            "release_date": "2021-05-21",
            "genres": [
                "tech house",
                "uk dance"
            ],
            "duration": 144762,
            "acousticness": 0.00353,
            "danceability": 6.985,
            "instrumentalness": 0.0011,
            "liveness": 0.435,
            "loudness": -4.707,
            "speechiness": 0.137,
            "time_signature": 4,
            "happiness": 7.435
        }
    },
    {
        "#": 50,
        "Track Title": "Out Of Reach",
        "Artist": "Cristoph, Yotto, Sansa",
        "Key": "6A",
        "Energy": 7.8580000000000005,
        "Popularity": 5.59,
        "BPM": 124,
        "DJ Play Count": 0,
        "Rating": "*******",
        "My Tag": [
            "Fight & Fog, EDM",
            "2020s",
            "EDM",
            "Club-Hotel",
            "Fight & Fog"
        ],
        "Additional Info": {
            "id": "0ThPAtLfX0NbibIrEfWFHi",
            "explicit": false,
            "album": "Out Of Reach",
            "release_date": "2021-05-28",
            "genres": [
                "house",
                "progressive house",
                "finnish edm",
                "progressive house",
                "finnish indie"
            ],
            "duration": 255992,
            "acousticness": 0.00102,
            "danceability": 5.536,
            "instrumentalness": 0.701,
            "liveness": 0.128,
            "loudness": -7.861,
            "speechiness": 0.036,
            "time_signature": 4,
            "happiness": 1.2852999999999999
        }
    }
]