[
    {
        "#": 1,
        "Track Title": "Under The Knife",
        "Artist": "Rise Against",
        "Key": "6A",
        "Energy": 9.856,
        "Popularity": 1.0,
        "BPM": 104,
        "DJ Play Count": 0,
        "Rating": "*******",
        "My Tag": [
            "Fight & Fog, Mad",
            "2000s",
            "Mad",
            "Rock",
            "Pop"
        ],
        "Additional Info": {
            "id": "3X8WHniDzH20AXb4AxQPX9",
            "explicit": false,
            "album": "The Sufferer & The Witness",
            "release_date": "2006-01-01",
            "genres": [
                "alternative metal",
                "chicago hardcore",
                "chicago punk",
                "hardcore punk",
                "modern rock",
                "nu metal",
                "pop punk",
                "post-grunge",
                "punk"
            ],
            "duration": 165173,
            "acousticness": 0.00052,
            "danceability": 6.148,
            "instrumentalness": 2.48e-06,
            "liveness": 0.044,
            "loudness": -3.847,
            "speechiness": 0.0626,
            "time_signature": 4,
            "happiness": 5.716
        }
    },
    {
        "#": 2,
        "Track Title": "Stronger",
        "Artist": "Kanye West",
        "Key": "6A",
        "Energy": 7.452999999999999,
        "Popularity": 1.81,
        "BPM": 104,
        "DJ Play Count": 0,
        "Rating": "*******",
        "My Tag": [
            "Fight & Fog, Mad",
            "2000s",
            "Hip Hop",
            "PEGI 16 [Age]"
        ],
        "Additional Info": {
            "id": "4fzsfWzRhPawzqhX8Qt9F3",
            "explicit": true,
            "album": "Graduation",
            "release_date": "2007-09-11",
            "genres": [
                "chicago rap",
                "hip hop",
                "rap"
            ],
            "duration": 311867,
            "acousticness": 0.00564,
            "danceability": 6.553,
            "instrumentalness": 0,
            "liveness": 0.408,
            "loudness": -7.858,
            "speechiness": 0.153,
            "time_signature": 4,
            "happiness": 5.41
        }
    },
    {
        "#": 3,
        "Track Title": "False Pretense",
        "Artist": "The Red Jumpsuit Apparatus",
        "Key": "8A",
        "Energy": 9.370000000000001,
        "Popularity": 7.03,
        "BPM": 77,
        "DJ Play Count": 0,
        "Rating": "*******",
        "My Tag": [
            "Fight & Fog, Mad",
            "2000s",
            "Mad",
            "Rock",
            "Pop",
            "Happy"
        ],
        "Additional Info": {
            "id": "2ZICF8SFI5tHttaLJKMY1X",
            "explicit": false,
            "album": "Don't You Fake It",
            "release_date": "2006-01-01",
            "genres": [
                "alternative metal",
                "neon pop punk",
                "pop punk",
                "post-grunge",
                "screamo"
            ],
            "duration": 149640,
            "acousticness": 0.00137,
            "danceability": 5.581,
            "instrumentalness": 0,
            "liveness": 0.152,
            "loudness": -2.689,
            "speechiness": 0.0474,
            "time_signature": 4,
            "happiness": 8.047
        }
    },
    {
        "#": 4,
        "Track Title": "Bullet to the Brain",
        "Artist": "Lost Haven",
        "Key": "4B",
        "Energy": 8.379999999999999,
        "Popularity": 6.31,
        "BPM": 93,
        "DJ Play Count": 0,
        "Rating": "*******",
        "My Tag": [
            "Fight & Fog, Mad",
            "2020s",
            "Happy",
            "PEGI 16 [Age]"
        ],
        "Additional Info": {
            "id": "7eRwkWZZavrUYtA0OG2uMC",
            "explicit": true,
            "album": "Bullet to the Brain",
            "release_date": "2020-03-18",
            "genres": [],
            "duration": 206478,
            "acousticness": 0.426,
            "danceability": 7.507,
            "instrumentalness": 0,
            "liveness": 0.173,
            "loudness": -5.774,
            "speechiness": 0.2,
            "time_signature": 4,
            "happiness": 7.5969999999999995
        }
    },
    {
        "#": 5,
        "Track Title": "Remember the Name (feat. Styles of Beyond)",
        "Artist": "Fort Minor, Styles Of Beyond",
        "Key": "4B",
        "Energy": 8.515,
        "Popularity": 6.13,
        "BPM": 85,
        "DJ Play Count": 0,
        "Rating": "*******",
        "My Tag": [
            "Fight & Fog, Mad",
            "2000s",
            "Rock",
            "California [Loc]",
            "Hip Hop",
            "Happy",
            "PEGI 16 [Age]"
        ],
        "Additional Info": {
            "id": "7vwkKw2Xd7Pks1X712Au0T",
            "explicit": true,
            "album": "The Rising Tied (Deluxe Edition)",
            "release_date": "2005-11-21",
            "genres": [
                "rap rock",
                "cali rap"
            ],
            "duration": 230493,
            "acousticness": 0.0583,
            "danceability": 7.191999999999999,
            "instrumentalness": 2.87e-06,
            "liveness": 0.0795,
            "loudness": -4.162,
            "speechiness": 0.0911,
            "time_signature": 4,
            "happiness": 8.92
        }
    },
    {
        "#": 6,
        "Track Title": "Back In Town",
        "Artist": "NauXore, Jay Matthews, N.E.B.",
        "Key": "10B",
        "Energy": 8.695,
        "Popularity": 5.140000000000001,
        "BPM": 150,
        "DJ Play Count": 0,
        "Rating": "*******",
        "My Tag": [
            "Fight & Fog, Mad",
            "2020s",
            "Fight & Fog"
        ],
        "Additional Info": {
            "id": "2bvE6wOhz5KLDYeozy1z91",
            "explicit": false,
            "album": "Back In Town",
            "release_date": "2023-02-15",
            "genres": [],
            "duration": 176433,
            "acousticness": 0.184,
            "danceability": 6.3999999999999995,
            "instrumentalness": 0,
            "liveness": 0.179,
            "loudness": -5.413,
            "speechiness": 0.431,
            "time_signature": 4,
            "happiness": 2.17
        }
    },
    {
        "#": 7,
        "Track Title": "Visionary",
        "Artist": "Prokyon",
        "Key": "7A",
        "Energy": 9.469,
        "Popularity": 5.05,
        "BPM": 76,
        "DJ Play Count": 0,
        "Rating": "*******",
        "My Tag": [
            "Fight & Fog, Mad",
            "2020s"
        ],
        "Additional Info": {
            "id": "5YM65zPMSgW89X9iDOLLHF",
            "explicit": false,
            "album": "Visionary",
            "release_date": "2023-02-01",
            "genres": [],
            "duration": 158294,
            "acousticness": 0.00945,
            "danceability": 5.995,
            "instrumentalness": 0.0543,
            "liveness": 0.0978,
            "loudness": -5.069,
            "speechiness": 0.081,
            "time_signature": 4,
            "happiness": 5.617
        }
    },
    {
        "#": 8,
        "Track Title": "Rivals",
        "Artist": "Anup4m, Jay Matthews",
        "Key": "12A",
        "Energy": 9.487,
        "Popularity": 5.05,
        "BPM": 75,
        "DJ Play Count": 0,
        "Rating": "*******",
        "My Tag": [
            "Fight & Fog, Mad",
            "2020s"
        ],
        "Additional Info": {
            "id": "1Hcz5vyRvuTEnr4PIINUCx",
            "explicit": false,
            "album": "Rivals",
            "release_date": "2023-01-11",
            "genres": [],
            "duration": 137354,
            "acousticness": 0.0432,
            "danceability": 5.815,
            "instrumentalness": 0.000101,
            "liveness": 0.0923,
            "loudness": -4.478,
            "speechiness": 0.42,
            "time_signature": 4,
            "happiness": 3.844
        }
    },
    {
        "#": 9,
        "Track Title": "The Flute",
        "Artist": "Zusebi",
        "Key": "4A",
        "Energy": 7.1290000000000004,
        "Popularity": 4.96,
        "BPM": 140,
        "DJ Play Count": 0,
        "Rating": "*******",
        "My Tag": [
            "Fight & Fog, Mad",
            "2020s"
        ],
        "Additional Info": {
            "id": "2HMph2qVrV2ZWPWtez91pe",
            "explicit": false,
            "album": "The Flute",
            "release_date": "2022-12-15",
            "genres": [],
            "duration": 146835,
            "acousticness": 0.129,
            "danceability": 7.282,
            "instrumentalness": 0.000499,
            "liveness": 0.142,
            "loudness": -7.226,
            "speechiness": 0.0348,
            "time_signature": 4,
            "happiness": 4.285
        }
    },
    {
        "#": 10,
        "Track Title": "We Are The Gods",
        "Artist": "Tommygunnz, N.E.B.",
        "Key": "4B",
        "Energy": 7.452999999999999,
        "Popularity": 5.05,
        "BPM": 76,
        "DJ Play Count": 0,
        "Rating": "*******",
        "My Tag": [
            "Fight & Fog, Mad",
            "2020s"
        ],
        "Additional Info": {
            "id": "0Q93vw0E4fk4Z2Qe0qCjC7",
            "explicit": false,
            "album": "We Are The Gods",
            "release_date": "2022-11-25",
            "genres": [],
            "duration": 153231,
            "acousticness": 0.114,
            "danceability": 6.49,
            "instrumentalness": 1.61e-06,
            "liveness": 0.16,
            "loudness": -6.622,
            "speechiness": 0.253,
            "time_signature": 4,
            "happiness": 4.888
        }
    },
    {
        "#": 11,
        "Track Title": "Pray for 'em",
        "Artist": "Baskem",
        "Key": "3B",
        "Energy": 6.255999999999999,
        "Popularity": 6.49,
        "BPM": 140,
        "DJ Play Count": 0,
        "Rating": "*******",
        "My Tag": [
            "Fight & Fog, Mad",
            "2010s",
            "PEGI 16 [Age]"
        ],
        "Additional Info": {
            "id": "4Of9KweFyDMknet4POr6GN",
            "explicit": true,
            "album": "Unleashed",
            "release_date": "2018-06-12",
            "genres": [],
            "duration": 217861,
            "acousticness": 0.0198,
            "danceability": 5.761,
            "instrumentalness": 0,
            "liveness": 0.204,
            "loudness": -6.147,
            "speechiness": 0.291,
            "time_signature": 4,
            "happiness": 2.377
        }
    },
    {
        "#": 12,
        "Track Title": "The 4K Acronym",
        "Artist": "Dylan4k",
        "Key": "3B",
        "Energy": 5.7250000000000005,
        "Popularity": 3.88,
        "BPM": 82,
        "DJ Play Count": 0,
        "Rating": "*******",
        "My Tag": [
            "Fight & Fog, Mad",
            "2020s",
            "PEGI 16 [Age]"
        ],
        "Additional Info": {
            "id": "3eJ3WAs9sBDVcSm6W0cuod",
            "explicit": true,
            "album": "Fear Unloading in Nairobi (Tracks)",
            "release_date": "2023-02-11",
            "genres": [],
            "duration": 115404,
            "acousticness": 0.164,
            "danceability": 6.625,
            "instrumentalness": 1.69e-06,
            "liveness": 0.117,
            "loudness": -11.731,
            "speechiness": 0.177,
            "time_signature": 4,
            "happiness": 2.683
        }
    },
    {
        "#": 13,
        "Track Title": "Beast - Southpaw Remix",
        "Artist": "Rob Bailey & The Hustle Standard, Busta Rhymes, KXNG Crooked, Tech N9ne",
        "Key": "11B",
        "Energy": 9.523,
        "Popularity": 6.94,
        "BPM": 144,
        "DJ Play Count": 0,
        "Rating": "*******",
        "My Tag": [
            "Fight & Fog, Mad",
            "2010s",
            "Mad",
            "Pop",
            "California [Loc]",
            "Hip Hop",
            "PEGI 16 [Age]"
        ],
        "Additional Info": {
            "id": "2fWSwWmKRuyioqIzOzuQGo",
            "explicit": true,
            "album": "Southpaw (Music From And Inspired By The Motion Picture)",
            "release_date": "2015-07-24",
            "genres": [
                "military rap",
                "east coast hip hop",
                "hardcore hip hop",
                "hip hop",
                "pop rap",
                "rap",
                "cali rap",
                "detroit hip hop",
                "kansas city hip hop"
            ],
            "duration": 279373,
            "acousticness": 0.0252,
            "danceability": 6.364,
            "instrumentalness": 0,
            "liveness": 0.888,
            "loudness": -4.514,
            "speechiness": 0.218,
            "time_signature": 4,
            "happiness": 5.995
        }
    },
    {
        "#": 14,
        "Track Title": "Icon",
        "Artist": "Jaden",
        "Key": "11A",
        "Energy": 8.379999999999999,
        "Popularity": 7.39,
        "BPM": 120,
        "DJ Play Count": 0,
        "Rating": "*******",
        "My Tag": [
            "Fight & Fog, Mad",
            "2010s",
            "Pop",
            "Hip Hop",
            "PEGI 16 [Age]"
        ],
        "Additional Info": {
            "id": "22nyEAEM29tcBRhukR089b",
            "explicit": true,
            "album": "SYRE",
            "release_date": "2017-11-17",
            "genres": [
                "pop rap",
                "rap"
            ],
            "duration": 220996,
            "acousticness": 0.222,
            "danceability": 8.074,
            "instrumentalness": 0,
            "liveness": 0.575,
            "loudness": -5.093,
            "speechiness": 0.232,
            "time_signature": 4,
            "happiness": 5.41
        }
    },
    {
        "#": 15,
        "Track Title": "This Aint The End Of Me",
        "Artist": "White Comic",
        "Key": "2A",
        "Energy": 9.244,
        "Popularity": 1.0,
        "BPM": 101,
        "DJ Play Count": 0,
        "Rating": "*******",
        "My Tag": [
            "Fight & Fog, Mad",
            "2010s"
        ],
        "Additional Info": {
            "id": "1lmdDzq9swc20OSPjDzfN1",
            "explicit": false,
            "album": "This Nightmare",
            "release_date": "2012-02-19",
            "genres": [],
            "duration": 237633,
            "acousticness": 0.000281,
            "danceability": 6.265,
            "instrumentalness": 0.000261,
            "liveness": 0.228,
            "loudness": -4.637,
            "speechiness": 0.0463,
            "time_signature": 4,
            "happiness": 3.277
        }
    },
    {
        "#": 16,
        "Track Title": "Last Resort",
        "Artist": "Papa Roach",
        "Key": "12A",
        "Energy": 8.983,
        "Popularity": 1.0,
        "BPM": 91,
        "DJ Play Count": 0,
        "Rating": "*******",
        "My Tag": [
            "Fight & Fog, Mad",
            "2000s",
            "Mad",
            "Rock",
            "Hip Hop",
            "Happy",
            "PEGI 16 [Age]"
        ],
        "Additional Info": {
            "id": "5eek2X5459T1HoYJk2CKXv",
            "explicit": true,
            "album": "Infest",
            "release_date": "2000-04-25",
            "genres": [
                "alternative metal",
                "nu metal",
                "rap metal",
                "rap rock",
                "rock"
            ],
            "duration": 199893,
            "acousticness": 0.000504,
            "danceability": 6.228999999999999,
            "instrumentalness": 0.00111,
            "liveness": 0.268,
            "loudness": -3.659,
            "speechiness": 0.0624,
            "time_signature": 4,
            "happiness": 7.516
        }
    },
    {
        "#": 17,
        "Track Title": "AirplaneMode",
        "Artist": "BONES",
        "Key": "1A",
        "Energy": 6.409,
        "Popularity": 7.93,
        "BPM": 140,
        "DJ Play Count": 0,
        "Rating": "*******",
        "My Tag": [
            "Fight & Fog, Mad",
            "2010s",
            "PEGI 16 [Age]"
        ],
        "Additional Info": {
            "id": "5XKZua8kqgHwcxeKiMIjge",
            "explicit": true,
            "album": "IFeelLikeDirt",
            "release_date": "2019-11-29",
            "genres": [
                "cloud rap",
                "dark trap"
            ],
            "duration": 75429,
            "acousticness": 0.163,
            "danceability": 8.623,
            "instrumentalness": 0.787,
            "liveness": 0.11,
            "loudness": -6.311,
            "speechiness": 0.103,
            "time_signature": 4,
            "happiness": 5.932
        }
    },
    {
        "#": 18,
        "Track Title": "AHHH HA",
        "Artist": "Lil Durk",
        "Key": "3B",
        "Energy": 6.49,
        "Popularity": 6.8500000000000005,
        "BPM": 78,
        "DJ Play Count": 0,
        "Rating": "*******",
        "My Tag": [
            "Fight & Fog, Mad",
            "2020s",
            "EDM",
            "Hip Hop",
            "PEGI 16 [Age]"
        ],
        "Additional Info": {
            "id": "54VFhe501kUbDYj2OrueMp",
            "explicit": true,
            "album": "AHHH HA",
            "release_date": "2022-02-22",
            "genres": [
                "chicago drill",
                "chicago rap",
                "drill",
                "hip hop",
                "rap",
                "trap"
            ],
            "duration": 186538,
            "acousticness": 0.000114,
            "danceability": 7.0840000000000005,
            "instrumentalness": 1.73e-06,
            "liveness": 0.191,
            "loudness": -9.185,
            "speechiness": 0.273,
            "time_signature": 4,
            "happiness": 5.671
        }
    },
    {
        "#": 19,
        "Track Title": "Numb / Encore",
        "Artist": "JAY-Z, Linkin Park",
        "Key": "10B",
        "Energy": 8.227,
        "Popularity": 7.3,
        "BPM": 107,
        "DJ Play Count": 0,
        "Rating": "*******",
        "My Tag": [
            "Fight & Fog, Mad",
            "2000s",
            "Mad",
            "Rock",
            "Pop",
            "Hip Hop",
            "Happy",
            "PEGI 16 [Age]"
        ],
        "Additional Info": {
            "id": "7dyluIqv7QYVTXXZiMWPHW",
            "explicit": true,
            "album": "Collision Course (Deluxe Version)",
            "release_date": "2004-11-30",
            "genres": [
                "east coast hip hop",
                "gangster rap",
                "hip hop",
                "pop rap",
                "rap",
                "alternative metal",
                "nu metal",
                "post-grunge",
                "rap metal",
                "rock"
            ],
            "duration": 205280,
            "acousticness": 0.0601,
            "danceability": 7.165000000000001,
            "instrumentalness": 0,
            "liveness": 0.546,
            "loudness": -4.251,
            "speechiness": 0.156,
            "time_signature": 4,
            "happiness": 8.191
        }
    },
    {
        "#": 20,
        "Track Title": "Never Give Up",
        "Artist": "NEFFEX",
        "Key": "12A",
        "Energy": 7.894,
        "Popularity": 6.58,
        "BPM": 85,
        "DJ Play Count": 0,
        "Rating": "*******",
        "My Tag": [
            "Fight & Fog, Mad",
            "2010s",
            "Happy",
            "PEGI 16 [Age]"
        ],
        "Additional Info": {
            "id": "5Q6xgq6viDz9hrWiW1PoV7",
            "explicit": true,
            "album": "Fight Back: The Collection",
            "release_date": "2018-11-30",
            "genres": [],
            "duration": 251294,
            "acousticness": 0.262,
            "danceability": 7.12,
            "instrumentalness": 0,
            "liveness": 0.125,
            "loudness": -4.103,
            "speechiness": 0.355,
            "time_signature": 4,
            "happiness": 7.075
        }
    },
    {
        "#": 21,
        "Track Title": "No Excuses",
        "Artist": "NF",
        "Key": "3B",
        "Energy": 6.7780000000000005,
        "Popularity": 6.67,
        "BPM": 81,
        "DJ Play Count": 0,
        "Rating": "*******",
        "My Tag": [
            "Fight & Fog, Mad",
            "2010s",
            "Pop",
            "Hip Hop"
        ],
        "Additional Info": {
            "id": "7ssFG94tZHpX9vbIFM0GVH",
            "explicit": false,
            "album": "The Search",
            "release_date": "2019-07-26",
            "genres": [
                "hip hop",
                "pop rap"
            ],
            "duration": 201720,
            "acousticness": 0.0291,
            "danceability": 7.543,
            "instrumentalness": 0,
            "liveness": 0.0815,
            "loudness": -4.915,
            "speechiness": 0.087,
            "time_signature": 4,
            "happiness": 4.159
        }
    },
    {
        "#": 22,
        "Track Title": "YUNG MONEY",
        "Artist": "TFlasha",
        "Key": "4B",
        "Energy": 7.093,
        "Popularity": 3.5200000000000005,
        "BPM": 143,
        "DJ Play Count": 0,
        "Rating": "*******",
        "My Tag": [
            "Fight & Fog, Mad",
            "2020s",
            "PEGI 16 [Age]"
        ],
        "Additional Info": {
            "id": "51eX2figYT9xZgJnmwThgs",
            "explicit": true,
            "album": "T.G.I.F. \"Thank God It's Flash\"",
            "release_date": "2020-12-13",
            "genres": [],
            "duration": 214805,
            "acousticness": 0.108,
            "danceability": 7.723,
            "instrumentalness": 0,
            "liveness": 0.257,
            "loudness": -3.975,
            "speechiness": 0.0819,
            "time_signature": 4,
            "happiness": 3.601
        }
    },
    {
        "#": 23,
        "Track Title": "Dead Batteries",
        "Artist": "$uicideboy$",
        "Key": "7B",
        "Energy": 6.715,
        "Popularity": 1.0,
        "BPM": 124,
        "DJ Play Count": 0,
        "Rating": "*******",
        "My Tag": [
            "Fight & Fog, Mad",
            "2010s",
            "Hip Hop",
            "PEGI 16 [Age]"
        ],
        "Additional Info": {
            "id": "2rfswp5Qafssih52TfVeUl",
            "explicit": true,
            "album": "7th Or St. Tammany",
            "release_date": "2015-04-02",
            "genres": [
                "cloud rap",
                "dark trap",
                "new orleans rap",
                "underground hip hop"
            ],
            "duration": 143221,
            "acousticness": 0.0408,
            "danceability": 8.92,
            "instrumentalness": 0.000117,
            "liveness": 0.0927,
            "loudness": -8.214,
            "speechiness": 0.0451,
            "time_signature": 4,
            "happiness": 6.454
        }
    },
    {
        "#": 24,
        "Track Title": "Trophies",
        "Artist": "Young Money, Drake",
        "Key": "3B",
        "Energy": 7.263999999999999,
        "Popularity": 1.0,
        "BPM": 144,
        "DJ Play Count": 0,
        "Rating": "*******",
        "My Tag": [
            "Fight & Fog, Mad",
            "2010s",
            "EDM",
            "Pop",
            "Hip Hop",
            "PEGI 16 [Age]"
        ],
        "Additional Info": {
            "id": "1Kym30HhxluYlqAxyu1QqQ",
            "explicit": true,
            "album": "Trophies",
            "release_date": "2014-01-01",
            "genres": [
                "dirty south rap",
                "pop rap",
                "rap",
                "southern hip hop",
                "trap",
                "canadian hip hop",
                "canadian pop",
                "hip hop",
                "rap",
                "toronto rap"
            ],
            "duration": 188333,
            "acousticness": 0.141,
            "danceability": 7.723,
            "instrumentalness": 0,
            "liveness": 0.125,
            "loudness": -7.463,
            "speechiness": 0.432,
            "time_signature": 4,
            "happiness": 3.646
        }
    },
    {
        "#": 25,
        "Track Title": "Not Afraid",
        "Artist": "Eminem",
        "Key": "8A",
        "Energy": 9.586,
        "Popularity": 8.379999999999999,
        "BPM": 115,
        "DJ Play Count": 0,
        "Rating": "*******",
        "My Tag": [
            "Fight & Fog, Mad",
            "2010s",
            "Hip Hop",
            "Happy",
            "PEGI 16 [Age]"
        ],
        "Additional Info": {
            "id": "7Ie9W94M7OjPoZVV216Xus",
            "explicit": true,
            "album": "Recovery",
            "release_date": "2010-06-18",
            "genres": [
                "detroit hip hop",
                "hip hop",
                "rap"
            ],
            "duration": 248133,
            "acousticness": 0.529,
            "danceability": 8.695,
            "instrumentalness": 0,
            "liveness": 0.205,
            "loudness": -1.19,
            "speechiness": 0.264,
            "time_signature": 5,
            "happiness": 7.0120000000000005
        }
    },
    {
        "#": 26,
        "Track Title": "King Sh*t (feat. T.I.)",
        "Artist": "Yo Gotti, T.I.",
        "Key": "1B",
        "Energy": 7.669,
        "Popularity": 5.7700000000000005,
        "BPM": 78,
        "DJ Play Count": 0,
        "Rating": "*******",
        "My Tag": [
            "Fight & Fog, Mad",
            "2010s",
            "Mad",
            "EDM",
            "Pop",
            "Hip Hop",
            "PEGI 16 [Age]"
        ],
        "Additional Info": {
            "id": "0cWmYmQ7OjAKiNnH7qtLKk",
            "explicit": true,
            "album": "I Am",
            "release_date": "2013-11-16",
            "genres": [
                "dirty south rap",
                "gangster rap",
                "memphis hip hop",
                "rap",
                "southern hip hop",
                "tennessee hip hop",
                "trap",
                "atl hip hop",
                "dirty south rap",
                "gangster rap",
                "hip hop",
                "pop rap",
                "rap",
                "southern hip hop",
                "trap"
            ],
            "duration": 211187,
            "acousticness": 0.0103,
            "danceability": 8.902000000000001,
            "instrumentalness": 0.000148,
            "liveness": 0.104,
            "loudness": -3.908,
            "speechiness": 0.219,
            "time_signature": 4,
            "happiness": 6.643
        }
    },
    {
        "#": 27,
        "Track Title": "Just A Lil Bit",
        "Artist": "50 Cent",
        "Key": "6A",
        "Energy": 6.634,
        "Popularity": 1.0,
        "BPM": 97,
        "DJ Play Count": 0,
        "Rating": "*******",
        "My Tag": [
            "Fight & Fog, Mad",
            "2010s",
            "Mad",
            "Pop",
            "Hip Hop",
            "PEGI 16 [Age]"
        ],
        "Additional Info": {
            "id": "0c7ec19W1r6eqpqOsbOjkt",
            "explicit": true,
            "album": "Best Of 50 Cent",
            "release_date": "2017-03-31",
            "genres": [
                "east coast hip hop",
                "gangster rap",
                "hip hop",
                "pop rap",
                "queens hip hop",
                "rap"
            ],
            "duration": 237707,
            "acousticness": 0.041,
            "danceability": 7.273,
            "instrumentalness": 0.0044,
            "liveness": 0.333,
            "loudness": -8.957,
            "speechiness": 0.338,
            "time_signature": 4,
            "happiness": 5.545
        }
    },
    {
        "#": 28,
        "Track Title": "Highway to Hell",
        "Artist": "AC/DC",
        "Key": "2A",
        "Energy": 9.217,
        "Popularity": 8.83,
        "BPM": 116,
        "DJ Play Count": 0,
        "Rating": "*******",
        "My Tag": [
            "Fight & Fog, Mad",
            "70s",
            "Mad",
            "Rock"
        ],
        "Additional Info": {
            "id": "2zYzyRzz6pRmhPzyfMEC8s",
            "explicit": false,
            "album": "Highway to Hell",
            "release_date": "1979-07-27",
            "genres": [
                "australian rock",
                "hard rock",
                "rock"
            ],
            "duration": 208400,
            "acousticness": 0.061,
            "danceability": 6.1659999999999995,
            "instrumentalness": 0.00158,
            "liveness": 0.156,
            "loudness": -4.793,
            "speechiness": 0.133,
            "time_signature": 4,
            "happiness": 4.807
        }
    },
    {
        "#": 29,
        "Track Title": "Still D.R.E.",
        "Artist": "Dr. Dre, Snoop Dogg",
        "Key": "1B",
        "Energy": 7.9750000000000005,
        "Popularity": 8.649999999999999,
        "BPM": 93,
        "DJ Play Count": 0,
        "Rating": "*******",
        "My Tag": [
            "Fight & Fog, Mad",
            "90s",
            "Mad",
            "Pop",
            "California [Loc]",
            "Hip Hop",
            "PEGI 16 [Age]"
        ],
        "Additional Info": {
            "id": "503OTo2dSqe7qk76rgsbep",
            "explicit": true,
            "album": "2001",
            "release_date": "1999-11-16",
            "genres": [
                "g funk",
                "gangster rap",
                "hip hop",
                "rap",
                "west coast rap",
                "g funk",
                "gangster rap",
                "hip hop",
                "pop rap",
                "rap",
                "west coast rap"
            ],
            "duration": 270587,
            "acousticness": 0.16,
            "danceability": 8.344,
            "instrumentalness": 0.00031,
            "liveness": 0.0543,
            "loudness": -3.323,
            "speechiness": 0.234,
            "time_signature": 4,
            "happiness": 5.743
        }
    },
    {
        "#": 30,
        "Track Title": "Burn Brighter",
        "Artist": "Lansdowne",
        "Key": "1A",
        "Energy": 9.504999999999999,
        "Popularity": 1.0,
        "BPM": 89,
        "DJ Play Count": 0,
        "Rating": "*******",
        "My Tag": [
            "Fight & Fog, Mad",
            "2010s"
        ],
        "Additional Info": {
            "id": "6BUMVGOnIeOIE6YetJGGDT",
            "explicit": false,
            "album": "No Home but the Road",
            "release_date": "2013-07-30",
            "genres": [
                "gymcore"
            ],
            "duration": 192960,
            "acousticness": 0.00198,
            "danceability": 5.7250000000000005,
            "instrumentalness": 2.55e-05,
            "liveness": 0.347,
            "loudness": -2.57,
            "speechiness": 0.0549,
            "time_signature": 4,
            "happiness": 5.932
        }
    },
    {
        "#": 31,
        "Track Title": "Hustlin'",
        "Artist": "Rick Ross",
        "Key": "11B",
        "Energy": 6.868,
        "Popularity": 1.0,
        "BPM": 136,
        "DJ Play Count": 0,
        "Rating": "*******",
        "My Tag": [
            "Fight & Fog, Mad",
            "2000s",
            "Mad",
            "EDM",
            "Hip Hop",
            "PEGI 16 [Age]"
        ],
        "Additional Info": {
            "id": "3UaqMekEh1kbVu2A6DwiQs",
            "explicit": true,
            "album": "Port Of Miami",
            "release_date": "2006-01-01",
            "genres": [
                "dirty south rap",
                "gangster rap",
                "hip hop",
                "rap",
                "southern hip hop",
                "trap"
            ],
            "duration": 254093,
            "acousticness": 0.0849,
            "danceability": 5.518,
            "instrumentalness": 0,
            "liveness": 0.0675,
            "loudness": -7.224,
            "speechiness": 0.3,
            "time_signature": 4,
            "happiness": 6.841
        }
    },
    {
        "#": 32,
        "Track Title": "A Milli",
        "Artist": "Lil Wayne",
        "Key": "2A",
        "Energy": 7.255,
        "Popularity": 7.209999999999999,
        "BPM": 76,
        "DJ Play Count": 0,
        "Rating": "*******",
        "My Tag": [
            "Fight & Fog, Mad",
            "2000s",
            "EDM",
            "Pop",
            "Hip Hop",
            "Happy",
            "PEGI 16 [Age]"
        ],
        "Additional Info": {
            "id": "3uqinR4FCjLv28bkrTdNX5",
            "explicit": true,
            "album": "Tha Carter III",
            "release_date": "2008-01-01",
            "genres": [
                "hip hop",
                "new orleans rap",
                "pop rap",
                "rap",
                "trap"
            ],
            "duration": 221840,
            "acousticness": 0.0387,
            "danceability": 7.066000000000001,
            "instrumentalness": 0.00202,
            "liveness": 0.194,
            "loudness": -8.636,
            "speechiness": 0.278,
            "time_signature": 4,
            "happiness": 7.957
        }
    },
    {
        "#": 33,
        "Track Title": "Lose Yourself",
        "Artist": "Eminem",
        "Key": "10B",
        "Energy": 7.696,
        "Popularity": 8.11,
        "BPM": 86,
        "DJ Play Count": 0,
        "Rating": "*******",
        "My Tag": [
            "Fight & Fog, Mad",
            "2000s",
            "Hip Hop",
            "Fight & Fog",
            "PEGI 16 [Age]"
        ],
        "Additional Info": {
            "id": "5Z01UMMf7V1o0MzF86s6WJ",
            "explicit": true,
            "album": "Curtain Call: The Hits (Deluxe Edition)",
            "release_date": "2005-12-06",
            "genres": [
                "detroit hip hop",
                "hip hop",
                "rap"
            ],
            "duration": 326467,
            "acousticness": 0.00868,
            "danceability": 7.228,
            "instrumentalness": 0.000423,
            "liveness": 0.359,
            "loudness": -4.565,
            "speechiness": 0.257,
            "time_signature": 4,
            "happiness": 1.5508
        }
    },
    {
        "#": 34,
        "Track Title": "Gangsta's Paradise (feat. L.V.)",
        "Artist": "Coolio, L.V.",
        "Key": "4B",
        "Energy": 6.67,
        "Popularity": 1.0,
        "BPM": 80,
        "DJ Play Count": 0,
        "Rating": "*******",
        "My Tag": [
            "Fight & Fog, Mad",
            "90s",
            "Mad",
            "California [Loc]",
            "Hip Hop"
        ],
        "Additional Info": {
            "id": "3u9fHuAtjMY1RW2mZfO4Cf",
            "explicit": false,
            "album": "Gangsta's Paradise",
            "release_date": "1995-11-07",
            "genres": [
                "g funk",
                "gangster rap",
                "hip hop",
                "west coast rap"
            ],
            "duration": 241933,
            "acousticness": 0.0372,
            "danceability": 6.769,
            "instrumentalness": 0,
            "liveness": 0.4,
            "loudness": -6.393,
            "speechiness": 0.0521,
            "time_signature": 4,
            "happiness": 4.734999999999999
        }
    },
    {
        "#": 35,
        "Track Title": "In Da Club",
        "Artist": "50 Cent",
        "Key": "2A",
        "Energy": 6.5169999999999995,
        "Popularity": 1.0,
        "BPM": 90,
        "DJ Play Count": 0,
        "Rating": "*******",
        "My Tag": [
            "Fight & Fog, Mad",
            "2010s",
            "Mad",
            "Pop",
            "Hip Hop",
            "Happy",
            "PEGI 16 [Age]"
        ],
        "Additional Info": {
            "id": "6c7ggjWMidB7QSi9dAEZZC",
            "explicit": true,
            "album": "Best Of 50 Cent",
            "release_date": "2017-03-31",
            "genres": [
                "east coast hip hop",
                "gangster rap",
                "hip hop",
                "pop rap",
                "queens hip hop",
                "rap"
            ],
            "duration": 193547,
            "acousticness": 0.243,
            "danceability": 9.091000000000001,
            "instrumentalness": 0,
            "liveness": 0.0658,
            "loudness": -5.927,
            "speechiness": 0.407,
            "time_signature": 4,
            "happiness": 7.849
        }
    },
    {
        "#": 36,
        "Track Title": "Energy",
        "Artist": "Drake",
        "Key": "1B",
        "Energy": 6.138999999999999,
        "Popularity": 7.66,
        "BPM": 86,
        "DJ Play Count": 0,
        "Rating": "*******",
        "My Tag": [
            "Fight & Fog, Mad",
            "2010s",
            "Pop",
            "Hip Hop",
            "PEGI 16 [Age]"
        ],
        "Additional Info": {
            "id": "79XrkTOfV1AqySNjVlygpW",
            "explicit": true,
            "album": "If You're Reading This It's Too Late",
            "release_date": "2015-02-12",
            "genres": [
                "canadian hip hop",
                "canadian pop",
                "hip hop",
                "rap",
                "toronto rap"
            ],
            "duration": 181933,
            "acousticness": 0.38,
            "danceability": 7.723,
            "instrumentalness": 0,
            "liveness": 0.534,
            "loudness": -7.916,
            "speechiness": 0.478,
            "time_signature": 4,
            "happiness": 5.977
        }
    },
    {
        "#": 37,
        "Track Title": "Kings Never Die",
        "Artist": "Eminem, Gwen Stefani",
        "Key": "12A",
        "Energy": 9.064,
        "Popularity": 6.58,
        "BPM": 113,
        "DJ Play Count": 0,
        "Rating": "*******",
        "My Tag": [
            "Fight & Fog, Mad",
            "2010s",
            "Pop",
            "Hip Hop",
            "Dance Remixes",
            "Fight & Fog",
            "PEGI 16 [Age]"
        ],
        "Additional Info": {
            "id": "4uX7M3U4I1nsZ7SFM4XNCn",
            "explicit": true,
            "album": "Southpaw (Music From And Inspired By The Motion Picture)",
            "release_date": "2015-07-24",
            "genres": [
                "detroit hip hop",
                "hip hop",
                "rap",
                "dance pop",
                "pop"
            ],
            "duration": 296133,
            "acousticness": 0.0275,
            "danceability": 7.939,
            "instrumentalness": 0,
            "liveness": 0.204,
            "loudness": -5.289,
            "speechiness": 0.129,
            "time_signature": 3,
            "happiness": 1.5337
        }
    },
    {
        "#": 38,
        "Track Title": "Back In Black",
        "Artist": "AC/DC",
        "Key": "11B",
        "Energy": 7.3,
        "Popularity": 8.74,
        "BPM": 94,
        "DJ Play Count": 0,
        "Rating": "*******",
        "My Tag": [
            "Fight & Fog, Mad",
            "80s",
            "Mad",
            "Rock",
            "Happy"
        ],
        "Additional Info": {
            "id": "08mG3Y1vljYA6bvDt4Wqkj",
            "explicit": false,
            "album": "Back In Black",
            "release_date": "1980-07-25",
            "genres": [
                "australian rock",
                "hard rock",
                "rock"
            ],
            "duration": 255493,
            "acousticness": 0.011,
            "danceability": 3.79,
            "instrumentalness": 0.00965,
            "liveness": 0.0828,
            "loudness": -5.678,
            "speechiness": 0.047,
            "time_signature": 4,
            "happiness": 7.867
        }
    },
    {
        "#": 39,
        "Track Title": "Candy Shop",
        "Artist": "50 Cent, Olivia",
        "Key": "9B",
        "Energy": 6.292,
        "Popularity": 1.0,
        "BPM": 129,
        "DJ Play Count": 0,
        "Rating": "*******",
        "My Tag": [
            "Fight & Fog, Mad",
            "2000s",
            "Mad",
            "Pop",
            "Hip Hop",
            "Happy",
            "PEGI 16 [Age]"
        ],
        "Additional Info": {
            "id": "2mpFm3f7QmdsVtSAIICEB7",
            "explicit": true,
            "album": "The Massacre",
            "release_date": "2005-03-03",
            "genres": [
                "east coast hip hop",
                "gangster rap",
                "hip hop",
                "pop rap",
                "queens hip hop",
                "rap"
            ],
            "duration": 208533,
            "acousticness": 0.0305,
            "danceability": 6.481,
            "instrumentalness": 0.000142,
            "liveness": 0.369,
            "loudness": -7.992,
            "speechiness": 0.481,
            "time_signature": 5,
            "happiness": 8.173
        }
    },
    {
        "#": 40,
        "Track Title": "Down with the Sickness",
        "Artist": "Disturbed",
        "Key": "6A",
        "Energy": 9.064,
        "Popularity": 7.12,
        "BPM": 90,
        "DJ Play Count": 0,
        "Rating": "*******",
        "My Tag": [
            "Fight & Fog, Mad",
            "2010s",
            "Mad",
            "Rock",
            "Happy",
            "PEGI 16 [Age]"
        ],
        "Additional Info": {
            "id": "4ImIJRZNJhNQLLdUFSYJoS",
            "explicit": true,
            "album": "The Sickness (10th Anniversary Edition)",
            "release_date": "2010-03-12",
            "genres": [
                "alternative metal",
                "nu metal",
                "rap metal",
                "rock"
            ],
            "duration": 278707,
            "acousticness": 0.000319,
            "danceability": 6.841,
            "instrumentalness": 1.19e-05,
            "liveness": 0.102,
            "loudness": -2.704,
            "speechiness": 0.056,
            "time_signature": 4,
            "happiness": 9.316
        }
    },
    {
        "#": 41,
        "Track Title": "Thunderstruck",
        "Artist": "AC/DC",
        "Key": "12B",
        "Energy": 9.01,
        "Popularity": 8.74,
        "BPM": 134,
        "DJ Play Count": 0,
        "Rating": "*******",
        "My Tag": [
            "Fight & Fog, Mad",
            "90s",
            "Mad",
            "Rock"
        ],
        "Additional Info": {
            "id": "57bgtoPSgt236HzfBOd8kj",
            "explicit": false,
            "album": "The Razors Edge",
            "release_date": "1990-09-24",
            "genres": [
                "australian rock",
                "hard rock",
                "rock"
            ],
            "duration": 292880,
            "acousticness": 0.000147,
            "danceability": 5.518,
            "instrumentalness": 0.0117,
            "liveness": 0.217,
            "loudness": -5.175,
            "speechiness": 0.0364,
            "time_signature": 4,
            "happiness": 3.331
        }
    },
    {
        "#": 42,
        "Track Title": "Patiently Waiting",
        "Artist": "50 Cent, Eminem",
        "Key": "8B",
        "Energy": 7.075,
        "Popularity": 6.94,
        "BPM": 79,
        "DJ Play Count": 0,
        "Rating": "*******",
        "My Tag": [
            "Fight & Fog, Mad",
            "2000s",
            "Mad",
            "Pop",
            "Hip Hop",
            "PEGI 16 [Age]"
        ],
        "Additional Info": {
            "id": "3ORfa5ilEthp2U0TRcv7kv",
            "explicit": true,
            "album": "Get Rich Or Die Tryin'",
            "release_date": "2003-02-06",
            "genres": [
                "east coast hip hop",
                "gangster rap",
                "hip hop",
                "pop rap",
                "queens hip hop",
                "rap",
                "detroit hip hop",
                "hip hop",
                "rap"
            ],
            "duration": 288880,
            "acousticness": 0.245,
            "danceability": 5.8420000000000005,
            "instrumentalness": 0,
            "liveness": 0.362,
            "loudness": -2.3,
            "speechiness": 0.335,
            "time_signature": 4,
            "happiness": 5.671
        }
    },
    {
        "#": 43,
        "Track Title": "Till I Collapse",
        "Artist": "Eminem, Nate Dogg",
        "Key": "3B",
        "Energy": 8.623,
        "Popularity": 8.83,
        "BPM": 86,
        "DJ Play Count": 0,
        "Rating": "*******",
        "My Tag": [
            "Fight & Fog, Mad",
            "2000s",
            "Mad",
            "California [Loc]",
            "Hip Hop",
            "Fight & Fog",
            "PEGI 16 [Age]"
        ],
        "Additional Info": {
            "id": "4xkOaSrkexMciUUogZKVTS",
            "explicit": true,
            "album": "The Eminem Show",
            "release_date": "2002-05-26",
            "genres": [
                "detroit hip hop",
                "hip hop",
                "rap",
                "g funk",
                "gangster rap",
                "hardcore hip hop",
                "hip hop",
                "rap",
                "west coast rap"
            ],
            "duration": 297787,
            "acousticness": 0.0622,
            "danceability": 5.932,
            "instrumentalness": 0,
            "liveness": 0.0816,
            "loudness": -3.237,
            "speechiness": 0.186,
            "time_signature": 4,
            "happiness": 1.9
        }
    },
    {
        "#": 44,
        "Track Title": "Disco Inferno",
        "Artist": "50 Cent",
        "Key": "10A",
        "Energy": 6.076,
        "Popularity": 1.0,
        "BPM": 97,
        "DJ Play Count": 0,
        "Rating": "*******",
        "My Tag": [
            "Fight & Fog, Mad",
            "2010s",
            "Mad",
            "Pop",
            "Hip Hop",
            "Happy",
            "PEGI 16 [Age]"
        ],
        "Additional Info": {
            "id": "74jBzIOqDzIF9NdMKvuX2W",
            "explicit": true,
            "album": "Best Of 50 Cent",
            "release_date": "2017-03-31",
            "genres": [
                "east coast hip hop",
                "gangster rap",
                "hip hop",
                "pop rap",
                "queens hip hop",
                "rap"
            ],
            "duration": 213680,
            "acousticness": 0.209,
            "danceability": 9.235,
            "instrumentalness": 7.17e-05,
            "liveness": 0.202,
            "loudness": -8.042,
            "speechiness": 0.257,
            "time_signature": 4,
            "happiness": 7.174
        }
    },
    {
        "#": 45,
        "Track Title": "Ooh Ahh (My Life Be Like) (feat. Toby Mac)",
        "Artist": "Grits, TobyMac",
        "Key": "10B",
        "Energy": 8.695,
        "Popularity": 1.0,
        "BPM": 99,
        "DJ Play Count": 0,
        "Rating": "*******",
        "My Tag": [
            "Fight & Fog, Mad",
            "2000s",
            "Happy"
        ],
        "Additional Info": {
            "id": "1iUoWD9qE93GyoT80O5IKt",
            "explicit": false,
            "album": "The Art of Translation",
            "release_date": "2002-08-06",
            "genres": [
                "christian hip hop",
                "ccm",
                "christian alternative rock",
                "christian hip hop",
                "christian music"
            ],
            "duration": 233173,
            "acousticness": 0.136,
            "danceability": 7.804,
            "instrumentalness": 0.00028,
            "liveness": 0.302,
            "loudness": -3.529,
            "speechiness": 0.0669,
            "time_signature": 4,
            "happiness": 8.299
        }
    },
    {
        "#": 46,
        "Track Title": "You Don't Know",
        "Artist": "Eminem, 50 Cent, Ca$his, Lloyd Banks",
        "Key": "6A",
        "Energy": 8.776,
        "Popularity": 6.58,
        "BPM": 85,
        "DJ Play Count": 0,
        "Rating": "*******",
        "My Tag": [
            "Fight & Fog, Mad",
            "2000s",
            "Mad",
            "EDM",
            "Pop",
            "Hip Hop",
            "Happy",
            "PEGI 16 [Age]"
        ],
        "Additional Info": {
            "id": "0nKZeSrqH9u31NLoTUsYBR",
            "explicit": true,
            "album": "Eminem Presents The Re-Up",
            "release_date": "2006-12-04",
            "genres": [
                "detroit hip hop",
                "hip hop",
                "rap",
                "east coast hip hop",
                "gangster rap",
                "hip hop",
                "pop rap",
                "queens hip hop",
                "rap",
                "detroit hip hop",
                "gangster rap",
                "hardcore hip hop",
                "hip hop",
                "pop rap",
                "queens hip hop",
                "rap",
                "trap"
            ],
            "duration": 257907,
            "acousticness": 0.0116,
            "danceability": 7.9030000000000005,
            "instrumentalness": 0,
            "liveness": 0.0957,
            "loudness": -1.847,
            "speechiness": 0.133,
            "time_signature": 4,
            "happiness": 7.723
        }
    },
    {
        "#": 47,
        "Track Title": "Fast Lane",
        "Artist": "Bad Meets Evil",
        "Key": "3B",
        "Energy": 8.839,
        "Popularity": 7.57,
        "BPM": 119,
        "DJ Play Count": 0,
        "Rating": "*******",
        "My Tag": [
            "Fight & Fog, Mad",
            "2010s",
            "Hip Hop",
            "PEGI 16 [Age]"
        ],
        "Additional Info": {
            "id": "2c5Isyd07hWsl7AQia2Dig",
            "explicit": true,
            "album": "Hell: The Sequel (Deluxe)",
            "release_date": "2011-01-01",
            "genres": [
                "detroit hip hop"
            ],
            "duration": 249560,
            "acousticness": 0.0388,
            "danceability": 6.535,
            "instrumentalness": 0,
            "liveness": 0.246,
            "loudness": -3.804,
            "speechiness": 0.281,
            "time_signature": 5,
            "happiness": 4.042
        }
    },
    {
        "#": 48,
        "Track Title": "Jump (feat. Gizzle)",
        "Artist": "Lupe Fiasco, Gizzle",
        "Key": "2A",
        "Energy": 7.8580000000000005,
        "Popularity": 5.68,
        "BPM": 76,
        "DJ Play Count": 0,
        "Rating": "*******",
        "My Tag": [
            "Fight & Fog, Mad",
            "2010s",
            "Pop",
            "Inspiring",
            "Hip Hop",
            "Happy",
            "PEGI 16 [Age]"
        ],
        "Additional Info": {
            "id": "51gbF0SxTmxgAguiWWUXPu",
            "explicit": true,
            "album": "DROGAS Light",
            "release_date": "2017-02-10",
            "genres": [
                "chicago rap",
                "conscious hip hop",
                "hip hop",
                "political hip hop",
                "pop rap",
                "rap",
                "southern hip hop"
            ],
            "duration": 274910,
            "acousticness": 0.0418,
            "danceability": 8.11,
            "instrumentalness": 0,
            "liveness": 0.087,
            "loudness": -5.704,
            "speechiness": 0.243,
            "time_signature": 4,
            "happiness": 9.64
        }
    },
    {
        "#": 49,
        "Track Title": "Mask Off",
        "Artist": "Future",
        "Key": "10B",
        "Energy": 4.906000000000001,
        "Popularity": 5.5,
        "BPM": 75,
        "DJ Play Count": 0,
        "Rating": "*******",
        "My Tag": [
            "Fight & Fog, Mad",
            "2010s",
            "EDM",
            "Hip Hop",
            "PEGI 16 [Age]"
        ],
        "Additional Info": {
            "id": "3rOSwuTsUlJp0Pu0MkN8r8",
            "explicit": true,
            "album": "FUTURE",
            "release_date": "2017-08-04",
            "genres": [
                "atl hip hop",
                "hip hop",
                "rap",
                "southern hip hop",
                "trap"
            ],
            "duration": 204600,
            "acousticness": 0.0102,
            "danceability": 8.497,
            "instrumentalness": 0.0219,
            "liveness": 0.165,
            "loudness": -8.795,
            "speechiness": 0.431,
            "time_signature": 4,
            "happiness": 3.5290000000000004
        }
    },
    {
        "#": 50,
        "Track Title": "Money In The Grave (Drake ft. Rick Ross)",
        "Artist": "Drake, Rick Ross",
        "Key": "6A",
        "Energy": 5.518,
        "Popularity": 8.11,
        "BPM": 101,
        "DJ Play Count": 0,
        "Rating": "*******",
        "My Tag": [
            "Fight & Fog, Mad",
            "2010s",
            "Mad",
            "EDM",
            "Pop",
            "Hip Hop",
            "PEGI 16 [Age]"
        ],
        "Additional Info": {
            "id": "5ry2OE6R2zPQFDO85XkgRb",
            "explicit": true,
            "album": "The Best In The World Pack",
            "release_date": "2019-06-15",
            "genres": [
                "canadian hip hop",
                "canadian pop",
                "hip hop",
                "rap",
                "toronto rap",
                "dirty south rap",
                "gangster rap",
                "hip hop",
                "rap",
                "southern hip hop",
                "trap"
            ],
            "duration": 205427,
            "acousticness": 0.101,
            "danceability": 8.479,
            "instrumentalness": 0,
            "liveness": 0.122,
            "loudness": -4.045,
            "speechiness": 0.046,
            "time_signature": 4,
            "happiness": 1.909
        }
    },
    {
        "#": 51,
        "Track Title": "Without Me",
        "Artist": "Eminem",
        "Key": "9B",
        "Energy": 7.021000000000001,
        "Popularity": 9.1,
        "BPM": 112,
        "DJ Play Count": 0,
        "Rating": "*******",
        "My Tag": [
            "Fight & Fog, Mad",
            "2000s",
            "Hip Hop",
            "PEGI 16 [Age]"
        ],
        "Additional Info": {
            "id": "7lQ8MOhq6IN2w8EYcFNSUk",
            "explicit": true,
            "album": "The Eminem Show",
            "release_date": "2002-05-26",
            "genres": [
                "detroit hip hop",
                "hip hop",
                "rap"
            ],
            "duration": 290320,
            "acousticness": 0.00286,
            "danceability": 9.172,
            "instrumentalness": 0,
            "liveness": 0.237,
            "loudness": -2.827,
            "speechiness": 0.0738,
            "time_signature": 4,
            "happiness": 6.958
        }
    },
    {
        "#": 52,
        "Track Title": "How We Do",
        "Artist": "The Game, 50 Cent",
        "Key": "12A",
        "Energy": 6.832,
        "Popularity": 8.02,
        "BPM": 98,
        "DJ Play Count": 0,
        "Rating": "*******",
        "My Tag": [
            "Fight & Fog, Mad",
            "2000s",
            "Mad",
            "EDM",
            "Pop",
            "Hip Hop",
            "PEGI 16 [Age]"
        ],
        "Additional Info": {
            "id": "4PmMVdIFpJTB9WQbmILf4p",
            "explicit": true,
            "album": "The Documentary",
            "release_date": "2005",
            "genres": [
                "gangster rap",
                "hip hop",
                "pop rap",
                "rap",
                "southern hip hop",
                "trap",
                "east coast hip hop",
                "gangster rap",
                "hip hop",
                "pop rap",
                "queens hip hop",
                "rap"
            ],
            "duration": 235533,
            "acousticness": 0.0455,
            "danceability": 8.758,
            "instrumentalness": 0,
            "liveness": 0.0332,
            "loudness": -7.401,
            "speechiness": 0.251,
            "time_signature": 4,
            "happiness": 6.7330000000000005
        }
    },
    {
        "#": 53,
        "Track Title": "How You Remind Me",
        "Artist": "Nickelback",
        "Key": "6B",
        "Energy": 7.876,
        "Popularity": 8.379999999999999,
        "BPM": 86,
        "DJ Play Count": 0,
        "Rating": "*******",
        "My Tag": [
            "Fight & Fog, Mad",
            "2000s",
            "Mad",
            "Rock"
        ],
        "Additional Info": {
            "id": "0gmbgwZ8iqyMPmXefof8Yf",
            "explicit": false,
            "album": "Silver Side Up",
            "release_date": "2001-09-11",
            "genres": [
                "alternative metal",
                "canadian rock",
                "post-grunge"
            ],
            "duration": 223840,
            "acousticness": 0.00135,
            "danceability": 5.014,
            "instrumentalness": 0,
            "liveness": 0.099,
            "loudness": -5.042,
            "speechiness": 0.033,
            "time_signature": 4,
            "happiness": 5.8870000000000005
        }
    },
    {
        "#": 54,
        "Track Title": "Silence of Reality",
        "Artist": "Serhat Durmus",
        "Key": "1A",
        "Energy": 8.74,
        "Popularity": 5.86,
        "BPM": 98,
        "DJ Play Count": 0,
        "Rating": "*******",
        "My Tag": [
            "Fight & Fog, Mad",
            "2020s",
            "Fight & Fog"
        ],
        "Additional Info": {
            "id": "5dVchPeZujXwRlkTG9fR1C",
            "explicit": false,
            "album": "Silence of Reality",
            "release_date": "2020-04-03",
            "genres": [
                "arab trap",
                "turkish trap"
            ],
            "duration": 264496,
            "acousticness": 0.263,
            "danceability": 3.7359999999999998,
            "instrumentalness": 0.864,
            "liveness": 0.101,
            "loudness": -7.513,
            "speechiness": 0.142,
            "time_signature": 4,
            "happiness": 2.557
        }
    },
    {
        "#": 55,
        "Track Title": "Fight Back",
        "Artist": "NEFFEX",
        "Key": "3B",
        "Energy": 9.514,
        "Popularity": 6.31,
        "BPM": 140,
        "DJ Play Count": 0,
        "Rating": "*******",
        "My Tag": [
            "Fight & Fog, Mad",
            "2010s",
            "PEGI 16 [Age]"
        ],
        "Additional Info": {
            "id": "2zNTjCDUzoKhImvJfnk3vG",
            "explicit": true,
            "album": "Fight Back",
            "release_date": "2017-10-25",
            "genres": [],
            "duration": 200571,
            "acousticness": 0.0966,
            "danceability": 7.435,
            "instrumentalness": 5.82e-05,
            "liveness": 0.0825,
            "loudness": -3.412,
            "speechiness": 0.259,
            "time_signature": 4,
            "happiness": 6.274
        }
    },
    {
        "#": 56,
        "Track Title": "Last Breath",
        "Artist": "Future",
        "Key": "12A",
        "Energy": 7.822,
        "Popularity": 6.94,
        "BPM": 90,
        "DJ Play Count": 0,
        "Rating": "*******",
        "My Tag": [
            "Fight & Fog, Mad",
            "2010s",
            "EDM",
            "Hip Hop",
            "Fight & Fog",
            "PEGI 16 [Age]"
        ],
        "Additional Info": {
            "id": "4Arjo1XR9qXsLstvU9fFV3",
            "explicit": true,
            "album": "CREED: Original Motion Picture Soundtrack",
            "release_date": "2015-11-20",
            "genres": [
                "atl hip hop",
                "hip hop",
                "rap",
                "southern hip hop",
                "trap"
            ],
            "duration": 239800,
            "acousticness": 0.431,
            "danceability": 7.075,
            "instrumentalness": 0.00177,
            "liveness": 0.377,
            "loudness": -4.589,
            "speechiness": 0.0368,
            "time_signature": 4,
            "happiness": 2.368
        }
    },
    {
        "#": 57,
        "Track Title": "Can't Be Touched (feat. Mr. Magic & Trouble)",
        "Artist": "Roy Jones Jr., Mr Magic, Trouble",
        "Key": "12A",
        "Energy": 7.993,
        "Popularity": 7.75,
        "BPM": 97,
        "DJ Play Count": 0,
        "Rating": "*******",
        "My Tag": [
            "Fight & Fog, Mad",
            "2000s",
            "PEGI 16 [Age]"
        ],
        "Additional Info": {
            "id": "3zmduBNsQ6BPDTZAkXzG5K",
            "explicit": true,
            "album": "Body Head Bangerz, Vol. 1",
            "release_date": "2004-10-26",
            "genres": [],
            "duration": 214400,
            "acousticness": 0.00323,
            "danceability": 6.7780000000000005,
            "instrumentalness": 0,
            "liveness": 0.227,
            "loudness": -4.809,
            "speechiness": 0.094,
            "time_signature": 4,
            "happiness": 4.717
        }
    },
    {
        "#": 58,
        "Track Title": "WHY",
        "Artist": "NF",
        "Key": "6A",
        "Energy": 8.443,
        "Popularity": 6.76,
        "BPM": 79,
        "DJ Play Count": 0,
        "Rating": "*******",
        "My Tag": [
            "Fight & Fog, Mad",
            "2010s",
            "Pop",
            "Hip Hop"
        ],
        "Additional Info": {
            "id": "7yNgSAuwbDJcdRNrBDtKPq",
            "explicit": false,
            "album": "The Search",
            "release_date": "2019-07-26",
            "genres": [
                "hip hop",
                "pop rap"
            ],
            "duration": 187933,
            "acousticness": 0.451,
            "danceability": 7.669,
            "instrumentalness": 0,
            "liveness": 0.292,
            "loudness": -6.343,
            "speechiness": 0.549,
            "time_signature": 4,
            "happiness": 4.7620000000000005
        }
    },
    {
        "#": 59,
        "Track Title": "Gangsta Gangsta (feat. Baby Eazy-E)",
        "Artist": "Dr. Fresch, Baby Eazy E",
        "Key": "1B",
        "Energy": 9.163,
        "Popularity": 6.31,
        "BPM": 105,
        "DJ Play Count": 0,
        "Rating": "*******",
        "My Tag": [
            "Fight & Fog, Mad",
            "2010s",
            "EDM",
            "PEGI 16 [Age]"
        ],
        "Additional Info": {
            "id": "5w6rgrtYFhC6NkUknX1exC",
            "explicit": true,
            "album": "Westcoast G-House Compilation",
            "release_date": "2016-05-10",
            "genres": [
                "bass house",
                "electro house"
            ],
            "duration": 201643,
            "acousticness": 0.0189,
            "danceability": 8.416,
            "instrumentalness": 2.25e-05,
            "liveness": 0.146,
            "loudness": -1.12,
            "speechiness": 0.138,
            "time_signature": 4,
            "happiness": 4.753
        }
    },
    {
        "#": 60,
        "Track Title": "Medusa",
        "Artist": "Flash Milla",
        "Key": "9A",
        "Energy": 7.2909999999999995,
        "Popularity": 1.0,
        "BPM": 140,
        "DJ Play Count": 0,
        "Rating": "*******",
        "My Tag": [
            "Fight & Fog, Mad",
            "2020s",
            "PEGI 16 [Age]"
        ],
        "Additional Info": {
            "id": "0DkY7Lffppf64ImdOjQaHX",
            "explicit": true,
            "album": "Medusa",
            "release_date": "2021-05-14",
            "genres": [],
            "duration": 137143,
            "acousticness": 0.295,
            "danceability": 6.49,
            "instrumentalness": 0,
            "liveness": 0.115,
            "loudness": -5.964,
            "speechiness": 0.222,
            "time_signature": 4,
            "happiness": 5.545
        }
    },
    {
        "#": 61,
        "Track Title": "Bang That",
        "Artist": "Blanco Balling",
        "Key": "10B",
        "Energy": 8.785,
        "Popularity": 2.98,
        "BPM": 150,
        "DJ Play Count": 0,
        "Rating": "*******",
        "My Tag": [
            "Fight & Fog, Mad",
            "2020s",
            "PEGI 16 [Age]"
        ],
        "Additional Info": {
            "id": "3aClUWdXSeBDgryEjvmH5w",
            "explicit": true,
            "album": "Bang That",
            "release_date": "2021-06-08",
            "genres": [],
            "duration": 204200,
            "acousticness": 0.00196,
            "danceability": 8.155000000000001,
            "instrumentalness": 0,
            "liveness": 0.118,
            "loudness": -5.946,
            "speechiness": 0.1,
            "time_signature": 4,
            "happiness": 4.42
        }
    },
    {
        "#": 62,
        "Track Title": "Plain Jane",
        "Artist": "A$AP Ferg",
        "Key": "1B",
        "Energy": 8.596,
        "Popularity": 7.93,
        "BPM": 85,
        "DJ Play Count": 0,
        "Rating": "*******",
        "My Tag": [
            "Fight & Fog, Mad",
            "2010s",
            "EDM",
            "Pop",
            "Hip Hop",
            "PEGI 16 [Age]"
        ],
        "Additional Info": {
            "id": "4dVpf9jZjcORqGTLUaeYj9",
            "explicit": true,
            "album": "Still Striving",
            "release_date": "2017-08-18",
            "genres": [
                "hip hop",
                "pop rap",
                "rap",
                "southern hip hop",
                "trap"
            ],
            "duration": 173600,
            "acousticness": 0.0651,
            "danceability": 8.173,
            "instrumentalness": 0,
            "liveness": 0.087,
            "loudness": -5.482,
            "speechiness": 0.275,
            "time_signature": 4,
            "happiness": 5.68
        }
    },
    {
        "#": 63,
        "Track Title": "Higher",
        "Artist": "Eminem",
        "Key": "12A",
        "Energy": 8.379999999999999,
        "Popularity": 7.39,
        "BPM": 148,
        "DJ Play Count": 0,
        "Rating": "*******",
        "My Tag": [
            "Fight & Fog, Mad",
            "2020s",
            "Hip Hop",
            "PEGI 16 [Age]"
        ],
        "Additional Info": {
            "id": "3eMsgWDRq5dKl5SBTYGv2J",
            "explicit": true,
            "album": "Music To Be Murdered By - Side B (Deluxe Edition)",
            "release_date": "2020-12-18",
            "genres": [
                "detroit hip hop",
                "hip hop",
                "rap"
            ],
            "duration": 222037,
            "acousticness": 0.0143,
            "danceability": 7.5969999999999995,
            "instrumentalness": 0,
            "liveness": 0.674,
            "loudness": -4.758,
            "speechiness": 0.218,
            "time_signature": 4,
            "happiness": 5.7250000000000005
        }
    },
    {
        "#": 64,
        "Track Title": "Wolves (feat. Post Malone)",
        "Artist": "Big Sean, Post Malone",
        "Key": "10B",
        "Energy": 7.075,
        "Popularity": 7.75,
        "BPM": 80,
        "DJ Play Count": 0,
        "Rating": "*******",
        "My Tag": [
            "Fight & Fog, Mad",
            "2020s",
            "EDM",
            "Pop",
            "Romantic & Slow Dance",
            "Hip Hop",
            "PEGI 16 [Age]"
        ],
        "Additional Info": {
            "id": "33gwZOGJWEZ7dRWPqPxBEZ",
            "explicit": true,
            "album": "Detroit 2",
            "release_date": "2020-09-04",
            "genres": [
                "detroit hip hop",
                "hip hop",
                "pop rap",
                "r&b",
                "rap",
                "southern hip hop",
                "trap",
                "dfw rap",
                "melodic rap",
                "pop",
                "rap"
            ],
            "duration": 199758,
            "acousticness": 0.0978,
            "danceability": 7.516,
            "instrumentalness": 9.41e-06,
            "liveness": 0.351,
            "loudness": -5.267,
            "speechiness": 0.0867,
            "time_signature": 4,
            "happiness": 3.9250000000000003
        }
    },
    {
        "#": 65,
        "Track Title": "Remember The Name",
        "Artist": "EBEN, Godmode",
        "Key": "8A",
        "Energy": 7.723,
        "Popularity": 4.87,
        "BPM": 85,
        "DJ Play Count": 0,
        "Rating": "*******",
        "My Tag": [
            "Fight & Fog, Mad",
            "2020s",
            "Happy"
        ],
        "Additional Info": {
            "id": "0U2OqGrSkUl4L94paRvz0e",
            "explicit": false,
            "album": "Remember The Name",
            "release_date": "2021-06-11",
            "genres": [
                "traprun"
            ],
            "duration": 184949,
            "acousticness": 0.148,
            "danceability": 6.157,
            "instrumentalness": 0,
            "liveness": 0.168,
            "loudness": -7.796,
            "speechiness": 0.31,
            "time_signature": 4,
            "happiness": 7.039000000000001
        }
    },
    {
        "#": 66,
        "Track Title": "Shakey x off these drugs",
        "Artist": "ShakeyFunnyAzz",
        "Key": "10B",
        "Energy": 5.356,
        "Popularity": 6.040000000000001,
        "BPM": 77,
        "DJ Play Count": 0,
        "Rating": "*******",
        "My Tag": [
            "Fight & Fog, Mad",
            "2020s",
            "PEGI 16 [Age]"
        ],
        "Additional Info": {
            "id": "5hbjWmsPxsoUf8xupri1g7",
            "explicit": true,
            "album": "Shakey x off these drugs",
            "release_date": "2021-11-15",
            "genres": [],
            "duration": 139677,
            "acousticness": 0.335,
            "danceability": 7.687,
            "instrumentalness": 0,
            "liveness": 0.109,
            "loudness": -12.917,
            "speechiness": 0.468,
            "time_signature": 4,
            "happiness": 3.709
        }
    },
    {
        "#": 67,
        "Track Title": "Waterbending",
        "Artist": "Daddy Shivvy",
        "Key": "8B",
        "Energy": 6.661,
        "Popularity": 2.98,
        "BPM": 100,
        "DJ Play Count": 0,
        "Rating": "*******",
        "My Tag": [
            "Fight & Fog, Mad",
            "2020s",
            "PEGI 16 [Age]"
        ],
        "Additional Info": {
            "id": "20a2swkpGxHg2IucwRpear",
            "explicit": true,
            "album": "Waterbending",
            "release_date": "2022-02-07",
            "genres": [],
            "duration": 211218,
            "acousticness": 0.231,
            "danceability": 9.1,
            "instrumentalness": 0.000412,
            "liveness": 0.102,
            "loudness": -6.043,
            "speechiness": 0.106,
            "time_signature": 4,
            "happiness": 4.807
        }
    },
    {
        "#": 68,
        "Track Title": "Fall",
        "Artist": "Eminem",
        "Key": "3B",
        "Energy": 5.914000000000001,
        "Popularity": 6.8500000000000005,
        "BPM": 91,
        "DJ Play Count": 0,
        "Rating": "*******",
        "My Tag": [
            "Fight & Fog, Mad",
            "2010s",
            "Hip Hop",
            "PEGI 16 [Age]"
        ],
        "Additional Info": {
            "id": "58QhkbaAkLFnn7JwAnAato",
            "explicit": true,
            "album": "Kamikaze",
            "release_date": "2018-08-31",
            "genres": [
                "detroit hip hop",
                "hip hop",
                "rap"
            ],
            "duration": 262494,
            "acousticness": 0.227,
            "danceability": 8.469999999999999,
            "instrumentalness": 0,
            "liveness": 0.112,
            "loudness": -5.716,
            "speechiness": 0.295,
            "time_signature": 4,
            "happiness": 5.815
        }
    },
    {
        "#": 69,
        "Track Title": "Red Nation",
        "Artist": "The Game, Lil Wayne",
        "Key": "10B",
        "Energy": 9.001,
        "Popularity": 6.76,
        "BPM": 83,
        "DJ Play Count": 0,
        "Rating": "*******",
        "My Tag": [
            "Fight & Fog, Mad",
            "2010s",
            "Mad",
            "EDM",
            "Pop",
            "Hip Hop",
            "PEGI 16 [Age]"
        ],
        "Additional Info": {
            "id": "2sYUGgzQfHQ6lOWzbrny8Z",
            "explicit": true,
            "album": "The R.E.D. Album",
            "release_date": "2011-01-01",
            "genres": [
                "gangster rap",
                "hip hop",
                "pop rap",
                "rap",
                "southern hip hop",
                "trap",
                "hip hop",
                "new orleans rap",
                "pop rap",
                "rap",
                "trap"
            ],
            "duration": 229480,
            "acousticness": 0.0922,
            "danceability": 4.6450000000000005,
            "instrumentalness": 0,
            "liveness": 0.446,
            "loudness": -3.303,
            "speechiness": 0.317,
            "time_signature": 4,
            "happiness": 4.042
        }
    },
    {
        "#": 70,
        "Track Title": "Anthem For The Underdog",
        "Artist": "12 Stones",
        "Key": "7B",
        "Energy": 8.748999999999999,
        "Popularity": 1.0,
        "BPM": 125,
        "DJ Play Count": 0,
        "Rating": "*******",
        "My Tag": [
            "Fight & Fog, Mad",
            "2000s",
            "Mad",
            "Rock"
        ],
        "Additional Info": {
            "id": "0Y8RYTRtoPt7lwfgXRc9jt",
            "explicit": false,
            "album": "Anthem For The Underdog (Bonus Track Version)",
            "release_date": "2007-01-01",
            "genres": [
                "alternative metal",
                "christian hard rock",
                "christian rock",
                "nu metal",
                "post-grunge"
            ],
            "duration": 184427,
            "acousticness": 0.000563,
            "danceability": 3.268,
            "instrumentalness": 0,
            "liveness": 0.331,
            "loudness": -3.422,
            "speechiness": 0.0727,
            "time_signature": 4,
            "happiness": 5.203
        }
    },
    {
        "#": 71,
        "Track Title": "Wolf Like Me",
        "Artist": "TV On The Radio",
        "Key": "9B",
        "Energy": 8.083,
        "Popularity": 1.0,
        "BPM": 88,
        "DJ Play Count": 0,
        "Rating": "*******",
        "My Tag": [
            "Fight & Fog, Mad",
            "2000s",
            "EDM",
            "Inspiring",
            "Rock",
            "Pop",
            "Dance Remixes",
            "Fight & Fog"
        ],
        "Additional Info": {
            "id": "7e7KneZN3eFpHyfo9DOJyf",
            "explicit": false,
            "album": "Return To Cookie Mountain",
            "release_date": "2006-07-03",
            "genres": [
                "alternative dance",
                "alternative rock",
                "brooklyn indie",
                "chamber pop",
                "indie rock",
                "indietronica",
                "modern rock",
                "neo-synthpop"
            ],
            "duration": 277467,
            "acousticness": 0.00175,
            "danceability": 4.213,
            "instrumentalness": 0.00611,
            "liveness": 0.115,
            "loudness": -4.979,
            "speechiness": 0.0419,
            "time_signature": 4,
            "happiness": 2.7190000000000003
        }
    },
    {
        "#": 72,
        "Track Title": "Blow Up",
        "Artist": "Ivan B",
        "Key": "10B",
        "Energy": 5.41,
        "Popularity": 5.5,
        "BPM": 107,
        "DJ Play Count": 0,
        "Rating": "*******",
        "My Tag": [
            "Fight & Fog, Mad",
            "2010s",
            "Inspiring",
            "Pop",
            "Hip Hop"
        ],
        "Additional Info": {
            "id": "3NNPXSLp2aHYY8sD4q9Mhe",
            "explicit": false,
            "album": "Forgive Me for My Honesty",
            "release_date": "2017-08-25",
            "genres": [
                "indie pop rap"
            ],
            "duration": 259918,
            "acousticness": 0.453,
            "danceability": 8.443,
            "instrumentalness": 2.84e-06,
            "liveness": 0.0412,
            "loudness": -10.955,
            "speechiness": 0.164,
            "time_signature": 4,
            "happiness": 3.043
        }
    },
    {
        "#": 73,
        "Track Title": "Re-Education (Through Labor)",
        "Artist": "Rise Against",
        "Key": "1B",
        "Energy": 9.523,
        "Popularity": 7.12,
        "BPM": 148,
        "DJ Play Count": 0,
        "Rating": "*******",
        "My Tag": [
            "Fight & Fog, Mad",
            "2000s",
            "Mad",
            "Rock",
            "Pop"
        ],
        "Additional Info": {
            "id": "6c1Bdvp208X0jbLmFnWbkC",
            "explicit": false,
            "album": "Appeal To Reason",
            "release_date": "2008-01-01",
            "genres": [
                "alternative metal",
                "chicago hardcore",
                "chicago punk",
                "hardcore punk",
                "modern rock",
                "nu metal",
                "pop punk",
                "post-grunge",
                "punk"
            ],
            "duration": 222453,
            "acousticness": 0.000417,
            "danceability": 3.187,
            "instrumentalness": 3.41e-05,
            "liveness": 0.133,
            "loudness": -3.388,
            "speechiness": 0.102,
            "time_signature": 4,
            "happiness": 4.042
        }
    },
    {
        "#": 74,
        "Track Title": "Undead",
        "Artist": "Hollywood Undead",
        "Key": "10A",
        "Energy": 9.487,
        "Popularity": 1.0,
        "BPM": 82,
        "DJ Play Count": 0,
        "Rating": "*******",
        "My Tag": [
            "Fight & Fog, Mad",
            "2000s",
            "Mad",
            "Rock",
            "Hip Hop",
            "PEGI 16 [Age]"
        ],
        "Additional Info": {
            "id": "4U0p10TUdRyhQ06ZqGAtxx",
            "explicit": true,
            "album": "Swan Songs",
            "release_date": "2008",
            "genres": [
                "alternative metal",
                "modern rock",
                "post-grunge",
                "rap metal",
                "rap rock"
            ],
            "duration": 265053,
            "acousticness": 0.0138,
            "danceability": 5.6080000000000005,
            "instrumentalness": 0,
            "liveness": 0.261,
            "loudness": -5.185,
            "speechiness": 0.106,
            "time_signature": 4,
            "happiness": 5.365
        }
    },
    {
        "#": 75,
        "Track Title": "Shine On",
        "Artist": "Nas",
        "Key": "10B",
        "Energy": 6.994000000000001,
        "Popularity": 2.98,
        "BPM": 111,
        "DJ Play Count": 0,
        "Rating": "*******",
        "My Tag": [
            "Fight & Fog, Mad",
            "2000s",
            "Mad",
            "Inspiring",
            "Hip Hop",
            "PEGI 16 [Age]"
        ],
        "Additional Info": {
            "id": "1RnWSUIn4T4LBIBB89hz2y",
            "explicit": true,
            "album": "Can't Forget About You",
            "release_date": "2007-01-01",
            "genres": [
                "conscious hip hop",
                "east coast hip hop",
                "gangster rap",
                "hardcore hip hop",
                "hip hop",
                "queens hip hop",
                "rap"
            ],
            "duration": 162600,
            "acousticness": 0.0387,
            "danceability": 7.353999999999999,
            "instrumentalness": 0,
            "liveness": 0.164,
            "loudness": -9.816,
            "speechiness": 0.241,
            "time_signature": 4,
            "happiness": 2.368
        }
    },
    {
        "#": 76,
        "Track Title": "Man Listen",
        "Artist": "Belly",
        "Key": "10B",
        "Energy": 6.994000000000001,
        "Popularity": 1.0,
        "BPM": 89,
        "DJ Play Count": 0,
        "Rating": "*******",
        "My Tag": [
            "Fight & Fog, Mad",
            "2010s",
            "Hip Hop",
            "PEGI 16 [Age]"
        ],
        "Additional Info": {
            "id": "4CsVMXmvFP4jYoZBDSpN6k",
            "explicit": true,
            "album": "Man Listen",
            "release_date": "2017-08-25",
            "genres": [
                "canadian hip hop",
                "canadian trap"
            ],
            "duration": 183920,
            "acousticness": 0.0444,
            "danceability": 7.921,
            "instrumentalness": 0.027,
            "liveness": 0.336,
            "loudness": -6.572,
            "speechiness": 0.237,
            "time_signature": 4,
            "happiness": 6.1209999999999996
        }
    },
    {
        "#": 77,
        "Track Title": "I Love",
        "Artist": "Joyner Lucas",
        "Key": "1A",
        "Energy": 6.084999999999999,
        "Popularity": 6.94,
        "BPM": 75,
        "DJ Play Count": 0,
        "Rating": "*******",
        "My Tag": [
            "Fight & Fog, Mad",
            "2010s",
            "Pop",
            "Hip Hop",
            "PEGI 16 [Age]"
        ],
        "Additional Info": {
            "id": "30z4LVkScpeNhwHFIB8Ewa",
            "explicit": true,
            "album": "I Love",
            "release_date": "2018-10-17",
            "genres": [
                "boston hip hop",
                "hip hop",
                "pop rap",
                "rap"
            ],
            "duration": 210197,
            "acousticness": 0.274,
            "danceability": 7.039000000000001,
            "instrumentalness": 6.51e-05,
            "liveness": 0.37,
            "loudness": -7.401,
            "speechiness": 0.16,
            "time_signature": 4,
            "happiness": 6.049
        }
    },
    {
        "#": 78,
        "Track Title": "2 2 Shots",
        "Artist": "F.ACE",
        "Key": "5B",
        "Energy": 8.92,
        "Popularity": 2.98,
        "BPM": 130,
        "DJ Play Count": 0,
        "Rating": "*******",
        "My Tag": [
            "Fight & Fog, Mad",
            "2020s",
            "PEGI 16 [Age]"
        ],
        "Additional Info": {
            "id": "6IqtGojS9v4U1ARFu7P2D6",
            "explicit": true,
            "album": "2 2 Shots",
            "release_date": "2022-08-05",
            "genres": [],
            "duration": 165882,
            "acousticness": 0.00831,
            "danceability": 8.065000000000001,
            "instrumentalness": 4.31e-05,
            "liveness": 0.154,
            "loudness": -7.122,
            "speechiness": 0.198,
            "time_signature": 4,
            "happiness": 6.679
        }
    },
    {
        "#": 79,
        "Track Title": "I Admit It",
        "Artist": "ZHU, 24kGoldn",
        "Key": "1A",
        "Energy": 6.202,
        "Popularity": 4.87,
        "BPM": 123,
        "DJ Play Count": 0,
        "Rating": "*******",
        "My Tag": [
            "Fight & Fog, Mad",
            "2020s",
            "EDM",
            "California [Loc]",
            "Hip Hop",
            "PEGI 16 [Age]"
        ],
        "Additional Info": {
            "id": "5ffkMVOq41pD3S2U8HdFNV",
            "explicit": true,
            "album": "DREAMLAND (DELUXE)",
            "release_date": "2021-12-31",
            "genres": [
                "edm",
                "electro house",
                "cali rap"
            ],
            "duration": 173951,
            "acousticness": 0.0199,
            "danceability": 7.723,
            "instrumentalness": 0.0802,
            "liveness": 0.0959,
            "loudness": -4.796,
            "speechiness": 0.0345,
            "time_signature": 4,
            "happiness": 1.6903000000000001
        }
    },
    {
        "#": 80,
        "Track Title": "I Just Know",
        "Artist": "Bugus",
        "Key": "1A",
        "Energy": 5.545,
        "Popularity": 6.13,
        "BPM": 130,
        "DJ Play Count": 0,
        "Rating": "*******",
        "My Tag": [
            "Fight & Fog, Mad",
            "2010s",
            "Happy",
            "PEGI 16 [Age]"
        ],
        "Additional Info": {
            "id": "4H9PxCNv237qjSyqXR1rHP",
            "explicit": true,
            "album": "Bugus",
            "release_date": "2019-04-15",
            "genres": [],
            "duration": 138527,
            "acousticness": 0.218,
            "danceability": 9.325000000000001,
            "instrumentalness": 0,
            "liveness": 0.137,
            "loudness": -2.98,
            "speechiness": 0.096,
            "time_signature": 3,
            "happiness": 7.075
        }
    },
    {
        "#": 81,
        "Track Title": "Ghost Rider",
        "Artist": "Taz",
        "Key": "1B",
        "Energy": 6.544,
        "Popularity": 5.32,
        "BPM": 80,
        "DJ Play Count": 0,
        "Rating": "*******",
        "My Tag": [
            "Fight & Fog, Mad",
            "2020s",
            "Happy",
            "PEGI 16 [Age]"
        ],
        "Additional Info": {
            "id": "1sZzdvEBN90GbcC2UXmmp9",
            "explicit": true,
            "album": "Taz (Died)",
            "release_date": "2022-08-04",
            "genres": [
                "dark trap"
            ],
            "duration": 160297,
            "acousticness": 0.00776,
            "danceability": 8.137,
            "instrumentalness": 9.77e-05,
            "liveness": 0.0575,
            "loudness": -11.613,
            "speechiness": 0.121,
            "time_signature": 4,
            "happiness": 7.201
        }
    },
    {
        "#": 82,
        "Track Title": "Bionic Man",
        "Artist": "BVB, DillanPonders",
        "Key": "3B",
        "Energy": 5.581,
        "Popularity": 5.68,
        "BPM": 75,
        "DJ Play Count": 0,
        "Rating": "*******",
        "My Tag": [
            "Fight & Fog, Mad",
            "2020s",
            "Inspiring",
            "Hip Hop",
            "PEGI 16 [Age]"
        ],
        "Additional Info": {
            "id": "7x9DxO4BrMKsQlmN2vPURS",
            "explicit": true,
            "album": "Bionic Man",
            "release_date": "2020-08-14",
            "genres": [
                "indie hip hop",
                "canadian hip hop",
                "canadian trap"
            ],
            "duration": 192000,
            "acousticness": 0.011,
            "danceability": 9.172,
            "instrumentalness": 1.77e-05,
            "liveness": 0.0608,
            "loudness": -7.263,
            "speechiness": 0.142,
            "time_signature": 4,
            "happiness": 6.040000000000001
        }
    },
    {
        "#": 83,
        "Track Title": "Last Resort",
        "Artist": "Papa Roach",
        "Key": "12A",
        "Energy": 9.01,
        "Popularity": 8.469999999999999,
        "BPM": 91,
        "DJ Play Count": 0,
        "Rating": "*******",
        "My Tag": [
            "Fight & Fog, Mad",
            "2000s",
            "Mad",
            "Rock",
            "Hip Hop",
            "Happy",
            "PEGI 16 [Age]"
        ],
        "Additional Info": {
            "id": "5W8YXBz9MTIDyrpYaCg2Ky",
            "explicit": true,
            "album": "Infest",
            "release_date": "2001-04-25",
            "genres": [
                "alternative metal",
                "nu metal",
                "rap metal",
                "rap rock",
                "rock"
            ],
            "duration": 199907,
            "acousticness": 0.000481,
            "danceability": 6.301,
            "instrumentalness": 0.00082,
            "liveness": 0.201,
            "loudness": -3.719,
            "speechiness": 0.0603,
            "time_signature": 4,
            "happiness": 7.228
        }
    },
    {
        "#": 84,
        "Track Title": "I Go Fuckin' Psycho",
        "Artist": "BLANK",
        "Key": "10B",
        "Energy": 7.452999999999999,
        "Popularity": 5.86,
        "BPM": 91,
        "DJ Play Count": 0,
        "Rating": "*******",
        "My Tag": [
            "Fight & Fog, Mad",
            "2020s",
            "Fight & Fog"
        ],
        "Additional Info": {
            "id": "668uQqktAfxR1cexF8us7D",
            "explicit": false,
            "album": "Poetic Abuse",
            "release_date": "2020-12-01",
            "genres": [],
            "duration": 223164,
            "acousticness": 0.136,
            "danceability": 5.878,
            "instrumentalness": 0,
            "liveness": 0.379,
            "loudness": -3.321,
            "speechiness": 0.223,
            "time_signature": 4,
            "happiness": 1.8469
        }
    },
    {
        "#": 85,
        "Track Title": "Soldier",
        "Artist": "NEFFEX",
        "Key": "7B",
        "Energy": 7.885,
        "Popularity": 6.76,
        "BPM": 85,
        "DJ Play Count": 0,
        "Rating": "*******",
        "My Tag": [
            "Fight & Fog, Mad",
            "2010s",
            "PEGI 16 [Age]"
        ],
        "Additional Info": {
            "id": "6xbZaeFj8BPE3HGXF7VVjX",
            "explicit": true,
            "album": "Fight Back: The Collection",
            "release_date": "2018-11-30",
            "genres": [],
            "duration": 216000,
            "acousticness": 0.169,
            "danceability": 7.282,
            "instrumentalness": 0,
            "liveness": 0.39,
            "loudness": -4.562,
            "speechiness": 0.291,
            "time_signature": 4,
            "happiness": 6.301
        }
    },
    {
        "#": 86,
        "Track Title": "Ballin",
        "Artist": "Logic",
        "Key": "5A",
        "Energy": 8.686,
        "Popularity": 7.39,
        "BPM": 75,
        "DJ Play Count": 0,
        "Rating": "*******",
        "My Tag": [
            "Fight & Fog, Mad",
            "2010s",
            "Pop",
            "Inspiring",
            "Hip Hop",
            "PEGI 16 [Age]"
        ],
        "Additional Info": {
            "id": "17N5FdRwJuv3UXQ7MHnbhF",
            "explicit": true,
            "album": "Uncle Drew (Original Motion Picture Soundtrack)",
            "release_date": "2018-06-15",
            "genres": [
                "conscious hip hop",
                "hip hop",
                "pop rap",
                "rap"
            ],
            "duration": 166080,
            "acousticness": 0.0475,
            "danceability": 7.633,
            "instrumentalness": 0,
            "liveness": 0.0905,
            "loudness": -6.414,
            "speechiness": 0.221,
            "time_signature": 4,
            "happiness": 6.8500000000000005
        }
    },
    {
        "#": 87,
        "Track Title": "Monster",
        "Artist": "Skillet",
        "Key": "4B",
        "Energy": 9.613,
        "Popularity": 8.2,
        "BPM": 135,
        "DJ Play Count": 0,
        "Rating": "*******",
        "My Tag": [
            "Fight & Fog, Mad",
            "2000s",
            "Mad",
            "Rock",
            "Happy"
        ],
        "Additional Info": {
            "id": "2UREu1Y8CO4jXkbvqAtP7g",
            "explicit": false,
            "album": "Awake",
            "release_date": "2009-08-21",
            "genres": [
                "alternative metal",
                "christian alternative rock",
                "christian music",
                "christian rock",
                "post-grunge"
            ],
            "duration": 178013,
            "acousticness": 0.0431,
            "danceability": 6.76,
            "instrumentalness": 0,
            "liveness": 0.0789,
            "loudness": -2.336,
            "speechiness": 0.0741,
            "time_signature": 4,
            "happiness": 7.228
        }
    },
    {
        "#": 88,
        "Track Title": "Do Or Die",
        "Artist": "A-Connection, Rioux V, Faf Larage",
        "Key": "9A",
        "Energy": 9.109,
        "Popularity": 4.6899999999999995,
        "BPM": 95,
        "DJ Play Count": 0,
        "Rating": "*******",
        "My Tag": [
            "Fight & Fog, Mad",
            "2020s",
            "PEGI 16 [Age]"
        ],
        "Additional Info": {
            "id": "55jaTLVGbWLYGdyAZCN3h2",
            "explicit": true,
            "album": "Do Or Die",
            "release_date": "2021-03-26",
            "genres": [
                "rap marseille"
            ],
            "duration": 189889,
            "acousticness": 0.0452,
            "danceability": 6.382,
            "instrumentalness": 0,
            "liveness": 0.124,
            "loudness": -5.154,
            "speechiness": 0.236,
            "time_signature": 4,
            "happiness": 5.716
        }
    },
    {
        "#": 89,
        "Track Title": "Legend",
        "Artist": "Apashe, SLUMBERJACK, Wasiu",
        "Key": "6A",
        "Energy": 7.741,
        "Popularity": 5.140000000000001,
        "BPM": 144,
        "DJ Play Count": 0,
        "Rating": "*******",
        "My Tag": [
            "Fight & Fog, Mad",
            "2020s",
            "EDM",
            "Hip Hop",
            "PEGI 16 [Age]"
        ],
        "Additional Info": {
            "id": "4zMqzODtvXaloNCuRfC1c4",
            "explicit": true,
            "album": "Renaissance",
            "release_date": "2020-04-08",
            "genres": [
                "bass trap",
                "electronic trap",
                "vapor twitch",
                "canadian hip hop"
            ],
            "duration": 223333,
            "acousticness": 0.169,
            "danceability": 6.76,
            "instrumentalness": 0,
            "liveness": 0.0721,
            "loudness": -2.909,
            "speechiness": 0.283,
            "time_signature": 4,
            "happiness": 6.346
        }
    },
    {
        "#": 90,
        "Track Title": "Underworld",
        "Artist": "Unaverage Gang",
        "Key": "4B",
        "Energy": 8.344,
        "Popularity": 7.12,
        "BPM": 120,
        "DJ Play Count": 0,
        "Rating": "*******",
        "My Tag": [
            "Fight & Fog, Mad",
            "2010s",
            "PEGI 16 [Age]"
        ],
        "Additional Info": {
            "id": "2OIK5BqmbOWPZCNQwt4gsN",
            "explicit": true,
            "album": "Underworld",
            "release_date": "2019-07-15",
            "genres": [
                "dark trap"
            ],
            "duration": 208952,
            "acousticness": 0.134,
            "danceability": 8.542,
            "instrumentalness": 0.000464,
            "liveness": 0.156,
            "loudness": -7.495,
            "speechiness": 0.124,
            "time_signature": 4,
            "happiness": 5.9590000000000005
        }
    },
    {
        "#": 91,
        "Track Title": "Beast Unleashed",
        "Artist": "Vin Jay",
        "Key": "11B",
        "Energy": 7.822,
        "Popularity": 6.76,
        "BPM": 140,
        "DJ Play Count": 0,
        "Rating": "*******",
        "My Tag": [
            "Fight & Fog, Mad",
            "2010s",
            "PEGI 16 [Age]"
        ],
        "Additional Info": {
            "id": "31JBtF1HCTZlFnmJDxZrD4",
            "explicit": true,
            "album": "Beast Unleashed",
            "release_date": "2018-10-25",
            "genres": [
                "nyc rap"
            ],
            "duration": 120000,
            "acousticness": 0.0532,
            "danceability": 7.497999999999999,
            "instrumentalness": 0,
            "liveness": 0.452,
            "loudness": -5.797,
            "speechiness": 0.102,
            "time_signature": 4,
            "happiness": 5.9590000000000005
        }
    },
    {
        "#": 92,
        "Track Title": "Driftin'",
        "Artist": "D-Loo",
        "Key": "12B",
        "Energy": 6.58,
        "Popularity": 6.31,
        "BPM": 143,
        "DJ Play Count": 0,
        "Rating": "*******",
        "My Tag": [
            "Fight & Fog, Mad",
            "2020s",
            "Happy",
            "PEGI 16 [Age]"
        ],
        "Additional Info": {
            "id": "7LiPjrZBXmuUZn7vwzsPwg",
            "explicit": true,
            "album": "Driftin'",
            "release_date": "2020-10-30",
            "genres": [],
            "duration": 166337,
            "acousticness": 0.769,
            "danceability": 7.2909999999999995,
            "instrumentalness": 0,
            "liveness": 0.388,
            "loudness": -8.335,
            "speechiness": 0.267,
            "time_signature": 4,
            "happiness": 8.83
        }
    },
    {
        "#": 93,
        "Track Title": "Greatest",
        "Artist": "NEFFEX",
        "Key": "10B",
        "Energy": 8.686,
        "Popularity": 6.13,
        "BPM": 105,
        "DJ Play Count": 0,
        "Rating": "*******",
        "My Tag": [
            "Fight & Fog, Mad",
            "2010s",
            "PEGI 16 [Age]"
        ],
        "Additional Info": {
            "id": "2SxaA6dhE2lEP1faOFPCu8",
            "explicit": true,
            "album": "Fight Back: The Collection",
            "release_date": "2018-11-30",
            "genres": [],
            "duration": 176000,
            "acousticness": 0.247,
            "danceability": 8.443,
            "instrumentalness": 0,
            "liveness": 0.377,
            "loudness": -3.508,
            "speechiness": 0.133,
            "time_signature": 4,
            "happiness": 5.158
        }
    }
]