[
    {
        "#": 1,
        "Track Title": "I'm Good (Blue)",
        "Artist": "David Guetta, Bebe Rexha",
        "Key": "9A",
        "Energy": 9.685,
        "Popularity": 9.549999999999999,
        "BPM": 128,
        "DJ Play Count": 0,
        "Rating": "*******",
        "My Tag": [
            "Fight & Fog, Pop",
            "2020s",
            "Dance Remixes",
            "EDM",
            "Pop",
            "Club-Hotel",
            "PEGI 16 [Age]"
        ],
        "Additional Info": {
            "id": "4uUG5RXrOk84mYEfFvj3cK",
            "explicit": true,
            "album": "I'm Good (Blue)",
            "release_date": "2022-08-26",
            "genres": [
                "big room",
                "dance pop",
                "edm",
                "pop",
                "pop dance",
                "dance pop",
                "pop"
            ],
            "duration": 175238,
            "acousticness": 0.00383,
            "danceability": 6.049,
            "instrumentalness": 7.07e-06,
            "liveness": 0.371,
            "loudness": -3.673,
            "speechiness": 0.0343,
            "time_signature": 4,
            "happiness": 3.7359999999999998
        }
    },
    {
        "#": 2,
        "Track Title": "Cruel Summer",
        "Artist": "Taylor Swift",
        "Key": "11B",
        "Energy": 7.318,
        "Popularity": 9.459999999999999,
        "BPM": 85,
        "DJ Play Count": 0,
        "Rating": "*******",
        "My Tag": [
            "Fight & Fog, Pop",
            "2010s",
            "Pop"
        ],
        "Additional Info": {
            "id": "1BxfuPKGuaTgP7aM0Bbdwr",
            "explicit": false,
            "album": "Lover",
            "release_date": "2019-08-23",
            "genres": [
                "pop"
            ],
            "duration": 178427,
            "acousticness": 0.117,
            "danceability": 5.968,
            "instrumentalness": 2.06e-05,
            "liveness": 0.105,
            "loudness": -5.707,
            "speechiness": 0.157,
            "time_signature": 4,
            "happiness": 6.076
        }
    },
    {
        "#": 3,
        "Track Title": "Tattoo",
        "Artist": "Loreen",
        "Key": "5A",
        "Energy": 8.011,
        "Popularity": 9.370000000000001,
        "BPM": 75,
        "DJ Play Count": 0,
        "Rating": "*******",
        "My Tag": [
            "Fight & Fog, Pop",
            "2020s",
            "Pop"
        ],
        "Additional Info": {
            "id": "1DmW5Ep6ywYwxc2HMT5BG6",
            "explicit": false,
            "album": "Tattoo",
            "release_date": "2023-02-25",
            "genres": [
                "europop",
                "swedish pop"
            ],
            "duration": 183375,
            "acousticness": 0.243,
            "danceability": 5.905,
            "instrumentalness": 1.66e-06,
            "liveness": 0.123,
            "loudness": -6.235,
            "speechiness": 0.0751,
            "time_signature": 4,
            "happiness": 3.727
        }
    },
    {
        "#": 4,
        "Track Title": "Miracle (with Ellie Goulding)",
        "Artist": "Calvin Harris, Ellie Goulding",
        "Key": "11B",
        "Energy": 8.821,
        "Popularity": 9.280000000000001,
        "BPM": 143,
        "DJ Play Count": 0,
        "Rating": "*******",
        "My Tag": [
            "Fight & Fog, Pop",
            "2020s",
            "EDM",
            "Inspiring",
            "Club-Hotel",
            "Pop",
            "Dance Remixes"
        ],
        "Additional Info": {
            "id": "5eTaQYBE1yrActixMAeLcZ",
            "explicit": false,
            "album": "Miracle (with Ellie Goulding)",
            "release_date": "2023-03-10",
            "genres": [
                "dance pop",
                "edm",
                "electro house",
                "house",
                "pop",
                "progressive house",
                "uk dance",
                "indietronica",
                "metropopolis",
                "pop",
                "uk pop"
            ],
            "duration": 186496,
            "acousticness": 0.0378,
            "danceability": 6.724,
            "instrumentalness": 0.0446,
            "liveness": 0.0808,
            "loudness": -5.289,
            "speechiness": 0.0412,
            "time_signature": 4,
            "happiness": 3.754
        }
    },
    {
        "#": 5,
        "Track Title": "Heat Waves",
        "Artist": "Glass Animals",
        "Key": "1B",
        "Energy": 5.7250000000000005,
        "Popularity": 9.19,
        "BPM": 81,
        "DJ Play Count": 0,
        "Rating": "*******",
        "My Tag": [
            "Fight & Fog, Pop",
            "2020s",
            "Rock",
            "EDM",
            "Inspiring"
        ],
        "Additional Info": {
            "id": "3USxtqRwSYz57Ewm6wWRMp",
            "explicit": false,
            "album": "Dreamland",
            "release_date": "2020-08-07",
            "genres": [
                "gauze pop",
                "indietronica",
                "modern rock",
                "pov: indie",
                "shiver pop"
            ],
            "duration": 238805,
            "acousticness": 0.44,
            "danceability": 7.849,
            "instrumentalness": 6.7e-06,
            "liveness": 0.0921,
            "loudness": -6.9,
            "speechiness": 0.0944,
            "time_signature": 4,
            "happiness": 5.779
        }
    },
    {
        "#": 6,
        "Track Title": "Players",
        "Artist": "Coi Leray",
        "Key": "2B",
        "Energy": 5.644,
        "Popularity": 9.19,
        "BPM": 105,
        "DJ Play Count": 0,
        "Rating": "*******",
        "My Tag": [
            "Fight & Fog, Pop",
            "2020s",
            "EDM",
            "Hip Hop",
            "PEGI 16 [Age]"
        ],
        "Additional Info": {
            "id": "6UN73IYd0hZxLi8wFPMQij",
            "explicit": true,
            "album": "Players",
            "release_date": "2022-11-30",
            "genres": [
                "new jersey underground rap",
                "trap queen"
            ],
            "duration": 139560,
            "acousticness": 0.03,
            "danceability": 9.586,
            "instrumentalness": 7.54e-06,
            "liveness": 0.0504,
            "loudness": -5.817,
            "speechiness": 0.16,
            "time_signature": 4,
            "happiness": 6.616
        }
    },
    {
        "#": 7,
        "Track Title": "Dance The Night (From Barbie The Album)",
        "Artist": "Dua Lipa",
        "Key": "1A",
        "Energy": 8.605,
        "Popularity": 9.1,
        "BPM": 110,
        "DJ Play Count": 0,
        "Rating": "*******",
        "My Tag": [
            "Fight & Fog, Pop",
            "2020s",
            "Pop",
            "Dance Remixes",
            "Happy"
        ],
        "Additional Info": {
            "id": "1vYXt7VSjH9JIM5oRRo7vA",
            "explicit": false,
            "album": "Dance The Night (From Barbie The Album)",
            "release_date": "2023-05-25",
            "genres": [
                "dance pop",
                "pop",
                "uk pop"
            ],
            "duration": 176579,
            "acousticness": 0.0207,
            "danceability": 7.039000000000001,
            "instrumentalness": 0,
            "liveness": 0.329,
            "loudness": -4.93,
            "speechiness": 0.048,
            "time_signature": 4,
            "happiness": 7.9750000000000005
        }
    },
    {
        "#": 8,
        "Track Title": "Made You Look",
        "Artist": "Meghan Trainor",
        "Key": "6B",
        "Energy": 5.7250000000000005,
        "Popularity": 9.01,
        "BPM": 145,
        "DJ Play Count": 0,
        "Rating": "*******",
        "My Tag": [
            "Fight & Fog, Pop",
            "2020s",
            "Pop",
            "Hip Hop",
            "Happy"
        ],
        "Additional Info": {
            "id": "0QHEIqNKsMoOY5urbzN48u",
            "explicit": false,
            "album": "Takin' It Back",
            "release_date": "2022-10-21",
            "genres": [
                "hip pop",
                "pop"
            ],
            "duration": 134256,
            "acousticness": 0.345,
            "danceability": 8.542,
            "instrumentalness": 1.92e-06,
            "liveness": 0.0771,
            "loudness": -3.562,
            "speechiness": 0.0665,
            "time_signature": 4,
            "happiness": 8.956
        }
    },
    {
        "#": 9,
        "Track Title": "10:35",
        "Artist": "Tiësto, Tate McRae",
        "Key": "4B",
        "Energy": 8.137,
        "Popularity": 8.83,
        "BPM": 120,
        "DJ Play Count": 0,
        "Rating": "*******",
        "My Tag": [
            "Fight & Fog, Pop",
            "2020s",
            "EDM",
            "Club-Hotel",
            "Mad",
            "Rock",
            "Pop",
            "Flying High",
            "Dance Remixes",
            "Happy"
        ],
        "Additional Info": {
            "id": "6BePGk3eCan4FqaW2X8Qy3",
            "explicit": false,
            "album": "10:35",
            "release_date": "2022-11-03",
            "genres": [
                "big room",
                "brostep",
                "dutch edm",
                "edm",
                "house",
                "pop dance",
                "slap house",
                "trance",
                "alt z",
                "pop"
            ],
            "duration": 172253,
            "acousticness": 0.0683,
            "danceability": 7.263999999999999,
            "instrumentalness": 3.78e-06,
            "liveness": 0.18,
            "loudness": -5.733,
            "speechiness": 0.097,
            "time_signature": 4,
            "happiness": 7.282
        }
    },
    {
        "#": 10,
        "Track Title": "Baby Don't Hurt Me",
        "Artist": "David Guetta, Anne-Marie, Coi Leray",
        "Key": "9B",
        "Energy": 9.19,
        "Popularity": 9.280000000000001,
        "BPM": 128,
        "DJ Play Count": 0,
        "Rating": "*******",
        "My Tag": [
            "Fight & Fog, Pop",
            "2020s",
            "EDM",
            "Club-Hotel",
            "Hip Hop",
            "Pop",
            "Dance Remixes"
        ],
        "Additional Info": {
            "id": "3BKD1PwArikchz2Zrlp1qi",
            "explicit": false,
            "album": "Baby Don't Hurt Me",
            "release_date": "2023-04-06",
            "genres": [
                "big room",
                "dance pop",
                "edm",
                "pop",
                "pop dance",
                "pop",
                "new jersey underground rap",
                "trap queen"
            ],
            "duration": 140018,
            "acousticness": 0.00126,
            "danceability": 6.418,
            "instrumentalness": 0.000174,
            "liveness": 0.12,
            "loudness": -3.404,
            "speechiness": 0.0308,
            "time_signature": 4,
            "happiness": 3.052
        }
    },
    {
        "#": 11,
        "Track Title": "Bad Habits",
        "Artist": "Ed Sheeran",
        "Key": "1A",
        "Energy": 9.037,
        "Popularity": 8.83,
        "BPM": 126,
        "DJ Play Count": 0,
        "Rating": "*******",
        "My Tag": [
            "Fight & Fog, Pop",
            "2020s",
            "Pop"
        ],
        "Additional Info": {
            "id": "3rmo8F54jFF8OgYsqTxm5d",
            "explicit": false,
            "album": "=",
            "release_date": "2021-10-29",
            "genres": [
                "pop",
                "uk pop"
            ],
            "duration": 230747,
            "acousticness": 0.0451,
            "danceability": 8.263000000000002,
            "instrumentalness": 2.79e-05,
            "liveness": 0.366,
            "loudness": -3.745,
            "speechiness": 0.0347,
            "time_signature": 4,
            "happiness": 5.833
        }
    },
    {
        "#": 12,
        "Track Title": "The Man",
        "Artist": "Taylor Swift",
        "Key": "8B",
        "Energy": 6.922000000000001,
        "Popularity": 8.74,
        "BPM": 110,
        "DJ Play Count": 0,
        "Rating": "*******",
        "My Tag": [
            "Fight & Fog, Pop",
            "2010s",
            "Pop"
        ],
        "Additional Info": {
            "id": "3RauEVgRgj1IuWdJ9fDs70",
            "explicit": false,
            "album": "Lover",
            "release_date": "2019-08-23",
            "genres": [
                "pop"
            ],
            "duration": 190360,
            "acousticness": 0.0767,
            "danceability": 7.993,
            "instrumentalness": 0,
            "liveness": 0.0901,
            "loudness": -5.191,
            "speechiness": 0.054,
            "time_signature": 4,
            "happiness": 6.697
        }
    },
    {
        "#": 13,
        "Track Title": "One Kiss (with Dua Lipa)",
        "Artist": "Calvin Harris, Dua Lipa",
        "Key": "11A",
        "Energy": 8.758,
        "Popularity": 8.92,
        "BPM": 124,
        "DJ Play Count": 0,
        "Rating": "*******",
        "My Tag": [
            "Fight & Fog, Pop",
            "2010s",
            "Club-Hotel",
            "EDM",
            "Pop",
            "Dance Remixes"
        ],
        "Additional Info": {
            "id": "7ef4DlsgrMEH11cDZd32M6",
            "explicit": false,
            "album": "One Kiss (with Dua Lipa)",
            "release_date": "2018-04-06",
            "genres": [
                "dance pop",
                "edm",
                "electro house",
                "house",
                "pop",
                "progressive house",
                "uk dance",
                "dance pop",
                "pop",
                "uk pop"
            ],
            "duration": 214847,
            "acousticness": 0.037,
            "danceability": 8.119,
            "instrumentalness": 2.19e-05,
            "liveness": 0.0814,
            "loudness": -3.24,
            "speechiness": 0.11,
            "time_signature": 4,
            "happiness": 6.327999999999999
        }
    },
    {
        "#": 14,
        "Track Title": "We Found Love",
        "Artist": "Rihanna, Calvin Harris",
        "Key": "3B",
        "Energy": 7.894,
        "Popularity": 8.649999999999999,
        "BPM": 128,
        "DJ Play Count": 0,
        "Rating": "*******",
        "My Tag": [
            "Fight & Fog, Pop",
            "2010s",
            "EDM",
            "Club-Hotel",
            "Hip Hop",
            "Happy",
            "Pop",
            "Dance Remixes"
        ],
        "Additional Info": {
            "id": "6qn9YLKt13AGvpq9jfO8py",
            "explicit": false,
            "album": "Talk That Talk",
            "release_date": "2011-11-18",
            "genres": [
                "barbadian pop",
                "pop",
                "urban contemporary",
                "dance pop",
                "edm",
                "electro house",
                "house",
                "pop",
                "progressive house",
                "uk dance"
            ],
            "duration": 215227,
            "acousticness": 0.025,
            "danceability": 7.606,
            "instrumentalness": 0.00138,
            "liveness": 0.108,
            "loudness": -4.485,
            "speechiness": 0.0383,
            "time_signature": 4,
            "happiness": 6.3999999999999995
        }
    },
    {
        "#": 15,
        "Track Title": "TiK ToK",
        "Artist": "Kesha",
        "Key": "10A",
        "Energy": 8.533,
        "Popularity": 8.559999999999999,
        "BPM": 120,
        "DJ Play Count": 0,
        "Rating": "*******",
        "My Tag": [
            "Fight & Fog, Pop",
            "2010s",
            "Pop",
            "Dance Remixes",
            "Happy"
        ],
        "Additional Info": {
            "id": "0HPD5WQqrq7wPWR7P7Dw1i",
            "explicit": false,
            "album": "Animal (Expanded Edition)",
            "release_date": "2010-01-01",
            "genres": [
                "dance pop",
                "pop"
            ],
            "duration": 199693,
            "acousticness": 0.0991,
            "danceability": 7.795,
            "instrumentalness": 0,
            "liveness": 0.289,
            "loudness": -2.718,
            "speechiness": 0.142,
            "time_signature": 4,
            "happiness": 7.426
        }
    },
    {
        "#": 16,
        "Track Title": "Timber (feat. Ke$ha)",
        "Artist": "Pitbull, Kesha",
        "Key": "1B",
        "Energy": 9.667,
        "Popularity": 8.559999999999999,
        "BPM": 130,
        "DJ Play Count": 0,
        "Rating": "*******",
        "My Tag": [
            "Fight & Fog, Pop",
            "2010s",
            "Pop",
            "Hip Hop",
            "Dance Remixes",
            "Happy"
        ],
        "Additional Info": {
            "id": "3cHyrEgdyYRjgJKSOiOtcS",
            "explicit": false,
            "album": "Global Warming: Meltdown (Deluxe Version)",
            "release_date": "2012",
            "genres": [
                "dance pop",
                "miami hip hop",
                "pop",
                "dance pop",
                "pop"
            ],
            "duration": 204160,
            "acousticness": 0.0295,
            "danceability": 6.228999999999999,
            "instrumentalness": 0,
            "liveness": 0.139,
            "loudness": -4.087,
            "speechiness": 0.0981,
            "time_signature": 4,
            "happiness": 8.092
        }
    },
    {
        "#": 17,
        "Track Title": "First Class",
        "Artist": "Jack Harlow",
        "Key": "7A",
        "Energy": 6.2379999999999995,
        "Popularity": 8.559999999999999,
        "BPM": 107,
        "DJ Play Count": 0,
        "Rating": "*******",
        "My Tag": [
            "Fight & Fog, Pop",
            "2020s",
            "Mad",
            "Pop",
            "Hip Hop",
            "PEGI 16 [Age]"
        ],
        "Additional Info": {
            "id": "0wHFktze2PHC5jDt3B17DC",
            "explicit": true,
            "album": "Come Home The Kids Miss You",
            "release_date": "2022-05-06",
            "genres": [
                "deep underground hip hop",
                "kentucky hip hop",
                "pop rap",
                "rap"
            ],
            "duration": 173948,
            "acousticness": 0.111,
            "danceability": 9.118,
            "instrumentalness": 3.18e-06,
            "liveness": 0.111,
            "loudness": -5.902,
            "speechiness": 0.109,
            "time_signature": 4,
            "happiness": 3.988
        }
    },
    {
        "#": 18,
        "Track Title": "I Like Me Better",
        "Artist": "Lauv",
        "Key": "11B",
        "Energy": 5.545,
        "Popularity": 8.469999999999999,
        "BPM": 92,
        "DJ Play Count": 0,
        "Rating": "*******",
        "My Tag": [
            "Fight & Fog, Pop",
            "2010s",
            "Pop"
        ],
        "Additional Info": {
            "id": "0EcQcdcbQeVJn9fknj44Be",
            "explicit": false,
            "album": "I met you when I was 18. (the playlist)",
            "release_date": "2018-05-31",
            "genres": [
                "pop"
            ],
            "duration": 197437,
            "acousticness": 0.534,
            "danceability": 7.777,
            "instrumentalness": 2.58e-06,
            "liveness": 0.104,
            "loudness": -7.621,
            "speechiness": 0.255,
            "time_signature": 4,
            "happiness": 4.771
        }
    },
    {
        "#": 19,
        "Track Title": "The Motto",
        "Artist": "Tiësto, Ava Max",
        "Key": "9A",
        "Energy": 7.867,
        "Popularity": 8.469999999999999,
        "BPM": 118,
        "DJ Play Count": 0,
        "Rating": "*******",
        "My Tag": [
            "Fight & Fog, Pop",
            "2020s",
            "EDM",
            "Club-Hotel",
            "Pop",
            "Flying High",
            "Dance Remixes"
        ],
        "Additional Info": {
            "id": "18asYwWugKjjsihZ0YvRxO",
            "explicit": false,
            "album": "The Motto",
            "release_date": "2021-11-04",
            "genres": [
                "big room",
                "brostep",
                "dutch edm",
                "edm",
                "house",
                "pop dance",
                "slap house",
                "trance",
                "pop"
            ],
            "duration": 164819,
            "acousticness": 0.0301,
            "danceability": 7.786,
            "instrumentalness": 2.23e-05,
            "liveness": 0.0901,
            "loudness": -4.627,
            "speechiness": 0.0435,
            "time_signature": 4,
            "happiness": 5.176
        }
    },
    {
        "#": 20,
        "Track Title": "Save Your Tears (with Ariana Grande) (Remix)",
        "Artist": "The Weeknd, Ariana Grande",
        "Key": "8B",
        "Energy": 8.425,
        "Popularity": 8.469999999999999,
        "BPM": 118,
        "DJ Play Count": 0,
        "Rating": "*******",
        "My Tag": [
            "Fight & Fog, Pop",
            "2020s",
            "Pop",
            "Romantic & Slow Dance"
        ],
        "Additional Info": {
            "id": "37BZB0z9T8Xu7U3e65qxFy",
            "explicit": false,
            "album": "Save Your Tears (Remix)",
            "release_date": "2021-04-23",
            "genres": [
                "canadian contemporary r&b",
                "canadian pop",
                "pop",
                "pop"
            ],
            "duration": 191014,
            "acousticness": 0.0215,
            "danceability": 6.8500000000000005,
            "instrumentalness": 2.44e-05,
            "liveness": 0.0936,
            "loudness": -4.645,
            "speechiness": 0.0325,
            "time_signature": 4,
            "happiness": 6.337
        }
    },
    {
        "#": 21,
        "Track Title": "Words (feat. Zara Larsson)",
        "Artist": "Alesso, Zara Larsson",
        "Key": "6A",
        "Energy": 6.274,
        "Popularity": 8.469999999999999,
        "BPM": 124,
        "DJ Play Count": 0,
        "Rating": "*******",
        "My Tag": [
            "Fight & Fog, Pop",
            "2020s",
            "EDM",
            "Pop",
            "Dance Remixes"
        ],
        "Additional Info": {
            "id": "1bgKMxPQU7JIZEhNsM1vFs",
            "explicit": false,
            "album": "Words (feat. Zara Larsson)",
            "release_date": "2022-04-22",
            "genres": [
                "dance pop",
                "edm",
                "electro house",
                "pop",
                "pop dance",
                "progressive electro house",
                "pop",
                "scandipop",
                "swedish electropop",
                "swedish pop"
            ],
            "duration": 142677,
            "acousticness": 0.0245,
            "danceability": 7.651,
            "instrumentalness": 0.000252,
            "liveness": 0.308,
            "loudness": -5.079,
            "speechiness": 0.0472,
            "time_signature": 4,
            "happiness": 4.996
        }
    },
    {
        "#": 22,
        "Track Title": "TRUSTFALL",
        "Artist": "P!nk",
        "Key": "4B",
        "Energy": 8.992,
        "Popularity": 8.469999999999999,
        "BPM": 122,
        "DJ Play Count": 0,
        "Rating": "*******",
        "My Tag": [
            "Fight & Fog, Pop",
            "2020s",
            "Pop",
            "Dance Remixes"
        ],
        "Additional Info": {
            "id": "4FWbsd91QSvgr1dSWwW51e",
            "explicit": false,
            "album": "TRUSTFALL",
            "release_date": "2023-01-27",
            "genres": [
                "dance pop",
                "pop"
            ],
            "duration": 237200,
            "acousticness": 0.00162,
            "danceability": 6.724,
            "instrumentalness": 0.000216,
            "liveness": 0.147,
            "loudness": -3.889,
            "speechiness": 0.0945,
            "time_signature": 4,
            "happiness": 3.25
        }
    },
    {
        "#": 23,
        "Track Title": "Deep Down (feat. Never Dull)",
        "Artist": "Alok, Ella Eyre, Kenny Dope, Never Dull",
        "Key": "8B",
        "Energy": 8.361999999999998,
        "Popularity": 8.469999999999999,
        "BPM": 126,
        "DJ Play Count": 0,
        "Rating": "*******",
        "My Tag": [
            "Fight & Fog, Pop",
            "2020s",
            "EDM",
            "Inspiring",
            "Club-Hotel",
            "Pop",
            "Dance Remixes",
            "Nostalgic",
            "Happy"
        ],
        "Additional Info": {
            "id": "7MIhUdNJtaOnDmC5nBC1fb",
            "explicit": false,
            "album": "Deep Down (feat. Never Dull)",
            "release_date": "2022-06-17",
            "genres": [
                "electro house",
                "pop nacional",
                "sertanejo universitario",
                "slap house",
                "dance pop",
                "talent show",
                "uk dance",
                "uk pop",
                "deep house",
                "soulful house",
                "funky house"
            ],
            "duration": 165753,
            "acousticness": 0.0112,
            "danceability": 7.183000000000001,
            "instrumentalness": 0,
            "liveness": 0.248,
            "loudness": -4.221,
            "speechiness": 0.0778,
            "time_signature": 4,
            "happiness": 8.974
        }
    },
    {
        "#": 24,
        "Track Title": "Kings & Queens",
        "Artist": "Ava Max",
        "Key": "3A",
        "Energy": 7.209999999999999,
        "Popularity": 8.469999999999999,
        "BPM": 130,
        "DJ Play Count": 0,
        "Rating": "*******",
        "My Tag": [
            "Fight & Fog, Pop",
            "2020s",
            "Pop"
        ],
        "Additional Info": {
            "id": "7a53HqqArd4b9NF4XAmlbI",
            "explicit": false,
            "album": "Heaven & Hell",
            "release_date": "2020-09-18",
            "genres": [
                "pop"
            ],
            "duration": 162399,
            "acousticness": 0.00786,
            "danceability": 6.7330000000000005,
            "instrumentalness": 0,
            "liveness": 0.124,
            "loudness": -4.057,
            "speechiness": 0.0405,
            "time_signature": 4,
            "happiness": 5.113
        }
    },
    {
        "#": 25,
        "Track Title": "Dynamite",
        "Artist": "Taio Cruz",
        "Key": "12B",
        "Energy": 8.047,
        "Popularity": 8.469999999999999,
        "BPM": 120,
        "DJ Play Count": 0,
        "Rating": "*******",
        "My Tag": [
            "Fight & Fog, Pop",
            "2010s",
            "Pop",
            "Hip Hop",
            "Dance Remixes",
            "Happy"
        ],
        "Additional Info": {
            "id": "2CEgGE6aESpnmtfiZwYlbV",
            "explicit": false,
            "album": "The Rokstarr Hits Collection",
            "release_date": "2010-01-01",
            "genres": [
                "dance pop",
                "pop",
                "pop rap"
            ],
            "duration": 202613,
            "acousticness": 0.00379,
            "danceability": 7.759,
            "instrumentalness": 0,
            "liveness": 0.036,
            "loudness": -3.724,
            "speechiness": 0.0859,
            "time_signature": 4,
            "happiness": 8.344
        }
    },
    {
        "#": 26,
        "Track Title": "River",
        "Artist": "Miley Cyrus",
        "Key": "11B",
        "Energy": 8.227,
        "Popularity": 8.379999999999999,
        "BPM": 128,
        "DJ Play Count": 0,
        "Rating": "*******",
        "My Tag": [
            "Fight & Fog, Pop",
            "2020s",
            "Pop"
        ],
        "Additional Info": {
            "id": "04CqLjewJiSAqM210vZAmT",
            "explicit": false,
            "album": "Endless Summer Vacation",
            "release_date": "2023-03-10",
            "genres": [
                "pop"
            ],
            "duration": 162973,
            "acousticness": 0.000525,
            "danceability": 6.5169999999999995,
            "instrumentalness": 0.000333,
            "liveness": 0.189,
            "loudness": -5.171,
            "speechiness": 0.0367,
            "time_signature": 4,
            "happiness": 5.149
        }
    },
    {
        "#": 27,
        "Track Title": "Don't Stop The Music",
        "Artist": "Rihanna",
        "Key": "2A",
        "Energy": 7.021000000000001,
        "Popularity": 8.379999999999999,
        "BPM": 123,
        "DJ Play Count": 0,
        "Rating": "*******",
        "My Tag": [
            "Fight & Fog, Pop",
            "2000s",
            "Happy",
            "Pop",
            "Hip Hop"
        ],
        "Additional Info": {
            "id": "0ByMNEPAPpOR5H69DVrTNy",
            "explicit": false,
            "album": "Good Girl Gone Bad: Reloaded",
            "release_date": "2008-06-02",
            "genres": [
                "barbadian pop",
                "pop",
                "urban contemporary"
            ],
            "duration": 267080,
            "acousticness": 0.0336,
            "danceability": 8.515,
            "instrumentalness": 6.92e-05,
            "liveness": 0.0535,
            "loudness": -5.582,
            "speechiness": 0.0643,
            "time_signature": 4,
            "happiness": 5.878
        }
    },
    {
        "#": 28,
        "Track Title": "About Damn Time",
        "Artist": "Lizzo",
        "Key": "6A",
        "Energy": 7.687,
        "Popularity": 8.379999999999999,
        "BPM": 109,
        "DJ Play Count": 0,
        "Rating": "*******",
        "My Tag": [
            "Fight & Fog, Pop",
            "2020s",
            "EDM",
            "Calm",
            "Pop",
            "Hip Hop",
            "Happy",
            "PEGI 16 [Age]"
        ],
        "Additional Info": {
            "id": "1PckUlxKqWQs3RlWXVBLw3",
            "explicit": true,
            "album": "About Damn Time",
            "release_date": "2022-04-14",
            "genres": [
                "escape room",
                "minnesota hip hop",
                "pop",
                "trap queen"
            ],
            "duration": 191822,
            "acousticness": 0.0995,
            "danceability": 8.524000000000001,
            "instrumentalness": 0,
            "liveness": 0.335,
            "loudness": -6.305,
            "speechiness": 0.0656,
            "time_signature": 4,
            "happiness": 7.497999999999999
        }
    },
    {
        "#": 29,
        "Track Title": "Crazy What Love Can Do",
        "Artist": "David Guetta, Becky Hill, Ella Henderson",
        "Key": "12A",
        "Energy": 7.417,
        "Popularity": 8.379999999999999,
        "BPM": 123,
        "DJ Play Count": 0,
        "Rating": "*******",
        "My Tag": [
            "Fight & Fog, Pop",
            "2020s",
            "EDM",
            "Inspiring",
            "Club-Hotel",
            "Pop",
            "Dance Remixes"
        ],
        "Additional Info": {
            "id": "1WCEAGGRD066z2Q89ObXTq",
            "explicit": false,
            "album": "Crazy What Love Can Do",
            "release_date": "2022-04-08",
            "genres": [
                "big room",
                "dance pop",
                "edm",
                "pop",
                "pop dance",
                "pop dance",
                "pop house",
                "uk dance",
                "uk pop",
                "dance pop",
                "talent show",
                "uk pop"
            ],
            "duration": 169756,
            "acousticness": 0.0282,
            "danceability": 6.409,
            "instrumentalness": 0,
            "liveness": 0.158,
            "loudness": -3.758,
            "speechiness": 0.0449,
            "time_signature": 4,
            "happiness": 5.176
        }
    },
    {
        "#": 30,
        "Track Title": "21 Reasons (feat. Ella Henderson)",
        "Artist": "Nathan Dawe, Ella Henderson",
        "Key": "2B",
        "Energy": 8.065000000000001,
        "Popularity": 8.379999999999999,
        "BPM": 124,
        "DJ Play Count": 0,
        "Rating": "*******",
        "My Tag": [
            "Fight & Fog, Pop",
            "2020s",
            "Inspiring",
            "EDM",
            "Pop",
            "Dance Remixes",
            "Happy"
        ],
        "Additional Info": {
            "id": "1RF02Cf80mTaeNXG2P2boR",
            "explicit": false,
            "album": "21 Reasons (feat. Ella Henderson)",
            "release_date": "2022-04-29",
            "genres": [
                "pop dance",
                "uk dance",
                "dance pop",
                "talent show",
                "uk pop"
            ],
            "duration": 155253,
            "acousticness": 0.0165,
            "danceability": 6.589,
            "instrumentalness": 5.92e-06,
            "liveness": 0.0512,
            "loudness": -4.499,
            "speechiness": 0.11,
            "time_signature": 4,
            "happiness": 8.011
        }
    },
    {
        "#": 31,
        "Track Title": "The Middle",
        "Artist": "Zedd, Maren Morris, Grey",
        "Key": "9B",
        "Energy": 6.913,
        "Popularity": 8.290000000000001,
        "BPM": 107,
        "DJ Play Count": 0,
        "Rating": "*******",
        "My Tag": [
            "Fight & Fog, Pop",
            "2010s",
            "Nostalgic",
            "EDM",
            "Pop",
            "Dance Remixes"
        ],
        "Additional Info": {
            "id": "09IStsImFySgyp0pIQdqAc",
            "explicit": false,
            "album": "The Middle",
            "release_date": "2018-01-23",
            "genres": [
                "complextro",
                "edm",
                "german techno",
                "pop",
                "pop dance",
                "classic texas country",
                "contemporary country"
            ],
            "duration": 184732,
            "acousticness": 0.171,
            "danceability": 7.777,
            "instrumentalness": 0,
            "liveness": 0.112,
            "loudness": -3.061,
            "speechiness": 0.0449,
            "time_signature": 4,
            "happiness": 4.933
        }
    },
    {
        "#": 32,
        "Track Title": "Prisoner (feat. Dua Lipa)",
        "Artist": "Miley Cyrus, Dua Lipa",
        "Key": "5A",
        "Energy": 7.03,
        "Popularity": 8.290000000000001,
        "BPM": 128,
        "DJ Play Count": 0,
        "Rating": "*******",
        "My Tag": [
            "Fight & Fog, Pop",
            "2020s",
            "Pop",
            "Dance Remixes"
        ],
        "Additional Info": {
            "id": "2Oycxb8QbPkpHTo8ZrmG0B",
            "explicit": false,
            "album": "Plastic Hearts",
            "release_date": "2020-11-27",
            "genres": [
                "pop",
                "dance pop",
                "pop",
                "uk pop"
            ],
            "duration": 169333,
            "acousticness": 0.0103,
            "danceability": 8.029,
            "instrumentalness": 0,
            "liveness": 0.0761,
            "loudness": -3.912,
            "speechiness": 0.0452,
            "time_signature": 4,
            "happiness": 6.3549999999999995
        }
    },
    {
        "#": 33,
        "Track Title": "Super Bass",
        "Artist": "Nicki Minaj",
        "Key": "1B",
        "Energy": 8.74,
        "Popularity": 8.290000000000001,
        "BPM": 127,
        "DJ Play Count": 0,
        "Rating": "*******",
        "My Tag": [
            "Fight & Fog, Pop",
            "2010s",
            "Pop",
            "Hip Hop",
            "Happy",
            "PEGI 16 [Age]"
        ],
        "Additional Info": {
            "id": "3hlksXnvbKogFdPbpO9vel",
            "explicit": true,
            "album": "Pink Friday (Complete Edition)",
            "release_date": "2010-11-22",
            "genres": [
                "hip pop",
                "pop",
                "queens hip hop",
                "rap"
            ],
            "duration": 200013,
            "acousticness": 0.271,
            "danceability": 7.507,
            "instrumentalness": 4.56e-06,
            "liveness": 0.598,
            "loudness": -4.357,
            "speechiness": 0.203,
            "time_signature": 4,
            "happiness": 7.003
        }
    },
    {
        "#": 34,
        "Track Title": "On The Floor",
        "Artist": "Jennifer Lopez, Pitbull",
        "Key": "5A",
        "Energy": 7.993,
        "Popularity": 8.290000000000001,
        "BPM": 130,
        "DJ Play Count": 0,
        "Rating": "*******",
        "My Tag": [
            "Fight & Fog, Pop",
            "2010s",
            "Happy",
            "Pop",
            "Hip Hop",
            "Dance Remixes"
        ],
        "Additional Info": {
            "id": "3C0nOe05EIt1390bVABLyN",
            "explicit": false,
            "album": "Love?",
            "release_date": "2011-01-01",
            "genres": [
                "dance pop",
                "pop",
                "urban contemporary",
                "dance pop",
                "miami hip hop",
                "pop"
            ],
            "duration": 284867,
            "acousticness": 0.105,
            "danceability": 7.57,
            "instrumentalness": 0.000478,
            "liveness": 0.0691,
            "loudness": -5.194,
            "speechiness": 0.0496,
            "time_signature": 4,
            "happiness": 6.175
        }
    },
    {
        "#": 35,
        "Track Title": "Acapulco",
        "Artist": "Jason Derulo",
        "Key": "6B",
        "Energy": 8.128,
        "Popularity": 8.290000000000001,
        "BPM": 122,
        "DJ Play Count": 0,
        "Rating": "*******",
        "My Tag": [
            "Fight & Fog, Pop",
            "2020s",
            "Pop",
            "Dance Remixes"
        ],
        "Additional Info": {
            "id": "3eJH2nAjvNXdmPfBkALiPZ",
            "explicit": false,
            "album": "Acapulco",
            "release_date": "2021-09-03",
            "genres": [
                "dance pop",
                "pop"
            ],
            "duration": 139672,
            "acousticness": 0.051,
            "danceability": 7.966,
            "instrumentalness": 0,
            "liveness": 0.155,
            "loudness": -4.021,
            "speechiness": 0.0523,
            "time_signature": 4,
            "happiness": 5.563
        }
    },
    {
        "#": 36,
        "Track Title": "Feel This Moment (feat. Christina Aguilera)",
        "Artist": "Pitbull, Christina Aguilera",
        "Key": "9B",
        "Energy": 7.822,
        "Popularity": 8.2,
        "BPM": 136,
        "DJ Play Count": 0,
        "Rating": "*******",
        "My Tag": [
            "Fight & Fog, Pop",
            "2010s",
            "Pop",
            "Hip Hop",
            "Dance Remixes"
        ],
        "Additional Info": {
            "id": "0Hf4aIJpsN4Os2f0y0VqWl",
            "explicit": false,
            "album": "Global Warming: Meltdown (Deluxe Version)",
            "release_date": "2012",
            "genres": [
                "dance pop",
                "miami hip hop",
                "pop",
                "dance pop",
                "pop"
            ],
            "duration": 229507,
            "acousticness": 0.039,
            "danceability": 7.057,
            "instrumentalness": 0,
            "liveness": 0.341,
            "loudness": -3.632,
            "speechiness": 0.158,
            "time_signature": 4,
            "happiness": 5.878
        }
    },
    {
        "#": 37,
        "Track Title": "2 Be Loved (Am I Ready)",
        "Artist": "Lizzo",
        "Key": "9B",
        "Energy": 7.921,
        "Popularity": 8.290000000000001,
        "BPM": 78,
        "DJ Play Count": 0,
        "Rating": "*******",
        "My Tag": [
            "Fight & Fog, Pop",
            "2020s",
            "EDM",
            "Calm",
            "Pop",
            "Hip Hop",
            "Happy"
        ],
        "Additional Info": {
            "id": "2rmwqU7yzTvzkiaRV53DpT",
            "explicit": false,
            "album": "Special",
            "release_date": "2022-07-15",
            "genres": [
                "escape room",
                "minnesota hip hop",
                "pop",
                "trap queen"
            ],
            "duration": 187108,
            "acousticness": 0.0922,
            "danceability": 7.489,
            "instrumentalness": 0,
            "liveness": 0.0817,
            "loudness": -4.111,
            "speechiness": 0.105,
            "time_signature": 4,
            "happiness": 9.235
        }
    },
    {
        "#": 38,
        "Track Title": "Better Days (NEIKED x Mae Muller x Polo G)",
        "Artist": "NEIKED, Mae Muller, Polo G",
        "Key": "8A",
        "Energy": 7.039000000000001,
        "Popularity": 8.2,
        "BPM": 110,
        "DJ Play Count": 0,
        "Rating": "*******",
        "My Tag": [
            "Fight & Fog, Pop",
            "2020s",
            "Hip Hop",
            "Pop",
            "Romantic & Slow Dance",
            "Happy"
        ],
        "Additional Info": {
            "id": "6f5ExP43esnvdKPddwKXJH",
            "explicit": false,
            "album": "Better Days (NEIKED x Mae Muller x Polo G)",
            "release_date": "2021-09-24",
            "genres": [
                "scandipop",
                "uk contemporary r&b",
                "uk pop",
                "chicago rap",
                "rap"
            ],
            "duration": 160657,
            "acousticness": 0.0018,
            "danceability": 7.452999999999999,
            "instrumentalness": 2.54e-06,
            "liveness": 0.0921,
            "loudness": -5.077,
            "speechiness": 0.0337,
            "time_signature": 4,
            "happiness": 7.2909999999999995
        }
    },
    {
        "#": 39,
        "Track Title": "Heaven Takes You Home (feat. Connie Constance)",
        "Artist": "Swedish House Mafia, Connie Constance",
        "Key": "8A",
        "Energy": 7.6419999999999995,
        "Popularity": 8.2,
        "BPM": 125,
        "DJ Play Count": 0,
        "Rating": "*******",
        "My Tag": [
            "Fight & Fog, Pop",
            "2020s",
            "EDM",
            "Pop",
            "Romantic & Slow Dance",
            "Dance Remixes",
            "Fight & Fog"
        ],
        "Additional Info": {
            "id": "3nEHrvNNtgLv9rneTAYVr4",
            "explicit": false,
            "album": "Paradise Again",
            "release_date": "2022-04-15",
            "genres": [
                "edm",
                "pop dance",
                "progressive electro house",
                "uk contemporary r&b"
            ],
            "duration": 214071,
            "acousticness": 0.0124,
            "danceability": 6.985,
            "instrumentalness": 0.00598,
            "liveness": 0.0923,
            "loudness": -5.931,
            "speechiness": 0.0379,
            "time_signature": 4,
            "happiness": 1.3500999999999999
        }
    },
    {
        "#": 40,
        "Track Title": "Super Freaky Girl",
        "Artist": "Nicki Minaj",
        "Key": "10B",
        "Energy": 9.019,
        "Popularity": 8.2,
        "BPM": 133,
        "DJ Play Count": 0,
        "Rating": "*******",
        "My Tag": [
            "Fight & Fog, Pop",
            "2020s",
            "Pop",
            "Hip Hop",
            "Happy",
            "PEGI 16 [Age]"
        ],
        "Additional Info": {
            "id": "4C6Uex2ILwJi9sZXRdmqXp",
            "explicit": true,
            "album": "Super Freaky Girl",
            "release_date": "2022-08-12",
            "genres": [
                "hip pop",
                "pop",
                "queens hip hop",
                "rap"
            ],
            "duration": 170977,
            "acousticness": 0.0645,
            "danceability": 9.549999999999999,
            "instrumentalness": 1.77e-05,
            "liveness": 0.309,
            "loudness": -2.653,
            "speechiness": 0.241,
            "time_signature": 4,
            "happiness": 9.208
        }
    },
    {
        "#": 41,
        "Track Title": "Party In The U.S.A.",
        "Artist": "Miley Cyrus",
        "Key": "6A",
        "Energy": 7.282,
        "Popularity": 8.2,
        "BPM": 96,
        "DJ Play Count": 0,
        "Rating": "*******",
        "My Tag": [
            "Fight & Fog, Pop",
            "2000s",
            "Pop"
        ],
        "Additional Info": {
            "id": "5Q0Nhxo0l2bP3pNjpGJwV1",
            "explicit": false,
            "album": "The Time Of Our Lives",
            "release_date": "2009-01-01",
            "genres": [
                "pop"
            ],
            "duration": 202067,
            "acousticness": 0.00112,
            "danceability": 6.868,
            "instrumentalness": 0.000115,
            "liveness": 0.0886,
            "loudness": -4.667,
            "speechiness": 0.042,
            "time_signature": 4,
            "happiness": 5.2299999999999995
        }
    },
    {
        "#": 42,
        "Track Title": "Break Free",
        "Artist": "Ariana Grande, Zedd",
        "Key": "9A",
        "Energy": 7.318,
        "Popularity": 8.11,
        "BPM": 130,
        "DJ Play Count": 0,
        "Rating": "*******",
        "My Tag": [
            "Fight & Fog, Pop",
            "2010s",
            "EDM",
            "Pop",
            "Dance Remixes"
        ],
        "Additional Info": {
            "id": "12KUFSHFgT0XCoiSlvdQi4",
            "explicit": false,
            "album": "My Everything (Deluxe)",
            "release_date": "2014-08-25",
            "genres": [
                "pop",
                "complextro",
                "edm",
                "german techno",
                "pop",
                "pop dance"
            ],
            "duration": 214840,
            "acousticness": 0.0064,
            "danceability": 7.183000000000001,
            "instrumentalness": 4.35e-05,
            "liveness": 0.204,
            "loudness": -5.324,
            "speechiness": 0.0455,
            "time_signature": 4,
            "happiness": 3.5559999999999996
        }
    },
    {
        "#": 43,
        "Track Title": "Remember",
        "Artist": "Becky Hill, David Guetta",
        "Key": "4B",
        "Energy": 8.758,
        "Popularity": 8.11,
        "BPM": 124,
        "DJ Play Count": 0,
        "Rating": "*******",
        "My Tag": [
            "Fight & Fog, Pop",
            "2020s",
            "Club-Hotel",
            "EDM",
            "Pop",
            "Dance Remixes"
        ],
        "Additional Info": {
            "id": "4laAKIq9ZxBCwf99rauPYb",
            "explicit": false,
            "album": "Remember",
            "release_date": "2021-06-18",
            "genres": [
                "pop dance",
                "pop house",
                "uk dance",
                "uk pop",
                "big room",
                "dance pop",
                "edm",
                "pop",
                "pop dance"
            ],
            "duration": 160766,
            "acousticness": 0.041,
            "danceability": 6.508,
            "instrumentalness": 0,
            "liveness": 0.0907,
            "loudness": -2.903,
            "speechiness": 0.037,
            "time_signature": 4,
            "happiness": 4.186
        }
    },
    {
        "#": 44,
        "Track Title": "When I’m Gone (with Katy Perry)",
        "Artist": "Alesso, Katy Perry",
        "Key": "8B",
        "Energy": 8.974,
        "Popularity": 8.11,
        "BPM": 125,
        "DJ Play Count": 0,
        "Rating": "*******",
        "My Tag": [
            "Fight & Fog, Pop",
            "2020s",
            "EDM",
            "Pop",
            "Dance Remixes"
        ],
        "Additional Info": {
            "id": "5902W4uHWzhtOff1UK7the",
            "explicit": false,
            "album": "When I’m Gone (with Katy Perry)",
            "release_date": "2021-12-29",
            "genres": [
                "dance pop",
                "edm",
                "electro house",
                "pop",
                "pop dance",
                "progressive electro house",
                "pop"
            ],
            "duration": 161267,
            "acousticness": 0.028,
            "danceability": 7.165000000000001,
            "instrumentalness": 0,
            "liveness": 0.481,
            "loudness": -4.179,
            "speechiness": 0.034,
            "time_signature": 4,
            "happiness": 6.535
        }
    },
    {
        "#": 45,
        "Track Title": "Mother",
        "Artist": "Meghan Trainor",
        "Key": "11B",
        "Energy": 6.949,
        "Popularity": 8.11,
        "BPM": 120,
        "DJ Play Count": 0,
        "Rating": "*******",
        "My Tag": [
            "Fight & Fog, Pop",
            "2020s",
            "Pop",
            "Hip Hop",
            "Happy",
            "PEGI 16 [Age]"
        ],
        "Additional Info": {
            "id": "69ZzhvHnSSnzMO8SMYEJWb",
            "explicit": true,
            "album": "Takin' It Back (Deluxe)",
            "release_date": "2023-03-10",
            "genres": [
                "hip pop",
                "pop"
            ],
            "duration": 147481,
            "acousticness": 0.124,
            "danceability": 7.759,
            "instrumentalness": 0,
            "liveness": 0.456,
            "loudness": -6.131,
            "speechiness": 0.0871,
            "time_signature": 4,
            "happiness": 7.849
        }
    },
    {
        "#": 46,
        "Track Title": "Heartbreak Anthem (with David Guetta & Little Mix)",
        "Artist": "Galantis, David Guetta, Little Mix",
        "Key": "3B",
        "Energy": 8.056000000000001,
        "Popularity": 8.11,
        "BPM": 124,
        "DJ Play Count": 0,
        "Rating": "*******",
        "My Tag": [
            "Fight & Fog, Pop",
            "2020s",
            "EDM",
            "Girl Power",
            "Inspiring",
            "Club-Hotel",
            "Pop",
            "Dance Remixes"
        ],
        "Additional Info": {
            "id": "5K6Ssv4Z3zRvxt0P6EKUAP",
            "explicit": false,
            "album": "Heartbreak Anthem (with David Guetta & Little Mix)",
            "release_date": "2021-05-20",
            "genres": [
                "dance pop",
                "edm",
                "pop",
                "pop dance",
                "big room",
                "dance pop",
                "edm",
                "pop",
                "pop dance",
                "girl group",
                "pop",
                "talent show",
                "uk pop"
            ],
            "duration": 183726,
            "acousticness": 0.216,
            "danceability": 6.3549999999999995,
            "instrumentalness": 0,
            "liveness": 0.0608,
            "loudness": -4.878,
            "speechiness": 0.102,
            "time_signature": 4,
            "happiness": 5.311
        }
    },
    {
        "#": 47,
        "Track Title": "UNHEALTHY (feat. Shania Twain)",
        "Artist": "Anne-Marie, Shania Twain",
        "Key": "1A",
        "Energy": 6.94,
        "Popularity": 8.02,
        "BPM": 120,
        "DJ Play Count": 0,
        "Rating": "*******",
        "My Tag": [
            "Fight & Fog, Pop",
            "2020s",
            "Nostalgic",
            "Pop"
        ],
        "Additional Info": {
            "id": "2doTn2LWTKN1Z0lZJG2WQw",
            "explicit": false,
            "album": "UNHEALTHY (feat. Shania Twain)",
            "release_date": "2023-05-18",
            "genres": [
                "pop",
                "canadian country",
                "canadian pop",
                "contemporary country",
                "country",
                "country dawn"
            ],
            "duration": 149653,
            "acousticness": 0.00526,
            "danceability": 6.589,
            "instrumentalness": 0,
            "liveness": 0.072,
            "loudness": -6.208,
            "speechiness": 0.0366,
            "time_signature": 4,
            "happiness": 4.663
        }
    },
    {
        "#": 48,
        "Track Title": "Love On Top",
        "Artist": "Beyoncé",
        "Key": "8B",
        "Energy": 7.741,
        "Popularity": 8.02,
        "BPM": 94,
        "DJ Play Count": 0,
        "Rating": "*******",
        "My Tag": [
            "Fight & Fog, Pop",
            "2010s",
            "Pop",
            "Romantic & Slow Dance"
        ],
        "Additional Info": {
            "id": "1z6WtY7X4HQJvzxC4UgkSf",
            "explicit": false,
            "album": "4",
            "release_date": "2011-06-24",
            "genres": [
                "pop",
                "r&b"
            ],
            "duration": 267413,
            "acousticness": 0.0848,
            "danceability": 6.868,
            "instrumentalness": 0,
            "liveness": 0.604,
            "loudness": -5.248,
            "speechiness": 0.0886,
            "time_signature": 4,
            "happiness": 6.859
        }
    },
    {
        "#": 49,
        "Track Title": "Higher Love",
        "Artist": "Kygo, Whitney Houston",
        "Key": "4B",
        "Energy": 7.102,
        "Popularity": 8.02,
        "BPM": 104,
        "DJ Play Count": 0,
        "Rating": "*******",
        "My Tag": [
            "Fight & Fog, Pop",
            "2010s",
            "EDM",
            "Pop",
            "Dance Remixes"
        ],
        "Additional Info": {
            "id": "6oJ6le65B3SEqPwMRNXWjY",
            "explicit": false,
            "album": "Higher Love",
            "release_date": "2019-06-28",
            "genres": [
                "edm",
                "pop",
                "pop dance",
                "tropical house",
                "dance pop"
            ],
            "duration": 228267,
            "acousticness": 0.0151,
            "danceability": 7.236999999999999,
            "instrumentalness": 5.71e-06,
            "liveness": 0.101,
            "loudness": -7.159,
            "speechiness": 0.0324,
            "time_signature": 4,
            "happiness": 4.636
        }
    },
    {
        "#": 50,
        "Track Title": "I Gotta Feeling",
        "Artist": "Black Eyed Peas",
        "Key": "8B",
        "Energy": 7.894,
        "Popularity": 8.02,
        "BPM": 128,
        "DJ Play Count": 0,
        "Rating": "*******",
        "My Tag": [
            "Fight & Fog, Pop",
            "2000s",
            "Pop",
            "Hip Hop",
            "Dance Remixes"
        ],
        "Additional Info": {
            "id": "2H1047e0oMSj10dgp7p2VG",
            "explicit": false,
            "album": "THE E.N.D. (THE ENERGY NEVER DIES)",
            "release_date": "2009-01-01",
            "genres": [
                "dance pop",
                "pop",
                "pop rap"
            ],
            "duration": 289133,
            "acousticness": 0.0873,
            "danceability": 7.696,
            "instrumentalness": 0,
            "liveness": 0.509,
            "loudness": -6.375,
            "speechiness": 0.0265,
            "time_signature": 4,
            "happiness": 6.49
        }
    },
    {
        "#": 51,
        "Track Title": "Praising You (feat. Fatboy Slim)",
        "Artist": "Rita Ora, Fatboy Slim",
        "Key": "4B",
        "Energy": 8.092,
        "Popularity": 7.93,
        "BPM": 123,
        "DJ Play Count": 0,
        "Rating": "*******",
        "My Tag": [
            "Fight & Fog, Pop",
            "2020s",
            "Pop",
            "Dance Remixes"
        ],
        "Additional Info": {
            "id": "6jSvgAwRVrJIP0VYz5L2J8",
            "explicit": false,
            "album": "Praising You (feat. Fatboy Slim)",
            "release_date": "2023-04-19",
            "genres": [
                "dance pop",
                "pop",
                "uk pop",
                "big beat",
                "electronica"
            ],
            "duration": 164693,
            "acousticness": 0.07,
            "danceability": 7.201,
            "instrumentalness": 0,
            "liveness": 0.246,
            "loudness": -4.978,
            "speechiness": 0.084,
            "time_signature": 4,
            "happiness": 6.904
        }
    },
    {
        "#": 52,
        "Track Title": "Hot In It",
        "Artist": "Tiësto, Charli XCX",
        "Key": "9B",
        "Energy": 8.568999999999999,
        "Popularity": 7.93,
        "BPM": 123,
        "DJ Play Count": 0,
        "Rating": "*******",
        "My Tag": [
            "Fight & Fog, Pop",
            "2020s",
            "EDM",
            "Inspiring",
            "Club-Hotel",
            "Happy",
            "Pop",
            "Flying High",
            "Dance Remixes",
            "Happy"
        ],
        "Additional Info": {
            "id": "3Z7CaxQkqbIs1rewKi6v4W",
            "explicit": false,
            "album": "Hot In It",
            "release_date": "2022-06-30",
            "genres": [
                "big room",
                "brostep",
                "dutch edm",
                "edm",
                "house",
                "pop dance",
                "slap house",
                "trance",
                "art pop",
                "candy pop",
                "metropopolis",
                "pop",
                "uk pop"
            ],
            "duration": 129817,
            "acousticness": 0.00445,
            "danceability": 7.732,
            "instrumentalness": 1.33e-06,
            "liveness": 0.0413,
            "loudness": -5.08,
            "speechiness": 0.177,
            "time_signature": 4,
            "happiness": 7.452999999999999
        }
    },
    {
        "#": 53,
        "Track Title": "Dancing In The Moonlight (feat. NEIMY)",
        "Artist": "Jubël, NEIMY",
        "Key": "1A",
        "Energy": 6.535,
        "Popularity": 7.93,
        "BPM": 120,
        "DJ Play Count": 0,
        "Rating": "*******",
        "My Tag": [
            "Fight & Fog, Pop",
            "2010s",
            "EDM",
            "Pop"
        ],
        "Additional Info": {
            "id": "4GSDkZt7GcmzBWmsMcpaVO",
            "explicit": false,
            "album": "Dancing In The Moonlight (feat. NEIMY)",
            "release_date": "2018-06-22",
            "genres": [
                "swedish pop",
                "scandipop",
                "tropical house"
            ],
            "duration": 164010,
            "acousticness": 0.27,
            "danceability": 6.931,
            "instrumentalness": 0,
            "liveness": 0.187,
            "loudness": -5.865,
            "speechiness": 0.0644,
            "time_signature": 4,
            "happiness": 2.737
        }
    },
    {
        "#": 54,
        "Track Title": "Last Friday Night (T.G.I.F.)",
        "Artist": "Katy Perry",
        "Key": "5A",
        "Energy": 8.308,
        "Popularity": 7.93,
        "BPM": 126,
        "DJ Play Count": 0,
        "Rating": "*******",
        "My Tag": [
            "Fight & Fog, Pop",
            "2010s",
            "Pop",
            "Happy"
        ],
        "Additional Info": {
            "id": "3avYqdwHKEq8beXbeWCKqJ",
            "explicit": false,
            "album": "Teenage Dream",
            "release_date": "2010-01-01",
            "genres": [
                "pop"
            ],
            "duration": 230733,
            "acousticness": 0.00125,
            "danceability": 6.868,
            "instrumentalness": 3.01e-05,
            "liveness": 0.667,
            "loudness": -3.797,
            "speechiness": 0.0409,
            "time_signature": 4,
            "happiness": 7.4799999999999995
        }
    },
    {
        "#": 55,
        "Track Title": "Unstoppable - R3HAB Remix",
        "Artist": "Sia, R3HAB",
        "Key": "2A",
        "Energy": 7.696,
        "Popularity": 7.93,
        "BPM": 102,
        "DJ Play Count": 0,
        "Rating": "*******",
        "My Tag": [
            "Fight & Fog, Pop",
            "2020s",
            "Club-Hotel",
            "EDM",
            "Pop",
            "Dance Remixes"
        ],
        "Additional Info": {
            "id": "0F3v8p8ZnEGtZDxNcJ5Klq",
            "explicit": false,
            "album": "Unstoppable (R3HAB Remix)",
            "release_date": "2022-07-08",
            "genres": [
                "australian dance",
                "australian pop",
                "pop",
                "dutch house",
                "edm",
                "electro house",
                "pop dance",
                "progressive electro house",
                "slap house"
            ],
            "duration": 162353,
            "acousticness": 0.495,
            "danceability": 7.102,
            "instrumentalness": 2.35e-05,
            "liveness": 0.0631,
            "loudness": -4.058,
            "speechiness": 0.234,
            "time_signature": 4,
            "happiness": 4.897
        }
    },
    {
        "#": 56,
        "Track Title": "Beauty And A Beat",
        "Artist": "Justin Bieber, Nicki Minaj",
        "Key": "8B",
        "Energy": 8.587,
        "Popularity": 7.93,
        "BPM": 128,
        "DJ Play Count": 0,
        "Rating": "*******",
        "My Tag": [
            "Fight & Fog, Pop",
            "2010s",
            "Pop",
            "Hip Hop"
        ],
        "Additional Info": {
            "id": "6QFCMUUq1T2Vf5sFUXcuQ7",
            "explicit": false,
            "album": "Believe",
            "release_date": "2012-01-01",
            "genres": [
                "canadian pop",
                "pop",
                "hip pop",
                "pop",
                "queens hip hop",
                "rap"
            ],
            "duration": 227987,
            "acousticness": 0.000704,
            "danceability": 6.409,
            "instrumentalness": 5.27e-05,
            "liveness": 0.0681,
            "loudness": -4.87,
            "speechiness": 0.0593,
            "time_signature": 4,
            "happiness": 5.806
        }
    },
    {
        "#": 57,
        "Track Title": "Levitating (feat. DaBaby)",
        "Artist": "Dua Lipa, DaBaby",
        "Key": "2A",
        "Energy": 8.425,
        "Popularity": 7.93,
        "BPM": 103,
        "DJ Play Count": 0,
        "Rating": "*******",
        "My Tag": [
            "Fight & Fog, Pop",
            "2020s",
            "Pop",
            "Hip Hop",
            "Dance Remixes",
            "Happy"
        ],
        "Additional Info": {
            "id": "463CkQjx2Zk1yXoBuierM9",
            "explicit": false,
            "album": "Levitating (feat. DaBaby)",
            "release_date": "2020-10-01",
            "genres": [
                "dance pop",
                "pop",
                "uk pop",
                "hip hop",
                "north carolina hip hop",
                "rap"
            ],
            "duration": 203064,
            "acousticness": 0.00883,
            "danceability": 7.318,
            "instrumentalness": 0,
            "liveness": 0.0674,
            "loudness": -3.787,
            "speechiness": 0.0601,
            "time_signature": 4,
            "happiness": 9.235
        }
    },
    {
        "#": 58,
        "Track Title": "Black Magic",
        "Artist": "Little Mix",
        "Key": "12B",
        "Energy": 8.875,
        "Popularity": 7.84,
        "BPM": 112,
        "DJ Play Count": 0,
        "Rating": "*******",
        "My Tag": [
            "Fight & Fog, Pop",
            "2010s",
            "Inspiring",
            "Pop",
            "Girl Power",
            "Happy"
        ],
        "Additional Info": {
            "id": "6rmXhRIemCTPyMYZRDN7Qg",
            "explicit": false,
            "album": "Get Weird (Expanded Edition)",
            "release_date": "2015-11-06",
            "genres": [
                "girl group",
                "pop",
                "talent show",
                "uk pop"
            ],
            "duration": 211786,
            "acousticness": 0.0343,
            "danceability": 7.984,
            "instrumentalness": 0,
            "liveness": 0.314,
            "loudness": -5.535,
            "speechiness": 0.0575,
            "time_signature": 4,
            "happiness": 8.641
        }
    },
    {
        "#": 59,
        "Track Title": "10 Things I Hate About You",
        "Artist": "Leah Kate",
        "Key": "4B",
        "Energy": 8.074,
        "Popularity": 7.84,
        "BPM": 77,
        "DJ Play Count": 0,
        "Rating": "*******",
        "My Tag": [
            "Fight & Fog, Pop",
            "2020s",
            "Mad",
            "Rock",
            "PEGI 16 [Age]"
        ],
        "Additional Info": {
            "id": "6Jkm5kUldvIqxzI1Pa7nXH",
            "explicit": true,
            "album": "10 Things I Hate About You",
            "release_date": "2022-03-23",
            "genres": [
                "alt z"
            ],
            "duration": 157138,
            "acousticness": 0.00991,
            "danceability": 5.896000000000001,
            "instrumentalness": 0,
            "liveness": 0.169,
            "loudness": -2.97,
            "speechiness": 0.0501,
            "time_signature": 4,
            "happiness": 5.014
        }
    },
    {
        "#": 60,
        "Track Title": "Don’t Wake Me Up",
        "Artist": "Jonas Blue, Why Don't We",
        "Key": "1B",
        "Energy": 7.723,
        "Popularity": 7.84,
        "BPM": 124,
        "DJ Play Count": 0,
        "Rating": "*******",
        "My Tag": [
            "Fight & Fog, Pop",
            "2020s",
            "EDM",
            "Pop",
            "Dance Remixes"
        ],
        "Additional Info": {
            "id": "3LEgGAl9zLcQWGTp7ptqtQ",
            "explicit": false,
            "album": "Don’t Wake Me Up",
            "release_date": "2022-01-07",
            "genres": [
                "pop",
                "pop dance",
                "tropical house",
                "uk dance",
                "boy band",
                "pop"
            ],
            "duration": 188894,
            "acousticness": 0.222,
            "danceability": 6.589,
            "instrumentalness": 0.000194,
            "liveness": 0.147,
            "loudness": -5.084,
            "speechiness": 0.0337,
            "time_signature": 4,
            "happiness": 4.834
        }
    },
    {
        "#": 61,
        "Track Title": "Edge of Seventeen",
        "Artist": "Wuki",
        "Key": "7A",
        "Energy": 9.181000000000001,
        "Popularity": 7.84,
        "BPM": 128,
        "DJ Play Count": 0,
        "Rating": "*******",
        "My Tag": [
            "Fight & Fog, Pop",
            "2020s"
        ],
        "Additional Info": {
            "id": "5IFSvSEeCAvvBEQ85poqKB",
            "explicit": false,
            "album": "Edge of Seventeen",
            "release_date": "2022-10-21",
            "genres": [],
            "duration": 164043,
            "acousticness": 0.0324,
            "danceability": 7.372,
            "instrumentalness": 0.527,
            "liveness": 0.08,
            "loudness": -5.999,
            "speechiness": 0.0476,
            "time_signature": 4,
            "happiness": 4.159
        }
    },
    {
        "#": 62,
        "Track Title": "Woke Up in Love",
        "Artist": "Kygo, Gryffin, Calum Scott",
        "Key": "10B",
        "Energy": 6.265,
        "Popularity": 7.75,
        "BPM": 106,
        "DJ Play Count": 0,
        "Rating": "*******",
        "My Tag": [
            "Fight & Fog, Pop",
            "2020s",
            "EDM",
            "Pop",
            "Dance Remixes"
        ],
        "Additional Info": {
            "id": "21H0pUV2uPIPcFnFhgTBjo",
            "explicit": false,
            "album": "Woke Up in Love",
            "release_date": "2022-09-09",
            "genres": [
                "edm",
                "pop",
                "pop dance",
                "tropical house",
                "edm",
                "pop dance",
                "pop"
            ],
            "duration": 216873,
            "acousticness": 0.225,
            "danceability": 6.787,
            "instrumentalness": 0,
            "liveness": 0.0927,
            "loudness": -5.994,
            "speechiness": 0.0369,
            "time_signature": 4,
            "happiness": 2.692
        }
    },
    {
        "#": 63,
        "Track Title": "Message In A Bottle (Taylor's Version) (From The Vault)",
        "Artist": "Taylor Swift",
        "Key": "9B",
        "Energy": 8.119,
        "Popularity": 7.75,
        "BPM": 116,
        "DJ Play Count": 0,
        "Rating": "*******",
        "My Tag": [
            "Fight & Fog, Pop",
            "2020s",
            "Pop"
        ],
        "Additional Info": {
            "id": "3z6XUommYDWPHeFhmhhT6j",
            "explicit": false,
            "album": "Red (Taylor's Version)",
            "release_date": "2021-11-12",
            "genres": [
                "pop"
            ],
            "duration": 225960,
            "acousticness": 0.00188,
            "danceability": 6.598,
            "instrumentalness": 3.72e-06,
            "liveness": 0.083,
            "loudness": -6.106,
            "speechiness": 0.0535,
            "time_signature": 4,
            "happiness": 5.446
        }
    },
    {
        "#": 64,
        "Track Title": "This Feeling",
        "Artist": "The Chainsmokers, Kelsea Ballerini",
        "Key": "3B",
        "Energy": 6.138999999999999,
        "Popularity": 7.75,
        "BPM": 105,
        "DJ Play Count": 0,
        "Rating": "*******",
        "My Tag": [
            "Fight & Fog, Pop",
            "2010s",
            "Nostalgic",
            "EDM",
            "Pop"
        ],
        "Additional Info": {
            "id": "4NBTZtAt1F13VvlSKe6KTl",
            "explicit": false,
            "album": "Sick Boy",
            "release_date": "2018-12-14",
            "genres": [
                "electropop",
                "pop",
                "contemporary country",
                "country"
            ],
            "duration": 197947,
            "acousticness": 0.0558,
            "danceability": 6.175,
            "instrumentalness": 0,
            "liveness": 0.0912,
            "loudness": -7.906,
            "speechiness": 0.0439,
            "time_signature": 4,
            "happiness": 5.041
        }
    },
    {
        "#": 65,
        "Track Title": "Rain On Me (with Ariana Grande)",
        "Artist": "Lady Gaga, Ariana Grande",
        "Key": "11B",
        "Energy": 8.695,
        "Popularity": 7.66,
        "BPM": 123,
        "DJ Play Count": 0,
        "Rating": "*******",
        "My Tag": [
            "Fight & Fog, Pop",
            "2020s",
            "Inspiring",
            "Pop",
            "Dance Remixes"
        ],
        "Additional Info": {
            "id": "24ySl2hOPGCDcxBxFIqWBu",
            "explicit": false,
            "album": "Rain On Me (with Ariana Grande)",
            "release_date": "2020-05-22",
            "genres": [
                "art pop",
                "dance pop",
                "pop",
                "pop"
            ],
            "duration": 182200,
            "acousticness": 0.021,
            "danceability": 7.048,
            "instrumentalness": 0,
            "liveness": 0.323,
            "loudness": -3.764,
            "speechiness": 0.0397,
            "time_signature": 4,
            "happiness": 6.814
        }
    },
    {
        "#": 66,
        "Track Title": "BREAK MY SOUL",
        "Artist": "Beyoncé",
        "Key": "3A",
        "Energy": 8.983,
        "Popularity": 7.66,
        "BPM": 115,
        "DJ Play Count": 0,
        "Rating": "*******",
        "My Tag": [
            "Fight & Fog, Pop",
            "2020s",
            "Pop",
            "Romantic & Slow Dance",
            "Happy"
        ],
        "Additional Info": {
            "id": "2KukL7UlQ8TdvpaA7bY3ZJ",
            "explicit": false,
            "album": "BREAK MY SOUL",
            "release_date": "2022-06-21",
            "genres": [
                "pop",
                "r&b"
            ],
            "duration": 278282,
            "acousticness": 0.0575,
            "danceability": 7.183000000000001,
            "instrumentalness": 2.21e-06,
            "liveness": 0.27,
            "loudness": -5.04,
            "speechiness": 0.0826,
            "time_signature": 4,
            "happiness": 8.677
        }
    },
    {
        "#": 67,
        "Track Title": "Big Energy",
        "Artist": "Latto",
        "Key": "1A",
        "Energy": 8.263000000000002,
        "Popularity": 7.66,
        "BPM": 106,
        "DJ Play Count": 0,
        "Rating": "*******",
        "My Tag": [
            "Fight & Fog, Pop",
            "2020s",
            "EDM",
            "Hip Hop",
            "Happy",
            "PEGI 16 [Age]"
        ],
        "Additional Info": {
            "id": "6Zu3aw7FfjAF9WA0fA81Oq",
            "explicit": true,
            "album": "Big Energy",
            "release_date": "2021-09-24",
            "genres": [
                "trap queen"
            ],
            "duration": 173182,
            "acousticness": 0.0514,
            "danceability": 9.415000000000001,
            "instrumentalness": 0,
            "liveness": 0.349,
            "loudness": -3.838,
            "speechiness": 0.114,
            "time_signature": 4,
            "happiness": 8.317
        }
    },
    {
        "#": 68,
        "Track Title": "Don't Go Yet",
        "Artist": "Camila Cabello",
        "Key": "6A",
        "Energy": 8.164000000000001,
        "Popularity": 7.66,
        "BPM": 110,
        "DJ Play Count": 0,
        "Rating": "*******",
        "My Tag": [
            "Fight & Fog, Pop",
            "2020s",
            "Pop",
            "Dance Remixes"
        ],
        "Additional Info": {
            "id": "1058fW9H3fZA6QjYCdOBad",
            "explicit": false,
            "album": "Don't Go Yet",
            "release_date": "2021-07-23",
            "genres": [
                "dance pop",
                "pop"
            ],
            "duration": 164842,
            "acousticness": 0.0492,
            "danceability": 6.994000000000001,
            "instrumentalness": 0,
            "liveness": 0.0442,
            "loudness": -6.967,
            "speechiness": 0.103,
            "time_signature": 4,
            "happiness": 6.49
        }
    },
    {
        "#": 69,
        "Track Title": "Electricity (with Dua Lipa)",
        "Artist": "Silk City, Dua Lipa, Diplo, Mark Ronson",
        "Key": "8B",
        "Energy": 7.03,
        "Popularity": 7.66,
        "BPM": 118,
        "DJ Play Count": 0,
        "Rating": "*******",
        "My Tag": [
            "Fight & Fog, Pop",
            "2010s",
            "Latin",
            "EDM",
            "Pop",
            "Dance Remixes",
            "Romantic & Slow Dance"
        ],
        "Additional Info": {
            "id": "5N4erncE7kuUccm7zEmwzk",
            "explicit": false,
            "album": "Electricity (with Dua Lipa)",
            "release_date": "2018-09-06",
            "genres": [
                "edm",
                "dance pop",
                "pop",
                "uk pop",
                "edm",
                "electro house",
                "moombahton",
                "pop dance",
                "pop soul"
            ],
            "duration": 238173,
            "acousticness": 0.0104,
            "danceability": 6.292,
            "instrumentalness": 3.33e-06,
            "liveness": 0.338,
            "loudness": -6.439,
            "speechiness": 0.0473,
            "time_signature": 4,
            "happiness": 5.545
        }
    },
    {
        "#": 70,
        "Track Title": "Drunk (And I Don't Wanna Go Home)",
        "Artist": "Elle King, Miranda Lambert",
        "Key": "7B",
        "Energy": 8.956,
        "Popularity": 7.66,
        "BPM": 120,
        "DJ Play Count": 0,
        "Rating": "*******",
        "My Tag": [
            "Fight & Fog, Pop",
            "2020s",
            "Nostalgic"
        ],
        "Additional Info": {
            "id": "0QULNNd9z5s35entfiiXoa",
            "explicit": false,
            "album": "Drunk (And I Don't Wanna Go Home)",
            "release_date": "2021-02-26",
            "genres": [
                "modern blues rock",
                "contemporary country",
                "country",
                "country dawn",
                "country road"
            ],
            "duration": 245626,
            "acousticness": 0.00516,
            "danceability": 6.508,
            "instrumentalness": 0,
            "liveness": 0.0997,
            "loudness": -4.4,
            "speechiness": 0.0459,
            "time_signature": 4,
            "happiness": 6.634
        }
    },
    {
        "#": 71,
        "Track Title": "Eyes Wide Shut",
        "Artist": "ILLENIUM, Avril Lavigne, Travis Barker",
        "Key": "12B",
        "Energy": 8.632,
        "Popularity": 7.57,
        "BPM": 90,
        "DJ Play Count": 0,
        "Rating": "*******",
        "My Tag": [
            "Fight & Fog, Pop",
            "2020s",
            "EDM",
            "Hip Hop",
            "Happy",
            "Rock",
            "Pop",
            "Dance Remixes"
        ],
        "Additional Info": {
            "id": "556awMv4WQP0h1VXMU8rSU",
            "explicit": false,
            "album": "ILLENIUM",
            "release_date": "2023-04-28",
            "genres": [
                "edm",
                "melodic dubstep",
                "pop dance",
                "canadian pop",
                "candy pop",
                "pop",
                "rap rock"
            ],
            "duration": 152332,
            "acousticness": 0.0122,
            "danceability": 6.157,
            "instrumentalness": 2.29e-05,
            "liveness": 0.4,
            "loudness": -3.413,
            "speechiness": 0.0474,
            "time_signature": 4,
            "happiness": 4.7620000000000005
        }
    },
    {
        "#": 72,
        "Track Title": "Into You",
        "Artist": "Ariana Grande",
        "Key": "11B",
        "Energy": 7.606,
        "Popularity": 7.57,
        "BPM": 108,
        "DJ Play Count": 0,
        "Rating": "*******",
        "My Tag": [
            "Fight & Fog, Pop",
            "2010s",
            "Pop"
        ],
        "Additional Info": {
            "id": "63y6xWR4gXz7bnUGOk8iI6",
            "explicit": false,
            "album": "Dangerous Woman",
            "release_date": "2016-05-20",
            "genres": [
                "pop"
            ],
            "duration": 244453,
            "acousticness": 0.0162,
            "danceability": 6.607,
            "instrumentalness": 1.75e-06,
            "liveness": 0.145,
            "loudness": -5.948,
            "speechiness": 0.107,
            "time_signature": 4,
            "happiness": 4.33
        }
    },
    {
        "#": 73,
        "Track Title": "Follow Me",
        "Artist": "Sam Feldt, Rita Ora",
        "Key": "2B",
        "Energy": 7.561,
        "Popularity": 7.4799999999999995,
        "BPM": 122,
        "DJ Play Count": 0,
        "Rating": "*******",
        "My Tag": [
            "Fight & Fog, Pop",
            "2020s",
            "EDM",
            "Pop",
            "Dance Remixes",
            "Happy"
        ],
        "Additional Info": {
            "id": "2Xy1UIVfOlukyye6Fd0wrI",
            "explicit": false,
            "album": "Follow Me",
            "release_date": "2021-12-10",
            "genres": [
                "edm",
                "pop dance",
                "tropical house",
                "dance pop",
                "pop",
                "uk pop"
            ],
            "duration": 169672,
            "acousticness": 0.083,
            "danceability": 7.057,
            "instrumentalness": 0,
            "liveness": 0.1,
            "loudness": -4.879,
            "speechiness": 0.0496,
            "time_signature": 4,
            "happiness": 7.075
        }
    },
    {
        "#": 74,
        "Track Title": "Maybe You’re The Problem",
        "Artist": "Ava Max",
        "Key": "11B",
        "Energy": 8.515,
        "Popularity": 7.4799999999999995,
        "BPM": 83,
        "DJ Play Count": 0,
        "Rating": "*******",
        "My Tag": [
            "Fight & Fog, Pop",
            "2020s",
            "Pop"
        ],
        "Additional Info": {
            "id": "0sb8ClU3CLoNblxkpmOKzA",
            "explicit": false,
            "album": "Maybe You’re The Problem",
            "release_date": "2022-04-28",
            "genres": [
                "pop"
            ],
            "duration": 190319,
            "acousticness": 0.0453,
            "danceability": 5.7700000000000005,
            "instrumentalness": 0,
            "liveness": 0.0637,
            "loudness": -3.69,
            "speechiness": 0.11,
            "time_signature": 4,
            "happiness": 5.239
        }
    },
    {
        "#": 75,
        "Track Title": "How Will I Know",
        "Artist": "Whitney Houston, Clean Bandit",
        "Key": "2B",
        "Energy": 7.651,
        "Popularity": 7.39,
        "BPM": 119,
        "DJ Play Count": 0,
        "Rating": "*******",
        "My Tag": [
            "Fight & Fog, Pop",
            "2020s",
            "EDM",
            "Pop",
            "Dance Remixes"
        ],
        "Additional Info": {
            "id": "79wbJeLkXOlJh4AzaWCWfL",
            "explicit": false,
            "album": "How Will I Know",
            "release_date": "2021-09-24",
            "genres": [
                "dance pop",
                "pop",
                "uk dance",
                "uk funky"
            ],
            "duration": 213436,
            "acousticness": 0.178,
            "danceability": 7.849,
            "instrumentalness": 3.35e-06,
            "liveness": 0.23,
            "loudness": -3.591,
            "speechiness": 0.0369,
            "time_signature": 4,
            "happiness": 6.904
        }
    }
]