[
    {
        "#": 1,
        "Track Title": "Bayaka",
        "Artist": "Berg",
        "Key": "1A",
        "Energy": 8.803,
        "Popularity": 5.5,
        "BPM": 138,
        "DJ Play Count": 0,
        "Rating": "*******",
        "My Tag": [
            "[Psy-Trance]",
            "2010s"
        ],
        "Additional Info": {
            "id": "7glUdHk3PMaHvuXg5OV337",
            "explicit": false,
            "album": "Aurora",
            "release_date": "2016-03-28",
            "genres": [
                "progressive psytrance",
                "psychedelic trance"
            ],
            "duration": 420870,
            "acousticness": 0.00765,
            "danceability": 7.201,
            "instrumentalness": 0.348,
            "liveness": 0.338,
            "loudness": -7.35,
            "speechiness": 0.0814,
            "time_signature": 4,
            "happiness": 4.321
        }
    },
    {
        "#": 2,
        "Track Title": "Colors",
        "Artist": "Killerwatts, Vini Vici",
        "Key": "1A",
        "Energy": 9.811,
        "Popularity": 4.87,
        "BPM": 138,
        "DJ Play Count": 0,
        "Rating": "*******",
        "My Tag": [
            "[Psy-Trance]",
            "2010s"
        ],
        "Additional Info": {
            "id": "21t2aeBdnMEl2xVG4ORhP7",
            "explicit": false,
            "album": "Edge Of Time",
            "release_date": "2017-05-01",
            "genres": [
                "forest psy",
                "progressive psytrance",
                "psychedelic trance",
                "progressive uplifting trance"
            ],
            "duration": 487375,
            "acousticness": 0.00261,
            "danceability": 6.481,
            "instrumentalness": 0.63,
            "liveness": 0.284,
            "loudness": -6.824,
            "speechiness": 0.0563,
            "time_signature": 4,
            "happiness": 3.097
        }
    },
    {
        "#": 3,
        "Track Title": "Wake Up",
        "Artist": "Liquid Soul",
        "Key": "2A",
        "Energy": 9.424000000000001,
        "Popularity": 4.6,
        "BPM": 138,
        "DJ Play Count": 0,
        "Rating": "*******",
        "My Tag": [
            "[Psy-Trance]",
            "2010s",
            "Fight & Fog"
        ],
        "Additional Info": {
            "id": "6AHtw0Bnxj5AjuYu44Frky",
            "explicit": false,
            "album": "Wake Up",
            "release_date": "2017-09-21",
            "genres": [
                "progressive psytrance",
                "psychedelic trance"
            ],
            "duration": 453044,
            "acousticness": 0.00206,
            "danceability": 7.0840000000000005,
            "instrumentalness": 0.841,
            "liveness": 0.107,
            "loudness": -7.228,
            "speechiness": 0.0509,
            "time_signature": 4,
            "happiness": 1.3456
        }
    },
    {
        "#": 4,
        "Track Title": "Techno Kids",
        "Artist": "Zyce, Morten Granau",
        "Key": "4A",
        "Energy": 7.111000000000001,
        "Popularity": 4.24,
        "BPM": 138,
        "DJ Play Count": 0,
        "Rating": "*******",
        "My Tag": [
            "[Psy-Trance]",
            "2010s",
            "Fight & Fog"
        ],
        "Additional Info": {
            "id": "52GSRMG97j4gC4OovjbxXV",
            "explicit": false,
            "album": "Part of the Dream (Compiled by Vini Vici)",
            "release_date": "2017-10-06",
            "genres": [
                "progressive psytrance",
                "psychedelic trance",
                "progressive psytrance",
                "psychedelic trance"
            ],
            "duration": 415652,
            "acousticness": 0.00195,
            "danceability": 5.59,
            "instrumentalness": 0.897,
            "liveness": 0.0981,
            "loudness": -8.643,
            "speechiness": 0.128,
            "time_signature": 4,
            "happiness": 1.2862
        }
    },
    {
        "#": 5,
        "Track Title": "Colors - UK Psychedelic Remix",
        "Artist": "Avalon, Tristan, Vini Vici, Killerwatts",
        "Key": "4B",
        "Energy": 9.316,
        "Popularity": 4.87,
        "BPM": 144,
        "DJ Play Count": 0,
        "Rating": "*******",
        "My Tag": [
            "[Psy-Trance]",
            "2010s",
            "Fight & Fog"
        ],
        "Additional Info": {
            "id": "5iyzatiVME0zoQvP9Sq7Va",
            "explicit": false,
            "album": "Colors (Killerwatts UK Psychedelic Remix)",
            "release_date": "2017-11-13",
            "genres": [
                "progressive psytrance",
                "psychedelic trance",
                "forest psy",
                "progressive psytrance",
                "psychedelic trance",
                "progressive uplifting trance",
                "forest psy",
                "progressive psytrance",
                "psychedelic trance"
            ],
            "duration": 415115,
            "acousticness": 4.46e-05,
            "danceability": 6.4719999999999995,
            "instrumentalness": 0.671,
            "liveness": 0.142,
            "loudness": -6.67,
            "speechiness": 0.0419,
            "time_signature": 4,
            "happiness": 1.3537
        }
    },
    {
        "#": 6,
        "Track Title": "Randa",
        "Artist": "Berg",
        "Key": "3B",
        "Energy": 8.083,
        "Popularity": 5.32,
        "BPM": 138,
        "DJ Play Count": 0,
        "Rating": "*******",
        "My Tag": [
            "[Psy-Trance]",
            "2010s",
            "Fight & Fog"
        ],
        "Additional Info": {
            "id": "7eCJDbPTWMH0csoAk0BGSI",
            "explicit": false,
            "album": "Randa",
            "release_date": "2017-02-17",
            "genres": [
                "progressive psytrance",
                "psychedelic trance"
            ],
            "duration": 217500,
            "acousticness": 0.0068,
            "danceability": 6.805,
            "instrumentalness": 0.214,
            "liveness": 0.502,
            "loudness": -6.157,
            "speechiness": 0.0613,
            "time_signature": 4,
            "happiness": 1.6749999999999998
        }
    },
    {
        "#": 7,
        "Track Title": "Pranava",
        "Artist": "Ace Ventura, Astrix",
        "Key": "9B",
        "Energy": 9.154,
        "Popularity": 5.41,
        "BPM": 138,
        "DJ Play Count": 0,
        "Rating": "*******",
        "My Tag": [
            "[Psy-Trance]",
            "2010s",
            "Fight & Fog"
        ],
        "Additional Info": {
            "id": "701Y3VMDHgqWXMTKXn6Yyh",
            "explicit": false,
            "album": "Paradise Engineering",
            "release_date": "2015-06-01",
            "genres": [
                "progressive psytrance",
                "psychedelic trance",
                "full on",
                "nitzhonot",
                "psychedelic trance"
            ],
            "duration": 584348,
            "acousticness": 0.000632,
            "danceability": 7.624,
            "instrumentalness": 0.863,
            "liveness": 0.0931,
            "loudness": -8.894,
            "speechiness": 0.0417,
            "time_signature": 4,
            "happiness": 1.3879000000000001
        }
    },
    {
        "#": 8,
        "Track Title": "Avada Kadabra",
        "Artist": "Belik Boom",
        "Key": "6A",
        "Energy": 7.804,
        "Popularity": 5.68,
        "BPM": 139,
        "DJ Play Count": 0,
        "Rating": "*******",
        "My Tag": [
            "[Psy-Trance]",
            "2010s",
            "Fight & Fog"
        ],
        "Additional Info": {
            "id": "6zvEcn1GLblblEckWEAZux",
            "explicit": false,
            "album": "Best of Belik",
            "release_date": "2016-07-28",
            "genres": [
                "progressive psytrance"
            ],
            "duration": 402307,
            "acousticness": 0.0285,
            "danceability": 5.2749999999999995,
            "instrumentalness": 0.786,
            "liveness": 0.137,
            "loudness": -6.916,
            "speechiness": 0.0682,
            "time_signature": 4,
            "happiness": 1.3437999999999999
        }
    },
    {
        "#": 9,
        "Track Title": "The Collective",
        "Artist": "Morten Granau, Phaxe",
        "Key": "9B",
        "Energy": 7.507,
        "Popularity": 4.87,
        "BPM": 137,
        "DJ Play Count": 0,
        "Rating": "*******",
        "My Tag": [
            "[Psy-Trance]",
            "2010s",
            "Fight & Fog"
        ],
        "Additional Info": {
            "id": "3QZgAFUdDBL75qNQx3YsVG",
            "explicit": false,
            "album": "Pack",
            "release_date": "2015-08-14",
            "genres": [
                "progressive psytrance",
                "psychedelic trance",
                "progressive psytrance",
                "psychedelic trance"
            ],
            "duration": 501304,
            "acousticness": 0.00794,
            "danceability": 8.559999999999999,
            "instrumentalness": 0.787,
            "liveness": 0.129,
            "loudness": -6.019,
            "speechiness": 0.048,
            "time_signature": 4,
            "happiness": 2.782
        }
    },
    {
        "#": 10,
        "Track Title": "Cabrones - Vegas (Brazil) Remix",
        "Artist": "Avatar Project, Vegas (Brazil)",
        "Key": "9A",
        "Energy": 9.199,
        "Popularity": 4.6899999999999995,
        "BPM": 140,
        "DJ Play Count": 0,
        "Rating": "*******",
        "My Tag": [
            "[Psy-Trance]",
            "2010s",
            "Fight & Fog"
        ],
        "Additional Info": {
            "id": "72G0B9DOdSRxKrEZ34vV9X",
            "explicit": false,
            "album": "Cabrones (Vegas (Brazil) Remix)",
            "release_date": "2017-11-30",
            "genres": [
                "trance brasileiro",
                "trance brasileiro"
            ],
            "duration": 428086,
            "acousticness": 0.000919,
            "danceability": 6.868,
            "instrumentalness": 0.8,
            "liveness": 0.13,
            "loudness": -5.501,
            "speechiness": 0.0562,
            "time_signature": 4,
            "happiness": 1.5166
        }
    },
    {
        "#": 11,
        "Track Title": "See It Coming - Extended Mix",
        "Artist": "Berg",
        "Key": "11B",
        "Energy": 9.163,
        "Popularity": 4.96,
        "BPM": 140,
        "DJ Play Count": 0,
        "Rating": "*******",
        "My Tag": [
            "[Psy-Trance]",
            "2010s",
            "Fight & Fog"
        ],
        "Additional Info": {
            "id": "1Lmu9AYEQmoCXlRpO8Yi2J",
            "explicit": false,
            "album": "See It Coming",
            "release_date": "2019-11-15",
            "genres": [
                "progressive psytrance",
                "psychedelic trance"
            ],
            "duration": 284571,
            "acousticness": 0.0098,
            "danceability": 6.418,
            "instrumentalness": 0.696,
            "liveness": 0.168,
            "loudness": -5.539,
            "speechiness": 0.0397,
            "time_signature": 4,
            "happiness": 2.917
        }
    },
    {
        "#": 12,
        "Track Title": "Bungee Jump",
        "Artist": "Captain Hook, Astrix",
        "Key": "12A",
        "Energy": 8.065000000000001,
        "Popularity": 5.59,
        "BPM": 138,
        "DJ Play Count": 0,
        "Rating": "*******",
        "My Tag": [
            "[Psy-Trance]",
            "2010s",
            "Fight & Fog"
        ],
        "Additional Info": {
            "id": "0ubjNus6ut2BifiXQI7ZJD",
            "explicit": false,
            "album": "Akashic Library",
            "release_date": "2013-12-10",
            "genres": [
                "progressive psytrance",
                "psychedelic trance",
                "full on",
                "nitzhonot",
                "psychedelic trance"
            ],
            "duration": 518261,
            "acousticness": 0.00893,
            "danceability": 7.588,
            "instrumentalness": 0.75,
            "liveness": 0.0903,
            "loudness": -8.835,
            "speechiness": 0.0846,
            "time_signature": 4,
            "happiness": 2.0709999999999997
        }
    },
    {
        "#": 13,
        "Track Title": "The Calling",
        "Artist": "Vini Vici, Ace Ventura",
        "Key": "10B",
        "Energy": 9.253,
        "Popularity": 4.6,
        "BPM": 138,
        "DJ Play Count": 0,
        "Rating": "*******",
        "My Tag": [
            "[Psy-Trance]",
            "2010s",
            "Fight & Fog"
        ],
        "Additional Info": {
            "id": "3DSicCHuhNqpYFot1iZkbD",
            "explicit": false,
            "album": "The Calling",
            "release_date": "2015-11-16",
            "genres": [
                "progressive uplifting trance",
                "progressive psytrance",
                "psychedelic trance"
            ],
            "duration": 445217,
            "acousticness": 0.000748,
            "danceability": 6.031000000000001,
            "instrumentalness": 0.798,
            "liveness": 0.0555,
            "loudness": -6.254,
            "speechiness": 0.0511,
            "time_signature": 4,
            "happiness": 2.026
        }
    },
    {
        "#": 14,
        "Track Title": "Leyenda",
        "Artist": "Phaxe",
        "Key": "12A",
        "Energy": 8.83,
        "Popularity": 4.87,
        "BPM": 103,
        "DJ Play Count": 0,
        "Rating": "*******",
        "My Tag": [
            "[Psy-Trance]",
            "2010s",
            "Fight & Fog"
        ],
        "Additional Info": {
            "id": "6CFItAJCYVyqIFtXFJqKML",
            "explicit": false,
            "album": "Leyenda",
            "release_date": "2019-01-11",
            "genres": [
                "progressive psytrance",
                "psychedelic trance"
            ],
            "duration": 399699,
            "acousticness": 0.00832,
            "danceability": 7.966,
            "instrumentalness": 0.832,
            "liveness": 0.1,
            "loudness": -6.815,
            "speechiness": 0.0541,
            "time_signature": 4,
            "happiness": 1.3186
        }
    },
    {
        "#": 15,
        "Track Title": "Deep Jungle Walk",
        "Artist": "Astrix",
        "Key": "2A",
        "Energy": 8.965,
        "Popularity": 6.3999999999999995,
        "BPM": 138,
        "DJ Play Count": 0,
        "Rating": "*******",
        "My Tag": [
            "[Psy-Trance]",
            "2010s",
            "Fight & Fog"
        ],
        "Additional Info": {
            "id": "5gXKDmafOQ8i4lYr62wxTk",
            "explicit": false,
            "album": "He.art",
            "release_date": "2016-02-29",
            "genres": [
                "full on",
                "nitzhonot",
                "psychedelic trance"
            ],
            "duration": 555705,
            "acousticness": 0.000658,
            "danceability": 6.562,
            "instrumentalness": 0.502,
            "liveness": 0.37,
            "loudness": -8.347,
            "speechiness": 0.0454,
            "time_signature": 4,
            "happiness": 1.9449999999999998
        }
    },
    {
        "#": 16,
        "Track Title": "Sirens",
        "Artist": "Berg, WHITENO1SE",
        "Key": "9B",
        "Energy": 8.623,
        "Popularity": 3.34,
        "BPM": 140,
        "DJ Play Count": 0,
        "Rating": "*******",
        "My Tag": [
            "[Psy-Trance]",
            "2010s",
            "Fight & Fog"
        ],
        "Additional Info": {
            "id": "6zXmoz1BoCsWOeubRkDeLa",
            "explicit": false,
            "album": "Sirens",
            "release_date": "2018-08-16",
            "genres": [
                "progressive psytrance",
                "psychedelic trance",
                "psychedelic trance"
            ],
            "duration": 384000,
            "acousticness": 0.0021,
            "danceability": 5.914000000000001,
            "instrumentalness": 0.704,
            "liveness": 0.0699,
            "loudness": -6.339,
            "speechiness": 0.0594,
            "time_signature": 4,
            "happiness": 1.7344
        }
    },
    {
        "#": 17,
        "Track Title": "United",
        "Artist": "Armin van Buuren, Vini Vici, Alok, Zafrir",
        "Key": "3B",
        "Energy": 9.613,
        "Popularity": 5.7700000000000005,
        "BPM": 138,
        "DJ Play Count": 0,
        "Rating": "*******",
        "My Tag": [
            "[Psy-Trance]",
            "2010s",
            "EDM",
            "Club-Hotel",
            "Dance Remixes",
            "Nostalgic",
            "Flying High",
            "Pop"
        ],
        "Additional Info": {
            "id": "2AG8rOY3Gzd2pL1kBpluGt",
            "explicit": false,
            "album": "United",
            "release_date": "2018-08-03",
            "genres": [
                "dutch house",
                "dutch trance",
                "edm",
                "pop dance",
                "progressive house",
                "trance",
                "progressive uplifting trance",
                "electro house",
                "pop nacional",
                "sertanejo universitario",
                "slap house",
                "big room",
                "slap house"
            ],
            "duration": 217391,
            "acousticness": 0.0565,
            "danceability": 6.787,
            "instrumentalness": 0.841,
            "liveness": 0.0763,
            "loudness": -5.026,
            "speechiness": 0.0892,
            "time_signature": 4,
            "happiness": 3.5290000000000004
        }
    },
    {
        "#": 18,
        "Track Title": "Lights On",
        "Artist": "Ranji",
        "Key": "9B",
        "Energy": 7.03,
        "Popularity": 4.779999999999999,
        "BPM": 140,
        "DJ Play Count": 0,
        "Rating": "*******",
        "My Tag": [
            "[Psy-Trance]",
            "2010s"
        ],
        "Additional Info": {
            "id": "6qCfyMpiQzPf2AiJlTu5Fu",
            "explicit": false,
            "album": "Lights On",
            "release_date": "2014-07-11",
            "genres": [
                "psychedelic trance"
            ],
            "duration": 469714,
            "acousticness": 0.00622,
            "danceability": 9.046,
            "instrumentalness": 0.372,
            "liveness": 0.097,
            "loudness": -6.183,
            "speechiness": 0.0986,
            "time_signature": 4,
            "happiness": 4.177
        }
    },
    {
        "#": 19,
        "Track Title": "Universe Inside Me",
        "Artist": "Liquid Soul, Vini Vici",
        "Key": "9B",
        "Energy": 8.506,
        "Popularity": 5.2299999999999995,
        "BPM": 138,
        "DJ Play Count": 0,
        "Rating": "*******",
        "My Tag": [
            "[Psy-Trance]",
            "2010s",
            "Fight & Fog"
        ],
        "Additional Info": {
            "id": "3rTDI5zFvAWhcDW77ePuxp",
            "explicit": false,
            "album": "Universe Inside Me",
            "release_date": "2016-09-19",
            "genres": [
                "progressive psytrance",
                "psychedelic trance",
                "progressive uplifting trance"
            ],
            "duration": 481739,
            "acousticness": 0.00413,
            "danceability": 7.183000000000001,
            "instrumentalness": 0.893,
            "liveness": 0.0608,
            "loudness": -7.699,
            "speechiness": 0.0823,
            "time_signature": 4,
            "happiness": 1.495
        }
    },
    {
        "#": 20,
        "Track Title": "Lost",
        "Artist": "Phaxe, Morten Granau",
        "Key": "2A",
        "Energy": 7.534,
        "Popularity": 5.32,
        "BPM": 135,
        "DJ Play Count": 0,
        "Rating": "*******",
        "My Tag": [
            "[Psy-Trance]",
            "2010s"
        ],
        "Additional Info": {
            "id": "2x1GoZKREbFkQJ8FUaz3Lc",
            "explicit": false,
            "album": "Lost",
            "release_date": "2017-06-30",
            "genres": [
                "progressive psytrance",
                "psychedelic trance",
                "progressive psytrance",
                "psychedelic trance"
            ],
            "duration": 560242,
            "acousticness": 0.0706,
            "danceability": 7.705,
            "instrumentalness": 0.868,
            "liveness": 0.0731,
            "loudness": -7.816,
            "speechiness": 0.044,
            "time_signature": 4,
            "happiness": 3.331
        }
    },
    {
        "#": 21,
        "Track Title": "Monks",
        "Artist": "Berg",
        "Key": "3B",
        "Energy": 9.091000000000001,
        "Popularity": 4.6899999999999995,
        "BPM": 138,
        "DJ Play Count": 0,
        "Rating": "*******",
        "My Tag": [
            "[Psy-Trance]",
            "2010s"
        ],
        "Additional Info": {
            "id": "148KyQbBQnbJkx1uCki02A",
            "explicit": false,
            "album": "Aurora",
            "release_date": "2016-03-28",
            "genres": [
                "progressive psytrance",
                "psychedelic trance"
            ],
            "duration": 377391,
            "acousticness": 0.00228,
            "danceability": 6.796,
            "instrumentalness": 0.8,
            "liveness": 0.217,
            "loudness": -6.888,
            "speechiness": 0.0514,
            "time_signature": 4,
            "happiness": 3.025
        }
    },
    {
        "#": 22,
        "Track Title": "Valley of Stevie",
        "Artist": "Astrix, Ace Ventura",
        "Key": "2A",
        "Energy": 8.911,
        "Popularity": 5.140000000000001,
        "BPM": 140,
        "DJ Play Count": 0,
        "Rating": "*******",
        "My Tag": [
            "[Psy-Trance]",
            "2010s",
            "Fight & Fog"
        ],
        "Additional Info": {
            "id": "6NFPKVYtb1tUEuEdvcH5G1",
            "explicit": false,
            "album": "He.art",
            "release_date": "2016-02-29",
            "genres": [
                "full on",
                "nitzhonot",
                "psychedelic trance",
                "progressive psytrance",
                "psychedelic trance"
            ],
            "duration": 521143,
            "acousticness": 0.000617,
            "danceability": 6.481,
            "instrumentalness": 0.844,
            "liveness": 0.126,
            "loudness": -8.172,
            "speechiness": 0.0476,
            "time_signature": 4,
            "happiness": 2.449
        }
    },
    {
        "#": 23,
        "Track Title": "Shiva",
        "Artist": "Avalon, WAIO",
        "Key": "2A",
        "Energy": 8.929,
        "Popularity": 4.51,
        "BPM": 145,
        "DJ Play Count": 0,
        "Rating": "*******",
        "My Tag": [
            "[Psy-Trance]",
            "2010s"
        ],
        "Additional Info": {
            "id": "4vhCeAF7zOV0OaeVtMLNxw",
            "explicit": false,
            "album": "Shiva",
            "release_date": "2017-07-03",
            "genres": [
                "progressive psytrance",
                "psychedelic trance",
                "full on",
                "progressive psytrance",
                "psychedelic trance"
            ],
            "duration": 399260,
            "acousticness": 0.000115,
            "danceability": 5.716,
            "instrumentalness": 0.53,
            "liveness": 0.143,
            "loudness": -6.703,
            "speechiness": 0.0438,
            "time_signature": 4,
            "happiness": 3.178
        }
    },
    {
        "#": 24,
        "Track Title": "Power of Acid",
        "Artist": "Ranji",
        "Key": "9B",
        "Energy": 9.154,
        "Popularity": 4.96,
        "BPM": 140,
        "DJ Play Count": 0,
        "Rating": "*******",
        "My Tag": [
            "[Psy-Trance]",
            "2010s",
            "Fight & Fog"
        ],
        "Additional Info": {
            "id": "7FbAwfXjDH8bW9rhNARU2E",
            "explicit": false,
            "album": "Power of Acid - Single",
            "release_date": "2015-07-23",
            "genres": [
                "psychedelic trance"
            ],
            "duration": 548437,
            "acousticness": 0.00431,
            "danceability": 6.418,
            "instrumentalness": 0.794,
            "liveness": 0.112,
            "loudness": -7.248,
            "speechiness": 0.0546,
            "time_signature": 4,
            "happiness": 1.3591
        }
    },
    {
        "#": 25,
        "Track Title": "Pineapple X-Press - Ranji Remix",
        "Artist": "Audiomatic, Phaxe, Ranji",
        "Key": "8B",
        "Energy": 7.183000000000001,
        "Popularity": 4.6899999999999995,
        "BPM": 140,
        "DJ Play Count": 0,
        "Rating": "*******",
        "My Tag": [
            "[Psy-Trance]",
            "2010s"
        ],
        "Additional Info": {
            "id": "0UCwqjnbxf1GPjGCRpCUX9",
            "explicit": false,
            "album": "Remixed",
            "release_date": "2016-10-21",
            "genres": [
                "progressive psytrance",
                "psychedelic trance",
                "progressive psytrance",
                "psychedelic trance",
                "psychedelic trance"
            ],
            "duration": 412993,
            "acousticness": 0.00194,
            "danceability": 7.372,
            "instrumentalness": 0.84,
            "liveness": 0.147,
            "loudness": -6.917,
            "speechiness": 0.0543,
            "time_signature": 4,
            "happiness": 3.943
        }
    },
    {
        "#": 26,
        "Track Title": "Tantra",
        "Artist": "Berg",
        "Key": "3B",
        "Energy": 9.046,
        "Popularity": 4.6899999999999995,
        "BPM": 140,
        "DJ Play Count": 0,
        "Rating": "*******",
        "My Tag": [
            "[Psy-Trance]",
            "2010s",
            "Fight & Fog"
        ],
        "Additional Info": {
            "id": "3FZJvSZFHmCk4gASYCHixf",
            "explicit": false,
            "album": "Tantra",
            "release_date": "2018-09-10",
            "genres": [
                "progressive psytrance",
                "psychedelic trance"
            ],
            "duration": 327429,
            "acousticness": 0.00436,
            "danceability": 6.868,
            "instrumentalness": 0.21,
            "liveness": 0.337,
            "loudness": -6.71,
            "speechiness": 0.0603,
            "time_signature": 4,
            "happiness": 2.773
        }
    },
    {
        "#": 27,
        "Track Title": "Distorted Silence",
        "Artist": "Symphonix",
        "Key": "9B",
        "Energy": 9.649,
        "Popularity": 4.15,
        "BPM": 138,
        "DJ Play Count": 0,
        "Rating": "*******",
        "My Tag": [
            "[Psy-Trance]",
            "2020s",
            "Fight & Fog"
        ],
        "Additional Info": {
            "id": "34IfQzGxad1papmPL1EkmG",
            "explicit": false,
            "album": "Symphonix Orange Box",
            "release_date": "2020-04-10",
            "genres": [
                "german trance",
                "progressive psytrance",
                "psychedelic trance"
            ],
            "duration": 344765,
            "acousticness": 0.000402,
            "danceability": 7.9030000000000005,
            "instrumentalness": 0.894,
            "liveness": 0.0817,
            "loudness": -7.527,
            "speechiness": 0.053,
            "time_signature": 4,
            "happiness": 1.2934
        }
    },
    {
        "#": 28,
        "Track Title": "Ravers Army",
        "Artist": "Vini Vici",
        "Key": "12A",
        "Energy": 9.811,
        "Popularity": 4.6,
        "BPM": 138,
        "DJ Play Count": 0,
        "Rating": "*******",
        "My Tag": [
            "[Psy-Trance]",
            "2010s",
            "Fight & Fog"
        ],
        "Additional Info": {
            "id": "2cKKyJve0wRmzqWarXtKX6",
            "explicit": false,
            "album": "Part of the Dream (Compiled by Vini Vici)",
            "release_date": "2017-10-06",
            "genres": [
                "progressive uplifting trance"
            ],
            "duration": 445217,
            "acousticness": 0.00056,
            "danceability": 7.156000000000001,
            "instrumentalness": 0.843,
            "liveness": 0.106,
            "loudness": -6.352,
            "speechiness": 0.0685,
            "time_signature": 4,
            "happiness": 1.3843
        }
    },
    {
        "#": 29,
        "Track Title": "Shiva's India - Outsiders Remix",
        "Artist": "1200 Micrograms",
        "Key": "10B",
        "Energy": 9.379000000000001,
        "Popularity": 4.24,
        "BPM": 145,
        "DJ Play Count": 0,
        "Rating": "*******",
        "My Tag": [
            "[Psy-Trance]",
            "2010s",
            "Fight & Fog"
        ],
        "Additional Info": {
            "id": "4qrzgVfjMTVFUcPZRcuyYc",
            "explicit": false,
            "album": "Juice EP",
            "release_date": "2015-01-26",
            "genres": [
                "psychedelic trance"
            ],
            "duration": 489931,
            "acousticness": 0.000632,
            "danceability": 5.662,
            "instrumentalness": 0.792,
            "liveness": 0.42,
            "loudness": -6.442,
            "speechiness": 0.0387,
            "time_signature": 4,
            "happiness": 2.971
        }
    },
    {
        "#": 30,
        "Track Title": "Chapati",
        "Artist": "UnderCover",
        "Key": "10B",
        "Energy": 7.1290000000000004,
        "Popularity": 5.7700000000000005,
        "BPM": 145,
        "DJ Play Count": 0,
        "Rating": "*******",
        "My Tag": [
            "[Psy-Trance]",
            "2020s"
        ],
        "Additional Info": {
            "id": "24pIscrDqVkkAp9KHflo5w",
            "explicit": false,
            "album": "The Collection",
            "release_date": "2020-07-19",
            "genres": [],
            "duration": 380285,
            "acousticness": 0.0111,
            "danceability": 6.715,
            "instrumentalness": 0.816,
            "liveness": 0.104,
            "loudness": -8.729,
            "speechiness": 0.112,
            "time_signature": 4,
            "happiness": 3.1149999999999998
        }
    },
    {
        "#": 31,
        "Track Title": "Ultimate Energy",
        "Artist": "Berg",
        "Key": "2A",
        "Energy": 6.841,
        "Popularity": 3.61,
        "BPM": 138,
        "DJ Play Count": 0,
        "Rating": "*******",
        "My Tag": [
            "[Psy-Trance]",
            "2010s"
        ],
        "Additional Info": {
            "id": "72XFpEC85OwkVTXc2U37Gp",
            "explicit": false,
            "album": "Ultimate Energy",
            "release_date": "2015-10-29",
            "genres": [
                "progressive psytrance",
                "psychedelic trance"
            ],
            "duration": 372174,
            "acousticness": 0.0124,
            "danceability": 7.263999999999999,
            "instrumentalness": 0.532,
            "liveness": 0.174,
            "loudness": -7.51,
            "speechiness": 0.0688,
            "time_signature": 4,
            "happiness": 3.484
        }
    },
    {
        "#": 32,
        "Track Title": "Gulab Jamun",
        "Artist": "Belik Boom",
        "Key": "11B",
        "Energy": 9.271,
        "Popularity": 4.51,
        "BPM": 141,
        "DJ Play Count": 0,
        "Rating": "*******",
        "My Tag": [
            "[Psy-Trance]",
            "2010s"
        ],
        "Additional Info": {
            "id": "7F4cNMERVRmXOsAfXEOOg5",
            "explicit": false,
            "album": "Gulab Jamun",
            "release_date": "2017-07-04",
            "genres": [
                "progressive psytrance"
            ],
            "duration": 449362,
            "acousticness": 0.00525,
            "danceability": 7.39,
            "instrumentalness": 0.822,
            "liveness": 0.18,
            "loudness": -6.601,
            "speechiness": 0.0549,
            "time_signature": 4,
            "happiness": 3.7359999999999998
        }
    },
    {
        "#": 33,
        "Track Title": "Shiva - Original Mix",
        "Artist": "Zyce, Morten Granau",
        "Key": "1A",
        "Energy": 6.841,
        "Popularity": 4.24,
        "BPM": 138,
        "DJ Play Count": 0,
        "Rating": "*******",
        "My Tag": [
            "[Psy-Trance]",
            "2010s"
        ],
        "Additional Info": {
            "id": "5VSiGydJ65kVj43HGrm92p",
            "explicit": false,
            "album": "The Fifth Dimension",
            "release_date": "2016-06-13",
            "genres": [
                "progressive psytrance",
                "psychedelic trance",
                "progressive psytrance",
                "psychedelic trance"
            ],
            "duration": 403479,
            "acousticness": 0.00177,
            "danceability": 5.113,
            "instrumentalness": 0.86,
            "liveness": 0.0944,
            "loudness": -8.695,
            "speechiness": 0.0938,
            "time_signature": 4,
            "happiness": 1.3411
        }
    },
    {
        "#": 34,
        "Track Title": "The Passenger",
        "Artist": "GRAViiTY",
        "Key": "2B",
        "Energy": 9.208,
        "Popularity": 4.96,
        "BPM": 140,
        "DJ Play Count": 0,
        "Rating": "*******",
        "My Tag": [
            "[Psy-Trance]",
            "2010s",
            "Fight & Fog"
        ],
        "Additional Info": {
            "id": "7cBslaWxIBQqWzZUoeBGen",
            "explicit": false,
            "album": "Graviity",
            "release_date": "2017-09-27",
            "genres": [],
            "duration": 381429,
            "acousticness": 0.0859,
            "danceability": 7.93,
            "instrumentalness": 0.902,
            "liveness": 0.121,
            "loudness": -5.471,
            "speechiness": 0.0674,
            "time_signature": 4,
            "happiness": 2.1790000000000003
        }
    },
    {
        "#": 35,
        "Track Title": "Flashback",
        "Artist": "Vini Vici, Pixel",
        "Key": "3B",
        "Energy": 9.613,
        "Popularity": 4.24,
        "BPM": 136,
        "DJ Play Count": 0,
        "Rating": "*******",
        "My Tag": [
            "[Psy-Trance]",
            "2010s",
            "Fight & Fog"
        ],
        "Additional Info": {
            "id": "6R2Z0AXriFC15qy6Ho0KKx",
            "explicit": false,
            "album": "Part of the Dream (Compiled by Vini Vici)",
            "release_date": "2017-10-06",
            "genres": [
                "progressive uplifting trance"
            ],
            "duration": 480713,
            "acousticness": 0.0139,
            "danceability": 6.751,
            "instrumentalness": 0.886,
            "liveness": 0.125,
            "loudness": -6.791,
            "speechiness": 0.0404,
            "time_signature": 4,
            "happiness": 1.3258
        }
    },
    {
        "#": 36,
        "Track Title": "The Chant",
        "Artist": "Berg",
        "Key": "2A",
        "Energy": 9.622,
        "Popularity": 4.24,
        "BPM": 138,
        "DJ Play Count": 0,
        "Rating": "*******",
        "My Tag": [
            "[Psy-Trance]",
            "2010s",
            "Fight & Fog"
        ],
        "Additional Info": {
            "id": "4o5qNxBMh54wvmPNVxZiag",
            "explicit": false,
            "album": "The Chant",
            "release_date": "2018-04-23",
            "genres": [
                "progressive psytrance",
                "psychedelic trance"
            ],
            "duration": 356522,
            "acousticness": 0.00683,
            "danceability": 4.411,
            "instrumentalness": 0.797,
            "liveness": 0.0987,
            "loudness": -5.576,
            "speechiness": 0.102,
            "time_signature": 4,
            "happiness": 1.963
        }
    },
    {
        "#": 37,
        "Track Title": "Balikali",
        "Artist": "UnderCover",
        "Key": "1B",
        "Energy": 8.821,
        "Popularity": 5.41,
        "BPM": 145,
        "DJ Play Count": 0,
        "Rating": "*******",
        "My Tag": [
            "[Psy-Trance]",
            "2010s",
            "Fight & Fog"
        ],
        "Additional Info": {
            "id": "1lpzlOzyQGhpm80MmNjZ4d",
            "explicit": false,
            "album": "Balikali",
            "release_date": "2014-12-22",
            "genres": [],
            "duration": 407172,
            "acousticness": 0.00611,
            "danceability": 4.096,
            "instrumentalness": 0.812,
            "liveness": 0.0719,
            "loudness": -6.688,
            "speechiness": 0.0579,
            "time_signature": 4,
            "happiness": 1.7866
        }
    },
    {
        "#": 38,
        "Track Title": "Moonshine - Original mix",
        "Artist": "Astrix, Avalon",
        "Key": "9B",
        "Energy": 9.289,
        "Popularity": 4.96,
        "BPM": 140,
        "DJ Play Count": 0,
        "Rating": "*******",
        "My Tag": [
            "[Psy-Trance]",
            "2010s",
            "Fight & Fog"
        ],
        "Additional Info": {
            "id": "7u4jxqiqlXTGKlwbnUIODB",
            "explicit": false,
            "album": "Psy-Fi Book of Changes Compiled by Astrix",
            "release_date": "2017-07-14",
            "genres": [
                "full on",
                "nitzhonot",
                "psychedelic trance",
                "progressive psytrance",
                "psychedelic trance"
            ],
            "duration": 466286,
            "acousticness": 0.00221,
            "danceability": 6.193,
            "instrumentalness": 0.819,
            "liveness": 0.161,
            "loudness": -7.809,
            "speechiness": 0.045,
            "time_signature": 4,
            "happiness": 2.6109999999999998
        }
    },
    {
        "#": 39,
        "Track Title": "Neurochemistry",
        "Artist": "Ace Ventura, Liquid Soul",
        "Key": "9B",
        "Energy": 9.082,
        "Popularity": 4.6899999999999995,
        "BPM": 137,
        "DJ Play Count": 0,
        "Rating": "*******",
        "My Tag": [
            "[Psy-Trance]",
            "2010s",
            "Fight & Fog"
        ],
        "Additional Info": {
            "id": "06sH5jlyJ5c4DynYpIZrYB",
            "explicit": false,
            "album": "Paradise Engineering",
            "release_date": "2015-06-01",
            "genres": [
                "progressive psytrance",
                "psychedelic trance",
                "progressive psytrance",
                "psychedelic trance"
            ],
            "duration": 480000,
            "acousticness": 0.000228,
            "danceability": 7.452999999999999,
            "instrumentalness": 0.884,
            "liveness": 0.16,
            "loudness": -7.52,
            "speechiness": 0.0424,
            "time_signature": 4,
            "happiness": 2.143
        }
    },
    {
        "#": 40,
        "Track Title": "Human Activity",
        "Artist": "GRAViiTY",
        "Key": "4B",
        "Energy": 7.795,
        "Popularity": 5.41,
        "BPM": 140,
        "DJ Play Count": 0,
        "Rating": "*******",
        "My Tag": [
            "[Psy-Trance]",
            "2010s",
            "Fight & Fog"
        ],
        "Additional Info": {
            "id": "3kov9AqctfPpPPaKH0CepI",
            "explicit": false,
            "album": "Graviity",
            "release_date": "2017-09-27",
            "genres": [],
            "duration": 256500,
            "acousticness": 0.24,
            "danceability": 8.658999999999999,
            "instrumentalness": 0.85,
            "liveness": 0.136,
            "loudness": -6.562,
            "speechiness": 0.0974,
            "time_signature": 4,
            "happiness": 2.872
        }
    },
    {
        "#": 41,
        "Track Title": "Funky Time",
        "Artist": "Berg",
        "Key": "1B",
        "Energy": 7.489,
        "Popularity": 2.44,
        "BPM": 137,
        "DJ Play Count": 0,
        "Rating": "*******",
        "My Tag": [
            "[Psy-Trance]",
            "2010s"
        ],
        "Additional Info": {
            "id": "4uWsAF9TfAteklcDVJQb5A",
            "explicit": false,
            "album": "Life Apart",
            "release_date": "2014-10-03",
            "genres": [
                "progressive psytrance",
                "psychedelic trance"
            ],
            "duration": 408175,
            "acousticness": 0.0337,
            "danceability": 8.119,
            "instrumentalness": 0.793,
            "liveness": 0.232,
            "loudness": -7.481,
            "speechiness": 0.0945,
            "time_signature": 4,
            "happiness": 3.817
        }
    },
    {
        "#": 42,
        "Track Title": "Sweet Harmony",
        "Artist": "Vini Vici, Berg",
        "Key": "6A",
        "Energy": 7.516,
        "Popularity": 4.51,
        "BPM": 138,
        "DJ Play Count": 0,
        "Rating": "*******",
        "My Tag": [
            "[Psy-Trance]",
            "2020s"
        ],
        "Additional Info": {
            "id": "7LpEZMdGtxkYf9FCR6PInB",
            "explicit": false,
            "album": "11: 11 Pt2",
            "release_date": "2023-01-20",
            "genres": [
                "progressive uplifting trance",
                "progressive psytrance",
                "psychedelic trance"
            ],
            "duration": 183007,
            "acousticness": 0.155,
            "danceability": 6.364,
            "instrumentalness": 0.106,
            "liveness": 0.166,
            "loudness": -7.074,
            "speechiness": 0.0415,
            "time_signature": 4,
            "happiness": 3.871
        }
    },
    {
        "#": 43,
        "Track Title": "Elipsy",
        "Artist": "Vegas (Brazil)",
        "Key": "6B",
        "Energy": 8.488,
        "Popularity": 5.5,
        "BPM": 138,
        "DJ Play Count": 0,
        "Rating": "*******",
        "My Tag": [
            "[Psy-Trance]",
            "2010s",
            "Fight & Fog"
        ],
        "Additional Info": {
            "id": "1DZCUAimghmegaMeFG617V",
            "explicit": false,
            "album": "Caixa Magica",
            "release_date": "2019-01-22",
            "genres": [
                "trance brasileiro"
            ],
            "duration": 402111,
            "acousticness": 0.00136,
            "danceability": 6.769,
            "instrumentalness": 0.74,
            "liveness": 0.582,
            "loudness": -7.476,
            "speechiness": 0.0823,
            "time_signature": 4,
            "happiness": 1.2961
        }
    },
    {
        "#": 44,
        "Track Title": "Seven Gates",
        "Artist": "Astrix, Vertical Mode",
        "Key": "9B",
        "Energy": 9.199,
        "Popularity": 4.87,
        "BPM": 140,
        "DJ Play Count": 0,
        "Rating": "*******",
        "My Tag": [
            "[Psy-Trance]",
            "2010s",
            "Fight & Fog"
        ],
        "Additional Info": {
            "id": "3PwvV5JpEYwtKKRcV37JOV",
            "explicit": false,
            "album": "Seven Gates",
            "release_date": "2018-07-02",
            "genres": [
                "full on",
                "nitzhonot",
                "psychedelic trance",
                "full on",
                "progressive psytrance",
                "psychedelic trance"
            ],
            "duration": 553714,
            "acousticness": 0.00131,
            "danceability": 6.805,
            "instrumentalness": 0.753,
            "liveness": 0.125,
            "loudness": -6.725,
            "speechiness": 0.0509,
            "time_signature": 4,
            "happiness": 1.6749999999999998
        }
    },
    {
        "#": 45,
        "Track Title": "Interlude",
        "Artist": "Blazy, Aura Vortex",
        "Key": "2A",
        "Energy": 9.01,
        "Popularity": 5.68,
        "BPM": 140,
        "DJ Play Count": 0,
        "Rating": "*******",
        "My Tag": [
            "[Psy-Trance]",
            "2010s"
        ],
        "Additional Info": {
            "id": "5SIJt068nCivJx4X1Zyior",
            "explicit": false,
            "album": "Interlude",
            "release_date": "2018-07-09",
            "genres": [
                "trance brasileiro",
                "psychedelic trance",
                "trance brasileiro"
            ],
            "duration": 206515,
            "acousticness": 0.0132,
            "danceability": 7.3,
            "instrumentalness": 0.745,
            "liveness": 0.186,
            "loudness": -4.802,
            "speechiness": 0.119,
            "time_signature": 4,
            "happiness": 4.672
        }
    },
    {
        "#": 46,
        "Track Title": "White Dwarf",
        "Artist": "Off Limits, Wilders",
        "Key": "2A",
        "Energy": 9.892,
        "Popularity": 4.33,
        "BPM": 140,
        "DJ Play Count": 0,
        "Rating": "*******",
        "My Tag": [
            "[Psy-Trance]",
            "2010s"
        ],
        "Additional Info": {
            "id": "7kS8nBGYQTdehh8H88GGeo",
            "explicit": false,
            "album": "Part of the Dream (Compiled by Vini Vici)",
            "release_date": "2017-10-06",
            "genres": [
                "progressive psytrance"
            ],
            "duration": 493929,
            "acousticness": 0.00618,
            "danceability": 7.318,
            "instrumentalness": 0.837,
            "liveness": 0.311,
            "loudness": -6.475,
            "speechiness": 0.13,
            "time_signature": 4,
            "happiness": 3.781
        }
    },
    {
        "#": 47,
        "Track Title": "World of Tomorrow",
        "Artist": "Avalon, Mad Tribe",
        "Key": "1A",
        "Energy": 9.469,
        "Popularity": 3.79,
        "BPM": 144,
        "DJ Play Count": 0,
        "Rating": "*******",
        "My Tag": [
            "[Psy-Trance]",
            "2010s",
            "Fight & Fog"
        ],
        "Additional Info": {
            "id": "60qQmP3xVdjeXo5QR7Amzm",
            "explicit": false,
            "album": "World of Tomorrow",
            "release_date": "2018-12-07",
            "genres": [
                "progressive psytrance",
                "psychedelic trance",
                "psychedelic trance"
            ],
            "duration": 440000,
            "acousticness": 4.03e-05,
            "danceability": 6.418,
            "instrumentalness": 0.716,
            "liveness": 0.358,
            "loudness": -5.444,
            "speechiness": 0.0491,
            "time_signature": 4,
            "happiness": 1.3735
        }
    },
    {
        "#": 48,
        "Track Title": "Dugly Dagly",
        "Artist": "Berg, Zanon, Trio Mandili",
        "Key": "4A",
        "Energy": 7.957,
        "Popularity": 4.15,
        "BPM": 104,
        "DJ Play Count": 0,
        "Rating": "*******",
        "My Tag": [
            "[Psy-Trance]",
            "2010s"
        ],
        "Additional Info": {
            "id": "3Ea6vSL1LrHcwMiqoN1Snu",
            "explicit": false,
            "album": "Dugly Dagly",
            "release_date": "2017-08-04",
            "genres": [
                "progressive psytrance",
                "psychedelic trance",
                "trance brasileiro",
                "georgian folk"
            ],
            "duration": 323478,
            "acousticness": 0.079,
            "danceability": 5.3919999999999995,
            "instrumentalness": 0.769,
            "liveness": 0.308,
            "loudness": -5.788,
            "speechiness": 0.0586,
            "time_signature": 3,
            "happiness": 4.546
        }
    },
    {
        "#": 49,
        "Track Title": "The Tribe",
        "Artist": "Vini Vici",
        "Key": "2A",
        "Energy": 9.586,
        "Popularity": 5.5,
        "BPM": 138,
        "DJ Play Count": 0,
        "Rating": "*******",
        "My Tag": [
            "[Psy-Trance]",
            "2010s",
            "Fight & Fog"
        ],
        "Additional Info": {
            "id": "3nwUX7DkMuGPcuHrOXN5VM",
            "explicit": false,
            "album": "Future Classics",
            "release_date": "2015-04-27",
            "genres": [
                "progressive uplifting trance"
            ],
            "duration": 467826,
            "acousticness": 0.00603,
            "danceability": 7.075,
            "instrumentalness": 0.464,
            "liveness": 0.115,
            "loudness": -6.423,
            "speechiness": 0.127,
            "time_signature": 4,
            "happiness": 2.836
        }
    },
    {
        "#": 50,
        "Track Title": "Answer From The Stars - Vini Vici vs. Bizzare Contact Remix",
        "Artist": "Vegas (Brazil), Bizzare Contact, Vini Vici",
        "Key": "8B",
        "Energy": 9.442,
        "Popularity": 5.2299999999999995,
        "BPM": 140,
        "DJ Play Count": 0,
        "Rating": "*******",
        "My Tag": [
            "[Psy-Trance]",
            "2010s",
            "Fight & Fog"
        ],
        "Additional Info": {
            "id": "6wEEFHBgJoauVJp5XpVwg5",
            "explicit": false,
            "album": "Answer From The Stars (Vini Vici vs. Bizzare Contact Remix)",
            "release_date": "2017-05-29",
            "genres": [
                "trance brasileiro",
                "full on",
                "progressive psytrance",
                "psychedelic trance",
                "progressive uplifting trance"
            ],
            "duration": 236571,
            "acousticness": 0.00134,
            "danceability": 5.104,
            "instrumentalness": 0.646,
            "liveness": 0.0837,
            "loudness": -5.055,
            "speechiness": 0.0919,
            "time_signature": 4,
            "happiness": 1.5859
        }
    }
]