[
    {
        "#": 1,
        "Track Title": "I Wish - Brutal Remix By Skazi",
        "Artist": "Skazi",
        "Key": "4B",
        "Energy": 8.722,
        "Popularity": 4.6899999999999995,
        "BPM": 145,
        "DJ Play Count": 0,
        "Rating": "*******",
        "My Tag": [
            "[Psy-Trance]",
            "2000s"
        ],
        "Additional Info": {
            "id": "2GFJDl7kEuDgckSfExlHOa",
            "explicit": false,
            "album": "The Zoo Ep",
            "release_date": "2004-01-01",
            "genres": [
                "psychedelic trance"
            ],
            "duration": 480000,
            "acousticness": 0.000412,
            "danceability": 6.436,
            "instrumentalness": 0.217,
            "liveness": 0.121,
            "loudness": -7.882,
            "speechiness": 0.0522,
            "time_signature": 4,
            "happiness": 4.546
        }
    },
    {
        "#": 2,
        "Track Title": "See Me Now",
        "Artist": "Infected Mushroom",
        "Key": "3B",
        "Energy": 8.875,
        "Popularity": 1.0,
        "BPM": 120,
        "DJ Play Count": 0,
        "Rating": "*******",
        "My Tag": [
            "[Psy-Trance]",
            "2010s"
        ],
        "Additional Info": {
            "id": "0UuiYan4d1UCYOiCykD7zh",
            "explicit": false,
            "album": "See Me Now",
            "release_date": "2014-05-20",
            "genres": [
                "psychedelic trance"
            ],
            "duration": 320000,
            "acousticness": 0.0336,
            "danceability": 6.679,
            "instrumentalness": 0.689,
            "liveness": 0.161,
            "loudness": -5.249,
            "speechiness": 0.0509,
            "time_signature": 4,
            "happiness": 6.49
        }
    },
    {
        "#": 3,
        "Track Title": "Spitfire",
        "Artist": "Infected Mushroom",
        "Key": "10B",
        "Energy": 7.435,
        "Popularity": 1.0,
        "BPM": 138,
        "DJ Play Count": 0,
        "Rating": "*******",
        "My Tag": [
            "[Psy-Trance]",
            "2010s"
        ],
        "Additional Info": {
            "id": "0pxvLitYHCi35ROD26oElV",
            "explicit": false,
            "album": "Spitfire",
            "release_date": "2017-11-24",
            "genres": [
                "psychedelic trance"
            ],
            "duration": 434783,
            "acousticness": 0.00729,
            "danceability": 7.308999999999999,
            "instrumentalness": 0.825,
            "liveness": 0.0956,
            "loudness": -4.812,
            "speechiness": 0.0412,
            "time_signature": 4,
            "happiness": 3.799
        }
    },
    {
        "#": 4,
        "Track Title": "I Wish",
        "Artist": "Infected Mushroom",
        "Key": "2B",
        "Energy": 7.84,
        "Popularity": 4.779999999999999,
        "BPM": 145,
        "DJ Play Count": 0,
        "Rating": "*******",
        "My Tag": [
            "[Psy-Trance]",
            "2000s",
            "Happy"
        ],
        "Additional Info": {
            "id": "5sdDzzl866nMO5HQaNWrUH",
            "explicit": false,
            "album": "Converting Vegetarians",
            "release_date": "2003-08-06",
            "genres": [
                "psychedelic trance"
            ],
            "duration": 180893,
            "acousticness": 0.2,
            "danceability": 7.209999999999999,
            "instrumentalness": 0.289,
            "liveness": 0.0779,
            "loudness": -10.18,
            "speechiness": 0.101,
            "time_signature": 4,
            "happiness": 8.722
        }
    },
    {
        "#": 5,
        "Track Title": "Blink",
        "Artist": "Infected Mushroom",
        "Key": "5A",
        "Energy": 6.372999999999999,
        "Popularity": 3.34,
        "BPM": 78,
        "DJ Play Count": 0,
        "Rating": "*******",
        "My Tag": [
            "[Psy-Trance]",
            "2000s",
            "Happy"
        ],
        "Additional Info": {
            "id": "1O8Yms2eDqrpV89bh2CUHE",
            "explicit": false,
            "album": "Converting Vegetarians",
            "release_date": "2003-08-06",
            "genres": [
                "psychedelic trance"
            ],
            "duration": 332373,
            "acousticness": 0.369,
            "danceability": 6.382,
            "instrumentalness": 0.0746,
            "liveness": 0.393,
            "loudness": -10.63,
            "speechiness": 0.0413,
            "time_signature": 4,
            "happiness": 7.462
        }
    },
    {
        "#": 6,
        "Track Title": "Converting Vegetarians",
        "Artist": "Infected Mushroom",
        "Key": "3B",
        "Energy": 7.021000000000001,
        "Popularity": 4.15,
        "BPM": 80,
        "DJ Play Count": 0,
        "Rating": "*******",
        "My Tag": [
            "[Psy-Trance]",
            "2000s"
        ],
        "Additional Info": {
            "id": "2Ypd2QVly4J7OKpUJVAYPL",
            "explicit": false,
            "album": "Converting Vegetarians",
            "release_date": "2003-08-06",
            "genres": [
                "psychedelic trance"
            ],
            "duration": 339933,
            "acousticness": 0.125,
            "danceability": 7.822,
            "instrumentalness": 0.129,
            "liveness": 0.075,
            "loudness": -12.723,
            "speechiness": 0.126,
            "time_signature": 4,
            "happiness": 6.868
        }
    },
    {
        "#": 7,
        "Track Title": "Deeply Disturbed",
        "Artist": "Infected Mushroom",
        "Key": "1A",
        "Energy": 7.4799999999999995,
        "Popularity": 3.88,
        "BPM": 145,
        "DJ Play Count": 0,
        "Rating": "*******",
        "My Tag": [
            "[Psy-Trance]",
            "2000s"
        ],
        "Additional Info": {
            "id": "4GfzxWkOtBoK8pstJ0SL45",
            "explicit": false,
            "album": "Converting Vegetarians",
            "release_date": "2003-08-06",
            "genres": [
                "psychedelic trance"
            ],
            "duration": 506467,
            "acousticness": 0.0236,
            "danceability": 7.03,
            "instrumentalness": 0.875,
            "liveness": 0.104,
            "loudness": -10.485,
            "speechiness": 0.0498,
            "time_signature": 4,
            "happiness": 5.689
        }
    },
    {
        "#": 8,
        "Track Title": "Stretched",
        "Artist": "Infected Mushroom",
        "Key": "9B",
        "Energy": 9.622,
        "Popularity": 3.43,
        "BPM": 120,
        "DJ Play Count": 0,
        "Rating": "*******",
        "My Tag": [
            "[Psy-Trance]",
            "2000s"
        ],
        "Additional Info": {
            "id": "1RazIFgTjRoRM4bkltndoY",
            "explicit": false,
            "album": "I'm The Supervisor",
            "release_date": "2004-07-14",
            "genres": [
                "psychedelic trance"
            ],
            "duration": 442067,
            "acousticness": 0.000934,
            "danceability": 7.209999999999999,
            "instrumentalness": 0.86,
            "liveness": 0.0749,
            "loudness": -5.637,
            "speechiness": 0.0512,
            "time_signature": 4,
            "happiness": 6.103
        }
    },
    {
        "#": 9,
        "Track Title": "Cities Of The Future",
        "Artist": "Infected Mushroom",
        "Key": "9B",
        "Energy": 8.847999999999999,
        "Popularity": 4.6899999999999995,
        "BPM": 145,
        "DJ Play Count": 0,
        "Rating": "*******",
        "My Tag": [
            "[Psy-Trance]",
            "2000s"
        ],
        "Additional Info": {
            "id": "5EEDnjtmJ0gDuygYlUFMAb",
            "explicit": false,
            "album": "I'm The Supervisor",
            "release_date": "2004-07-14",
            "genres": [
                "psychedelic trance"
            ],
            "duration": 419720,
            "acousticness": 0.00971,
            "danceability": 7.138000000000001,
            "instrumentalness": 0.436,
            "liveness": 0.11,
            "loudness": -5.949,
            "speechiness": 0.104,
            "time_signature": 4,
            "happiness": 4.744
        }
    },
    {
        "#": 10,
        "Track Title": "Muse Breaks RMX",
        "Artist": "Infected Mushroom",
        "Key": "7A",
        "Energy": 6.823,
        "Popularity": 4.51,
        "BPM": 146,
        "DJ Play Count": 0,
        "Rating": "*******",
        "My Tag": [
            "[Psy-Trance]",
            "2000s"
        ],
        "Additional Info": {
            "id": "2F15XyWBzhrRTBaqTl769U",
            "explicit": false,
            "album": "I'm The Supervisor",
            "release_date": "2004-07-14",
            "genres": [
                "psychedelic trance"
            ],
            "duration": 429027,
            "acousticness": 0.0246,
            "danceability": 7.093,
            "instrumentalness": 0.606,
            "liveness": 0.097,
            "loudness": -6.902,
            "speechiness": 0.0569,
            "time_signature": 4,
            "happiness": 3.466
        }
    },
    {
        "#": 11,
        "Track Title": "I'm The Supervisor",
        "Artist": "Infected Mushroom",
        "Key": "9B",
        "Energy": 8.937999999999999,
        "Popularity": 4.15,
        "BPM": 140,
        "DJ Play Count": 0,
        "Rating": "*******",
        "My Tag": [
            "[Psy-Trance]",
            "2000s"
        ],
        "Additional Info": {
            "id": "5IkZWNWiTV1BuRmoMgoi0g",
            "explicit": false,
            "album": "I'm The Supervisor",
            "release_date": "2004-07-14",
            "genres": [
                "psychedelic trance"
            ],
            "duration": 512480,
            "acousticness": 0.00288,
            "danceability": 7.9030000000000005,
            "instrumentalness": 0.778,
            "liveness": 0.143,
            "loudness": -6.464,
            "speechiness": 0.0606,
            "time_signature": 4,
            "happiness": 4.015000000000001
        }
    },
    {
        "#": 12,
        "Track Title": "Change The Formality",
        "Artist": "Infected Mushroom",
        "Key": "11A",
        "Energy": 9.082,
        "Popularity": 5.68,
        "BPM": 145,
        "DJ Play Count": 0,
        "Rating": "*******",
        "My Tag": [
            "[Psy-Trance]",
            "2000s",
            "Happy"
        ],
        "Additional Info": {
            "id": "1IAtShkPcFnvYQPp6Rfv3Q",
            "explicit": false,
            "album": "Vicious Delicious",
            "release_date": "2007-04-01",
            "genres": [
                "psychedelic trance"
            ],
            "duration": 464027,
            "acousticness": 0.00408,
            "danceability": 6.931,
            "instrumentalness": 0.658,
            "liveness": 0.59,
            "loudness": -5.636,
            "speechiness": 0.0568,
            "time_signature": 4,
            "happiness": 7.489
        }
    },
    {
        "#": 13,
        "Track Title": "Eat It Raw",
        "Artist": "Infected Mushroom",
        "Key": "1A",
        "Energy": 8.568999999999999,
        "Popularity": 3.25,
        "BPM": 145,
        "DJ Play Count": 0,
        "Rating": "*******",
        "My Tag": [
            "[Psy-Trance]",
            "2000s"
        ],
        "Additional Info": {
            "id": "3SvYVSC7o3Ee3QLLHO6QY9",
            "explicit": false,
            "album": "Vicious Delicious",
            "release_date": "2007-04-01",
            "genres": [
                "psychedelic trance"
            ],
            "duration": 390600,
            "acousticness": 0.000872,
            "danceability": 7.768,
            "instrumentalness": 0.84,
            "liveness": 0.0471,
            "loudness": -8.383,
            "speechiness": 0.0692,
            "time_signature": 4,
            "happiness": 3.673
        }
    },
    {
        "#": 14,
        "Track Title": "In Front Of Me",
        "Artist": "Infected Mushroom",
        "Key": "1A",
        "Energy": 5.644,
        "Popularity": 3.6999999999999997,
        "BPM": 145,
        "DJ Play Count": 0,
        "Rating": "*******",
        "My Tag": [
            "[Psy-Trance]",
            "2000s"
        ],
        "Additional Info": {
            "id": "6bPlGL7ZAts3zu2CiZLm77",
            "explicit": false,
            "album": "Vicious Delicious",
            "release_date": "2007-04-01",
            "genres": [
                "psychedelic trance"
            ],
            "duration": 268653,
            "acousticness": 0.384,
            "danceability": 6.210999999999999,
            "instrumentalness": 0.00538,
            "liveness": 0.213,
            "loudness": -8.027,
            "speechiness": 0.0389,
            "time_signature": 4,
            "happiness": 4.789
        }
    },
    {
        "#": 15,
        "Track Title": "Special Place",
        "Artist": "Infected Mushroom",
        "Key": "12A",
        "Energy": 8.182,
        "Popularity": 3.61,
        "BPM": 145,
        "DJ Play Count": 0,
        "Rating": "*******",
        "My Tag": [
            "[Psy-Trance]",
            "2000s"
        ],
        "Additional Info": {
            "id": "1hUKa46QHBiif7oDYf2iKN",
            "explicit": false,
            "album": "Vicious Delicious",
            "release_date": "2007-04-01",
            "genres": [
                "psychedelic trance"
            ],
            "duration": 413467,
            "acousticness": 0.0285,
            "danceability": 4.933,
            "instrumentalness": 0.741,
            "liveness": 0.468,
            "loudness": -7.68,
            "speechiness": 0.0603,
            "time_signature": 4,
            "happiness": 5.203
        }
    },
    {
        "#": 16,
        "Track Title": "Forgive Me",
        "Artist": "Infected Mushroom",
        "Key": "11B",
        "Energy": 7.048,
        "Popularity": 3.61,
        "BPM": 110,
        "DJ Play Count": 0,
        "Rating": "*******",
        "My Tag": [
            "[Psy-Trance]",
            "2000s",
            "Happy"
        ],
        "Additional Info": {
            "id": "3YzeozjVpmh81J5Mc6gNG9",
            "explicit": false,
            "album": "Vicious Delicious",
            "release_date": "2007-04-01",
            "genres": [
                "psychedelic trance"
            ],
            "duration": 209440,
            "acousticness": 0.252,
            "danceability": 7.075,
            "instrumentalness": 0.0398,
            "liveness": 0.132,
            "loudness": -7.346,
            "speechiness": 0.0444,
            "time_signature": 4,
            "happiness": 7.588
        }
    },
    {
        "#": 17,
        "Track Title": "Heavyweight",
        "Artist": "Infected Mushroom",
        "Key": "12A",
        "Energy": 6.436,
        "Popularity": 4.42,
        "BPM": 140,
        "DJ Play Count": 0,
        "Rating": "*******",
        "My Tag": [
            "[Psy-Trance]",
            "2000s"
        ],
        "Additional Info": {
            "id": "6r7XGyCsFwYIjodkzKsxwk",
            "explicit": false,
            "album": "Vicious Delicious",
            "release_date": "2007-04-01",
            "genres": [
                "psychedelic trance"
            ],
            "duration": 521013,
            "acousticness": 0.0243,
            "danceability": 6.499,
            "instrumentalness": 0.668,
            "liveness": 0.117,
            "loudness": -7.268,
            "speechiness": 0.0301,
            "time_signature": 4,
            "happiness": 2.3499999999999996
        }
    },
    {
        "#": 18,
        "Track Title": "Artillery",
        "Artist": "Infected Mushroom",
        "Key": "11A",
        "Energy": 6.922000000000001,
        "Popularity": 4.24,
        "BPM": 100,
        "DJ Play Count": 0,
        "Rating": "*******",
        "My Tag": [
            "[Psy-Trance]",
            "2000s"
        ],
        "Additional Info": {
            "id": "3AxOIDbfsIUSsuWfUdkvOs",
            "explicit": false,
            "album": "Vicious Delicious",
            "release_date": "2007-04-01",
            "genres": [
                "psychedelic trance"
            ],
            "duration": 268120,
            "acousticness": 0.0725,
            "danceability": 7.804,
            "instrumentalness": 0.000395,
            "liveness": 0.0696,
            "loudness": -7.306,
            "speechiness": 0.103,
            "time_signature": 4,
            "happiness": 4.15
        }
    },
    {
        "#": 19,
        "Track Title": "Becoming Insane",
        "Artist": "Infected Mushroom",
        "Key": "1A",
        "Energy": 8.407,
        "Popularity": 5.41,
        "BPM": 145,
        "DJ Play Count": 0,
        "Rating": "*******",
        "My Tag": [
            "[Psy-Trance]",
            "2000s"
        ],
        "Additional Info": {
            "id": "1Nukcy7xk7AbS7MtkaiOe3",
            "explicit": false,
            "album": "Vicious Delicious",
            "release_date": "2007-04-01",
            "genres": [
                "psychedelic trance"
            ],
            "duration": 440267,
            "acousticness": 0.00371,
            "danceability": 6.886,
            "instrumentalness": 0.431,
            "liveness": 0.186,
            "loudness": -5.768,
            "speechiness": 0.0662,
            "time_signature": 4,
            "happiness": 6.679
        }
    },
    {
        "#": 20,
        "Track Title": "Riders On The Storm - Infected Mushroom Remix",
        "Artist": "Infected Mushroom",
        "Key": "10B",
        "Energy": 9.649,
        "Popularity": 1.0,
        "BPM": 125,
        "DJ Play Count": 0,
        "Rating": "*******",
        "My Tag": [
            "[Psy-Trance]",
            "2000s"
        ],
        "Additional Info": {
            "id": "5XWk7xQs5JZHY2OqbAg2OB",
            "explicit": false,
            "album": "Legend Of The Black Shawarma",
            "release_date": "2009-09-06",
            "genres": [
                "psychedelic trance"
            ],
            "duration": 269213,
            "acousticness": 0.189,
            "danceability": 5.689,
            "instrumentalness": 0.135,
            "liveness": 0.11,
            "loudness": -5.75,
            "speechiness": 0.0458,
            "time_signature": 4,
            "happiness": 3.34
        }
    },
    {
        "#": 21,
        "Track Title": "The Legend Of The Black Shawarma",
        "Artist": "Infected Mushroom",
        "Key": "6A",
        "Energy": 8.155000000000001,
        "Popularity": 1.0,
        "BPM": 145,
        "DJ Play Count": 0,
        "Rating": "*******",
        "My Tag": [
            "[Psy-Trance]",
            "2000s"
        ],
        "Additional Info": {
            "id": "4iVbrSgtUwoBzTlLvh8bTw",
            "explicit": false,
            "album": "Legend Of The Black Shawarma",
            "release_date": "2009-09-06",
            "genres": [
                "psychedelic trance"
            ],
            "duration": 431693,
            "acousticness": 0.00551,
            "danceability": 6.463,
            "instrumentalness": 0.246,
            "liveness": 0.197,
            "loudness": -6.681,
            "speechiness": 0.0626,
            "time_signature": 4,
            "happiness": 3.781
        }
    },
    {
        "#": 22,
        "Track Title": "Slowly",
        "Artist": "Infected Mushroom",
        "Key": "1A",
        "Energy": 8.425,
        "Popularity": 1.0,
        "BPM": 130,
        "DJ Play Count": 0,
        "Rating": "*******",
        "My Tag": [
            "[Psy-Trance]",
            "2000s"
        ],
        "Additional Info": {
            "id": "472EixoNfk7DaczVRmMVkr",
            "explicit": false,
            "album": "Legend Of The Black Shawarma",
            "release_date": "2009-09-06",
            "genres": [
                "psychedelic trance"
            ],
            "duration": 540120,
            "acousticness": 0.003,
            "danceability": 7.2459999999999996,
            "instrumentalness": 0.828,
            "liveness": 0.698,
            "loudness": -7.159,
            "speechiness": 0.06,
            "time_signature": 4,
            "happiness": 6.481
        }
    },
    {
        "#": 23,
        "Track Title": "Project 100",
        "Artist": "Infected Mushroom",
        "Key": "1A",
        "Energy": 7.236999999999999,
        "Popularity": 1.0,
        "BPM": 90,
        "DJ Play Count": 0,
        "Rating": "*******",
        "My Tag": [
            "[Psy-Trance]",
            "2000s"
        ],
        "Additional Info": {
            "id": "46xYxJ85GYtE5CcrcVJrTa",
            "explicit": false,
            "album": "Legend Of The Black Shawarma",
            "release_date": "2009-09-06",
            "genres": [
                "psychedelic trance"
            ],
            "duration": 578253,
            "acousticness": 0.0251,
            "danceability": 3.9250000000000003,
            "instrumentalness": 0.894,
            "liveness": 0.658,
            "loudness": -6.601,
            "speechiness": 0.0692,
            "time_signature": 3,
            "happiness": 3.5200000000000005
        }
    },
    {
        "#": 24,
        "Track Title": "Killing Time",
        "Artist": "Infected Mushroom, Perry Farrell",
        "Key": "12A",
        "Energy": 7.03,
        "Popularity": 1.0,
        "BPM": 135,
        "DJ Play Count": 0,
        "Rating": "*******",
        "My Tag": [
            "[Psy-Trance]",
            "2000s",
            "Rock"
        ],
        "Additional Info": {
            "id": "1eTXQT6IYlpSejXul26Dz7",
            "explicit": false,
            "album": "Legend Of The Black Shawarma",
            "release_date": "2009-09-06",
            "genres": [
                "psychedelic trance",
                "alternative rock"
            ],
            "duration": 184400,
            "acousticness": 0.475,
            "danceability": 6.148,
            "instrumentalness": 5.78e-05,
            "liveness": 0.195,
            "loudness": -6.21,
            "speechiness": 0.0327,
            "time_signature": 4,
            "happiness": 5.8870000000000005
        }
    },
    {
        "#": 25,
        "Track Title": "Can't Stop",
        "Artist": "Infected Mushroom",
        "Key": "1A",
        "Energy": 9.334,
        "Popularity": 1.0,
        "BPM": 145,
        "DJ Play Count": 0,
        "Rating": "*******",
        "My Tag": [
            "[Psy-Trance]",
            "2000s"
        ],
        "Additional Info": {
            "id": "6YEsrgFsvZPAKZNSF2iafR",
            "explicit": false,
            "album": "Legend Of The Black Shawarma",
            "release_date": "2009-09-06",
            "genres": [
                "psychedelic trance"
            ],
            "duration": 443573,
            "acousticness": 0.000324,
            "danceability": 6.157,
            "instrumentalness": 0.546,
            "liveness": 0.0808,
            "loudness": -6.02,
            "speechiness": 0.0661,
            "time_signature": 4,
            "happiness": 4.816
        }
    },
    {
        "#": 26,
        "Track Title": "Smashing The Opponent",
        "Artist": "Infected Mushroom, Jonathan Davis",
        "Key": "4B",
        "Energy": 8.137,
        "Popularity": 1.0,
        "BPM": 145,
        "DJ Play Count": 0,
        "Rating": "*******",
        "My Tag": [
            "[Psy-Trance]",
            "2000s",
            "Mad",
            "Rock"
        ],
        "Additional Info": {
            "id": "2haUwunVznY7hTczWJhMxi",
            "explicit": false,
            "album": "Legend Of The Black Shawarma",
            "release_date": "2009-09-06",
            "genres": [
                "psychedelic trance",
                "alternative metal",
                "industrial metal",
                "nu metal"
            ],
            "duration": 249987,
            "acousticness": 0.251,
            "danceability": 6.697,
            "instrumentalness": 0.137,
            "liveness": 0.119,
            "loudness": -6.143,
            "speechiness": 0.0427,
            "time_signature": 4,
            "happiness": 5.419
        }
    },
    {
        "#": 27,
        "Track Title": "Saeed",
        "Artist": "Infected Mushroom",
        "Key": "7A",
        "Energy": 8.614,
        "Popularity": 1.0,
        "BPM": 145,
        "DJ Play Count": 0,
        "Rating": "*******",
        "My Tag": [
            "[Psy-Trance]",
            "2000s"
        ],
        "Additional Info": {
            "id": "2NRFvNVeJ7GVQ46WW8lUbx",
            "explicit": false,
            "album": "Legend Of The Black Shawarma",
            "release_date": "2009-09-06",
            "genres": [
                "psychedelic trance"
            ],
            "duration": 423720,
            "acousticness": 0.0053,
            "danceability": 6.111999999999999,
            "instrumentalness": 0.416,
            "liveness": 0.128,
            "loudness": -5.565,
            "speechiness": 0.0691,
            "time_signature": 4,
            "happiness": 4.033
        }
    },
    {
        "#": 28,
        "Track Title": "Poquito Mas",
        "Artist": "Infected Mushroom",
        "Key": "10B",
        "Energy": 8.236,
        "Popularity": 1.0,
        "BPM": 105,
        "DJ Play Count": 0,
        "Rating": "*******",
        "My Tag": [
            "[Psy-Trance]",
            "2000s"
        ],
        "Additional Info": {
            "id": "1L9G0FKEOb51QagRjcrgGo",
            "explicit": false,
            "album": "Legend Of The Black Shawarma",
            "release_date": "2009-09-06",
            "genres": [
                "psychedelic trance"
            ],
            "duration": 219400,
            "acousticness": 0.00418,
            "danceability": 6.589,
            "instrumentalness": 0.753,
            "liveness": 0.353,
            "loudness": -7.2,
            "speechiness": 0.0434,
            "time_signature": 4,
            "happiness": 3.16
        }
    },
    {
        "#": 29,
        "Track Title": "Swingish - Bonus Track",
        "Artist": "Infected Mushroom",
        "Key": "9B",
        "Energy": 8.344,
        "Popularity": 2.98,
        "BPM": 130,
        "DJ Play Count": 0,
        "Rating": "*******",
        "My Tag": [
            "[Psy-Trance]",
            "2010s",
            "Happy"
        ],
        "Additional Info": {
            "id": "67It9a2vVLm5enbNl3JUbt",
            "explicit": false,
            "album": "Army of Mushrooms",
            "release_date": "2012-05-08",
            "genres": [
                "psychedelic trance"
            ],
            "duration": 376615,
            "acousticness": 0.0114,
            "danceability": 8.056000000000001,
            "instrumentalness": 0.893,
            "liveness": 0.0756,
            "loudness": -5.141,
            "speechiness": 0.0815,
            "time_signature": 4,
            "happiness": 7.606
        }
    },
    {
        "#": 30,
        "Track Title": "The Pretender",
        "Artist": "Infected Mushroom",
        "Key": "1A",
        "Energy": 9.568,
        "Popularity": 5.5,
        "BPM": 87,
        "DJ Play Count": 0,
        "Rating": "*******",
        "My Tag": [
            "[Psy-Trance]",
            "2010s"
        ],
        "Additional Info": {
            "id": "0iGPqIcglmqPUTMv7X2VEb",
            "explicit": false,
            "album": "Army of Mushrooms",
            "release_date": "2012-05-08",
            "genres": [
                "psychedelic trance"
            ],
            "duration": 394483,
            "acousticness": 0.00152,
            "danceability": 5.428,
            "instrumentalness": 0.0966,
            "liveness": 0.103,
            "loudness": -4.875,
            "speechiness": 0.0687,
            "time_signature": 4,
            "happiness": 4.357
        }
    },
    {
        "#": 31,
        "Track Title": "I Shine",
        "Artist": "Infected Mushroom",
        "Key": "11B",
        "Energy": 9.073,
        "Popularity": 3.79,
        "BPM": 130,
        "DJ Play Count": 0,
        "Rating": "*******",
        "My Tag": [
            "[Psy-Trance]",
            "2010s",
            "Happy"
        ],
        "Additional Info": {
            "id": "0mIQZsVRk5WWGd7DrxUttN",
            "explicit": false,
            "album": "Army of Mushrooms",
            "release_date": "2012-05-08",
            "genres": [
                "psychedelic trance"
            ],
            "duration": 343558,
            "acousticness": 0.0052,
            "danceability": 7.993,
            "instrumentalness": 0.821,
            "liveness": 0.0976,
            "loudness": -6.627,
            "speechiness": 0.0748,
            "time_signature": 4,
            "happiness": 7.6419999999999995
        }
    },
    {
        "#": 32,
        "Track Title": "Serve My Thirst",
        "Artist": "Infected Mushroom",
        "Key": "3B",
        "Energy": 7.687,
        "Popularity": 3.5200000000000005,
        "BPM": 145,
        "DJ Play Count": 0,
        "Rating": "*******",
        "My Tag": [
            "[Psy-Trance]",
            "2010s"
        ],
        "Additional Info": {
            "id": "1puh6hHplDwgPBZLdKnIeC",
            "explicit": false,
            "album": "Army of Mushrooms",
            "release_date": "2012-05-08",
            "genres": [
                "psychedelic trance"
            ],
            "duration": 406101,
            "acousticness": 0.00307,
            "danceability": 7.0120000000000005,
            "instrumentalness": 0.37,
            "liveness": 0.0896,
            "loudness": -4.617,
            "speechiness": 0.0893,
            "time_signature": 4,
            "happiness": 4.114
        }
    },
    {
        "#": 33,
        "Track Title": "Wanted To",
        "Artist": "Infected Mushroom",
        "Key": "4B",
        "Energy": 5.869000000000001,
        "Popularity": 4.33,
        "BPM": 145,
        "DJ Play Count": 0,
        "Rating": "*******",
        "My Tag": [
            "[Psy-Trance]",
            "2010s"
        ],
        "Additional Info": {
            "id": "78OcMJ9ADD6BCDa3wMoHfg",
            "explicit": false,
            "album": "Army of Mushrooms",
            "release_date": "2012-05-08",
            "genres": [
                "psychedelic trance"
            ],
            "duration": 204207,
            "acousticness": 0.0507,
            "danceability": 7.003,
            "instrumentalness": 0.404,
            "liveness": 0.0862,
            "loudness": -5.741,
            "speechiness": 0.0527,
            "time_signature": 4,
            "happiness": 5.059
        }
    },
    {
        "#": 34,
        "Track Title": "Send Me an Angel",
        "Artist": "Infected Mushroom",
        "Key": "2A",
        "Energy": 8.218,
        "Popularity": 3.97,
        "BPM": 140,
        "DJ Play Count": 0,
        "Rating": "*******",
        "My Tag": [
            "[Psy-Trance]",
            "2010s"
        ],
        "Additional Info": {
            "id": "5geGjhHEcR76iJ4SH64S7I",
            "explicit": false,
            "album": "Army of Mushrooms",
            "release_date": "2012-05-08",
            "genres": [
                "psychedelic trance"
            ],
            "duration": 445714,
            "acousticness": 0.00217,
            "danceability": 6.652,
            "instrumentalness": 0.000268,
            "liveness": 0.0889,
            "loudness": -4.196,
            "speechiness": 0.0426,
            "time_signature": 4,
            "happiness": 4.5280000000000005
        }
    },
    {
        "#": 35,
        "Track Title": "Nothing to Say",
        "Artist": "Infected Mushroom",
        "Key": "7A",
        "Energy": 9.523,
        "Popularity": 3.34,
        "BPM": 145,
        "DJ Play Count": 0,
        "Rating": "*******",
        "My Tag": [
            "[Psy-Trance]",
            "2010s"
        ],
        "Additional Info": {
            "id": "37xl3yjtFB472sNAJZpwFB",
            "explicit": false,
            "album": "Army of Mushrooms",
            "release_date": "2012-05-08",
            "genres": [
                "psychedelic trance"
            ],
            "duration": 388152,
            "acousticness": 0.00667,
            "danceability": 6.958,
            "instrumentalness": 0.478,
            "liveness": 0.257,
            "loudness": -6.683,
            "speechiness": 0.199,
            "time_signature": 4,
            "happiness": 3.1149999999999998
        }
    },
    {
        "#": 36,
        "Track Title": "Bark - Original Mix",
        "Artist": "Infected Mushroom",
        "Key": "11A",
        "Energy": 8.911,
        "Popularity": 2.8,
        "BPM": 105,
        "DJ Play Count": 0,
        "Rating": "*******",
        "My Tag": [
            "[Psy-Trance]",
            "2010s",
            "Happy"
        ],
        "Additional Info": {
            "id": "0hb4XTQy3p1d6k63WtLoMm",
            "explicit": false,
            "album": "Friends On Mushrooms (Deluxe Edition)",
            "release_date": "2015-01-06",
            "genres": [
                "psychedelic trance"
            ],
            "duration": 249000,
            "acousticness": 0.0289,
            "danceability": 4.906000000000001,
            "instrumentalness": 0.587,
            "liveness": 0.092,
            "loudness": -5.865,
            "speechiness": 0.0907,
            "time_signature": 3,
            "happiness": 8.686
        }
    },
    {
        "#": 37,
        "Track Title": "Who Is There - Original Mix",
        "Artist": "Infected Mushroom",
        "Key": "7A",
        "Energy": 6.391,
        "Popularity": 3.16,
        "BPM": 130,
        "DJ Play Count": 0,
        "Rating": "*******",
        "My Tag": [
            "[Psy-Trance]",
            "2010s"
        ],
        "Additional Info": {
            "id": "4XPBbG8H0qLR5hyvRYloF0",
            "explicit": false,
            "album": "Friends On Mushrooms (Deluxe Edition)",
            "release_date": "2015-01-06",
            "genres": [
                "psychedelic trance"
            ],
            "duration": 244154,
            "acousticness": 0.0719,
            "danceability": 7.353999999999999,
            "instrumentalness": 0.772,
            "liveness": 0.114,
            "loudness": -5.007,
            "speechiness": 0.0457,
            "time_signature": 4,
            "happiness": 5.68
        }
    },
    {
        "#": 38,
        "Track Title": "Where Do I Belong",
        "Artist": "Infected Mushroom",
        "Key": "7A",
        "Energy": 8.578,
        "Popularity": 4.96,
        "BPM": 84,
        "DJ Play Count": 0,
        "Rating": "*******",
        "My Tag": [
            "[Psy-Trance]",
            "2010s",
            "Happy"
        ],
        "Additional Info": {
            "id": "1n3zxreoEYtfbqxw9dKGM1",
            "explicit": false,
            "album": "Friends On Mushrooms (Deluxe Edition)",
            "release_date": "2015-01-06",
            "genres": [
                "psychedelic trance"
            ],
            "duration": 206485,
            "acousticness": 0.542,
            "danceability": 7.282,
            "instrumentalness": 1.62e-06,
            "liveness": 0.17,
            "loudness": -3.971,
            "speechiness": 0.231,
            "time_signature": 4,
            "happiness": 9.504999999999999
        }
    },
    {
        "#": 39,
        "Track Title": "Mambacore",
        "Artist": "Infected Mushroom",
        "Key": "10B",
        "Energy": 7.813,
        "Popularity": 3.34,
        "BPM": 110,
        "DJ Play Count": 0,
        "Rating": "*******",
        "My Tag": [
            "[Psy-Trance]",
            "2010s"
        ],
        "Additional Info": {
            "id": "3wV6Cc3e4PPY6yoKm40Kce",
            "explicit": false,
            "album": "Friends On Mushrooms (Deluxe Edition)",
            "release_date": "2015-01-06",
            "genres": [
                "psychedelic trance"
            ],
            "duration": 258964,
            "acousticness": 0.0319,
            "danceability": 7.561,
            "instrumentalness": 0.884,
            "liveness": 0.102,
            "loudness": -5.482,
            "speechiness": 0.0694,
            "time_signature": 4,
            "happiness": 4.987
        }
    },
    {
        "#": 40,
        "Track Title": "Rise Up - Original Mix",
        "Artist": "Infected Mushroom, Savant",
        "Key": "11A",
        "Energy": 7.561,
        "Popularity": 3.25,
        "BPM": 104,
        "DJ Play Count": 0,
        "Rating": "*******",
        "My Tag": [
            "[Psy-Trance]",
            "2010s",
            "EDM",
            "Fight & Fog"
        ],
        "Additional Info": {
            "id": "14aGFdLbJMmz9737AxsHS8",
            "explicit": false,
            "album": "Friends On Mushrooms (Deluxe Edition)",
            "release_date": "2015-01-06",
            "genres": [
                "psychedelic trance",
                "complextro"
            ],
            "duration": 329143,
            "acousticness": 0.181,
            "danceability": 4.231,
            "instrumentalness": 0.0391,
            "liveness": 0.0859,
            "loudness": -6.836,
            "speechiness": 0.0395,
            "time_signature": 3,
            "happiness": 2.233
        }
    },
    {
        "#": 41,
        "Track Title": "Now is Gold (feat. Kelsy Karter) - Original Mix",
        "Artist": "Infected Mushroom, Kelsy Karter & The Heroines",
        "Key": "4B",
        "Energy": 7.2909999999999995,
        "Popularity": 2.62,
        "BPM": 140,
        "DJ Play Count": 0,
        "Rating": "*******",
        "My Tag": [
            "[Psy-Trance]",
            "2010s",
            "Mad",
            "Rock"
        ],
        "Additional Info": {
            "id": "1d5K4ereQB8z9JZoN01Mqr",
            "explicit": false,
            "album": "Friends On Mushrooms (Deluxe Edition)",
            "release_date": "2015-01-06",
            "genres": [
                "psychedelic trance",
                "alt z"
            ],
            "duration": 353143,
            "acousticness": 0.0446,
            "danceability": 6.616,
            "instrumentalness": 0.607,
            "liveness": 0.344,
            "loudness": -5.685,
            "speechiness": 0.0616,
            "time_signature": 4,
            "happiness": 3.3040000000000003
        }
    },
    {
        "#": 42,
        "Track Title": "Kazabubu",
        "Artist": "Infected Mushroom",
        "Key": "3B",
        "Energy": 6.688,
        "Popularity": 4.24,
        "BPM": 130,
        "DJ Play Count": 0,
        "Rating": "*******",
        "My Tag": [
            "[Psy-Trance]",
            "2010s"
        ],
        "Additional Info": {
            "id": "044rFHrAwk9vZBpqvj4uql",
            "explicit": false,
            "album": "Friends On Mushrooms (Deluxe Edition)",
            "release_date": "2015-01-06",
            "genres": [
                "psychedelic trance"
            ],
            "duration": 384000,
            "acousticness": 0.21,
            "danceability": 7.417,
            "instrumentalness": 0.88,
            "liveness": 0.107,
            "loudness": -7.425,
            "speechiness": 0.0525,
            "time_signature": 4,
            "happiness": 2.98
        }
    },
    {
        "#": 43,
        "Track Title": "Savant on Mushrooms (feat. Savant) - Original Mix",
        "Artist": "Infected Mushroom, Savant",
        "Key": "9A",
        "Energy": 7.426,
        "Popularity": 2.44,
        "BPM": 140,
        "DJ Play Count": 0,
        "Rating": "*******",
        "My Tag": [
            "[Psy-Trance]",
            "2010s",
            "EDM"
        ],
        "Additional Info": {
            "id": "2RM30BMxItKwOt3CO72uIb",
            "explicit": false,
            "album": "Friends On Mushrooms (Deluxe Edition)",
            "release_date": "2015-01-06",
            "genres": [
                "psychedelic trance",
                "complextro"
            ],
            "duration": 378555,
            "acousticness": 0.00446,
            "danceability": 6.58,
            "instrumentalness": 0.201,
            "liveness": 0.217,
            "loudness": -5.748,
            "speechiness": 0.0634,
            "time_signature": 4,
            "happiness": 3.1060000000000003
        }
    },
    {
        "#": 44,
        "Track Title": "Bass Nipple",
        "Artist": "Infected Mushroom",
        "Key": "7A",
        "Energy": 9.028,
        "Popularity": 4.15,
        "BPM": 130,
        "DJ Play Count": 0,
        "Rating": "*******",
        "My Tag": [
            "[Psy-Trance]",
            "2010s"
        ],
        "Additional Info": {
            "id": "4bQ11CjonNWB0nmw4dS5HW",
            "explicit": false,
            "album": "Friends On Mushrooms (Deluxe Edition)",
            "release_date": "2015-01-06",
            "genres": [
                "psychedelic trance"
            ],
            "duration": 293987,
            "acousticness": 0.0569,
            "danceability": 6.58,
            "instrumentalness": 0.729,
            "liveness": 0.236,
            "loudness": -4.141,
            "speechiness": 0.0535,
            "time_signature": 4,
            "happiness": 3.754
        }
    },
    {
        "#": 45,
        "Track Title": "The Surgeon",
        "Artist": "Infected Mushroom",
        "Key": "4B",
        "Energy": 4.779999999999999,
        "Popularity": 3.5200000000000005,
        "BPM": 90,
        "DJ Play Count": 0,
        "Rating": "*******",
        "My Tag": [
            "[Psy-Trance]",
            "2010s"
        ],
        "Additional Info": {
            "id": "4isvq5lLabPr3r3aEB6hBn",
            "explicit": false,
            "album": "Converting Vegetarians II",
            "release_date": "2015-09-11",
            "genres": [
                "psychedelic trance"
            ],
            "duration": 381371,
            "acousticness": 0.234,
            "danceability": 5.671,
            "instrumentalness": 0.902,
            "liveness": 0.111,
            "loudness": -15.622,
            "speechiness": 0.0442,
            "time_signature": 4,
            "happiness": 1.684
        }
    },
    {
        "#": 46,
        "Track Title": "Stuck in a Loop",
        "Artist": "Infected Mushroom",
        "Key": "7A",
        "Energy": 4.744,
        "Popularity": 3.0700000000000003,
        "BPM": 140,
        "DJ Play Count": 0,
        "Rating": "*******",
        "My Tag": [
            "[Psy-Trance]",
            "2010s"
        ],
        "Additional Info": {
            "id": "2S9YT1J8mi2g9eqpLpwH2J",
            "explicit": false,
            "album": "Converting Vegetarians II",
            "release_date": "2015-09-11",
            "genres": [
                "psychedelic trance"
            ],
            "duration": 263647,
            "acousticness": 0.713,
            "danceability": 6.526,
            "instrumentalness": 0.848,
            "liveness": 0.107,
            "loudness": -14.131,
            "speechiness": 0.0273,
            "time_signature": 4,
            "happiness": 2.5839999999999996
        }
    },
    {
        "#": 47,
        "Track Title": "Blue Swan 5",
        "Artist": "Infected Mushroom",
        "Key": "8A",
        "Energy": 5.338,
        "Popularity": 3.16,
        "BPM": 105,
        "DJ Play Count": 0,
        "Rating": "*******",
        "My Tag": [
            "[Psy-Trance]",
            "2010s"
        ],
        "Additional Info": {
            "id": "2PWOasF7MBZlZ3lH9KDpZx",
            "explicit": false,
            "album": "Converting Vegetarians II",
            "release_date": "2015-09-11",
            "genres": [
                "psychedelic trance"
            ],
            "duration": 538175,
            "acousticness": 0.605,
            "danceability": 4.231,
            "instrumentalness": 0.927,
            "liveness": 0.118,
            "loudness": -13.877,
            "speechiness": 0.035,
            "time_signature": 4,
            "happiness": 3.277
        }
    },
    {
        "#": 48,
        "Track Title": "Zoan Zound",
        "Artist": "Infected Mushroom",
        "Key": "7A",
        "Energy": 5.3469999999999995,
        "Popularity": 3.25,
        "BPM": 100,
        "DJ Play Count": 0,
        "Rating": "*******",
        "My Tag": [
            "[Psy-Trance]",
            "2010s",
            "Happy"
        ],
        "Additional Info": {
            "id": "1pAYyf5iWBdz84kdGdH6Gc",
            "explicit": false,
            "album": "Converting Vegetarians II",
            "release_date": "2015-09-11",
            "genres": [
                "psychedelic trance"
            ],
            "duration": 271368,
            "acousticness": 0.68,
            "danceability": 7.831,
            "instrumentalness": 0.229,
            "liveness": 0.125,
            "loudness": -16.086,
            "speechiness": 0.0697,
            "time_signature": 4,
            "happiness": 8.137
        }
    },
    {
        "#": 49,
        "Track Title": "Demons of Pain",
        "Artist": "Infected Mushroom",
        "Key": "1A",
        "Energy": 3.709,
        "Popularity": 3.97,
        "BPM": 145,
        "DJ Play Count": 0,
        "Rating": "*******",
        "My Tag": [
            "[Psy-Trance]",
            "2010s"
        ],
        "Additional Info": {
            "id": "4dKPyyDqkocnhSdC9vKpj8",
            "explicit": false,
            "album": "Converting Vegetarians II",
            "release_date": "2015-09-11",
            "genres": [
                "psychedelic trance"
            ],
            "duration": 178787,
            "acousticness": 0.524,
            "danceability": 6.94,
            "instrumentalness": 0.86,
            "liveness": 0.127,
            "loudness": -16.136,
            "speechiness": 0.0313,
            "time_signature": 4,
            "happiness": 5.32
        }
    },
    {
        "#": 50,
        "Track Title": "Pink Froid",
        "Artist": "Infected Mushroom",
        "Key": "8B",
        "Energy": 3.079,
        "Popularity": 4.24,
        "BPM": 100,
        "DJ Play Count": 0,
        "Rating": "*******",
        "My Tag": [
            "[Psy-Trance]",
            "2010s",
            "Mad",
            "Calm"
        ],
        "Additional Info": {
            "id": "65CI93OWChq86DqU7Bb8fP",
            "explicit": false,
            "album": "Converting Vegetarians II",
            "release_date": "2015-09-11",
            "genres": [
                "psychedelic trance"
            ],
            "duration": 460335,
            "acousticness": 0.389,
            "danceability": 6.463,
            "instrumentalness": 0.886,
            "liveness": 0.086,
            "loudness": -15.472,
            "speechiness": 0.027,
            "time_signature": 4,
            "happiness": 1.3339
        }
    },
    {
        "#": 51,
        "Track Title": "Feelings",
        "Artist": "Infected Mushroom",
        "Key": "11A",
        "Energy": 7.057,
        "Popularity": 3.79,
        "BPM": 140,
        "DJ Play Count": 0,
        "Rating": "*******",
        "My Tag": [
            "[Psy-Trance]",
            "2010s"
        ],
        "Additional Info": {
            "id": "5qFiHMn5afpr12zuziA204",
            "explicit": false,
            "album": "Converting Vegetarians II",
            "release_date": "2015-09-11",
            "genres": [
                "psychedelic trance"
            ],
            "duration": 250546,
            "acousticness": 0.261,
            "danceability": 6.22,
            "instrumentalness": 0.116,
            "liveness": 0.121,
            "loudness": -9.725,
            "speechiness": 0.0292,
            "time_signature": 4,
            "happiness": 4.789
        }
    },
    {
        "#": 52,
        "Track Title": "Animatronica",
        "Artist": "Infected Mushroom",
        "Key": "11A",
        "Energy": 5.932,
        "Popularity": 3.5200000000000005,
        "BPM": 100,
        "DJ Play Count": 0,
        "Rating": "*******",
        "My Tag": [
            "[Psy-Trance]",
            "2010s"
        ],
        "Additional Info": {
            "id": "41mNqLTtgVgqpC6z2Lba65",
            "explicit": false,
            "album": "Converting Vegetarians II",
            "release_date": "2015-09-11",
            "genres": [
                "psychedelic trance"
            ],
            "duration": 375177,
            "acousticness": 0.576,
            "danceability": 6.382,
            "instrumentalness": 0.935,
            "liveness": 0.105,
            "loudness": -13.521,
            "speechiness": 0.0374,
            "time_signature": 4,
            "happiness": 4.122999999999999
        }
    },
    {
        "#": 53,
        "Track Title": "Lost In Space",
        "Artist": "Infected Mushroom, Tuna, A-WA",
        "Key": "5A",
        "Energy": 9.298,
        "Popularity": 4.6899999999999995,
        "BPM": 90,
        "DJ Play Count": 0,
        "Rating": "*******",
        "My Tag": [
            "[Psy-Trance]",
            "2010s",
            "Hip Hop",
            "Pop",
            "Israeli - Kibutz"
        ],
        "Additional Info": {
            "id": "6eHkModpBlDnq8vsJ6Ndag",
            "explicit": false,
            "album": "Head of NASA and the 2 Amish Boys",
            "release_date": "2018-12-12",
            "genres": [
                "psychedelic trance",
                "israeli hip hop",
                "israeli pop",
                "yemeni pop"
            ],
            "duration": 295669,
            "acousticness": 0.321,
            "danceability": 6.463,
            "instrumentalness": 0.00375,
            "liveness": 0.104,
            "loudness": -5.245,
            "speechiness": 0.105,
            "time_signature": 4,
            "happiness": 6.274
        }
    },
    {
        "#": 54,
        "Track Title": "Here We Go Go Go",
        "Artist": "Infected Mushroom",
        "Key": "1A",
        "Energy": 8.857,
        "Popularity": 4.33,
        "BPM": 128,
        "DJ Play Count": 0,
        "Rating": "*******",
        "My Tag": [
            "[Psy-Trance]",
            "2010s"
        ],
        "Additional Info": {
            "id": "5wTudWQXd6Sjy6nH22fsYv",
            "explicit": false,
            "album": "Head of NASA and the 2 Amish Boys",
            "release_date": "2018-12-12",
            "genres": [
                "psychedelic trance"
            ],
            "duration": 355031,
            "acousticness": 0.105,
            "danceability": 7.66,
            "instrumentalness": 0.784,
            "liveness": 0.0985,
            "loudness": -5.576,
            "speechiness": 0.0871,
            "time_signature": 4,
            "happiness": 3.439
        }
    },
    {
        "#": 55,
        "Track Title": "Walking on the Moon",
        "Artist": "Infected Mushroom",
        "Key": "7A",
        "Energy": 7.191999999999999,
        "Popularity": 4.6899999999999995,
        "BPM": 130,
        "DJ Play Count": 0,
        "Rating": "*******",
        "My Tag": [
            "[Psy-Trance]",
            "2010s",
            "Happy"
        ],
        "Additional Info": {
            "id": "7BqVE1nGdJ5iv9KQs6GCC4",
            "explicit": false,
            "album": "Head of NASA and the 2 Amish Boys",
            "release_date": "2018-12-12",
            "genres": [
                "psychedelic trance"
            ],
            "duration": 336000,
            "acousticness": 0.304,
            "danceability": 7.651,
            "instrumentalness": 0.88,
            "liveness": 0.234,
            "loudness": -6.824,
            "speechiness": 0.039,
            "time_signature": 4,
            "happiness": 8.029
        }
    },
    {
        "#": 56,
        "Track Title": "Bliss on Mushrooms",
        "Artist": "Infected Mushroom, Bliss, MIYAVI",
        "Key": "2A",
        "Energy": 7.588,
        "Popularity": 5.140000000000001,
        "BPM": 140,
        "DJ Play Count": 0,
        "Rating": "*******",
        "My Tag": [
            "[Psy-Trance]",
            "2010s",
            "Fight & Fog"
        ],
        "Additional Info": {
            "id": "6rCcJf8p7z9QDlfzmBVSVl",
            "explicit": false,
            "album": "Head of NASA and the 2 Amish Boys",
            "release_date": "2018-12-12",
            "genres": [
                "psychedelic trance",
                "psychedelic trance",
                "visual kei"
            ],
            "duration": 570978,
            "acousticness": 0.0169,
            "danceability": 6.058000000000001,
            "instrumentalness": 0.788,
            "liveness": 0.118,
            "loudness": -5.896,
            "speechiness": 0.0489,
            "time_signature": 4,
            "happiness": 1.666
        }
    },
    {
        "#": 57,
        "Track Title": "Liquid Smoke",
        "Artist": "Infected Mushroom",
        "Key": "2A",
        "Energy": 5.716,
        "Popularity": 1.0,
        "BPM": 140,
        "DJ Play Count": 0,
        "Rating": "*******",
        "My Tag": [
            "[Psy-Trance]",
            "2010s"
        ],
        "Additional Info": {
            "id": "0OY9UVA8RTHS3Ql36jAQBw",
            "explicit": false,
            "album": "Return to the Sauce",
            "release_date": "2017-01-27",
            "genres": [
                "psychedelic trance"
            ],
            "duration": 399584,
            "acousticness": 0.0253,
            "danceability": 5.482,
            "instrumentalness": 0.807,
            "liveness": 0.122,
            "loudness": -6.162,
            "speechiness": 0.0912,
            "time_signature": 4,
            "happiness": 2.926
        }
    },
    {
        "#": 58,
        "Track Title": "Demons of Pain - Remix",
        "Artist": "Infected Mushroom",
        "Key": "1A",
        "Energy": 7.039000000000001,
        "Popularity": 1.0,
        "BPM": 145,
        "DJ Play Count": 0,
        "Rating": "*******",
        "My Tag": [
            "[Psy-Trance]",
            "2010s"
        ],
        "Additional Info": {
            "id": "6JRGpeUq0DbfVU5uy49HaA",
            "explicit": false,
            "album": "Return to the Sauce",
            "release_date": "2017-01-27",
            "genres": [
                "psychedelic trance"
            ],
            "duration": 468414,
            "acousticness": 0.088,
            "danceability": 4.779999999999999,
            "instrumentalness": 0.869,
            "liveness": 0.139,
            "loudness": -6.492,
            "speechiness": 0.0674,
            "time_signature": 4,
            "happiness": 6.076
        }
    },
    {
        "#": 59,
        "Track Title": "Gravity Waves - Infected Mushroom 2017 Remix",
        "Artist": "Xerox, Infected Mushroom",
        "Key": "1A",
        "Energy": 7.507,
        "Popularity": 1.0,
        "BPM": 147,
        "DJ Play Count": 0,
        "Rating": "*******",
        "My Tag": [
            "[Psy-Trance]",
            "2010s"
        ],
        "Additional Info": {
            "id": "6UlivYj4tfGOgcdp87Eo92",
            "explicit": false,
            "album": "Return to the Sauce",
            "release_date": "2017-01-27",
            "genres": [
                "full on",
                "progressive psytrance",
                "psychedelic trance",
                "psychedelic trance"
            ],
            "duration": 516327,
            "acousticness": 0.00147,
            "danceability": 6.904,
            "instrumentalness": 0.788,
            "liveness": 0.503,
            "loudness": -5.789,
            "speechiness": 0.0732,
            "time_signature": 4,
            "happiness": 3.133
        }
    },
    {
        "#": 60,
        "Track Title": "Groove Attack",
        "Artist": "Infected Mushroom",
        "Key": "7A",
        "Energy": 6.607,
        "Popularity": 1.0,
        "BPM": 140,
        "DJ Play Count": 0,
        "Rating": "*******",
        "My Tag": [
            "[Psy-Trance]",
            "2010s"
        ],
        "Additional Info": {
            "id": "3jhiOCULupedtpWCQnIhie",
            "explicit": false,
            "album": "Return to the Sauce",
            "release_date": "2017-01-27",
            "genres": [
                "psychedelic trance"
            ],
            "duration": 408000,
            "acousticness": 0.0278,
            "danceability": 7.588,
            "instrumentalness": 0.786,
            "liveness": 0.0994,
            "loudness": -6.084,
            "speechiness": 0.0817,
            "time_signature": 4,
            "happiness": 1.4095
        }
    },
    {
        "#": 61,
        "Track Title": "Manipulator",
        "Artist": "Infected Mushroom",
        "Key": "7A",
        "Energy": 6.814,
        "Popularity": 1.0,
        "BPM": 138,
        "DJ Play Count": 0,
        "Rating": "*******",
        "My Tag": [
            "[Psy-Trance]",
            "2010s"
        ],
        "Additional Info": {
            "id": "2rNtIDkU1maJJrvq5PVue8",
            "explicit": false,
            "album": "Return to the Sauce",
            "release_date": "2017-01-27",
            "genres": [
                "psychedelic trance"
            ],
            "duration": 393302,
            "acousticness": 0.00301,
            "danceability": 6.913,
            "instrumentalness": 0.809,
            "liveness": 0.113,
            "loudness": -4.754,
            "speechiness": 0.04,
            "time_signature": 4,
            "happiness": 5.572
        }
    },
    {
        "#": 62,
        "Track Title": "Flamingo",
        "Artist": "Infected Mushroom",
        "Key": "8A",
        "Energy": 6.535,
        "Popularity": 1.0,
        "BPM": 79,
        "DJ Play Count": 0,
        "Rating": "*******",
        "My Tag": [
            "[Psy-Trance]",
            "2010s"
        ],
        "Additional Info": {
            "id": "4tpg4LeqxZpSYx4kDZzfKc",
            "explicit": false,
            "album": "Return to the Sauce",
            "release_date": "2017-01-27",
            "genres": [
                "psychedelic trance"
            ],
            "duration": 524191,
            "acousticness": 0.0188,
            "danceability": 6.138999999999999,
            "instrumentalness": 0.658,
            "liveness": 0.11,
            "loudness": -5.968,
            "speechiness": 0.0372,
            "time_signature": 3,
            "happiness": 3.1060000000000003
        }
    },
    {
        "#": 63,
        "Track Title": "Saeed - Paranormal Attack & Skazi Remix",
        "Artist": "Infected Mushroom, Paranormal Attack, Skazi",
        "Key": "3B",
        "Energy": 9.532,
        "Popularity": 1.0,
        "BPM": 140,
        "DJ Play Count": 0,
        "Rating": "*******",
        "My Tag": [
            "[Psy-Trance]",
            "2010s",
            "Fight & Fog"
        ],
        "Additional Info": {
            "id": "50tUMn6P26omoBXM7T3PQE",
            "explicit": false,
            "album": "IM21, Pt. 1",
            "release_date": "2018-03-09",
            "genres": [
                "psychedelic trance",
                "psychedelic trance",
                "psychedelic trance"
            ],
            "duration": 266643,
            "acousticness": 0.000563,
            "danceability": 6.553,
            "instrumentalness": 0.0426,
            "liveness": 0.103,
            "loudness": -4.576,
            "speechiness": 0.0901,
            "time_signature": 4,
            "happiness": 2.9619999999999997
        }
    },
    {
        "#": 64,
        "Track Title": "Suliman",
        "Artist": "Infected Mushroom",
        "Key": "7A",
        "Energy": 7.732,
        "Popularity": 4.0600000000000005,
        "BPM": 145,
        "DJ Play Count": 0,
        "Rating": "*******",
        "My Tag": [
            "[Psy-Trance]",
            "2000s",
            "Fight & Fog"
        ],
        "Additional Info": {
            "id": "2MhWOwy6fjN9j5QY290z8d",
            "explicit": false,
            "album": "Vicious Delicious",
            "release_date": "2007-04-01",
            "genres": [
                "psychedelic trance"
            ],
            "duration": 370760,
            "acousticness": 0.00616,
            "danceability": 6.76,
            "instrumentalness": 0.869,
            "liveness": 0.147,
            "loudness": -6.696,
            "speechiness": 0.0517,
            "time_signature": 4,
            "happiness": 2.782
        }
    },
    {
        "#": 65,
        "Track Title": "Trance Party - Original Mix",
        "Artist": "Infected Mushroom",
        "Key": "1A",
        "Energy": 9.235,
        "Popularity": 3.5200000000000005,
        "BPM": 130,
        "DJ Play Count": 0,
        "Rating": "*******",
        "My Tag": [
            "[Psy-Trance]",
            "2010s"
        ],
        "Additional Info": {
            "id": "1uMsjRtwFIV3QFlykBkm3j",
            "explicit": false,
            "album": "Friends On Mushrooms, Vol. 2",
            "release_date": "2013-07-16",
            "genres": [
                "psychedelic trance"
            ],
            "duration": 461538,
            "acousticness": 0.162,
            "danceability": 6.327999999999999,
            "instrumentalness": 0.875,
            "liveness": 0.103,
            "loudness": -5.059,
            "speechiness": 0.0439,
            "time_signature": 4,
            "happiness": 4.6899999999999995
        }
    },
    {
        "#": 66,
        "Track Title": "Return to the Sauce",
        "Artist": "Infected Mushroom",
        "Key": "3B",
        "Energy": 7.8580000000000005,
        "Popularity": 4.51,
        "BPM": 140,
        "DJ Play Count": 0,
        "Rating": "*******",
        "My Tag": [
            "[Psy-Trance]",
            "2010s"
        ],
        "Additional Info": {
            "id": "0CQWpmYoZOCG6l0RVLSfsj",
            "explicit": false,
            "album": "Return to the Sauce",
            "release_date": "2017-01-27",
            "genres": [
                "psychedelic trance"
            ],
            "duration": 466286,
            "acousticness": 0.0119,
            "danceability": 5.293,
            "instrumentalness": 0.823,
            "liveness": 0.118,
            "loudness": -5.431,
            "speechiness": 0.0692,
            "time_signature": 4,
            "happiness": 4.9510000000000005
        }
    },
    {
        "#": 67,
        "Track Title": "Fields of Grey (feat. Sasha Grey)",
        "Artist": "Infected Mushroom, Sasha Grey",
        "Key": "12A",
        "Energy": 7.426,
        "Popularity": 4.24,
        "BPM": 130,
        "DJ Play Count": 0,
        "Rating": "*******",
        "My Tag": [
            "[Psy-Trance]",
            "2010s"
        ],
        "Additional Info": {
            "id": "3rqMKYNPG3Zjx4jhlpbtqU",
            "explicit": false,
            "album": "Converting Vegetarians II",
            "release_date": "2015-09-11",
            "genres": [
                "psychedelic trance"
            ],
            "duration": 264000,
            "acousticness": 0.0197,
            "danceability": 6.562,
            "instrumentalness": 0.0675,
            "liveness": 0.105,
            "loudness": -7.032,
            "speechiness": 0.0309,
            "time_signature": 4,
            "happiness": 4.33
        }
    },
    {
        "#": 68,
        "Track Title": "A Cookie From Space",
        "Artist": "Infected Mushroom, Bliss",
        "Key": "2B",
        "Energy": 8.677,
        "Popularity": 3.88,
        "BPM": 145,
        "DJ Play Count": 0,
        "Rating": "*******",
        "My Tag": [
            "[Psy-Trance]",
            "2020s",
            "Fight & Fog"
        ],
        "Additional Info": {
            "id": "7q2h3i7mn0mpO847Yo4rUC",
            "explicit": false,
            "album": "A Cookie From Space",
            "release_date": "2022-07-07",
            "genres": [
                "psychedelic trance",
                "psychedelic trance"
            ],
            "duration": 619716,
            "acousticness": 0.0151,
            "danceability": 3.169,
            "instrumentalness": 0.826,
            "liveness": 0.0801,
            "loudness": -6.818,
            "speechiness": 0.0527,
            "time_signature": 4,
            "happiness": 2.2600000000000002
        }
    },
    {
        "#": 69,
        "Track Title": "Ani Mevushal",
        "Artist": "Infected Mushroom, Bliss",
        "Key": "1A",
        "Energy": 8.047,
        "Popularity": 4.6899999999999995,
        "BPM": 145,
        "DJ Play Count": 0,
        "Rating": "*******",
        "My Tag": [
            "[Psy-Trance]",
            "2020s",
            "Fight & Fog"
        ],
        "Additional Info": {
            "id": "0fi3GSDCqPMEkdDbgFOXVc",
            "explicit": false,
            "album": "More than Just a Name",
            "release_date": "2020-03-23",
            "genres": [
                "psychedelic trance",
                "psychedelic trance"
            ],
            "duration": 531310,
            "acousticness": 0.00455,
            "danceability": 6.157,
            "instrumentalness": 0.751,
            "liveness": 0.0783,
            "loudness": -5.649,
            "speechiness": 0.0602,
            "time_signature": 4,
            "happiness": 2.593
        }
    },
    {
        "#": 70,
        "Track Title": "More of Just the Same",
        "Artist": "Infected Mushroom, WHITENO1SE",
        "Key": "10B",
        "Energy": 7.335999999999999,
        "Popularity": 4.87,
        "BPM": 140,
        "DJ Play Count": 0,
        "Rating": "*******",
        "My Tag": [
            "[Psy-Trance]",
            "2020s",
            "Fight & Fog"
        ],
        "Additional Info": {
            "id": "3c9DkPaBKxwVETIxQhQydW",
            "explicit": false,
            "album": "More than Just a Name",
            "release_date": "2020-03-23",
            "genres": [
                "psychedelic trance",
                "psychedelic trance"
            ],
            "duration": 428557,
            "acousticness": 0.0659,
            "danceability": 6.22,
            "instrumentalness": 0.538,
            "liveness": 0.0948,
            "loudness": -6.819,
            "speechiness": 0.105,
            "time_signature": 4,
            "happiness": 2.026
        }
    }
]