[
    {
        "#": 1,
        "Track Title": "Deeply Disturbed",
        "Artist": "Infected Mushroom",
        "Key": "1A",
        "Energy": 7.4799999999999995,
        "Popularity": 3.88,
        "BPM": 145,
        "DJ Play Count": 0,
        "Rating": "*******",
        "My Tag": [
            "[Psy-Trance]",
            "2000s"
        ],
        "Additional Info": {
            "id": "4GfzxWkOtBoK8pstJ0SL45",
            "explicit": false,
            "album": "Converting Vegetarians",
            "release_date": "2003-08-06",
            "genres": [
                "psychedelic trance"
            ],
            "duration": 506467,
            "acousticness": 0.0236,
            "danceability": 7.03,
            "instrumentalness": 0.875,
            "liveness": 0.104,
            "loudness": -10.485,
            "speechiness": 0.0498,
            "time_signature": 4,
            "happiness": 5.689
        }
    },
    {
        "#": 2,
        "Track Title": "Suliman",
        "Artist": "Infected Mushroom",
        "Key": "7A",
        "Energy": 7.75,
        "Popularity": 4.33,
        "BPM": 145,
        "DJ Play Count": 0,
        "Rating": "*******",
        "My Tag": [
            "[Psy-Trance]",
            "2000s",
            "Fight & Fog"
        ],
        "Additional Info": {
            "id": "3w5lH18VTgWpVpXd5im236",
            "explicit": false,
            "album": "Vicious Delicious",
            "release_date": "2007-04-01",
            "genres": [
                "psychedelic trance"
            ],
            "duration": 370760,
            "acousticness": 0.006,
            "danceability": 6.796,
            "instrumentalness": 0.892,
            "liveness": 0.147,
            "loudness": -6.701,
            "speechiness": 0.0566,
            "time_signature": 4,
            "happiness": 2.512
        }
    },
    {
        "#": 3,
        "Track Title": "Cities Of The Future",
        "Artist": "Infected Mushroom",
        "Key": "9B",
        "Energy": 8.847999999999999,
        "Popularity": 4.6899999999999995,
        "BPM": 145,
        "DJ Play Count": 0,
        "Rating": "*******",
        "My Tag": [
            "[Psy-Trance]",
            "2000s"
        ],
        "Additional Info": {
            "id": "5EEDnjtmJ0gDuygYlUFMAb",
            "explicit": false,
            "album": "I'm The Supervisor",
            "release_date": "2004-07-14",
            "genres": [
                "psychedelic trance"
            ],
            "duration": 419720,
            "acousticness": 0.00971,
            "danceability": 7.138000000000001,
            "instrumentalness": 0.436,
            "liveness": 0.11,
            "loudness": -5.949,
            "speechiness": 0.104,
            "time_signature": 4,
            "happiness": 4.744
        }
    },
    {
        "#": 4,
        "Track Title": "Vicious Delicious",
        "Artist": "Infected Mushroom",
        "Key": "3B",
        "Energy": 8.551,
        "Popularity": 3.88,
        "BPM": 145,
        "DJ Play Count": 0,
        "Rating": "*******",
        "My Tag": [
            "[Psy-Trance]",
            "2000s"
        ],
        "Additional Info": {
            "id": "5gZLtRAQOhH0T16GkZUT0C",
            "explicit": false,
            "album": "Vicious Delicious",
            "release_date": "2007-04-01",
            "genres": [
                "psychedelic trance"
            ],
            "duration": 444907,
            "acousticness": 0.00123,
            "danceability": 6.2829999999999995,
            "instrumentalness": 0.82,
            "liveness": 0.0932,
            "loudness": -5.948,
            "speechiness": 0.0411,
            "time_signature": 4,
            "happiness": 3.853
        }
    },
    {
        "#": 5,
        "Track Title": "Muse Breaks RMX",
        "Artist": "Infected Mushroom",
        "Key": "7A",
        "Energy": 6.823,
        "Popularity": 4.51,
        "BPM": 146,
        "DJ Play Count": 0,
        "Rating": "*******",
        "My Tag": [
            "[Psy-Trance]",
            "2000s"
        ],
        "Additional Info": {
            "id": "2F15XyWBzhrRTBaqTl769U",
            "explicit": false,
            "album": "I'm The Supervisor",
            "release_date": "2004-07-14",
            "genres": [
                "psychedelic trance"
            ],
            "duration": 429027,
            "acousticness": 0.0246,
            "danceability": 7.093,
            "instrumentalness": 0.606,
            "liveness": 0.097,
            "loudness": -6.902,
            "speechiness": 0.0569,
            "time_signature": 4,
            "happiness": 3.466
        }
    },
    {
        "#": 6,
        "Track Title": "End Of The Road",
        "Artist": "Infected Mushroom",
        "Key": "9B",
        "Energy": 6.2829999999999995,
        "Popularity": 1.0,
        "BPM": 145,
        "DJ Play Count": 0,
        "Rating": "*******",
        "My Tag": [
            "[Psy-Trance]",
            "2000s"
        ],
        "Additional Info": {
            "id": "3QYLkV4hVE9dyfyjNY5beA",
            "explicit": false,
            "album": "Legend Of The Black Shawarma",
            "release_date": "2009-09-06",
            "genres": [
                "psychedelic trance"
            ],
            "duration": 407173,
            "acousticness": 0.00194,
            "danceability": 7.759,
            "instrumentalness": 0.869,
            "liveness": 0.105,
            "loudness": -6.18,
            "speechiness": 0.07,
            "time_signature": 4,
            "happiness": 4.0600000000000005
        }
    },
    {
        "#": 7,
        "Track Title": "Bust A Move",
        "Artist": "Infected Mushroom",
        "Key": "7A",
        "Energy": 8.416,
        "Popularity": 3.61,
        "BPM": 145,
        "DJ Play Count": 0,
        "Rating": "*******",
        "My Tag": [
            "[Psy-Trance]",
            "2000s"
        ],
        "Additional Info": {
            "id": "6b4ZdmDCWLBe7kJVwOKLQF",
            "explicit": false,
            "album": "Classical Mushroom",
            "release_date": "2000-01-01",
            "genres": [
                "psychedelic trance"
            ],
            "duration": 501533,
            "acousticness": 0.00412,
            "danceability": 5.815,
            "instrumentalness": 0.517,
            "liveness": 0.207,
            "loudness": -9.851,
            "speechiness": 0.0372,
            "time_signature": 4,
            "happiness": 5.878
        }
    },
    {
        "#": 8,
        "Track Title": "Heavyweight",
        "Artist": "Infected Mushroom",
        "Key": "12A",
        "Energy": 6.445,
        "Popularity": 4.779999999999999,
        "BPM": 140,
        "DJ Play Count": 0,
        "Rating": "*******",
        "My Tag": [
            "[Psy-Trance]",
            "2000s"
        ],
        "Additional Info": {
            "id": "48HelMaBXoGa2UxE6nDlqX",
            "explicit": false,
            "album": "Vicious Delicious",
            "release_date": "2007-04-01",
            "genres": [
                "psychedelic trance"
            ],
            "duration": 521013,
            "acousticness": 0.0232,
            "danceability": 6.391,
            "instrumentalness": 0.729,
            "liveness": 0.172,
            "loudness": -7.26,
            "speechiness": 0.0317,
            "time_signature": 4,
            "happiness": 2.3049999999999997
        }
    },
    {
        "#": 9,
        "Track Title": "Becoming Insane",
        "Artist": "Infected Mushroom",
        "Key": "10B",
        "Energy": 8.379999999999999,
        "Popularity": 5.95,
        "BPM": 145,
        "DJ Play Count": 0,
        "Rating": "*******",
        "My Tag": [
            "[Psy-Trance]",
            "2000s"
        ],
        "Additional Info": {
            "id": "22DnBQIIXFPJNRGuNjWlSg",
            "explicit": false,
            "album": "Vicious Delicious",
            "release_date": "2007-04-01",
            "genres": [
                "psychedelic trance"
            ],
            "duration": 440267,
            "acousticness": 0.00368,
            "danceability": 6.886,
            "instrumentalness": 0.364,
            "liveness": 0.195,
            "loudness": -5.769,
            "speechiness": 0.0648,
            "time_signature": 4,
            "happiness": 6.553
        }
    },
    {
        "#": 10,
        "Track Title": "Special Place",
        "Artist": "Infected Mushroom",
        "Key": "12A",
        "Energy": 7.966,
        "Popularity": 3.79,
        "BPM": 145,
        "DJ Play Count": 0,
        "Rating": "*******",
        "My Tag": [
            "[Psy-Trance]",
            "2000s"
        ],
        "Additional Info": {
            "id": "7BotkB2TY6bZdTzGtbwyTR",
            "explicit": false,
            "album": "Vicious Delicious",
            "release_date": "2007-04-01",
            "genres": [
                "psychedelic trance"
            ],
            "duration": 413467,
            "acousticness": 0.0277,
            "danceability": 4.9239999999999995,
            "instrumentalness": 0.793,
            "liveness": 0.487,
            "loudness": -7.692,
            "speechiness": 0.0619,
            "time_signature": 4,
            "happiness": 5.617
        }
    },
    {
        "#": 11,
        "Track Title": "I Wish",
        "Artist": "Infected Mushroom",
        "Key": "2B",
        "Energy": 7.84,
        "Popularity": 4.779999999999999,
        "BPM": 145,
        "DJ Play Count": 0,
        "Rating": "*******",
        "My Tag": [
            "[Psy-Trance]",
            "2000s",
            "Happy"
        ],
        "Additional Info": {
            "id": "5sdDzzl866nMO5HQaNWrUH",
            "explicit": false,
            "album": "Converting Vegetarians",
            "release_date": "2003-08-06",
            "genres": [
                "psychedelic trance"
            ],
            "duration": 180893,
            "acousticness": 0.2,
            "danceability": 7.209999999999999,
            "instrumentalness": 0.289,
            "liveness": 0.0779,
            "loudness": -10.18,
            "speechiness": 0.101,
            "time_signature": 4,
            "happiness": 8.722
        }
    },
    {
        "#": 12,
        "Track Title": "Saeed",
        "Artist": "Infected Mushroom",
        "Key": "7A",
        "Energy": 8.614,
        "Popularity": 1.0,
        "BPM": 145,
        "DJ Play Count": 0,
        "Rating": "*******",
        "My Tag": [
            "[Psy-Trance]",
            "2000s"
        ],
        "Additional Info": {
            "id": "2NRFvNVeJ7GVQ46WW8lUbx",
            "explicit": false,
            "album": "Legend Of The Black Shawarma",
            "release_date": "2009-09-06",
            "genres": [
                "psychedelic trance"
            ],
            "duration": 423720,
            "acousticness": 0.0053,
            "danceability": 6.111999999999999,
            "instrumentalness": 0.416,
            "liveness": 0.128,
            "loudness": -5.565,
            "speechiness": 0.0691,
            "time_signature": 4,
            "happiness": 4.033
        }
    },
    {
        "#": 13,
        "Track Title": "Pink Nightmares - Album Mix",
        "Artist": "Infected Mushroom",
        "Key": "7A",
        "Energy": 7.8580000000000005,
        "Popularity": 1.0,
        "BPM": 145,
        "DJ Play Count": 0,
        "Rating": "*******",
        "My Tag": [
            "[Psy-Trance]",
            "2010s"
        ],
        "Additional Info": {
            "id": "3F1qZCIy0HqRojNyRD5eex",
            "explicit": false,
            "album": "Pink Nightmares",
            "release_date": "2011-08-03",
            "genres": [
                "psychedelic trance"
            ],
            "duration": 366251,
            "acousticness": 0.00653,
            "danceability": 6.904,
            "instrumentalness": 0.605,
            "liveness": 0.0989,
            "loudness": -6.971,
            "speechiness": 0.0478,
            "time_signature": 4,
            "happiness": 4.311999999999999
        }
    },
    {
        "#": 14,
        "Track Title": "Merlin (Infected Remix)",
        "Artist": "Infected Mushroom",
        "Key": "11B",
        "Energy": 8.632,
        "Popularity": 2.2600000000000002,
        "BPM": 145,
        "DJ Play Count": 0,
        "Rating": "*******",
        "My Tag": [
            "[Psy-Trance]",
            "2000s"
        ],
        "Additional Info": {
            "id": "2ujI7M8gAkDv3HdzwtX9sz",
            "explicit": false,
            "album": "Becoming Insane",
            "release_date": "2007-04-01",
            "genres": [
                "psychedelic trance"
            ],
            "duration": 503093,
            "acousticness": 0.0391,
            "danceability": 6.8500000000000005,
            "instrumentalness": 0.824,
            "liveness": 0.0939,
            "loudness": -6.812,
            "speechiness": 0.0483,
            "time_signature": 4,
            "happiness": 6.9670000000000005
        }
    }
]