[
    {
        "#": 1,
        "Track Title": "When We Come Alive",
        "Artist": "Armin van Buuren, Vini Vici, ALBA",
        "Key": "11B",
        "Energy": 9.532,
        "Popularity": 7.03,
        "BPM": 103,
        "DJ Play Count": 0,
        "Rating": "*******",
        "My Tag": [
            "[Psy-Trance]",
            "2020s",
            "Dance Remixes",
            "Flying High",
            "Pop",
            "EDM",
            "Fight & Fog"
        ],
        "Additional Info": {
            "id": "0g2XaTyNihXISfqnhuv7HH",
            "explicit": false,
            "album": "When We Come Alive",
            "release_date": "2023-04-21",
            "genres": [
                "dutch house",
                "dutch trance",
                "edm",
                "pop dance",
                "progressive house",
                "trance",
                "progressive uplifting trance"
            ],
            "duration": 180024,
            "acousticness": 0.00141,
            "danceability": 6.175,
            "instrumentalness": 0.000119,
            "liveness": 0.332,
            "loudness": -4.87,
            "speechiness": 0.141,
            "time_signature": 3,
            "happiness": 1.918
        }
    },
    {
        "#": 2,
        "Track Title": "Wild",
        "Artist": "Steve Aoki, Vini Vici",
        "Key": "11B",
        "Energy": 8.748999999999999,
        "Popularity": 5.5,
        "BPM": 138,
        "DJ Play Count": 0,
        "Rating": "*******",
        "My Tag": [
            "[Psy-Trance]",
            "2020s",
            "Dance Remixes",
            "Pop",
            "EDM",
            "Fight & Fog"
        ],
        "Additional Info": {
            "id": "6HziIqUKIzfSAHOpVtALrL",
            "explicit": false,
            "album": "Wild",
            "release_date": "2023-03-24",
            "genres": [
                "edm",
                "electro house",
                "pop dance",
                "progressive uplifting trance"
            ],
            "duration": 137391,
            "acousticness": 0.00243,
            "danceability": 7.236999999999999,
            "instrumentalness": 0.631,
            "liveness": 0.469,
            "loudness": -6.885,
            "speechiness": 0.226,
            "time_signature": 4,
            "happiness": 1.6183
        }
    },
    {
        "#": 3,
        "Track Title": "Easy Ride",
        "Artist": "Vini Vici, Ghost Rider, WYLDE",
        "Key": "2B",
        "Energy": 6.643,
        "Popularity": 4.24,
        "BPM": 138,
        "DJ Play Count": 0,
        "Rating": "*******",
        "My Tag": [
            "[Psy-Trance]",
            "2020s"
        ],
        "Additional Info": {
            "id": "2DnCUrxaj0mjwlMC6sC5pb",
            "explicit": false,
            "album": "Easy Ride",
            "release_date": "2022-12-16",
            "genres": [
                "progressive uplifting trance",
                "progressive psytrance",
                "psychedelic trance"
            ],
            "duration": 168693,
            "acousticness": 0.102,
            "danceability": 6.877000000000001,
            "instrumentalness": 0.146,
            "liveness": 0.155,
            "loudness": -6.76,
            "speechiness": 0.0487,
            "time_signature": 4,
            "happiness": 2.8449999999999998
        }
    },
    {
        "#": 4,
        "Track Title": "Visions",
        "Artist": "Alchimyst",
        "Key": "9B",
        "Energy": 9.577,
        "Popularity": 4.42,
        "BPM": 140,
        "DJ Play Count": 0,
        "Rating": "*******",
        "My Tag": [
            "[Psy-Trance]",
            "2020s",
            "Fight & Fog"
        ],
        "Additional Info": {
            "id": "4s83mmQLGfo2wxiE1xTWkN",
            "explicit": false,
            "album": "Visions",
            "release_date": "2023-03-03",
            "genres": [],
            "duration": 396000,
            "acousticness": 0.0137,
            "danceability": 6.372999999999999,
            "instrumentalness": 0.763,
            "liveness": 0.46,
            "loudness": -3.626,
            "speechiness": 0.0744,
            "time_signature": 4,
            "happiness": 1.3447
        }
    },
    {
        "#": 5,
        "Track Title": "Delirium",
        "Artist": "D-Stroyer, Jean Marie, Thomas Deil",
        "Key": "3B",
        "Energy": 9.82,
        "Popularity": 4.87,
        "BPM": 75,
        "DJ Play Count": 0,
        "Rating": "*******",
        "My Tag": [
            "[Psy-Trance]",
            "2020s",
            "Fight & Fog"
        ],
        "Additional Info": {
            "id": "0la6K1PDmSEOWcqvxBfVLy",
            "explicit": false,
            "album": "Delirium",
            "release_date": "2023-06-09",
            "genres": [
                "hardstyle"
            ],
            "duration": 177200,
            "acousticness": 0.000135,
            "danceability": 3.1060000000000003,
            "instrumentalness": 0.772,
            "liveness": 0.102,
            "loudness": -4.639,
            "speechiness": 0.0599,
            "time_signature": 4,
            "happiness": 2.827
        }
    },
    {
        "#": 6,
        "Track Title": "Drink And Shout",
        "Artist": "Prezioso, Vini Vici, Shibui",
        "Key": "1A",
        "Energy": 9.145,
        "Popularity": 7.66,
        "BPM": 67,
        "DJ Play Count": 0,
        "Rating": "*******",
        "My Tag": [
            "[Psy-Trance]",
            "2020s",
            "Happy",
            "EDM"
        ],
        "Additional Info": {
            "id": "6V5LMAIGNd7qMjco5JjUSa",
            "explicit": false,
            "album": "Drink And Shout",
            "release_date": "2023-02-10",
            "genres": [
                "italo dance",
                "progressive uplifting trance"
            ],
            "duration": 138889,
            "acousticness": 0.205,
            "danceability": 6.4719999999999995,
            "instrumentalness": 1.26e-05,
            "liveness": 0.0975,
            "loudness": -4.926,
            "speechiness": 0.155,
            "time_signature": 4,
            "happiness": 5.896000000000001
        }
    },
    {
        "#": 7,
        "Track Title": "Rapture",
        "Artist": "Vini Vici, Mira Feder",
        "Key": "6A",
        "Energy": 9.316,
        "Popularity": 5.32,
        "BPM": 138,
        "DJ Play Count": 0,
        "Rating": "*******",
        "My Tag": [
            "[Psy-Trance]",
            "2020s"
        ],
        "Additional Info": {
            "id": "16V8meQabrUEUI5GRC8x4K",
            "explicit": false,
            "album": "Rapture",
            "release_date": "2022-08-12",
            "genres": [
                "progressive uplifting trance"
            ],
            "duration": 201739,
            "acousticness": 0.0498,
            "danceability": 6.382,
            "instrumentalness": 0.00598,
            "liveness": 0.292,
            "loudness": -5.147,
            "speechiness": 0.053,
            "time_signature": 4,
            "happiness": 4.546
        }
    },
    {
        "#": 8,
        "Track Title": "Beautiful Life (Shine Ibiza Anthem 2023)",
        "Artist": "Paul van Dyk, Marc Van Linden, Sue McLaren",
        "Key": "10B",
        "Energy": 9.738999999999999,
        "Popularity": 5.140000000000001,
        "BPM": 138,
        "DJ Play Count": 0,
        "Rating": "*******",
        "My Tag": [
            "[Psy-Trance]",
            "2020s",
            "Flying High",
            "EDM"
        ],
        "Additional Info": {
            "id": "1YTq0uv3qGz8xdacDzCzNX",
            "explicit": false,
            "album": "Beautiful Life (Shine Ibiza Anthem 2023)",
            "release_date": "2023-06-09",
            "genres": [
                "german techno",
                "trance",
                "uplifting trance",
                "bubble trance",
                "vocal trance"
            ],
            "duration": 203739,
            "acousticness": 5.63e-05,
            "danceability": 5.113,
            "instrumentalness": 0.61,
            "liveness": 0.332,
            "loudness": -5.662,
            "speechiness": 0.038,
            "time_signature": 4,
            "happiness": 3.34
        }
    },
    {
        "#": 9,
        "Track Title": "Yahe - Original Mix",
        "Artist": "Animato, Darwish",
        "Key": "9B",
        "Energy": 9.298,
        "Popularity": 4.0600000000000005,
        "BPM": 140,
        "DJ Play Count": 0,
        "Rating": "*******",
        "My Tag": [
            "[Psy-Trance]",
            "2020s",
            "Fight & Fog"
        ],
        "Additional Info": {
            "id": "2u4UNFuqU9GDGE8ffALCN7",
            "explicit": false,
            "album": "Yahe",
            "release_date": "2023-03-27",
            "genres": [
                "progressive psytrance",
                "psychedelic trance"
            ],
            "duration": 486857,
            "acousticness": 0.000194,
            "danceability": 6.751,
            "instrumentalness": 0.8,
            "liveness": 0.104,
            "loudness": -7.067,
            "speechiness": 0.0389,
            "time_signature": 4,
            "happiness": 2.08
        }
    },
    {
        "#": 10,
        "Track Title": "Out of Body Experience",
        "Artist": "JUNAM",
        "Key": "2A",
        "Energy": 9.073,
        "Popularity": 4.33,
        "BPM": 140,
        "DJ Play Count": 0,
        "Rating": "*******",
        "My Tag": [
            "[Psy-Trance]",
            "2020s",
            "Fight & Fog"
        ],
        "Additional Info": {
            "id": "2XRAN3Fq0BjucCLLlNE3eb",
            "explicit": false,
            "album": "Out of Body Experience",
            "release_date": "2023-04-28",
            "genres": [],
            "duration": 207429,
            "acousticness": 0.00632,
            "danceability": 7.138000000000001,
            "instrumentalness": 0.603,
            "liveness": 0.081,
            "loudness": -5.718,
            "speechiness": 0.0478,
            "time_signature": 4,
            "happiness": 2.233
        }
    },
    {
        "#": 11,
        "Track Title": "The Age of Love 2022",
        "Artist": "Dimitri Vegas & Like Mike, Age Of Love, Vini Vici",
        "Key": "2B",
        "Energy": 6.868,
        "Popularity": 6.13,
        "BPM": 142,
        "DJ Play Count": 0,
        "Rating": "*******",
        "My Tag": [
            "[Psy-Trance]",
            "2020s",
            "Dance Remixes",
            "Club-Hotel",
            "Pop",
            "EDM"
        ],
        "Additional Info": {
            "id": "6KvYwiJbPUzmBw7Wif2aMX",
            "explicit": false,
            "album": "The Age of Love 2022",
            "release_date": "2022-10-14",
            "genres": [
                "belgian dance",
                "belgian edm",
                "big room",
                "dutch house",
                "edm",
                "electro house",
                "pop dance",
                "progressive electro house",
                "bubble trance",
                "progressive uplifting trance"
            ],
            "duration": 189561,
            "acousticness": 0.669,
            "danceability": 4.708,
            "instrumentalness": 0.673,
            "liveness": 0.0884,
            "loudness": -10.537,
            "speechiness": 0.0406,
            "time_signature": 4,
            "happiness": 3.979
        }
    },
    {
        "#": 12,
        "Track Title": "Our Moment - Samra remix",
        "Artist": "Ace Ventura, Loud, Samra",
        "Key": "3B",
        "Energy": 9.865,
        "Popularity": 3.97,
        "BPM": 142,
        "DJ Play Count": 0,
        "Rating": "*******",
        "My Tag": [
            "[Psy-Trance]",
            "2020s",
            "Fight & Fog"
        ],
        "Additional Info": {
            "id": "6qkK1xUvbz2A4IRX0Hs7ZS",
            "explicit": false,
            "album": "Our Moment (Samra Remix)",
            "release_date": "2023-04-07",
            "genres": [
                "progressive psytrance",
                "psychedelic trance",
                "psychedelic trance"
            ],
            "duration": 503662,
            "acousticness": 0.000861,
            "danceability": 6.058000000000001,
            "instrumentalness": 0.888,
            "liveness": 0.18,
            "loudness": -5.127,
            "speechiness": 0.0996,
            "time_signature": 4,
            "happiness": 1.4284
        }
    },
    {
        "#": 13,
        "Track Title": "Otherside",
        "Artist": "Vini Vici, WHITENO1SE, Eytan Peled",
        "Key": "11A",
        "Energy": 9.334,
        "Popularity": 5.5,
        "BPM": 140,
        "DJ Play Count": 0,
        "Rating": "*******",
        "My Tag": [
            "[Psy-Trance]",
            "2020s",
            "Fight & Fog"
        ],
        "Additional Info": {
            "id": "5Vx0adNfQ9acNFltwiXd2Z",
            "explicit": false,
            "album": "Otherside",
            "release_date": "2022-11-18",
            "genres": [
                "progressive uplifting trance",
                "psychedelic trance"
            ],
            "duration": 167250,
            "acousticness": 0.00193,
            "danceability": 6.247,
            "instrumentalness": 0.628,
            "liveness": 0.0849,
            "loudness": -4.695,
            "speechiness": 0.0813,
            "time_signature": 4,
            "happiness": 1.5949
        }
    },
    {
        "#": 14,
        "Track Title": "Technotricks - Original mix",
        "Artist": "Oxiv",
        "Key": "3A",
        "Energy": 8.559999999999999,
        "Popularity": 2.44,
        "BPM": 142,
        "DJ Play Count": 0,
        "Rating": "*******",
        "My Tag": [
            "[Psy-Trance]",
            "2020s",
            "Fight & Fog"
        ],
        "Additional Info": {
            "id": "2MVV2adcEu1C1yszA72e9P",
            "explicit": false,
            "album": "Technotricks",
            "release_date": "2023-04-10",
            "genres": [],
            "duration": 508732,
            "acousticness": 0.00116,
            "danceability": 7.2909999999999995,
            "instrumentalness": 0.861,
            "liveness": 0.109,
            "loudness": -8.87,
            "speechiness": 0.044,
            "time_signature": 4,
            "happiness": 1.7731
        }
    },
    {
        "#": 15,
        "Track Title": "Bang Bang (Sighter Remix)",
        "Artist": "Neelix, Sighter",
        "Key": "8B",
        "Energy": 8.992,
        "Popularity": 5.41,
        "BPM": 140,
        "DJ Play Count": 0,
        "Rating": "*******",
        "My Tag": [
            "[Psy-Trance]",
            "2020s",
            "EDM"
        ],
        "Additional Info": {
            "id": "0RouPGzaeagaqzXMGhTXva",
            "explicit": false,
            "album": "Bang Bang (Sighter Remix)",
            "release_date": "2023-04-21",
            "genres": [
                "german techno",
                "progressive psytrance",
                "trance brasileiro"
            ],
            "duration": 296571,
            "acousticness": 0.00131,
            "danceability": 6.697,
            "instrumentalness": 0.872,
            "liveness": 0.196,
            "loudness": -5.683,
            "speechiness": 0.0468,
            "time_signature": 4,
            "happiness": 3.322
        }
    },
    {
        "#": 16,
        "Track Title": "Wolf",
        "Artist": "Reality Test, TOX1C",
        "Key": "9B",
        "Energy": 9.549999999999999,
        "Popularity": 3.88,
        "BPM": 140,
        "DJ Play Count": 0,
        "Rating": "*******",
        "My Tag": [
            "[Psy-Trance]",
            "2020s"
        ],
        "Additional Info": {
            "id": "4RSY5uJJqz2Vu6nSRTYnie",
            "explicit": false,
            "album": "Wolf",
            "release_date": "2023-01-06",
            "genres": [
                "psychedelic trance"
            ],
            "duration": 190286,
            "acousticness": 0.0074,
            "danceability": 6.652,
            "instrumentalness": 0.19,
            "liveness": 0.212,
            "loudness": -5.106,
            "speechiness": 0.0495,
            "time_signature": 4,
            "happiness": 4.2669999999999995
        }
    },
    {
        "#": 17,
        "Track Title": "We Got The Fire",
        "Artist": "Schameleon, Lewii",
        "Key": "8B",
        "Energy": 7.228,
        "Popularity": 3.16,
        "BPM": 142,
        "DJ Play Count": 0,
        "Rating": "*******",
        "My Tag": [
            "[Psy-Trance]",
            "2020s",
            "Fight & Fog"
        ],
        "Additional Info": {
            "id": "4HFN5EdXZCD4NHArMUAGGR",
            "explicit": false,
            "album": "We Got The Fire",
            "release_date": "2023-04-27",
            "genres": [],
            "duration": 389000,
            "acousticness": 0.00684,
            "danceability": 8.245000000000001,
            "instrumentalness": 0.135,
            "liveness": 0.109,
            "loudness": -6.131,
            "speechiness": 0.069,
            "time_signature": 4,
            "happiness": 1.7758
        }
    },
    {
        "#": 18,
        "Track Title": "The Rave",
        "Artist": "Alchimyst",
        "Key": "3B",
        "Energy": 9.514,
        "Popularity": 3.79,
        "BPM": 104,
        "DJ Play Count": 0,
        "Rating": "*******",
        "My Tag": [
            "[Psy-Trance]",
            "2020s",
            "Fight & Fog"
        ],
        "Additional Info": {
            "id": "6YGYBCiHJTSqCsWatWfYbp",
            "explicit": false,
            "album": "Visions",
            "release_date": "2023-03-03",
            "genres": [],
            "duration": 370286,
            "acousticness": 0.00656,
            "danceability": 4.915,
            "instrumentalness": 0.797,
            "liveness": 0.17,
            "loudness": -3.717,
            "speechiness": 0.0589,
            "time_signature": 3,
            "happiness": 1.6435
        }
    },
    {
        "#": 19,
        "Track Title": "Drive Me Crazy (Symphonix, Odiseo Remix)",
        "Artist": "2UP, Symphonix, Odiseo",
        "Key": "9B",
        "Energy": 8.119,
        "Popularity": 4.42,
        "BPM": 140,
        "DJ Play Count": 0,
        "Rating": "*******",
        "My Tag": [
            "[Psy-Trance]",
            "2020s"
        ],
        "Additional Info": {
            "id": "152Sc4YGkFeNPAkxnxGG8c",
            "explicit": false,
            "album": "Drive Me Crazy (Symphonix, Odiseo Remix)",
            "release_date": "2023-04-28",
            "genres": [
                "mexican tech house",
                "german trance",
                "progressive psytrance",
                "psychedelic trance",
                "progressive psytrance",
                "trance mexicano"
            ],
            "duration": 257357,
            "acousticness": 0.00622,
            "danceability": 7.678,
            "instrumentalness": 0.449,
            "liveness": 0.17,
            "loudness": -6.065,
            "speechiness": 0.0463,
            "time_signature": 4,
            "happiness": 5.329
        }
    },
    {
        "#": 20,
        "Track Title": "Esta Si",
        "Artist": "Vini Vici, Diego Miranda, Chimo Bayo",
        "Key": "9B",
        "Energy": 9.693999999999999,
        "Popularity": 4.51,
        "BPM": 138,
        "DJ Play Count": 0,
        "Rating": "*******",
        "My Tag": [
            "[Psy-Trance]",
            "2020s",
            "Fight & Fog"
        ],
        "Additional Info": {
            "id": "3reyHrjQqNBv35CBKKfX2s",
            "explicit": false,
            "album": "Esta Si",
            "release_date": "2022-09-30",
            "genres": [
                "progressive uplifting trance",
                "makina",
                "ruta destroy"
            ],
            "duration": 155217,
            "acousticness": 0.0242,
            "danceability": 7.588,
            "instrumentalness": 0.108,
            "liveness": 0.268,
            "loudness": -5.769,
            "speechiness": 0.16,
            "time_signature": 4,
            "happiness": 1.8469
        }
    },
    {
        "#": 21,
        "Track Title": "Salvation",
        "Artist": "Eddie Bitar, Talpa",
        "Key": "9B",
        "Energy": 7.831,
        "Popularity": 3.34,
        "BPM": 140,
        "DJ Play Count": 0,
        "Rating": "*******",
        "My Tag": [
            "[Psy-Trance]",
            "2020s",
            "Fight & Fog"
        ],
        "Additional Info": {
            "id": "7MiQjiHubFr3Tzud79y92W",
            "explicit": false,
            "album": "Salvation",
            "release_date": "2023-03-24",
            "genres": [
                "progressive psytrance",
                "progressive psytrance",
                "psychedelic trance"
            ],
            "duration": 382286,
            "acousticness": 0.0153,
            "danceability": 7.12,
            "instrumentalness": 0.866,
            "liveness": 0.0861,
            "loudness": -9.619,
            "speechiness": 0.0377,
            "time_signature": 4,
            "happiness": 1.3618000000000001
        }
    },
    {
        "#": 22,
        "Track Title": "Lo Nevosh",
        "Artist": "Gabry Ponte, Vini Vici, Zafrir",
        "Key": "4A",
        "Energy": 9.549999999999999,
        "Popularity": 4.6899999999999995,
        "BPM": 104,
        "DJ Play Count": 0,
        "Rating": "*******",
        "My Tag": [
            "[Psy-Trance]",
            "2020s",
            "Club-Hotel",
            "Happy",
            "EDM",
            "Fight & Fog"
        ],
        "Additional Info": {
            "id": "3hYWcQkxlGEiOtDjfKsD7d",
            "explicit": false,
            "album": "Lo Nevosh",
            "release_date": "2022-05-20",
            "genres": [
                "eurodance",
                "italo dance",
                "slap house",
                "progressive uplifting trance",
                "big room",
                "slap house"
            ],
            "duration": 163478,
            "acousticness": 0.000424,
            "danceability": 3.25,
            "instrumentalness": 0.574,
            "liveness": 0.0823,
            "loudness": -5.051,
            "speechiness": 0.134,
            "time_signature": 3,
            "happiness": 1.8613
        }
    },
    {
        "#": 23,
        "Track Title": "Be Felt",
        "Artist": "Henix-R",
        "Key": "8B",
        "Energy": 6.724,
        "Popularity": 2.8899999999999997,
        "BPM": 138,
        "DJ Play Count": 0,
        "Rating": "*******",
        "My Tag": [
            "[Psy-Trance]",
            "2020s"
        ],
        "Additional Info": {
            "id": "5zggjqa4cP9dvkoBYvcqrb",
            "explicit": false,
            "album": "Be Felt",
            "release_date": "2023-04-13",
            "genres": [],
            "duration": 508400,
            "acousticness": 0.014,
            "danceability": 8.137,
            "instrumentalness": 0.586,
            "liveness": 0.0927,
            "loudness": -8.014,
            "speechiness": 0.0586,
            "time_signature": 4,
            "happiness": 3.151
        }
    },
    {
        "#": 24,
        "Track Title": "Down - Vini Vici, Vegas Remix",
        "Artist": "illusionize, Vini Vici, Vegas (Brazil)",
        "Key": "12B",
        "Energy": 7.768,
        "Popularity": 5.32,
        "BPM": 140,
        "DJ Play Count": 0,
        "Rating": "*******",
        "My Tag": [
            "[Psy-Trance]",
            "2020s",
            "EDM",
            "Fight & Fog"
        ],
        "Additional Info": {
            "id": "4aTxLz00W4Gd5kWwZlyazJ",
            "explicit": false,
            "album": "Down (Vini Vici, Vegas Remix)",
            "release_date": "2022-04-22",
            "genres": [
                "brazilian bass",
                "brazilian edm",
                "brazilian house",
                "progressive uplifting trance",
                "trance brasileiro"
            ],
            "duration": 178762,
            "acousticness": 0.0409,
            "danceability": 7.606,
            "instrumentalness": 0.409,
            "liveness": 0.0758,
            "loudness": -7.097,
            "speechiness": 0.169,
            "time_signature": 4,
            "happiness": 1.3681
        }
    },
    {
        "#": 25,
        "Track Title": "Breath",
        "Artist": "Broosh",
        "Key": "9B",
        "Energy": 6.976,
        "Popularity": 1.72,
        "BPM": 143,
        "DJ Play Count": 0,
        "Rating": "*******",
        "My Tag": [
            "[Psy-Trance]",
            "2020s"
        ],
        "Additional Info": {
            "id": "3uMP7lQD7ystiis9MkrnJ6",
            "explicit": false,
            "album": "Marine",
            "release_date": "2023-04-14",
            "genres": [],
            "duration": 416224,
            "acousticness": 0.0109,
            "danceability": 7.497999999999999,
            "instrumentalness": 0.827,
            "liveness": 0.163,
            "loudness": -9.0,
            "speechiness": 0.0673,
            "time_signature": 4,
            "happiness": 6.31
        }
    },
    {
        "#": 26,
        "Track Title": "Your Eyes",
        "Artist": "Trip-Tamine, Brandon Hombre, D-Nation",
        "Key": "8B",
        "Energy": 8.254000000000001,
        "Popularity": 2.5300000000000002,
        "BPM": 75,
        "DJ Play Count": 0,
        "Rating": "*******",
        "My Tag": [
            "[Psy-Trance]",
            "2020s"
        ],
        "Additional Info": {
            "id": "37t2z8QBSKIjzPOBpPjWnN",
            "explicit": false,
            "album": "Your Eyes",
            "release_date": "2023-04-07",
            "genres": [],
            "duration": 197371,
            "acousticness": 0.00972,
            "danceability": 7.696,
            "instrumentalness": 0.00317,
            "liveness": 0.552,
            "loudness": -5.382,
            "speechiness": 0.0746,
            "time_signature": 4,
            "happiness": 6.643
        }
    },
    {
        "#": 27,
        "Track Title": "Cafe del Mar",
        "Artist": "Dimitri Vegas & Like Mike, Vini Vici, MATTN",
        "Key": "7A",
        "Energy": 9.73,
        "Popularity": 2.62,
        "BPM": 136,
        "DJ Play Count": 0,
        "Rating": "*******",
        "My Tag": [
            "[Psy-Trance]",
            "2020s",
            "Dance Remixes",
            "Club-Hotel",
            "Pop",
            "EDM"
        ],
        "Additional Info": {
            "id": "7zeY6vAvTUrBdlcJJeUlat",
            "explicit": false,
            "album": "Cafe del Mar",
            "release_date": "2022-04-01",
            "genres": [
                "belgian dance",
                "belgian edm",
                "big room",
                "dutch house",
                "edm",
                "electro house",
                "pop dance",
                "progressive electro house",
                "progressive uplifting trance",
                "belgian edm",
                "sky room"
            ],
            "duration": 211765,
            "acousticness": 0.0177,
            "danceability": 5.599,
            "instrumentalness": 0.864,
            "liveness": 0.149,
            "loudness": -5.387,
            "speechiness": 0.0526,
            "time_signature": 4,
            "happiness": 4.339
        }
    },
    {
        "#": 28,
        "Track Title": "Weekend Warriors",
        "Artist": "Pribe",
        "Key": "9B",
        "Energy": 9.424000000000001,
        "Popularity": 2.8899999999999997,
        "BPM": 138,
        "DJ Play Count": 0,
        "Rating": "*******",
        "My Tag": [
            "[Psy-Trance]",
            "2020s",
            "Fight & Fog"
        ],
        "Additional Info": {
            "id": "5kOIrNlNehCoV27zQlWzWr",
            "explicit": false,
            "album": "Weekend Warriors",
            "release_date": "2023-04-06",
            "genres": [
                "german trance"
            ],
            "duration": 210000,
            "acousticness": 0.00134,
            "danceability": 5.383,
            "instrumentalness": 0.341,
            "liveness": 0.529,
            "loudness": -5.882,
            "speechiness": 0.0904,
            "time_signature": 4,
            "happiness": 2.971
        }
    },
    {
        "#": 29,
        "Track Title": "Yama",
        "Artist": "Armin van Buuren, Vini Vici, Tribal Dance, Natalie Wamba Berry",
        "Key": "7B",
        "Energy": 9.586,
        "Popularity": 5.32,
        "BPM": 138,
        "DJ Play Count": 0,
        "Rating": "*******",
        "My Tag": [
            "[Psy-Trance]",
            "2020s",
            "Dance Remixes",
            "Flying High",
            "Pop",
            "EDM",
            "Fight & Fog"
        ],
        "Additional Info": {
            "id": "6IDkdabcsyZmLQDCMtp6An",
            "explicit": false,
            "album": "Yama",
            "release_date": "2021-10-22",
            "genres": [
                "dutch house",
                "dutch trance",
                "edm",
                "pop dance",
                "progressive house",
                "trance",
                "progressive uplifting trance"
            ],
            "duration": 196522,
            "acousticness": 0.0122,
            "danceability": 6.481,
            "instrumentalness": 0.05,
            "liveness": 0.138,
            "loudness": -5.506,
            "speechiness": 0.171,
            "time_signature": 4,
            "happiness": 2.053
        }
    },
    {
        "#": 30,
        "Track Title": "Depths of Subconscious - Original Mix",
        "Artist": "Out Of Silence",
        "Key": "11B",
        "Energy": 9.523,
        "Popularity": 2.5300000000000002,
        "BPM": 143,
        "DJ Play Count": 0,
        "Rating": "*******",
        "My Tag": [
            "[Psy-Trance]",
            "2020s",
            "Fight & Fog"
        ],
        "Additional Info": {
            "id": "6EHTHMDPUtLnpfnXySzYqL",
            "explicit": false,
            "album": "Depths of Subconscious",
            "release_date": "2023-04-14",
            "genres": [],
            "duration": 480313,
            "acousticness": 0.000352,
            "danceability": 7.174,
            "instrumentalness": 0.78,
            "liveness": 0.0876,
            "loudness": -6.081,
            "speechiness": 0.0675,
            "time_signature": 4,
            "happiness": 1.342
        }
    },
    {
        "#": 31,
        "Track Title": "Sweet Harmony",
        "Artist": "Vini Vici, Berg",
        "Key": "6A",
        "Energy": 7.516,
        "Popularity": 4.51,
        "BPM": 138,
        "DJ Play Count": 0,
        "Rating": "*******",
        "My Tag": [
            "[Psy-Trance]",
            "2020s"
        ],
        "Additional Info": {
            "id": "166EdekvYW9WCri2CSNKCH",
            "explicit": false,
            "album": "Sweet Harmony",
            "release_date": "2022-03-11",
            "genres": [
                "progressive uplifting trance",
                "progressive psytrance",
                "psychedelic trance"
            ],
            "duration": 183007,
            "acousticness": 0.155,
            "danceability": 6.364,
            "instrumentalness": 0.106,
            "liveness": 0.166,
            "loudness": -7.074,
            "speechiness": 0.0415,
            "time_signature": 4,
            "happiness": 3.871
        }
    },
    {
        "#": 32,
        "Track Title": "In the Middle",
        "Artist": "Vini Vici, Omiki",
        "Key": "6A",
        "Energy": 8.937999999999999,
        "Popularity": 4.15,
        "BPM": 138,
        "DJ Play Count": 0,
        "Rating": "*******",
        "My Tag": [
            "[Psy-Trance]",
            "2020s",
            "Fight & Fog"
        ],
        "Additional Info": {
            "id": "64xXJHoaNRJ9yXIXrubb0t",
            "explicit": false,
            "album": "In the Middle",
            "release_date": "2022-02-18",
            "genres": [
                "progressive uplifting trance",
                "progressive psytrance",
                "psychedelic trance"
            ],
            "duration": 186087,
            "acousticness": 0.00852,
            "danceability": 5.473,
            "instrumentalness": 0.0353,
            "liveness": 0.12,
            "loudness": -7.217,
            "speechiness": 0.0504,
            "time_signature": 4,
            "happiness": 1.5724
        }
    },
    {
        "#": 33,
        "Track Title": "Astro",
        "Artist": "WHITENO1SE, TERRA",
        "Key": "10B",
        "Energy": 9.019,
        "Popularity": 3.97,
        "BPM": 142,
        "DJ Play Count": 0,
        "Rating": "*******",
        "My Tag": [
            "[Psy-Trance]",
            "2020s",
            "Fight & Fog"
        ],
        "Additional Info": {
            "id": "1iLaDU8rk4kErOgMsWaw9B",
            "explicit": false,
            "album": "Astro",
            "release_date": "2022-03-04",
            "genres": [
                "psychedelic trance",
                "psychedelic trance"
            ],
            "duration": 325868,
            "acousticness": 0.00512,
            "danceability": 5.284,
            "instrumentalness": 0.274,
            "liveness": 0.0693,
            "loudness": -6.921,
            "speechiness": 0.062,
            "time_signature": 4,
            "happiness": 2.6109999999999998
        }
    },
    {
        "#": 34,
        "Track Title": "11:11",
        "Artist": "Vini Vici, Pawan Nair",
        "Key": "3B",
        "Energy": 9.289,
        "Popularity": 4.42,
        "BPM": 136,
        "DJ Play Count": 0,
        "Rating": "*******",
        "My Tag": [
            "[Psy-Trance]",
            "2020s",
            "Fight & Fog"
        ],
        "Additional Info": {
            "id": "0nJu3is8rdbac8Lk04XgBJ",
            "explicit": false,
            "album": "11:11",
            "release_date": "2022-01-14",
            "genres": [
                "progressive uplifting trance"
            ],
            "duration": 393529,
            "acousticness": 0.000956,
            "danceability": 5.788,
            "instrumentalness": 0.887,
            "liveness": 0.19,
            "loudness": -7.104,
            "speechiness": 0.0372,
            "time_signature": 4,
            "happiness": 1.3699
        }
    },
    {
        "#": 35,
        "Track Title": "Far From Home",
        "Artist": "Timmy Trumpet, Vini Vici, Omiki",
        "Key": "9B",
        "Energy": 7.534,
        "Popularity": 4.51,
        "BPM": 137,
        "DJ Play Count": 0,
        "Rating": "*******",
        "My Tag": [
            "[Psy-Trance]",
            "2020s",
            "Dance Remixes",
            "Club-Hotel",
            "EDM"
        ],
        "Additional Info": {
            "id": "4u5gUi7D1SJy8vcn4eWhWb",
            "explicit": false,
            "album": "Far From Home",
            "release_date": "2021-08-13",
            "genres": [
                "australian dance",
                "big room",
                "melbourne bounce",
                "melbourne bounce international",
                "progressive uplifting trance",
                "progressive psytrance",
                "psychedelic trance"
            ],
            "duration": 166982,
            "acousticness": 0.0533,
            "danceability": 4.159,
            "instrumentalness": 1.96e-06,
            "liveness": 0.0968,
            "loudness": -5.714,
            "speechiness": 0.0702,
            "time_signature": 4,
            "happiness": 4.627000000000001
        }
    },
    {
        "#": 36,
        "Track Title": "Everyday Rockstars",
        "Artist": "Vini Vici, Ranji, Halflives",
        "Key": "8A",
        "Energy": 8.937999999999999,
        "Popularity": 5.140000000000001,
        "BPM": 128,
        "DJ Play Count": 0,
        "Rating": "*******",
        "My Tag": [
            "[Psy-Trance]",
            "2020s",
            "Fight & Fog"
        ],
        "Additional Info": {
            "id": "01j1DsBs6KBsl30wnQ9vCB",
            "explicit": false,
            "album": "Everyday Rockstars",
            "release_date": "2021-03-26",
            "genres": [
                "progressive uplifting trance",
                "psychedelic trance",
                "pixie"
            ],
            "duration": 209375,
            "acousticness": 0.0264,
            "danceability": 4.699,
            "instrumentalness": 0.00365,
            "liveness": 0.263,
            "loudness": -6.809,
            "speechiness": 0.0485,
            "time_signature": 5,
            "happiness": 2.917
        }
    },
    {
        "#": 37,
        "Track Title": "Come Close",
        "Artist": "Vini Vici, Neelix, MKLA",
        "Key": "7A",
        "Energy": 7.9750000000000005,
        "Popularity": 6.31,
        "BPM": 138,
        "DJ Play Count": 0,
        "Rating": "*******",
        "My Tag": [
            "[Psy-Trance]",
            "2020s",
            "EDM"
        ],
        "Additional Info": {
            "id": "71aoIeMlKuQdrkHljBf0nU",
            "explicit": false,
            "album": "Come Close",
            "release_date": "2021-06-25",
            "genres": [
                "progressive uplifting trance",
                "german techno",
                "progressive psytrance"
            ],
            "duration": 194348,
            "acousticness": 0.0945,
            "danceability": 7.633,
            "instrumentalness": 0.349,
            "liveness": 0.191,
            "loudness": -5.443,
            "speechiness": 0.0399,
            "time_signature": 4,
            "happiness": 3.754
        }
    },
    {
        "#": 38,
        "Track Title": "The Little Things",
        "Artist": "Coming Soon!!!",
        "Key": "2A",
        "Energy": 9.973,
        "Popularity": 3.16,
        "BPM": 140,
        "DJ Play Count": 0,
        "Rating": "*******",
        "My Tag": [
            "[Psy-Trance]",
            "2020s"
        ],
        "Additional Info": {
            "id": "46vimMJQmUqbmINJrsE5yY",
            "explicit": false,
            "album": "The Little Things",
            "release_date": "2022-01-28",
            "genres": [
                "progressive psytrance"
            ],
            "duration": 193714,
            "acousticness": 0.00179,
            "danceability": 5.698,
            "instrumentalness": 0.0395,
            "liveness": 0.104,
            "loudness": -3.405,
            "speechiness": 0.0929,
            "time_signature": 4,
            "happiness": 3.187
        }
    },
    {
        "#": 39,
        "Track Title": "Get in Trouble (So What)",
        "Artist": "Dimitri Vegas & Like Mike, Vini Vici, Dimitri Vegas",
        "Key": "3B",
        "Energy": 9.91,
        "Popularity": 6.76,
        "BPM": 138,
        "DJ Play Count": 0,
        "Rating": "*******",
        "My Tag": [
            "[Psy-Trance]",
            "2020s",
            "Dance Remixes",
            "Club-Hotel",
            "Pop",
            "EDM",
            "Fight & Fog"
        ],
        "Additional Info": {
            "id": "5KC7ginqShi7mhDQLttQh0",
            "explicit": false,
            "album": "Get in Trouble (So What)",
            "release_date": "2020-06-05",
            "genres": [
                "belgian dance",
                "belgian edm",
                "big room",
                "dutch house",
                "edm",
                "electro house",
                "pop dance",
                "progressive electro house",
                "progressive uplifting trance",
                "belgian edm"
            ],
            "duration": 161739,
            "acousticness": 0.000206,
            "danceability": 6.022,
            "instrumentalness": 0.376,
            "liveness": 0.0797,
            "loudness": -3.877,
            "speechiness": 0.128,
            "time_signature": 4,
            "happiness": 1.6642000000000001
        }
    },
    {
        "#": 40,
        "Track Title": "Swing - Vini Vici & WHITENO1SE Remix",
        "Artist": "Sofi Tukker, WHITENO1SE, Vini Vici",
        "Key": "3B",
        "Energy": 9.577,
        "Popularity": 3.97,
        "BPM": 104,
        "DJ Play Count": 0,
        "Rating": "*******",
        "My Tag": [
            "[Psy-Trance]",
            "2020s",
            "EDM",
            "Fight & Fog"
        ],
        "Additional Info": {
            "id": "2EoLyegTMspiWsV4mu6iXD",
            "explicit": false,
            "album": "Swing (Vini Vici & WHITENO1SE Remix)",
            "release_date": "2020-03-27",
            "genres": [
                "edm",
                "psychedelic trance",
                "progressive uplifting trance"
            ],
            "duration": 224348,
            "acousticness": 0.00087,
            "danceability": 4.051,
            "instrumentalness": 0.643,
            "liveness": 0.147,
            "loudness": -4.554,
            "speechiness": 0.0799,
            "time_signature": 3,
            "happiness": 2.431
        }
    },
    {
        "#": 41,
        "Track Title": "Acid",
        "Artist": "Vini Vici, Freedom Fighters",
        "Key": "12A",
        "Energy": 9.874,
        "Popularity": 4.33,
        "BPM": 138,
        "DJ Play Count": 0,
        "Rating": "*******",
        "My Tag": [
            "[Psy-Trance]",
            "2020s",
            "Fight & Fog"
        ],
        "Additional Info": {
            "id": "6t2Pa9izGXjBAJfTOnl9cg",
            "explicit": false,
            "album": "Acid",
            "release_date": "2020-10-12",
            "genres": [
                "progressive uplifting trance",
                "progressive psytrance",
                "psychedelic trance",
                "zenonesque"
            ],
            "duration": 373913,
            "acousticness": 0.0144,
            "danceability": 6.22,
            "instrumentalness": 0.853,
            "liveness": 0.115,
            "loudness": -6.185,
            "speechiness": 0.17,
            "time_signature": 4,
            "happiness": 1.3213
        }
    },
    {
        "#": 42,
        "Track Title": "In & Out - Liquid Soul Remix",
        "Artist": "Vini Vici, Emok, Off Limits, Martin Vice, Liquid Soul",
        "Key": "12A",
        "Energy": 8.74,
        "Popularity": 3.5200000000000005,
        "BPM": 138,
        "DJ Play Count": 0,
        "Rating": "*******",
        "My Tag": [
            "[Psy-Trance]",
            "2020s",
            "Fight & Fog"
        ],
        "Additional Info": {
            "id": "1XkLzT3vPo0T0DDWPyt9kW",
            "explicit": false,
            "album": "Life Is a Remix",
            "release_date": "2020-11-20",
            "genres": [
                "progressive uplifting trance",
                "progressive psytrance",
                "progressive psytrance",
                "progressive psytrance",
                "psychedelic trance"
            ],
            "duration": 460870,
            "acousticness": 0.00118,
            "danceability": 7.236999999999999,
            "instrumentalness": 0.733,
            "liveness": 0.272,
            "loudness": -7.264,
            "speechiness": 0.0619,
            "time_signature": 4,
            "happiness": 1.4464
        }
    },
    {
        "#": 43,
        "Track Title": "Move",
        "Artist": "Alchimyst, Coexist, Jasmine Knight",
        "Key": "4A",
        "Energy": 9.73,
        "Popularity": 4.42,
        "BPM": 140,
        "DJ Play Count": 0,
        "Rating": "*******",
        "My Tag": [
            "[Psy-Trance]",
            "2020s",
            "Fight & Fog"
        ],
        "Additional Info": {
            "id": "1V6KX61KpHJ9Z4mtGeroUO",
            "explicit": false,
            "album": "Move",
            "release_date": "2021-01-29",
            "genres": [],
            "duration": 190286,
            "acousticness": 0.0198,
            "danceability": 7.093,
            "instrumentalness": 0.00483,
            "liveness": 0.434,
            "loudness": -4.152,
            "speechiness": 0.322,
            "time_signature": 4,
            "happiness": 1.7092
        }
    },
    {
        "#": 44,
        "Track Title": "Sapane",
        "Artist": "Reality Test, PANGEA, Liora Itzhak",
        "Key": "3A",
        "Energy": 9.757,
        "Popularity": 2.8,
        "BPM": 138,
        "DJ Play Count": 0,
        "Rating": "*******",
        "My Tag": [
            "[Psy-Trance]",
            "2020s"
        ],
        "Additional Info": {
            "id": "5BcbPSdn6FvLfve1M8ebWa",
            "explicit": false,
            "album": "Sapane",
            "release_date": "2021-01-08",
            "genres": [
                "psychedelic trance"
            ],
            "duration": 238261,
            "acousticness": 0.00499,
            "danceability": 6.364,
            "instrumentalness": 0.0136,
            "liveness": 0.109,
            "loudness": -3.681,
            "speechiness": 0.0628,
            "time_signature": 4,
            "happiness": 3.817
        }
    },
    {
        "#": 45,
        "Track Title": "Nevermind",
        "Artist": "Will Sparks",
        "Key": "3A",
        "Energy": 9.118,
        "Popularity": 4.33,
        "BPM": 135,
        "DJ Play Count": 0,
        "Rating": "*******",
        "My Tag": [
            "[Psy-Trance]",
            "2020s",
            "Club-Hotel",
            "EDM",
            "Fight & Fog"
        ],
        "Additional Info": {
            "id": "6zrSdA1OVeHo3Em3Ej5SSv",
            "explicit": false,
            "album": "Nevermind",
            "release_date": "2020-11-13",
            "genres": [
                "big room",
                "melbourne bounce",
                "melbourne bounce international"
            ],
            "duration": 151194,
            "acousticness": 0.000323,
            "danceability": 6.832,
            "instrumentalness": 0.694,
            "liveness": 0.755,
            "loudness": -4.959,
            "speechiness": 0.0516,
            "time_signature": 4,
            "happiness": 1.8721
        }
    },
    {
        "#": 46,
        "Track Title": "Talking with U.f.o's - Ace Ventura & Outsiders Remix",
        "Artist": "Vini Vici, Ace Ventura, Outsiders",
        "Key": "8B",
        "Energy": 9.442,
        "Popularity": 3.16,
        "BPM": 140,
        "DJ Play Count": 0,
        "Rating": "*******",
        "My Tag": [
            "[Psy-Trance]",
            "2020s",
            "Fight & Fog"
        ],
        "Additional Info": {
            "id": "3WjWQpW1O9kxHScj0VV62v",
            "explicit": false,
            "album": "Life Is a Remix",
            "release_date": "2020-11-20",
            "genres": [
                "progressive uplifting trance",
                "progressive psytrance",
                "psychedelic trance",
                "progressive psytrance",
                "psychedelic trance"
            ],
            "duration": 504000,
            "acousticness": 0.000186,
            "danceability": 6.22,
            "instrumentalness": 0.721,
            "liveness": 0.724,
            "loudness": -6.44,
            "speechiness": 0.054,
            "time_signature": 4,
            "happiness": 1.6354
        }
    },
    {
        "#": 47,
        "Track Title": "Rudra",
        "Artist": "Alchimyst, Staccato",
        "Key": "7A",
        "Energy": 9.504999999999999,
        "Popularity": 3.0700000000000003,
        "BPM": 140,
        "DJ Play Count": 0,
        "Rating": "*******",
        "My Tag": [
            "[Psy-Trance]",
            "2020s",
            "Fight & Fog"
        ],
        "Additional Info": {
            "id": "1s3b6pEVwMgwtAXkxjNiPD",
            "explicit": false,
            "album": "Rudra",
            "release_date": "2020-09-21",
            "genres": [],
            "duration": 174590,
            "acousticness": 0.00421,
            "danceability": 6.67,
            "instrumentalness": 0.00328,
            "liveness": 0.127,
            "loudness": -3.281,
            "speechiness": 0.102,
            "time_signature": 4,
            "happiness": 1.7524
        }
    },
    {
        "#": 48,
        "Track Title": "6 Million Years - Original Mix",
        "Artist": "Berg, Major7",
        "Key": "4A",
        "Energy": 7.4079999999999995,
        "Popularity": 2.5300000000000002,
        "BPM": 140,
        "DJ Play Count": 0,
        "Rating": "*******",
        "My Tag": [
            "[Psy-Trance]",
            "2020s"
        ],
        "Additional Info": {
            "id": "0yMCImd7Xy19MNhkOqHC4z",
            "explicit": false,
            "album": "6 Million Years",
            "release_date": "2020-11-23",
            "genres": [
                "progressive psytrance",
                "psychedelic trance",
                "progressive psytrance",
                "psychedelic trance",
                "trance brasileiro"
            ],
            "duration": 361714,
            "acousticness": 0.00698,
            "danceability": 6.841,
            "instrumentalness": 0.866,
            "liveness": 0.0951,
            "loudness": -7.187,
            "speechiness": 0.0414,
            "time_signature": 4,
            "happiness": 3.916
        }
    },
    {
        "#": 49,
        "Track Title": "Heart On The Tree",
        "Artist": "Skazi, Blastoyz",
        "Key": "6A",
        "Energy": 9.118,
        "Popularity": 5.32,
        "BPM": 138,
        "DJ Play Count": 0,
        "Rating": "*******",
        "My Tag": [
            "[Psy-Trance]",
            "2020s"
        ],
        "Additional Info": {
            "id": "65GjGEAs6RfC0PeYUyBTS5",
            "explicit": false,
            "album": "Heart on the Tree",
            "release_date": "2020-08-17",
            "genres": [
                "psychedelic trance",
                "psychedelic trance"
            ],
            "duration": 179130,
            "acousticness": 0.0125,
            "danceability": 6.652,
            "instrumentalness": 0.000783,
            "liveness": 0.405,
            "loudness": -4.96,
            "speechiness": 0.0485,
            "time_signature": 4,
            "happiness": 4.186
        }
    },
    {
        "#": 50,
        "Track Title": "Anything & Everything - Infected Mushroom Remix",
        "Artist": "Vini Vici, Pixel, Infected Mushroom",
        "Key": "1A",
        "Energy": 9.073,
        "Popularity": 3.16,
        "BPM": 138,
        "DJ Play Count": 0,
        "Rating": "*******",
        "My Tag": [
            "[Psy-Trance]",
            "2020s"
        ],
        "Additional Info": {
            "id": "4Dm5O8EaEVHWvYkenVV1pM",
            "explicit": false,
            "album": "Life Is a Remix",
            "release_date": "2020-11-20",
            "genres": [
                "progressive uplifting trance",
                "full on",
                "progressive psytrance",
                "psychedelic trance",
                "psychedelic trance"
            ],
            "duration": 351304,
            "acousticness": 0.0126,
            "danceability": 6.526,
            "instrumentalness": 0.843,
            "liveness": 0.156,
            "loudness": -7.017,
            "speechiness": 0.0573,
            "time_signature": 4,
            "happiness": 3.5200000000000005
        }
    },
    {
        "#": 51,
        "Track Title": "Devil in Me",
        "Artist": "Omiki",
        "Key": "12A",
        "Energy": 9.541,
        "Popularity": 5.5,
        "BPM": 140,
        "DJ Play Count": 0,
        "Rating": "*******",
        "My Tag": [
            "[Psy-Trance]",
            "2020s",
            "Fight & Fog"
        ],
        "Additional Info": {
            "id": "7ydaic6O1E9pVrzQiXYDZt",
            "explicit": false,
            "album": "Devil in Me",
            "release_date": "2020-03-27",
            "genres": [
                "progressive psytrance",
                "psychedelic trance"
            ],
            "duration": 194571,
            "acousticness": 0.0121,
            "danceability": 4.33,
            "instrumentalness": 0.0978,
            "liveness": 0.356,
            "loudness": -5.119,
            "speechiness": 0.14,
            "time_signature": 4,
            "happiness": 1.3204
        }
    },
    {
        "#": 52,
        "Track Title": "Adhana - Blastoyz Remix",
        "Artist": "Vini Vici, Astrix, Blastoyz",
        "Key": "11B",
        "Energy": 9.613,
        "Popularity": 3.43,
        "BPM": 138,
        "DJ Play Count": 0,
        "Rating": "*******",
        "My Tag": [
            "[Psy-Trance]",
            "2020s"
        ],
        "Additional Info": {
            "id": "6Ah9d3Giq9OcilUGJYLfX7",
            "explicit": false,
            "album": "Life Is a Remix",
            "release_date": "2020-11-20",
            "genres": [
                "progressive uplifting trance",
                "full on",
                "nitzhonot",
                "psychedelic trance",
                "psychedelic trance"
            ],
            "duration": 384348,
            "acousticness": 0.00241,
            "danceability": 5.572,
            "instrumentalness": 0.865,
            "liveness": 0.0964,
            "loudness": -3.297,
            "speechiness": 0.0892,
            "time_signature": 4,
            "happiness": 3.6639999999999997
        }
    },
    {
        "#": 53,
        "Track Title": "Runes",
        "Artist": "Alchimyst, P.R.O.G., Maris Bergrune",
        "Key": "3B",
        "Energy": 9.766,
        "Popularity": 4.33,
        "BPM": 140,
        "DJ Play Count": 0,
        "Rating": "*******",
        "My Tag": [
            "[Psy-Trance]",
            "2020s",
            "Fight & Fog"
        ],
        "Additional Info": {
            "id": "73o19dZ3lYf6edgMZ5UrDs",
            "explicit": false,
            "album": "Runes",
            "release_date": "2020-05-22",
            "genres": [],
            "duration": 212571,
            "acousticness": 0.025,
            "danceability": 6.499,
            "instrumentalness": 0.249,
            "liveness": 0.126,
            "loudness": -4.292,
            "speechiness": 0.183,
            "time_signature": 4,
            "happiness": 2.0709999999999997
        }
    },
    {
        "#": 54,
        "Track Title": "The Tribe - Bliss Remix",
        "Artist": "Vini Vici, Bliss",
        "Key": "12A",
        "Energy": 9.775,
        "Popularity": 3.25,
        "BPM": 142,
        "DJ Play Count": 0,
        "Rating": "*******",
        "My Tag": [
            "[Psy-Trance]",
            "2020s",
            "Fight & Fog"
        ],
        "Additional Info": {
            "id": "7ng0yzwWIpVfTmUkYEeixo",
            "explicit": false,
            "album": "Life Is a Remix",
            "release_date": "2020-11-20",
            "genres": [
                "progressive uplifting trance",
                "psychedelic trance"
            ],
            "duration": 456338,
            "acousticness": 0.00101,
            "danceability": 5.572,
            "instrumentalness": 0.78,
            "liveness": 0.0877,
            "loudness": -4.205,
            "speechiness": 0.0724,
            "time_signature": 4,
            "happiness": 1.8253
        }
    },
    {
        "#": 55,
        "Track Title": "Namaste - Hilight Tribe Remix",
        "Artist": "Vini Vici, Hilight Tribe",
        "Key": "10B",
        "Energy": 9.208,
        "Popularity": 3.34,
        "BPM": 145,
        "DJ Play Count": 0,
        "Rating": "*******",
        "My Tag": [
            "[Psy-Trance]",
            "2020s",
            "Fight & Fog"
        ],
        "Additional Info": {
            "id": "6wEOonvy7LBC3rjDtFEgYK",
            "explicit": false,
            "album": "Life Is a Remix",
            "release_date": "2020-11-20",
            "genres": [
                "progressive uplifting trance",
                "didgeridoo"
            ],
            "duration": 430345,
            "acousticness": 0.00725,
            "danceability": 6.183999999999999,
            "instrumentalness": 0.259,
            "liveness": 0.239,
            "loudness": -6.691,
            "speechiness": 0.0517,
            "time_signature": 4,
            "happiness": 2.368
        }
    },
    {
        "#": 56,
        "Track Title": "More Power",
        "Artist": "Vini Vici, Diego Miranda, WUANT",
        "Key": "6A",
        "Energy": 9.847,
        "Popularity": 3.88,
        "BPM": 139,
        "DJ Play Count": 0,
        "Rating": "*******",
        "My Tag": [
            "[Psy-Trance]",
            "2020s"
        ],
        "Additional Info": {
            "id": "36NGPoN7uknwJkh2bYkOB9",
            "explicit": false,
            "album": "More Power",
            "release_date": "2020-07-24",
            "genres": [
                "progressive uplifting trance"
            ],
            "duration": 208943,
            "acousticness": 0.0247,
            "danceability": 4.303,
            "instrumentalness": 0.727,
            "liveness": 0.95,
            "loudness": -3.77,
            "speechiness": 0.104,
            "time_signature": 4,
            "happiness": 3.943
        }
    },
    {
        "#": 57,
        "Track Title": "Flashback - Freedom Fighters Remix",
        "Artist": "Vini Vici, Pixel, Freedom Fighters",
        "Key": "3B",
        "Energy": 8.911,
        "Popularity": 2.8,
        "BPM": 136,
        "DJ Play Count": 0,
        "Rating": "*******",
        "My Tag": [
            "[Psy-Trance]",
            "2020s",
            "Fight & Fog"
        ],
        "Additional Info": {
            "id": "5QA2vP3wnmckVZaEd5khd3",
            "explicit": false,
            "album": "Life Is a Remix",
            "release_date": "2020-11-20",
            "genres": [
                "progressive uplifting trance",
                "full on",
                "progressive psytrance",
                "psychedelic trance",
                "progressive psytrance",
                "psychedelic trance",
                "zenonesque"
            ],
            "duration": 518824,
            "acousticness": 0.000267,
            "danceability": 6.7780000000000005,
            "instrumentalness": 0.833,
            "liveness": 0.051,
            "loudness": -8.977,
            "speechiness": 0.0326,
            "time_signature": 4,
            "happiness": 1.351
        }
    },
    {
        "#": 58,
        "Track Title": "San Pedro",
        "Artist": "Morten Granau",
        "Key": "8A",
        "Energy": 8.893,
        "Popularity": 4.33,
        "BPM": 135,
        "DJ Play Count": 0,
        "Rating": "*******",
        "My Tag": [
            "[Psy-Trance]",
            "2020s",
            "Fight & Fog"
        ],
        "Additional Info": {
            "id": "04x4RHqb7UQMG978AlxkrD",
            "explicit": false,
            "album": "San Pedro",
            "release_date": "2020-07-13",
            "genres": [
                "progressive psytrance",
                "psychedelic trance"
            ],
            "duration": 448000,
            "acousticness": 0.118,
            "danceability": 7.4799999999999995,
            "instrumentalness": 0.756,
            "liveness": 0.626,
            "loudness": -6.673,
            "speechiness": 0.0534,
            "time_signature": 4,
            "happiness": 2.062
        }
    },
    {
        "#": 59,
        "Track Title": "Ravers Army - Ticon & Animato Remix",
        "Artist": "Vini Vici, Ticon, Animato",
        "Key": "9B",
        "Energy": 9.568,
        "Popularity": 2.8,
        "BPM": 138,
        "DJ Play Count": 0,
        "Rating": "*******",
        "My Tag": [
            "[Psy-Trance]",
            "2020s",
            "Fight & Fog"
        ],
        "Additional Info": {
            "id": "0lXZDnGqU1WqflvfXiVXQI",
            "explicit": false,
            "album": "Life Is a Remix",
            "release_date": "2020-11-20",
            "genres": [
                "progressive uplifting trance",
                "progressive psytrance",
                "psychedelic trance",
                "progressive psytrance",
                "psychedelic trance"
            ],
            "duration": 493913,
            "acousticness": 0.00148,
            "danceability": 6.841,
            "instrumentalness": 0.887,
            "liveness": 0.274,
            "loudness": -5.535,
            "speechiness": 0.0485,
            "time_signature": 4,
            "happiness": 1.648
        }
    },
    {
        "#": 60,
        "Track Title": "Colors of the Rainbow - Sesto Sento & Bizzare Contact Remix",
        "Artist": "Sevenn, Sesto Sento, Bizzare Contact",
        "Key": "6A",
        "Energy": 8.83,
        "Popularity": 5.32,
        "BPM": 136,
        "DJ Play Count": 0,
        "Rating": "*******",
        "My Tag": [
            "[Psy-Trance]",
            "2020s",
            "EDM",
            "Fight & Fog"
        ],
        "Additional Info": {
            "id": "3u1aaKHA0K71OleQ33WmMX",
            "explicit": false,
            "album": "Colors of the Rainbow (Sesto Sento & Bizzare Contact Remix)",
            "release_date": "2020-06-19",
            "genres": [
                "brazilian edm",
                "full on",
                "psychedelic trance",
                "full on",
                "progressive psytrance",
                "psychedelic trance"
            ],
            "duration": 190286,
            "acousticness": 0.0159,
            "danceability": 5.032,
            "instrumentalness": 0.751,
            "liveness": 0.0845,
            "loudness": -6.206,
            "speechiness": 0.0646,
            "time_signature": 4,
            "happiness": 2.089
        }
    },
    {
        "#": 61,
        "Track Title": "Human Voice",
        "Artist": "Blastoyz, Berg",
        "Key": "3B",
        "Energy": 9.325000000000001,
        "Popularity": 3.61,
        "BPM": 103,
        "DJ Play Count": 0,
        "Rating": "*******",
        "My Tag": [
            "[Psy-Trance]",
            "2020s"
        ],
        "Additional Info": {
            "id": "43QVYatDvXjrIL7c8hDvpM",
            "explicit": false,
            "album": "Human Voice",
            "release_date": "2020-04-24",
            "genres": [
                "psychedelic trance",
                "progressive psytrance",
                "psychedelic trance"
            ],
            "duration": 368696,
            "acousticness": 0.0309,
            "danceability": 4.564,
            "instrumentalness": 0.732,
            "liveness": 0.134,
            "loudness": -4.629,
            "speechiness": 0.16,
            "time_signature": 3,
            "happiness": 3.907
        }
    },
    {
        "#": 62,
        "Track Title": "My World",
        "Artist": "Vini Vici, Shapov, NERVO",
        "Key": "3B",
        "Energy": 9.793,
        "Popularity": 3.97,
        "BPM": 138,
        "DJ Play Count": 0,
        "Rating": "*******",
        "My Tag": [
            "[Psy-Trance]",
            "2020s",
            "Dance Remixes",
            "Club-Hotel",
            "Pop",
            "EDM",
            "Happy"
        ],
        "Additional Info": {
            "id": "1Sb82Uw1FRIlMRIwZvv519",
            "explicit": false,
            "album": "My World",
            "release_date": "2020-02-14",
            "genres": [
                "progressive uplifting trance",
                "dutch house",
                "electro house",
                "progressive electro house",
                "progressive house",
                "russian edm",
                "sky room",
                "australian dance",
                "dutch house",
                "edm",
                "electra",
                "electro house",
                "house",
                "pop dance",
                "progressive electro house",
                "progressive house"
            ],
            "duration": 238261,
            "acousticness": 0.102,
            "danceability": 6.076,
            "instrumentalness": 0.879,
            "liveness": 0.11,
            "loudness": -3.76,
            "speechiness": 0.0663,
            "time_signature": 4,
            "happiness": 7.452999999999999
        }
    },
    {
        "#": 63,
        "Track Title": "Moyoni",
        "Artist": "Vini Vici, Jean Marie, Hilight Tribe",
        "Key": "3B",
        "Energy": 9.901,
        "Popularity": 5.05,
        "BPM": 103,
        "DJ Play Count": 0,
        "Rating": "*******",
        "My Tag": [
            "[Psy-Trance]",
            "2010s",
            "Fight & Fog"
        ],
        "Additional Info": {
            "id": "69pnjAws2uzNZJEK64p9JI",
            "explicit": false,
            "album": "Moyoni",
            "release_date": "2019-11-08",
            "genres": [
                "progressive uplifting trance",
                "didgeridoo"
            ],
            "duration": 217391,
            "acousticness": 0.0132,
            "danceability": 6.526,
            "instrumentalness": 0.0176,
            "liveness": 0.112,
            "loudness": -4.724,
            "speechiness": 0.194,
            "time_signature": 3,
            "happiness": 1.8289
        }
    },
    {
        "#": 64,
        "Track Title": "Old Gods",
        "Artist": "Abraxis, Seven Lions, Dimibo",
        "Key": "2A",
        "Energy": 9.334,
        "Popularity": 3.88,
        "BPM": 140,
        "DJ Play Count": 0,
        "Rating": "*******",
        "My Tag": [
            "[Psy-Trance]",
            "2010s",
            "Dance Remixes",
            "Flying High",
            "Pop",
            "EDM",
            "Fight & Fog"
        ],
        "Additional Info": {
            "id": "2YTK3rjtuEtYhFh1uMcKvi",
            "explicit": false,
            "album": "Old Gods",
            "release_date": "2019-11-15",
            "genres": [
                "brostep",
                "complextro",
                "dubstep",
                "edm",
                "electro house",
                "melodic dubstep",
                "pop dance",
                "progressive house",
                "progressive trance"
            ],
            "duration": 353143,
            "acousticness": 0.000308,
            "danceability": 5.869000000000001,
            "instrumentalness": 0.662,
            "liveness": 0.0905,
            "loudness": -5.08,
            "speechiness": 0.0495,
            "time_signature": 4,
            "happiness": 2.476
        }
    },
    {
        "#": 65,
        "Track Title": "Galaxy",
        "Artist": "Paul van Dyk, Vini Vici",
        "Key": "7A",
        "Energy": 9.433,
        "Popularity": 4.51,
        "BPM": 138,
        "DJ Play Count": 0,
        "Rating": "*******",
        "My Tag": [
            "[Psy-Trance]",
            "2010s",
            "Flying High",
            "EDM",
            "Fight & Fog"
        ],
        "Additional Info": {
            "id": "3FfWLi2e80rgn2Q02OhcbR",
            "explicit": false,
            "album": "Galaxy",
            "release_date": "2019-09-16",
            "genres": [
                "german techno",
                "trance",
                "uplifting trance",
                "progressive uplifting trance"
            ],
            "duration": 236522,
            "acousticness": 0.00805,
            "danceability": 6.562,
            "instrumentalness": 0.213,
            "liveness": 0.738,
            "loudness": -5.682,
            "speechiness": 0.0559,
            "time_signature": 4,
            "happiness": 1.3159
        }
    },
    {
        "#": 66,
        "Track Title": "Alive",
        "Artist": "R3HAB, Vini Vici, PANGEA, DEGO",
        "Key": "1A",
        "Energy": 8.722,
        "Popularity": 1.0,
        "BPM": 138,
        "DJ Play Count": 0,
        "Rating": "*******",
        "My Tag": [
            "[Psy-Trance]",
            "2010s",
            "Dance Remixes",
            "Club-Hotel",
            "Pop",
            "EDM"
        ],
        "Additional Info": {
            "id": "5sYxtT5C8uAzGbplBcjLYB",
            "explicit": false,
            "album": "Alive",
            "release_date": "2019-08-02",
            "genres": [
                "dutch house",
                "edm",
                "electro house",
                "pop dance",
                "progressive electro house",
                "slap house",
                "progressive uplifting trance"
            ],
            "duration": 188696,
            "acousticness": 0.0154,
            "danceability": 6.679,
            "instrumentalness": 0.00789,
            "liveness": 0.263,
            "loudness": -5.978,
            "speechiness": 0.0754,
            "time_signature": 4,
            "happiness": 4.285
        }
    },
    {
        "#": 67,
        "Track Title": "Russian Cannon",
        "Artist": "DEGO, PANGEA, Marina Maximilian",
        "Key": "10B",
        "Energy": 8.515,
        "Popularity": 1.72,
        "BPM": 140,
        "DJ Play Count": 0,
        "Rating": "*******",
        "My Tag": [
            "[Psy-Trance]",
            "2010s",
            "Israeli - Kibutz",
            "Pop"
        ],
        "Additional Info": {
            "id": "0Emj0T4hLnjCPDfbluURnu",
            "explicit": false,
            "album": "Russian Cannon",
            "release_date": "2019-06-03",
            "genres": [
                "israeli pop"
            ],
            "duration": 305143,
            "acousticness": 0.00133,
            "danceability": 3.5559999999999996,
            "instrumentalness": 0.245,
            "liveness": 0.0902,
            "loudness": -6.704,
            "speechiness": 0.041,
            "time_signature": 4,
            "happiness": 3.097
        }
    },
    {
        "#": 68,
        "Track Title": "Untz Untz",
        "Artist": "Dimitri Vegas & Like Mike, Vini Vici, Liquid Soul",
        "Key": "8B",
        "Energy": 9.703,
        "Popularity": 5.95,
        "BPM": 138,
        "DJ Play Count": 0,
        "Rating": "*******",
        "My Tag": [
            "[Psy-Trance]",
            "2010s",
            "Dance Remixes",
            "Club-Hotel",
            "Pop",
            "EDM"
        ],
        "Additional Info": {
            "id": "5Uj0VnayJKOuP9GmmDPNOx",
            "explicit": false,
            "album": "Untz Untz",
            "release_date": "2019-05-17",
            "genres": [
                "belgian dance",
                "belgian edm",
                "big room",
                "dutch house",
                "edm",
                "electro house",
                "pop dance",
                "progressive electro house",
                "progressive uplifting trance",
                "progressive psytrance",
                "psychedelic trance"
            ],
            "duration": 198584,
            "acousticness": 0.00596,
            "danceability": 7.102,
            "instrumentalness": 0.73,
            "liveness": 0.0694,
            "loudness": -5.296,
            "speechiness": 0.089,
            "time_signature": 3,
            "happiness": 3.79
        }
    },
    {
        "#": 69,
        "Track Title": "Karma",
        "Artist": "Vini Vici, Reality Test, Shanti People",
        "Key": "11B",
        "Energy": 9.955,
        "Popularity": 4.33,
        "BPM": 103,
        "DJ Play Count": 0,
        "Rating": "*******",
        "My Tag": [
            "[Psy-Trance]",
            "2010s",
            "Fight & Fog"
        ],
        "Additional Info": {
            "id": "7IVGtjdoOS95iArvhfCMif",
            "explicit": false,
            "album": "Karma",
            "release_date": "2019-04-05",
            "genres": [
                "progressive uplifting trance",
                "psychedelic trance",
                "ukrainian electronic"
            ],
            "duration": 223193,
            "acousticness": 0.00274,
            "danceability": 4.033,
            "instrumentalness": 0.518,
            "liveness": 0.208,
            "loudness": -4.075,
            "speechiness": 0.0843,
            "time_signature": 3,
            "happiness": 1.8289
        }
    },
    {
        "#": 70,
        "Track Title": "Alteza - Phaxe Remix",
        "Artist": "Vini Vici, Phaxe",
        "Key": "10B",
        "Energy": 8.847999999999999,
        "Popularity": 3.61,
        "BPM": 136,
        "DJ Play Count": 0,
        "Rating": "*******",
        "My Tag": [
            "[Psy-Trance]",
            "2020s",
            "Fight & Fog"
        ],
        "Additional Info": {
            "id": "1UdRhydCeCaT8SfYTRnrub",
            "explicit": false,
            "album": "Life Is a Remix",
            "release_date": "2020-11-20",
            "genres": [
                "progressive uplifting trance",
                "progressive psytrance",
                "psychedelic trance"
            ],
            "duration": 446029,
            "acousticness": 0.00111,
            "danceability": 6.175,
            "instrumentalness": 0.488,
            "liveness": 0.137,
            "loudness": -6.265,
            "speechiness": 0.0457,
            "time_signature": 4,
            "happiness": 1.4725
        }
    },
    {
        "#": 71,
        "Track Title": "Universe Inside Me",
        "Artist": "Liquid Soul, Vini Vici",
        "Key": "9B",
        "Energy": 8.506,
        "Popularity": 5.2299999999999995,
        "BPM": 138,
        "DJ Play Count": 0,
        "Rating": "*******",
        "My Tag": [
            "[Psy-Trance]",
            "2010s",
            "Fight & Fog"
        ],
        "Additional Info": {
            "id": "3rTDI5zFvAWhcDW77ePuxp",
            "explicit": false,
            "album": "Universe Inside Me",
            "release_date": "2016-09-19",
            "genres": [
                "progressive psytrance",
                "psychedelic trance",
                "progressive uplifting trance"
            ],
            "duration": 481739,
            "acousticness": 0.00413,
            "danceability": 7.183000000000001,
            "instrumentalness": 0.893,
            "liveness": 0.0608,
            "loudness": -7.699,
            "speechiness": 0.0823,
            "time_signature": 4,
            "happiness": 1.495
        }
    },
    {
        "#": 72,
        "Track Title": "The Calling",
        "Artist": "Vini Vici, Ace Ventura",
        "Key": "10B",
        "Energy": 9.253,
        "Popularity": 4.6,
        "BPM": 138,
        "DJ Play Count": 0,
        "Rating": "*******",
        "My Tag": [
            "[Psy-Trance]",
            "2010s",
            "Fight & Fog"
        ],
        "Additional Info": {
            "id": "3DSicCHuhNqpYFot1iZkbD",
            "explicit": false,
            "album": "The Calling",
            "release_date": "2015-11-16",
            "genres": [
                "progressive uplifting trance",
                "progressive psytrance",
                "psychedelic trance"
            ],
            "duration": 445217,
            "acousticness": 0.000748,
            "danceability": 6.031000000000001,
            "instrumentalness": 0.798,
            "liveness": 0.0555,
            "loudness": -6.254,
            "speechiness": 0.0511,
            "time_signature": 4,
            "happiness": 2.026
        }
    },
    {
        "#": 73,
        "Track Title": "X File - Vini Vici & Chakra Remix",
        "Artist": "Chakra, Edi Mis, Vini Vici",
        "Key": "7B",
        "Energy": 9.613,
        "Popularity": 3.25,
        "BPM": 138,
        "DJ Play Count": 0,
        "Rating": "*******",
        "My Tag": [
            "[Psy-Trance]",
            "2010s",
            "Fight & Fog"
        ],
        "Additional Info": {
            "id": "0vix7rj3JFstWvZrs3oGEa",
            "explicit": false,
            "album": "X File (Vini Vici & Chakra Remix)",
            "release_date": "2019-02-25",
            "genres": [
                "progressive uplifting trance"
            ],
            "duration": 403478,
            "acousticness": 0.000274,
            "danceability": 6.508,
            "instrumentalness": 0.852,
            "liveness": 0.0775,
            "loudness": -5.371,
            "speechiness": 0.0858,
            "time_signature": 4,
            "happiness": 1.3087
        }
    },
    {
        "#": 74,
        "Track Title": "Great Spirit - Extended Mix",
        "Artist": "Armin van Buuren, Vini Vici, Hilight Tribe",
        "Key": "3A",
        "Energy": 9.459999999999999,
        "Popularity": 5.68,
        "BPM": 138,
        "DJ Play Count": 0,
        "Rating": "*******",
        "My Tag": [
            "[Psy-Trance]",
            "2010s",
            "Dance Remixes",
            "Flying High",
            "Pop",
            "EDM",
            "Fight & Fog"
        ],
        "Additional Info": {
            "id": "1bxtePWzYybaPiUZqvgQVf",
            "explicit": false,
            "album": "Great Spirit",
            "release_date": "2016-12-12",
            "genres": [
                "dutch house",
                "dutch trance",
                "edm",
                "pop dance",
                "progressive house",
                "trance",
                "progressive uplifting trance",
                "didgeridoo"
            ],
            "duration": 457826,
            "acousticness": 0.00307,
            "danceability": 4.141,
            "instrumentalness": 0.161,
            "liveness": 0.474,
            "loudness": -5.949,
            "speechiness": 0.0707,
            "time_signature": 4,
            "happiness": 2.2510000000000003
        }
    },
    {
        "#": 75,
        "Track Title": "The Way We Are - Vini Vici Remix",
        "Artist": "Ritmo, Vini Vici",
        "Key": "11B",
        "Energy": 7.435,
        "Popularity": 1.72,
        "BPM": 136,
        "DJ Play Count": 0,
        "Rating": "*******",
        "My Tag": [
            "[Psy-Trance]",
            "2010s",
            "Fight & Fog"
        ],
        "Additional Info": {
            "id": "4U93Q3B27XWRFU9zCMoOEd",
            "explicit": false,
            "album": "Best of My Sets, Vol. 12",
            "release_date": "2014-06-23",
            "genres": [
                "progressive psytrance",
                "psychedelic trance",
                "progressive uplifting trance"
            ],
            "duration": 435000,
            "acousticness": 0.00505,
            "danceability": 7.273,
            "instrumentalness": 0.531,
            "liveness": 0.241,
            "loudness": -5.911,
            "speechiness": 0.0619,
            "time_signature": 4,
            "happiness": 2.926
        }
    }
]