[
    {
        "#": 1,
        "Track Title": "Sem Voce, Sou Ninguem",
        "Artist": "Mandragora",
        "Key": "1A",
        "Energy": 5.023,
        "Popularity": 5.68,
        "BPM": 136,
        "DJ Play Count": 0,
        "Rating": "*******",
        "My Tag": [
            "[Psy-Trance]",
            "2010s",
            "EDM"
        ],
        "Additional Info": {
            "id": "39vokRBOVdnTwRbIOadhqp",
            "explicit": false,
            "album": "Sem Voce, Sou Ninguem",
            "release_date": "2018-10-24",
            "genres": [
                "brazilian edm",
                "mexican edm",
                "trance mexicano"
            ],
            "duration": 259452,
            "acousticness": 0.18,
            "danceability": 5.365,
            "instrumentalness": 0.35,
            "liveness": 0.124,
            "loudness": -8.42,
            "speechiness": 0.0471,
            "time_signature": 4,
            "happiness": 2.2510000000000003
        }
    },
    {
        "#": 2,
        "Track Title": "Music",
        "Artist": "Menumas, All In One",
        "Key": "1A",
        "Energy": 6.1209999999999996,
        "Popularity": 4.15,
        "BPM": 145,
        "DJ Play Count": 0,
        "Rating": "*******",
        "My Tag": [
            "[Psy-Trance]",
            "2020s"
        ],
        "Additional Info": {
            "id": "59Ib5I8SnSyJ2ffS01KaCO",
            "explicit": false,
            "album": "Music",
            "release_date": "2023-03-17",
            "genres": [],
            "duration": 346067,
            "acousticness": 0.112,
            "danceability": 7.732,
            "instrumentalness": 0.61,
            "liveness": 0.15,
            "loudness": -8.01,
            "speechiness": 0.0718,
            "time_signature": 4,
            "happiness": 4.4559999999999995
        }
    },
    {
        "#": 3,
        "Track Title": "Sympathize",
        "Artist": "Ranji, Davee, Ela",
        "Key": "1B",
        "Energy": 6.589,
        "Popularity": 5.59,
        "BPM": 140,
        "DJ Play Count": 0,
        "Rating": "*******",
        "My Tag": [
            "[Psy-Trance]",
            "2020s"
        ],
        "Additional Info": {
            "id": "6X3DD4NUiJaOtPTt98QIkP",
            "explicit": false,
            "album": "Sympathize",
            "release_date": "2023-05-26",
            "genres": [
                "psychedelic trance"
            ],
            "duration": 308786,
            "acousticness": 0.0614,
            "danceability": 7.191999999999999,
            "instrumentalness": 0.565,
            "liveness": 0.101,
            "loudness": -8.684,
            "speechiness": 0.0406,
            "time_signature": 4,
            "happiness": 4.663
        }
    },
    {
        "#": 4,
        "Track Title": "Sun Is Coming",
        "Artist": "Sajanka",
        "Key": "2B",
        "Energy": 7.795,
        "Popularity": 6.13,
        "BPM": 150,
        "DJ Play Count": 0,
        "Rating": "*******",
        "My Tag": [
            "[Psy-Trance]",
            "2010s",
            "Fight & Fog"
        ],
        "Additional Info": {
            "id": "6Rc5E1q0q1wF0XWkUrnXJv",
            "explicit": false,
            "album": "Sun Is Coming",
            "release_date": "2018-07-05",
            "genres": [
                "psychedelic trance"
            ],
            "duration": 385012,
            "acousticness": 0.00819,
            "danceability": 6.526,
            "instrumentalness": 0.652,
            "liveness": 0.268,
            "loudness": -6.147,
            "speechiness": 0.0584,
            "time_signature": 4,
            "happiness": 2.638
        }
    },
    {
        "#": 5,
        "Track Title": "Angels of Destruction - Neelix Remix",
        "Artist": "Phaxe, Caroline Harrison, Neelix",
        "Key": "10B",
        "Energy": 5.869000000000001,
        "Popularity": 5.68,
        "BPM": 136,
        "DJ Play Count": 0,
        "Rating": "*******",
        "My Tag": [
            "[Psy-Trance]",
            "2010s",
            "EDM"
        ],
        "Additional Info": {
            "id": "3fW0qHrlcv8y0pc6SHo66V",
            "explicit": false,
            "album": "Angels of Destruction (Neelix Remix)",
            "release_date": "2014-03-07",
            "genres": [
                "progressive psytrance",
                "psychedelic trance",
                "neo-singer-songwriter",
                "german techno",
                "progressive psytrance"
            ],
            "duration": 478261,
            "acousticness": 0.0143,
            "danceability": 7.462,
            "instrumentalness": 0.476,
            "liveness": 0.148,
            "loudness": -9.262,
            "speechiness": 0.0391,
            "time_signature": 4,
            "happiness": 1.8082
        }
    },
    {
        "#": 6,
        "Track Title": "Peace Of Mind",
        "Artist": "Menumas, Raz",
        "Key": "3B",
        "Energy": 7.57,
        "Popularity": 4.15,
        "BPM": 109,
        "DJ Play Count": 0,
        "Rating": "*******",
        "My Tag": [
            "[Psy-Trance]",
            "2020s",
            "Fight & Fog"
        ],
        "Additional Info": {
            "id": "6C9HiTTS0fNatgaxoDlS9X",
            "explicit": false,
            "album": "Peace Of Mind",
            "release_date": "2020-12-17",
            "genres": [
                "full on"
            ],
            "duration": 407382,
            "acousticness": 0.0431,
            "danceability": 5.482,
            "instrumentalness": 0.852,
            "liveness": 0.0689,
            "loudness": -8.202,
            "speechiness": 0.0626,
            "time_signature": 3,
            "happiness": 2.755
        }
    },
    {
        "#": 7,
        "Track Title": "No No No - You Don't Love Me",
        "Artist": "Chemical Noise, Kodux",
        "Key": "10B",
        "Energy": 9.271,
        "Popularity": 2.71,
        "BPM": 81,
        "DJ Play Count": 0,
        "Rating": "*******",
        "My Tag": [
            "[Psy-Trance]",
            "2020s",
            "Fight & Fog"
        ],
        "Additional Info": {
            "id": "48wLY7Bt0x6B4jkua49I19",
            "explicit": false,
            "album": "No No No (You Don't Love Me)",
            "release_date": "2022-11-30",
            "genres": [
                "trance brasileiro"
            ],
            "duration": 284877,
            "acousticness": 0.00116,
            "danceability": 6.8950000000000005,
            "instrumentalness": 0.129,
            "liveness": 0.28,
            "loudness": -6.276,
            "speechiness": 0.105,
            "time_signature": 4,
            "happiness": 2.908
        }
    },
    {
        "#": 8,
        "Track Title": "I'll Be There",
        "Artist": "Sylenth, Symbiotic Audio, Vexess",
        "Key": "11B",
        "Energy": 9.208,
        "Popularity": 3.0700000000000003,
        "BPM": 78,
        "DJ Play Count": 0,
        "Rating": "*******",
        "My Tag": [
            "[Psy-Trance]",
            "2020s",
            "Fight & Fog"
        ],
        "Additional Info": {
            "id": "5kPfI26sS11cDKY8TFuLQg",
            "explicit": false,
            "album": "I'll Be There",
            "release_date": "2023-03-31",
            "genres": [],
            "duration": 230750,
            "acousticness": 0.000753,
            "danceability": 3.142,
            "instrumentalness": 0.000319,
            "liveness": 0.211,
            "loudness": -4.312,
            "speechiness": 0.0874,
            "time_signature": 4,
            "happiness": 2.152
        }
    },
    {
        "#": 9,
        "Track Title": "Mãe das Águas",
        "Artist": "Henrique Camacho",
        "Key": "7B",
        "Energy": 9.487,
        "Popularity": 4.15,
        "BPM": 138,
        "DJ Play Count": 0,
        "Rating": "*******",
        "My Tag": [
            "[Psy-Trance]",
            "2010s"
        ],
        "Additional Info": {
            "id": "3MjO6gtBhPdK4dWemp8YkW",
            "explicit": false,
            "album": "Mãe das Águas",
            "release_date": "2017-11-23",
            "genres": [
                "trance brasileiro"
            ],
            "duration": 369072,
            "acousticness": 0.0842,
            "danceability": 4.321,
            "instrumentalness": 0.557,
            "liveness": 0.106,
            "loudness": -7.307,
            "speechiness": 0.0717,
            "time_signature": 4,
            "happiness": 4.375
        }
    },
    {
        "#": 10,
        "Track Title": "VIDA - Radio Edit",
        "Artist": "Rafael Starcevic, Liu Rosa",
        "Key": "1A",
        "Energy": 9.343,
        "Popularity": 2.2600000000000002,
        "BPM": 128,
        "DJ Play Count": 0,
        "Rating": "*******",
        "My Tag": [
            "[Psy-Trance]",
            "2020s",
            "Happy"
        ],
        "Additional Info": {
            "id": "2gso4DwR4Qxci4yTszxsR4",
            "explicit": false,
            "album": "VIDA (Radio Edit)",
            "release_date": "2020-10-01",
            "genres": [],
            "duration": 190723,
            "acousticness": 0.0015,
            "danceability": 7.218999999999999,
            "instrumentalness": 0.767,
            "liveness": 0.283,
            "loudness": -6.908,
            "speechiness": 0.043,
            "time_signature": 4,
            "happiness": 7.075
        }
    },
    {
        "#": 11,
        "Track Title": "Where You're Left",
        "Artist": "Digital Impulse, OPIX",
        "Key": "1A",
        "Energy": 6.652,
        "Popularity": 2.44,
        "BPM": 140,
        "DJ Play Count": 0,
        "Rating": "*******",
        "My Tag": [
            "[Psy-Trance]",
            "2020s"
        ],
        "Additional Info": {
            "id": "5GBc75MJL4PsndrhyJBK6G",
            "explicit": false,
            "album": "Where You're Left",
            "release_date": "2021-12-23",
            "genres": [],
            "duration": 356000,
            "acousticness": 0.0319,
            "danceability": 8.263000000000002,
            "instrumentalness": 0.0514,
            "liveness": 0.23,
            "loudness": -5.469,
            "speechiness": 0.0984,
            "time_signature": 4,
            "happiness": 4.717
        }
    },
    {
        "#": 12,
        "Track Title": "Imaginarium - Vegas (Brazil) Remix",
        "Artist": "Vegas (Brazil), Aura Vortex",
        "Key": "8B",
        "Energy": 8.623,
        "Popularity": 5.41,
        "BPM": 142,
        "DJ Play Count": 0,
        "Rating": "*******",
        "My Tag": [
            "[Psy-Trance]",
            "2010s"
        ],
        "Additional Info": {
            "id": "2ZDFiYhZUQA7bR6nYCvJ8z",
            "explicit": false,
            "album": "Caixa Magica",
            "release_date": "2019-01-22",
            "genres": [
                "trance brasileiro",
                "psychedelic trance",
                "trance brasileiro"
            ],
            "duration": 473611,
            "acousticness": 0.0198,
            "danceability": 7.057,
            "instrumentalness": 0.792,
            "liveness": 0.119,
            "loudness": -7.209,
            "speechiness": 0.0412,
            "time_signature": 4,
            "happiness": 3.484
        }
    },
    {
        "#": 13,
        "Track Title": "What If I Could Fly",
        "Artist": "Davee, Ela",
        "Key": "11A",
        "Energy": 7.5969999999999995,
        "Popularity": 3.6999999999999997,
        "BPM": 142,
        "DJ Play Count": 0,
        "Rating": "*******",
        "My Tag": [
            "[Psy-Trance]",
            "2020s",
            "Fight & Fog"
        ],
        "Additional Info": {
            "id": "6cnrlRjEfqLbluymgfN93B",
            "explicit": false,
            "album": "What If I Could Fly",
            "release_date": "2023-02-12",
            "genres": [],
            "duration": 236620,
            "acousticness": 0.139,
            "danceability": 6.679,
            "instrumentalness": 0.628,
            "liveness": 0.197,
            "loudness": -9.289,
            "speechiness": 0.036,
            "time_signature": 4,
            "happiness": 2.197
        }
    },
    {
        "#": 14,
        "Track Title": "Bhangra",
        "Artist": "Two Birds",
        "Key": "2A",
        "Energy": 9.001,
        "Popularity": 4.87,
        "BPM": 104,
        "DJ Play Count": 0,
        "Rating": "*******",
        "My Tag": [
            "[Psy-Trance]",
            "2010s",
            "Fight & Fog"
        ],
        "Additional Info": {
            "id": "0SLQbwOhbFGyURuTYGakwm",
            "explicit": false,
            "album": "Bhangra",
            "release_date": "2017-04-26",
            "genres": [],
            "duration": 219130,
            "acousticness": 0.00451,
            "danceability": 5.3919999999999995,
            "instrumentalness": 0.314,
            "liveness": 0.122,
            "loudness": -6.412,
            "speechiness": 0.0812,
            "time_signature": 4,
            "happiness": 2.548
        }
    },
    {
        "#": 15,
        "Track Title": "Taking Steps",
        "Artist": "Davee",
        "Key": "2A",
        "Energy": 8.038,
        "Popularity": 2.44,
        "BPM": 140,
        "DJ Play Count": 0,
        "Rating": "*******",
        "My Tag": [
            "[Psy-Trance]",
            "2020s"
        ],
        "Additional Info": {
            "id": "5Hncqx7vO8SeNboBKHO7Pm",
            "explicit": false,
            "album": "Dance in the Rain",
            "release_date": "2023-04-20",
            "genres": [],
            "duration": 219429,
            "acousticness": 0.118,
            "danceability": 7.345,
            "instrumentalness": 0.0978,
            "liveness": 0.243,
            "loudness": -6.864,
            "speechiness": 0.0578,
            "time_signature": 4,
            "happiness": 3.241
        }
    },
    {
        "#": 16,
        "Track Title": "Light Up the Night",
        "Artist": "Menumas",
        "Key": "11A",
        "Energy": 6.049,
        "Popularity": 2.62,
        "BPM": 145,
        "DJ Play Count": 0,
        "Rating": "*******",
        "My Tag": [
            "[Psy-Trance]",
            "2010s"
        ],
        "Additional Info": {
            "id": "6XQsPHK4NHQxblzUB9N6AW",
            "explicit": false,
            "album": "Light Up the Night",
            "release_date": "2019-08-17",
            "genres": [],
            "duration": 453513,
            "acousticness": 0.00255,
            "danceability": 6.751,
            "instrumentalness": 0.82,
            "liveness": 0.0812,
            "loudness": -7.271,
            "speechiness": 0.0516,
            "time_signature": 4,
            "happiness": 2.395
        }
    },
    {
        "#": 17,
        "Track Title": "Wonders",
        "Artist": "Neelix, Ghost Rider, The Gardener & The Tree",
        "Key": "8A",
        "Energy": 6.544,
        "Popularity": 6.58,
        "BPM": 140,
        "DJ Play Count": 0,
        "Rating": "*******",
        "My Tag": [
            "[Psy-Trance]",
            "2020s",
            "EDM"
        ],
        "Additional Info": {
            "id": "6d1AuFOL1YBzLcruapNbZV",
            "explicit": false,
            "album": "Wonders",
            "release_date": "2022-09-02",
            "genres": [
                "german techno",
                "progressive psytrance",
                "progressive psytrance",
                "psychedelic trance",
                "swiss indie",
                "swiss indie folk"
            ],
            "duration": 257357,
            "acousticness": 0.167,
            "danceability": 5.428,
            "instrumentalness": 0.0165,
            "liveness": 0.114,
            "loudness": -8.202,
            "speechiness": 0.0488,
            "time_signature": 4,
            "happiness": 3.844
        }
    },
    {
        "#": 18,
        "Track Title": "Ultimate Reality",
        "Artist": "Aamun Koi",
        "Key": "4B",
        "Energy": 9.946,
        "Popularity": 1.9,
        "BPM": 142,
        "DJ Play Count": 0,
        "Rating": "*******",
        "My Tag": [
            "[Psy-Trance]",
            "2020s",
            "Fight & Fog"
        ],
        "Additional Info": {
            "id": "42iac537YN5D1QHBUHB5Hb",
            "explicit": false,
            "album": "Ultimate Reality",
            "release_date": "2022-12-23",
            "genres": [],
            "duration": 452958,
            "acousticness": 0.000148,
            "danceability": 5.761,
            "instrumentalness": 0.674,
            "liveness": 0.206,
            "loudness": -6.764,
            "speechiness": 0.087,
            "time_signature": 4,
            "happiness": 1.999
        }
    },
    {
        "#": 19,
        "Track Title": "Jewish - RAZ Remix",
        "Artist": "DreaMelodiC, Raz",
        "Key": "11B",
        "Energy": 8.83,
        "Popularity": 2.44,
        "BPM": 145,
        "DJ Play Count": 0,
        "Rating": "*******",
        "My Tag": [
            "[Psy-Trance]",
            "2010s",
            "Fight & Fog"
        ],
        "Additional Info": {
            "id": "5GMb2iCtiR4j1oZmgLNez4",
            "explicit": false,
            "album": "RAZ WORLD 2019",
            "release_date": "2019-07-01",
            "genres": [
                "full on"
            ],
            "duration": 233043,
            "acousticness": 0.066,
            "danceability": 6.724,
            "instrumentalness": 0.663,
            "liveness": 0.138,
            "loudness": -4.313,
            "speechiness": 0.0392,
            "time_signature": 4,
            "happiness": 1.3195
        }
    },
    {
        "#": 20,
        "Track Title": "Dystopic Reality",
        "Artist": "Digital Experiments",
        "Key": "9B",
        "Energy": 9.802,
        "Popularity": 1.27,
        "BPM": 147,
        "DJ Play Count": 0,
        "Rating": "*******",
        "My Tag": [
            "[Psy-Trance]",
            "2020s"
        ],
        "Additional Info": {
            "id": "4YUmHTjdjOUrRTlNusZNFU",
            "explicit": false,
            "album": "Dystopic Reality",
            "release_date": "2022-11-25",
            "genres": [],
            "duration": 424490,
            "acousticness": 0.00121,
            "danceability": 6.418,
            "instrumentalness": 0.885,
            "liveness": 0.269,
            "loudness": -6.573,
            "speechiness": 0.0696,
            "time_signature": 4,
            "happiness": 3.1149999999999998
        }
    },
    {
        "#": 21,
        "Track Title": "Lost",
        "Artist": "Thauros",
        "Key": "8B",
        "Energy": 8.686,
        "Popularity": 1.45,
        "BPM": 140,
        "DJ Play Count": 0,
        "Rating": "*******",
        "My Tag": [
            "[Psy-Trance]",
            "2020s",
            "Fight & Fog"
        ],
        "Additional Info": {
            "id": "0af9PjZ4PfCp18xsfWP6hs",
            "explicit": false,
            "album": "Lost",
            "release_date": "2022-09-30",
            "genres": [],
            "duration": 435100,
            "acousticness": 0.000623,
            "danceability": 5.635,
            "instrumentalness": 0.685,
            "liveness": 0.0938,
            "loudness": -6.087,
            "speechiness": 0.044,
            "time_signature": 4,
            "happiness": 2.548
        }
    },
    {
        "#": 22,
        "Track Title": "Buscando",
        "Artist": "Starzcode, Rafael Starcevic, Liu Rosa",
        "Key": "4A",
        "Energy": 7.867,
        "Popularity": 3.0700000000000003,
        "BPM": 130,
        "DJ Play Count": 0,
        "Rating": "*******",
        "My Tag": [
            "[Psy-Trance]",
            "2020s",
            "Happy"
        ],
        "Additional Info": {
            "id": "16VRBkRdZuG56agaS2poc4",
            "explicit": false,
            "album": "Buscando",
            "release_date": "2022-12-16",
            "genres": [],
            "duration": 151048,
            "acousticness": 0.0119,
            "danceability": 8.128,
            "instrumentalness": 0.0376,
            "liveness": 0.125,
            "loudness": -8.823,
            "speechiness": 0.0475,
            "time_signature": 4,
            "happiness": 9.1
        }
    },
    {
        "#": 23,
        "Track Title": "1992",
        "Artist": "Epistemikk",
        "Key": "2A",
        "Energy": 8.469999999999999,
        "Popularity": 2.5300000000000002,
        "BPM": 142,
        "DJ Play Count": 0,
        "Rating": "*******",
        "My Tag": [
            "[Psy-Trance]",
            "2020s"
        ],
        "Additional Info": {
            "id": "42qnG3O0doEZLQCg2h6yWj",
            "explicit": false,
            "album": "1992",
            "release_date": "2023-03-03",
            "genres": [],
            "duration": 483380,
            "acousticness": 0.0843,
            "danceability": 7.218999999999999,
            "instrumentalness": 0.644,
            "liveness": 0.0607,
            "loudness": -8.918,
            "speechiness": 0.0662,
            "time_signature": 4,
            "happiness": 4.132
        }
    },
    {
        "#": 24,
        "Track Title": "Saudades",
        "Artist": "Mandragora",
        "Key": "12A",
        "Energy": 8.83,
        "Popularity": 4.15,
        "BPM": 128,
        "DJ Play Count": 0,
        "Rating": "*******",
        "My Tag": [
            "[Psy-Trance]",
            "2020s",
            "EDM"
        ],
        "Additional Info": {
            "id": "3bR1zkhKF85T0mVrrIjLaT",
            "explicit": false,
            "album": "Saudades",
            "release_date": "2021-02-05",
            "genres": [
                "brazilian edm",
                "mexican edm",
                "trance mexicano"
            ],
            "duration": 214307,
            "acousticness": 0.032,
            "danceability": 7.1290000000000004,
            "instrumentalness": 0.867,
            "liveness": 0.124,
            "loudness": -7.678,
            "speechiness": 0.0439,
            "time_signature": 4,
            "happiness": 4.1049999999999995
        }
    },
    {
        "#": 25,
        "Track Title": "Your Inner Self",
        "Artist": "Approche",
        "Key": "3B",
        "Energy": 8.317,
        "Popularity": 1.09,
        "BPM": 142,
        "DJ Play Count": 0,
        "Rating": "*******",
        "My Tag": [
            "[Psy-Trance]",
            "2020s"
        ],
        "Additional Info": {
            "id": "7F96cPPLeLi0XhWZaRc5nT",
            "explicit": false,
            "album": "Your Inner Self",
            "release_date": "2023-01-06",
            "genres": [],
            "duration": 496901,
            "acousticness": 2.93e-05,
            "danceability": 6.228999999999999,
            "instrumentalness": 0.661,
            "liveness": 0.17,
            "loudness": -11.21,
            "speechiness": 0.0405,
            "time_signature": 4,
            "happiness": 6.553
        }
    },
    {
        "#": 26,
        "Track Title": "Dance in the Rain",
        "Artist": "Davee",
        "Key": "2B",
        "Energy": 7.4799999999999995,
        "Popularity": 2.71,
        "BPM": 145,
        "DJ Play Count": 0,
        "Rating": "*******",
        "My Tag": [
            "[Psy-Trance]",
            "2020s"
        ],
        "Additional Info": {
            "id": "40FpxL8830v4uB4tqo7eUd",
            "explicit": false,
            "album": "Dance in the Rain",
            "release_date": "2023-04-20",
            "genres": [],
            "duration": 230069,
            "acousticness": 0.0251,
            "danceability": 7.606,
            "instrumentalness": 0.0112,
            "liveness": 0.575,
            "loudness": -6.758,
            "speechiness": 0.0597,
            "time_signature": 4,
            "happiness": 4.699
        }
    },
    {
        "#": 27,
        "Track Title": "Raindrops",
        "Artist": "Makai",
        "Key": "7A",
        "Energy": 9.82,
        "Popularity": 1.72,
        "BPM": 142,
        "DJ Play Count": 0,
        "Rating": "*******",
        "My Tag": [
            "[Psy-Trance]",
            "2020s"
        ],
        "Additional Info": {
            "id": "2LJEnuSOmmkjV8j6pcmZhg",
            "explicit": false,
            "album": "Raindrops",
            "release_date": "2023-03-10",
            "genres": [
                "japanese jazztronica"
            ],
            "duration": 300875,
            "acousticness": 0.00576,
            "danceability": 6.5169999999999995,
            "instrumentalness": 0.417,
            "liveness": 0.962,
            "loudness": -3.958,
            "speechiness": 0.084,
            "time_signature": 4,
            "happiness": 4.122999999999999
        }
    },
    {
        "#": 28,
        "Track Title": "Language of Nature",
        "Artist": "Pulsar, Sharmatix",
        "Key": "3A",
        "Energy": 9.172,
        "Popularity": 1.9,
        "BPM": 147,
        "DJ Play Count": 0,
        "Rating": "*******",
        "My Tag": [
            "[Psy-Trance]",
            "2020s"
        ],
        "Additional Info": {
            "id": "2R1Ykr2CquqrNUYJiGhuLY",
            "explicit": false,
            "album": "Language of Nature",
            "release_date": "2022-11-11",
            "genres": [],
            "duration": 478775,
            "acousticness": 1.18e-05,
            "danceability": 5.689,
            "instrumentalness": 0.881,
            "liveness": 0.943,
            "loudness": -6.814,
            "speechiness": 0.0382,
            "time_signature": 4,
            "happiness": 3.637
        }
    },
    {
        "#": 29,
        "Track Title": "Psy & Fly",
        "Artist": "Raz",
        "Key": "2B",
        "Energy": 9.504999999999999,
        "Popularity": 6.13,
        "BPM": 103,
        "DJ Play Count": 0,
        "Rating": "*******",
        "My Tag": [
            "[Psy-Trance]",
            "2010s"
        ],
        "Additional Info": {
            "id": "4Vb8CqP2qhyPolnu729yIS",
            "explicit": false,
            "album": "RAZ WORLD 2019",
            "release_date": "2019-07-01",
            "genres": [
                "full on"
            ],
            "duration": 119274,
            "acousticness": 0.0216,
            "danceability": 6.985,
            "instrumentalness": 0.69,
            "liveness": 0.0948,
            "loudness": -4.531,
            "speechiness": 0.0423,
            "time_signature": 4,
            "happiness": 3.268
        }
    },
    {
        "#": 30,
        "Track Title": "Believer",
        "Artist": "Fyex, 2Hounds",
        "Key": "6A",
        "Energy": 8.263000000000002,
        "Popularity": 1.0,
        "BPM": 120,
        "DJ Play Count": 0,
        "Rating": "*******",
        "My Tag": [
            "[Psy-Trance]",
            "2020s"
        ],
        "Additional Info": {
            "id": "1dOVPDIx9zUw1KKMQxw6cx",
            "explicit": false,
            "album": "Believer",
            "release_date": "2021-11-05",
            "genres": [
                "gym phonk",
                "covertronica"
            ],
            "duration": 148024,
            "acousticness": 0.264,
            "danceability": 5.968,
            "instrumentalness": 0.00017,
            "liveness": 0.269,
            "loudness": -6.916,
            "speechiness": 0.218,
            "time_signature": 4,
            "happiness": 5.005
        }
    },
    {
        "#": 31,
        "Track Title": "Plant Flowers",
        "Artist": "Mira Sthira",
        "Key": "9A",
        "Energy": 8.370999999999999,
        "Popularity": 2.17,
        "BPM": 144,
        "DJ Play Count": 0,
        "Rating": "*******",
        "My Tag": [
            "[Psy-Trance]",
            "2020s"
        ],
        "Additional Info": {
            "id": "1zAPS6eJcsv5lISBGjKUid",
            "explicit": false,
            "album": "Plant Flowers",
            "release_date": "2021-05-02",
            "genres": [],
            "duration": 250625,
            "acousticness": 0.00387,
            "danceability": 6.634,
            "instrumentalness": 0.291,
            "liveness": 0.14,
            "loudness": -7.189,
            "speechiness": 0.0459,
            "time_signature": 4,
            "happiness": 6.228999999999999
        }
    },
    {
        "#": 32,
        "Track Title": "Icky Pickle",
        "Artist": "Envelope Penelope",
        "Key": "7B",
        "Energy": 8.254000000000001,
        "Popularity": 3.0700000000000003,
        "BPM": 123,
        "DJ Play Count": 0,
        "Rating": "*******",
        "My Tag": [
            "[Psy-Trance]",
            "2020s",
            "Happy"
        ],
        "Additional Info": {
            "id": "6RWtD63uEjlKWFqBj7JTDf",
            "explicit": false,
            "album": "Hope For Nope",
            "release_date": "2022-11-30",
            "genres": [],
            "duration": 379969,
            "acousticness": 0.0322,
            "danceability": 7.885,
            "instrumentalness": 0.48,
            "liveness": 0.0916,
            "loudness": -4.748,
            "speechiness": 0.0524,
            "time_signature": 4,
            "happiness": 7.606
        }
    },
    {
        "#": 33,
        "Track Title": "Doce Bala",
        "Artist": "Capslock, Chemical Noise, Prada",
        "Key": "11B",
        "Energy": 9.631,
        "Popularity": 2.71,
        "BPM": 142,
        "DJ Play Count": 0,
        "Rating": "*******",
        "My Tag": [
            "[Psy-Trance]",
            "2020s"
        ],
        "Additional Info": {
            "id": "6IGBofU2Y7kmziApzsdsnV",
            "explicit": false,
            "album": "Doce Bala",
            "release_date": "2020-04-24",
            "genres": [
                "trance brasileiro"
            ],
            "duration": 317747,
            "acousticness": 0.000522,
            "danceability": 5.761,
            "instrumentalness": 0.285,
            "liveness": 0.679,
            "loudness": -5.53,
            "speechiness": 0.112,
            "time_signature": 4,
            "happiness": 3.088
        }
    },
    {
        "#": 34,
        "Track Title": "Futuro",
        "Artist": "Chapeleiro, Draco",
        "Key": "1A",
        "Energy": 6.3549999999999995,
        "Popularity": 3.88,
        "BPM": 137,
        "DJ Play Count": 0,
        "Rating": "*******",
        "My Tag": [
            "[Psy-Trance]",
            "2020s"
        ],
        "Additional Info": {
            "id": "3FDRqjnwYpQefRGvQeNc7X",
            "explicit": false,
            "album": "Futuro",
            "release_date": "2021-08-13",
            "genres": [],
            "duration": 432701,
            "acousticness": 0.0393,
            "danceability": 5.7250000000000005,
            "instrumentalness": 0.73,
            "liveness": 0.181,
            "loudness": -7.586,
            "speechiness": 0.108,
            "time_signature": 4,
            "happiness": 3.466
        }
    },
    {
        "#": 35,
        "Track Title": "Sem Chão",
        "Artist": "Mandragora",
        "Key": "3B",
        "Energy": 4.933,
        "Popularity": 6.31,
        "BPM": 109,
        "DJ Play Count": 0,
        "Rating": "*******",
        "My Tag": [
            "[Psy-Trance]",
            "2010s",
            "EDM"
        ],
        "Additional Info": {
            "id": "5irKKFoCUyKFq8rvtSBIYM",
            "explicit": false,
            "album": "Sem Chão",
            "release_date": "2017-01-22",
            "genres": [
                "brazilian edm",
                "mexican edm",
                "trance mexicano"
            ],
            "duration": 247023,
            "acousticness": 0.0417,
            "danceability": 5.311,
            "instrumentalness": 0.0343,
            "liveness": 0.125,
            "loudness": -7.989,
            "speechiness": 0.0547,
            "time_signature": 3,
            "happiness": 1.6669
        }
    },
    {
        "#": 36,
        "Track Title": "Mystical Flute - Chemical Noise Remix",
        "Artist": "Rafael Starcevic, Liu Rosa, Chemical Noise",
        "Key": "2B",
        "Energy": 9.766,
        "Popularity": 1.45,
        "BPM": 140,
        "DJ Play Count": 0,
        "Rating": "*******",
        "My Tag": [
            "[Psy-Trance]",
            "2010s",
            "Fight & Fog"
        ],
        "Additional Info": {
            "id": "5Rtw9dtntStD5WX0LGkNLY",
            "explicit": false,
            "album": "Mystical Flute (Chemical Noise Remix)",
            "release_date": "2017-09-18",
            "genres": [
                "trance brasileiro"
            ],
            "duration": 525129,
            "acousticness": 0.00433,
            "danceability": 7.1290000000000004,
            "instrumentalness": 0.825,
            "liveness": 0.495,
            "loudness": -4.41,
            "speechiness": 0.108,
            "time_signature": 4,
            "happiness": 2.1790000000000003
        }
    },
    {
        "#": 37,
        "Track Title": "Shadow games",
        "Artist": "Approche",
        "Key": "3B",
        "Energy": 9.757,
        "Popularity": 1.27,
        "BPM": 148,
        "DJ Play Count": 0,
        "Rating": "*******",
        "My Tag": [
            "[Psy-Trance]",
            "2020s",
            "Fight & Fog"
        ],
        "Additional Info": {
            "id": "3rxqAxTBpErKdDhk7qsXsK",
            "explicit": false,
            "album": "Shadow games",
            "release_date": "2023-04-28",
            "genres": [],
            "duration": 411081,
            "acousticness": 0.000186,
            "danceability": 6.67,
            "instrumentalness": 0.804,
            "liveness": 0.468,
            "loudness": -8.178,
            "speechiness": 0.048,
            "time_signature": 4,
            "happiness": 2.8
        }
    },
    {
        "#": 38,
        "Track Title": "Vidmahe",
        "Artist": "Looply",
        "Key": "11B",
        "Energy": 8.398,
        "Popularity": 2.8,
        "BPM": 143,
        "DJ Play Count": 0,
        "Rating": "*******",
        "My Tag": [
            "[Psy-Trance]",
            "2020s"
        ],
        "Additional Info": {
            "id": "01OcYqw80tyYxFyL1WDGi5",
            "explicit": false,
            "album": "Vidmahe",
            "release_date": "2023-04-21",
            "genres": [],
            "duration": 288671,
            "acousticness": 0.0288,
            "danceability": 7.2459999999999996,
            "instrumentalness": 0.715,
            "liveness": 0.377,
            "loudness": -4.835,
            "speechiness": 0.0552,
            "time_signature": 4,
            "happiness": 5.140000000000001
        }
    },
    {
        "#": 39,
        "Track Title": "Be Yours",
        "Artist": "Thauros",
        "Key": "9B",
        "Energy": 6.481,
        "Popularity": 1.6300000000000001,
        "BPM": 140,
        "DJ Play Count": 0,
        "Rating": "*******",
        "My Tag": [
            "[Psy-Trance]",
            "2020s"
        ],
        "Additional Info": {
            "id": "7nd32aUH1mKj0BXUYYkSNd",
            "explicit": false,
            "album": "Be Yours",
            "release_date": "2022-11-18",
            "genres": [],
            "duration": 387429,
            "acousticness": 0.0288,
            "danceability": 6.499,
            "instrumentalness": 0.736,
            "liveness": 0.22,
            "loudness": -8.023,
            "speechiness": 0.036,
            "time_signature": 4,
            "happiness": 4.663
        }
    },
    {
        "#": 40,
        "Track Title": "Bae Bae",
        "Artist": "Vegas (Brazil)",
        "Key": "12A",
        "Energy": 7.5969999999999995,
        "Popularity": 4.6899999999999995,
        "BPM": 138,
        "DJ Play Count": 0,
        "Rating": "*******",
        "My Tag": [
            "[Psy-Trance]",
            "2010s"
        ],
        "Additional Info": {
            "id": "2BFQKrThxQDyKPd0ZxQFvx",
            "explicit": false,
            "album": "Caixa Magica",
            "release_date": "2019-01-22",
            "genres": [
                "trance brasileiro"
            ],
            "duration": 409067,
            "acousticness": 0.014,
            "danceability": 6.724,
            "instrumentalness": 0.539,
            "liveness": 0.669,
            "loudness": -6.516,
            "speechiness": 0.0618,
            "time_signature": 4,
            "happiness": 3.295
        }
    },
    {
        "#": 41,
        "Track Title": "Tribute To Rick Sanchez",
        "Artist": "Maymum, Caio Cesar",
        "Key": "6A",
        "Energy": 9.370000000000001,
        "Popularity": 1.0,
        "BPM": 138,
        "DJ Play Count": 0,
        "Rating": "*******",
        "My Tag": [
            "[Psy-Trance]",
            "2020s"
        ],
        "Additional Info": {
            "id": "20flDSDNWegFX0j7SREUP4",
            "explicit": false,
            "album": "Tribute To Rick Sanchez",
            "release_date": "2020-04-20",
            "genres": [],
            "duration": 431327,
            "acousticness": 0.0043,
            "danceability": 7.894,
            "instrumentalness": 0.101,
            "liveness": 0.677,
            "loudness": -3.077,
            "speechiness": 0.0986,
            "time_signature": 4,
            "happiness": 5.437
        }
    },
    {
        "#": 42,
        "Track Title": "Let's Celebrate",
        "Artist": "Adam Eden",
        "Key": "3A",
        "Energy": 9.334,
        "Popularity": 1.72,
        "BPM": 138,
        "DJ Play Count": 0,
        "Rating": "*******",
        "My Tag": [
            "[Psy-Trance]",
            "2010s"
        ],
        "Additional Info": {
            "id": "71tPHatzxnOJqKEovV6wSS",
            "explicit": false,
            "album": "Let's Celebrate",
            "release_date": "2019-06-07",
            "genres": [],
            "duration": 204410,
            "acousticness": 0.00225,
            "danceability": 5.221,
            "instrumentalness": 0.807,
            "liveness": 0.0644,
            "loudness": -10.091,
            "speechiness": 0.0516,
            "time_signature": 4,
            "happiness": 3.052
        }
    },
    {
        "#": 43,
        "Track Title": "Hold On To Me",
        "Artist": "Loudar, Phyric",
        "Key": "3B",
        "Energy": 8.92,
        "Popularity": 2.8899999999999997,
        "BPM": 149,
        "DJ Play Count": 0,
        "Rating": "*******",
        "My Tag": [
            "[Psy-Trance]",
            "2020s"
        ],
        "Additional Info": {
            "id": "3ml2wBAU1sqIXG7HR7RDQN",
            "explicit": false,
            "album": "Hold On To Me",
            "release_date": "2021-03-29",
            "genres": [
                "euphoric hardstyle",
                "hardstyle"
            ],
            "duration": 247781,
            "acousticness": 0.0136,
            "danceability": 4.591,
            "instrumentalness": 5.91e-05,
            "liveness": 0.64,
            "loudness": -4.924,
            "speechiness": 0.0704,
            "time_signature": 4,
            "happiness": 6.5169999999999995
        }
    },
    {
        "#": 44,
        "Track Title": "Come Close",
        "Artist": "Vini Vici, Neelix, MKLA",
        "Key": "7A",
        "Energy": 7.9750000000000005,
        "Popularity": 6.31,
        "BPM": 138,
        "DJ Play Count": 0,
        "Rating": "*******",
        "My Tag": [
            "[Psy-Trance]",
            "2020s",
            "EDM"
        ],
        "Additional Info": {
            "id": "71aoIeMlKuQdrkHljBf0nU",
            "explicit": false,
            "album": "Come Close",
            "release_date": "2021-06-25",
            "genres": [
                "progressive uplifting trance",
                "german techno",
                "progressive psytrance"
            ],
            "duration": 194348,
            "acousticness": 0.0945,
            "danceability": 7.633,
            "instrumentalness": 0.349,
            "liveness": 0.191,
            "loudness": -5.443,
            "speechiness": 0.0399,
            "time_signature": 4,
            "happiness": 3.754
        }
    },
    {
        "#": 45,
        "Track Title": "Rise Up",
        "Artist": "Reverence, Iron Lady",
        "Key": "3B",
        "Energy": 8.497,
        "Popularity": 3.97,
        "BPM": 150,
        "DJ Play Count": 0,
        "Rating": "*******",
        "My Tag": [
            "[Psy-Trance]",
            "2020s",
            "Happy"
        ],
        "Additional Info": {
            "id": "3gYk1Jo71RLQFjZxfSqfYL",
            "explicit": false,
            "album": "Rise Up",
            "release_date": "2022-03-04",
            "genres": [
                "trance brasileiro"
            ],
            "duration": 219200,
            "acousticness": 0.0182,
            "danceability": 7.4079999999999995,
            "instrumentalness": 0.00225,
            "liveness": 0.33,
            "loudness": -7.564,
            "speechiness": 0.119,
            "time_signature": 4,
            "happiness": 8.568999999999999
        }
    },
    {
        "#": 46,
        "Track Title": "Codigo Corrompido",
        "Artist": "Nealo BR",
        "Key": "3B",
        "Energy": 5.986000000000001,
        "Popularity": 1.72,
        "BPM": 140,
        "DJ Play Count": 0,
        "Rating": "*******",
        "My Tag": [
            "[Psy-Trance]",
            "2020s"
        ],
        "Additional Info": {
            "id": "1kXdZhUOHzLGzGb7nQSsyt",
            "explicit": false,
            "album": "Codigo Corrompido",
            "release_date": "2022-10-13",
            "genres": [],
            "duration": 356571,
            "acousticness": 0.0296,
            "danceability": 7.651,
            "instrumentalness": 0.332,
            "liveness": 0.0622,
            "loudness": -8.54,
            "speechiness": 0.08,
            "time_signature": 4,
            "happiness": 3.4930000000000003
        }
    },
    {
        "#": 47,
        "Track Title": "It's a Zero-Sum Game",
        "Artist": "Epistemikk",
        "Key": "1A",
        "Energy": 9.685,
        "Popularity": 3.79,
        "BPM": 142,
        "DJ Play Count": 0,
        "Rating": "*******",
        "My Tag": [
            "[Psy-Trance]",
            "2020s"
        ],
        "Additional Info": {
            "id": "0NbafnifINDXXEuqTFJdhV",
            "explicit": false,
            "album": "It's a Zero-Sum Game",
            "release_date": "2023-05-12",
            "genres": [],
            "duration": 594930,
            "acousticness": 0.124,
            "danceability": 6.8500000000000005,
            "instrumentalness": 0.859,
            "liveness": 0.794,
            "loudness": -7.928,
            "speechiness": 0.0725,
            "time_signature": 4,
            "happiness": 5.86
        }
    },
    {
        "#": 48,
        "Track Title": "Lost Voices",
        "Artist": "Raz, Naturalize",
        "Key": "9B",
        "Energy": 9.594999999999999,
        "Popularity": 4.24,
        "BPM": 138,
        "DJ Play Count": 0,
        "Rating": "*******",
        "My Tag": [
            "[Psy-Trance]",
            "2010s",
            "Fight & Fog"
        ],
        "Additional Info": {
            "id": "6HTCMy1KD0BhF7ba2MZx5g",
            "explicit": false,
            "album": "Lost Voices",
            "release_date": "2018-10-08",
            "genres": [
                "full on",
                "progressive psytrance"
            ],
            "duration": 326958,
            "acousticness": 0.00275,
            "danceability": 7.471,
            "instrumentalness": 0.883,
            "liveness": 0.0849,
            "loudness": -5.98,
            "speechiness": 0.05,
            "time_signature": 4,
            "happiness": 2.476
        }
    },
    {
        "#": 49,
        "Track Title": "Issues",
        "Artist": "Pribe, Kurtt",
        "Key": "3B",
        "Energy": 7.236999999999999,
        "Popularity": 3.16,
        "BPM": 138,
        "DJ Play Count": 0,
        "Rating": "*******",
        "My Tag": [
            "[Psy-Trance]",
            "2020s",
            "Fight & Fog"
        ],
        "Additional Info": {
            "id": "4AE5YnXiGC6Hh5Tfk7HgtR",
            "explicit": false,
            "album": "Issues",
            "release_date": "2021-05-20",
            "genres": [
                "german trance"
            ],
            "duration": 285000,
            "acousticness": 0.0127,
            "danceability": 7.174,
            "instrumentalness": 0.57,
            "liveness": 0.0867,
            "loudness": -6.523,
            "speechiness": 0.0434,
            "time_signature": 4,
            "happiness": 2.314
        }
    },
    {
        "#": 50,
        "Track Title": "Energy",
        "Artist": "Menumas",
        "Key": "2B",
        "Energy": 7.0120000000000005,
        "Popularity": 2.8899999999999997,
        "BPM": 145,
        "DJ Play Count": 0,
        "Rating": "*******",
        "My Tag": [
            "[Psy-Trance]",
            "2020s",
            "Fight & Fog"
        ],
        "Additional Info": {
            "id": "6XSRxmKC66q7oE16k8ygFl",
            "explicit": false,
            "album": "Energy",
            "release_date": "2022-05-17",
            "genres": [],
            "duration": 317530,
            "acousticness": 0.0624,
            "danceability": 7.534,
            "instrumentalness": 0.849,
            "liveness": 0.125,
            "loudness": -8.498,
            "speechiness": 0.0587,
            "time_signature": 4,
            "happiness": 2.332
        }
    },
    {
        "#": 51,
        "Track Title": "Out There",
        "Artist": "Reverence",
        "Key": "7A",
        "Energy": 6.823,
        "Popularity": 2.8,
        "BPM": 140,
        "DJ Play Count": 0,
        "Rating": "*******",
        "My Tag": [
            "[Psy-Trance]",
            "2020s"
        ],
        "Additional Info": {
            "id": "0kh3tTHz3K7iop1tV4RRwI",
            "explicit": false,
            "album": "Out There",
            "release_date": "2021-02-05",
            "genres": [
                "trance brasileiro"
            ],
            "duration": 365143,
            "acousticness": 0.0082,
            "danceability": 6.886,
            "instrumentalness": 0.15,
            "liveness": 0.338,
            "loudness": -8.054,
            "speechiness": 0.0335,
            "time_signature": 4,
            "happiness": 2.458
        }
    },
    {
        "#": 52,
        "Track Title": "Stars",
        "Artist": "Menumas",
        "Key": "8B",
        "Energy": 5.815,
        "Popularity": 3.88,
        "BPM": 145,
        "DJ Play Count": 0,
        "Rating": "*******",
        "My Tag": [
            "[Psy-Trance]",
            "2010s"
        ],
        "Additional Info": {
            "id": "5skawbzQY8Y8yKtPq8y897",
            "explicit": false,
            "album": "Stars",
            "release_date": "2018-09-11",
            "genres": [],
            "duration": 489931,
            "acousticness": 0.0109,
            "danceability": 7.39,
            "instrumentalness": 0.822,
            "liveness": 0.142,
            "loudness": -8.307,
            "speechiness": 0.0649,
            "time_signature": 4,
            "happiness": 3.754
        }
    },
    {
        "#": 53,
        "Track Title": "Do Bad Well (feat. Nevve)",
        "Artist": "KSHMR, Nevve",
        "Key": "7B",
        "Energy": 9.046,
        "Popularity": 5.7700000000000005,
        "BPM": 128,
        "DJ Play Count": 0,
        "Rating": "*******",
        "My Tag": [
            "[Psy-Trance]",
            "2010s",
            "Dance Remixes",
            "Club-Hotel",
            "Pop",
            "EDM"
        ],
        "Additional Info": {
            "id": "7zHrHnVSQwI95FGHewXDl8",
            "explicit": false,
            "album": "Do Bad Well (feat. Nevve)",
            "release_date": "2019-10-11",
            "genres": [
                "big room",
                "dutch house",
                "edm",
                "electro house",
                "indian edm",
                "pop dance",
                "progressive electro house",
                "slap house",
                "pop edm"
            ],
            "duration": 204375,
            "acousticness": 0.0512,
            "danceability": 6.436,
            "instrumentalness": 0.000315,
            "liveness": 0.234,
            "loudness": -4.755,
            "speechiness": 0.113,
            "time_signature": 4,
            "happiness": 4.734999999999999
        }
    },
    {
        "#": 54,
        "Track Title": "Spirit",
        "Artist": "Starzcode",
        "Key": "1A",
        "Energy": 4.465,
        "Popularity": 1.27,
        "BPM": 110,
        "DJ Play Count": 0,
        "Rating": "*******",
        "My Tag": [
            "[Psy-Trance]",
            "2020s"
        ],
        "Additional Info": {
            "id": "354PmMXPH8DGg3TALcebsj",
            "explicit": false,
            "album": "Spirit",
            "release_date": "2022-12-08",
            "genres": [],
            "duration": 150551,
            "acousticness": 0.000409,
            "danceability": 7.5969999999999995,
            "instrumentalness": 0.807,
            "liveness": 0.0891,
            "loudness": -7.439,
            "speechiness": 0.0311,
            "time_signature": 4,
            "happiness": 2.683
        }
    },
    {
        "#": 55,
        "Track Title": "Viagem - Nealo Br Remix",
        "Artist": "Cacá Werneck, Liu Rosa, Rafael Starcevic, Nealo BR",
        "Key": "7B",
        "Energy": 7.687,
        "Popularity": 2.3499999999999996,
        "BPM": 145,
        "DJ Play Count": 0,
        "Rating": "*******",
        "My Tag": [
            "[Psy-Trance]",
            "2020s",
            "Happy"
        ],
        "Additional Info": {
            "id": "6j22XLfAO5gVTUXLHvtAae",
            "explicit": false,
            "album": "Viagem (Nealo Br Remix)",
            "release_date": "2022-11-25",
            "genres": [],
            "duration": 201931,
            "acousticness": 0.017,
            "danceability": 8.568999999999999,
            "instrumentalness": 0.00152,
            "liveness": 0.345,
            "loudness": -7.697,
            "speechiness": 0.109,
            "time_signature": 4,
            "happiness": 8.379999999999999
        }
    },
    {
        "#": 56,
        "Track Title": "Balkan",
        "Artist": "Omiki",
        "Key": "1A",
        "Energy": 9.649,
        "Popularity": 5.59,
        "BPM": 140,
        "DJ Play Count": 0,
        "Rating": "*******",
        "My Tag": [
            "[Psy-Trance]",
            "2010s"
        ],
        "Additional Info": {
            "id": "6kw4tVX6fxwLqfo8LK7Wdp",
            "explicit": false,
            "album": "Balkan",
            "release_date": "2017-01-06",
            "genres": [
                "progressive psytrance",
                "psychedelic trance"
            ],
            "duration": 387429,
            "acousticness": 0.00106,
            "danceability": 7.218999999999999,
            "instrumentalness": 0.324,
            "liveness": 0.194,
            "loudness": -4.323,
            "speechiness": 0.162,
            "time_signature": 4,
            "happiness": 3.511
        }
    },
    {
        "#": 57,
        "Track Title": "Slow My Mind",
        "Artist": "Davee, Ela",
        "Key": "6A",
        "Energy": 7.57,
        "Popularity": 2.98,
        "BPM": 142,
        "DJ Play Count": 0,
        "Rating": "*******",
        "My Tag": [
            "[Psy-Trance]",
            "2020s"
        ],
        "Additional Info": {
            "id": "3OtvKYk2dmrW5iAW380Bef",
            "explicit": false,
            "album": "Slow My Mind",
            "release_date": "2023-03-08",
            "genres": [],
            "duration": 218028,
            "acousticness": 0.168,
            "danceability": 7.417,
            "instrumentalness": 0.146,
            "liveness": 0.112,
            "loudness": -8.471,
            "speechiness": 0.0511,
            "time_signature": 4,
            "happiness": 4.897
        }
    },
    {
        "#": 58,
        "Track Title": "Walk In Circles",
        "Artist": "Makai",
        "Key": "8B",
        "Energy": 8.686,
        "Popularity": 1.18,
        "BPM": 138,
        "DJ Play Count": 0,
        "Rating": "*******",
        "My Tag": [
            "[Psy-Trance]",
            "2020s"
        ],
        "Additional Info": {
            "id": "4Vlz2XsNiY2Eu7KBdObN7s",
            "explicit": false,
            "album": "Walk In Circles",
            "release_date": "2022-12-09",
            "genres": [
                "japanese jazztronica"
            ],
            "duration": 438500,
            "acousticness": 0.0559,
            "danceability": 7.462,
            "instrumentalness": 0.67,
            "liveness": 0.155,
            "loudness": -6.634,
            "speechiness": 0.0454,
            "time_signature": 4,
            "happiness": 4.141
        }
    },
    {
        "#": 59,
        "Track Title": "The Sign",
        "Artist": "Pulsar",
        "Key": "3A",
        "Energy": 9.613,
        "Popularity": 1.9,
        "BPM": 145,
        "DJ Play Count": 0,
        "Rating": "*******",
        "My Tag": [
            "[Psy-Trance]",
            "2020s"
        ],
        "Additional Info": {
            "id": "3VBrtqLbZxMUW35ly41iV1",
            "explicit": false,
            "album": "The Sign",
            "release_date": "2023-03-03",
            "genres": [],
            "duration": 457664,
            "acousticness": 2.04e-05,
            "danceability": 5.815,
            "instrumentalness": 0.736,
            "liveness": 0.627,
            "loudness": -5.674,
            "speechiness": 0.0456,
            "time_signature": 4,
            "happiness": 3.142
        }
    },
    {
        "#": 60,
        "Track Title": "I Eat Boys",
        "Artist": "Naen",
        "Key": "9B",
        "Energy": 7.075,
        "Popularity": 3.25,
        "BPM": 120,
        "DJ Play Count": 0,
        "Rating": "*******",
        "My Tag": [
            "[Psy-Trance]",
            "2020s",
            "PEGI 16 [Age]"
        ],
        "Additional Info": {
            "id": "4ovtm3pQ9lDCIRMSAydJ0q",
            "explicit": true,
            "album": "I Eat Boys",
            "release_date": "2022-06-03",
            "genres": [],
            "duration": 168000,
            "acousticness": 0.0412,
            "danceability": 8.551,
            "instrumentalness": 0.036,
            "liveness": 0.201,
            "loudness": -7.381,
            "speechiness": 0.107,
            "time_signature": 4,
            "happiness": 4.186
        }
    },
    {
        "#": 61,
        "Track Title": "Razzia",
        "Artist": "Goar",
        "Key": "2B",
        "Energy": 8.884,
        "Popularity": 1.09,
        "BPM": 103,
        "DJ Play Count": 0,
        "Rating": "*******",
        "My Tag": [
            "[Psy-Trance]",
            "2020s"
        ],
        "Additional Info": {
            "id": "0QgRjlw3N6AJS4yRcTQxJ3",
            "explicit": false,
            "album": "Razzia",
            "release_date": "2022-10-21",
            "genres": [],
            "duration": 259385,
            "acousticness": 0.0514,
            "danceability": 7.939,
            "instrumentalness": 0.878,
            "liveness": 0.244,
            "loudness": -6.22,
            "speechiness": 0.0625,
            "time_signature": 3,
            "happiness": 3.5020000000000002
        }
    },
    {
        "#": 62,
        "Track Title": "112",
        "Artist": "Scott Cameron",
        "Key": "1A",
        "Energy": 8.668,
        "Popularity": 1.27,
        "BPM": 128,
        "DJ Play Count": 0,
        "Rating": "*******",
        "My Tag": [
            "[Psy-Trance]",
            "2020s",
            "Fight & Fog"
        ],
        "Additional Info": {
            "id": "3VAuk1qk4TQTHocZOoKklH",
            "explicit": false,
            "album": "112",
            "release_date": "2023-01-06",
            "genres": [],
            "duration": 266250,
            "acousticness": 0.00101,
            "danceability": 6.274,
            "instrumentalness": 0.902,
            "liveness": 0.0994,
            "loudness": -11.199,
            "speechiness": 0.0509,
            "time_signature": 4,
            "happiness": 2.8
        }
    },
    {
        "#": 63,
        "Track Title": "Lose Control",
        "Artist": "Nealo BR, Alicid",
        "Key": "8A",
        "Energy": 8.065000000000001,
        "Popularity": 1.9,
        "BPM": 142,
        "DJ Play Count": 0,
        "Rating": "*******",
        "My Tag": [
            "[Psy-Trance]",
            "2020s"
        ],
        "Additional Info": {
            "id": "6MsDHFKkOfxuVoFUeSJ1vR",
            "explicit": false,
            "album": "Lose Control",
            "release_date": "2022-10-11",
            "genres": [],
            "duration": 310986,
            "acousticness": 0.0575,
            "danceability": 7.714,
            "instrumentalness": 0.035,
            "liveness": 0.157,
            "loudness": -6.976,
            "speechiness": 0.0516,
            "time_signature": 4,
            "happiness": 6.724
        }
    },
    {
        "#": 64,
        "Track Title": "Arabic Tales",
        "Artist": "Synthatic",
        "Key": "1B",
        "Energy": 7.1290000000000004,
        "Popularity": 3.25,
        "BPM": 142,
        "DJ Play Count": 0,
        "Rating": "*******",
        "My Tag": [
            "[Psy-Trance]",
            "2020s",
            "Fight & Fog"
        ],
        "Additional Info": {
            "id": "7CZIav6rRTCgMdLFsXlfWl",
            "explicit": false,
            "album": "Arabic Tales",
            "release_date": "2021-07-02",
            "genres": [
                "trance brasileiro"
            ],
            "duration": 410704,
            "acousticness": 0.00769,
            "danceability": 7.003,
            "instrumentalness": 0.848,
            "liveness": 0.0823,
            "loudness": -8.678,
            "speechiness": 0.0398,
            "time_signature": 4,
            "happiness": 2.62
        }
    },
    {
        "#": 65,
        "Track Title": "Deep Sleep",
        "Artist": "4i20, Synthatic",
        "Key": "1B",
        "Energy": 8.488,
        "Popularity": 3.79,
        "BPM": 140,
        "DJ Play Count": 0,
        "Rating": "*******",
        "My Tag": [
            "[Psy-Trance]",
            "2020s",
            "Fight & Fog"
        ],
        "Additional Info": {
            "id": "7kRpsSdudlF9TFADtqhyQd",
            "explicit": false,
            "album": "Deep Sleep",
            "release_date": "2021-11-11",
            "genres": [
                "trance brasileiro",
                "trance brasileiro"
            ],
            "duration": 368571,
            "acousticness": 0.138,
            "danceability": 4.537,
            "instrumentalness": 0.895,
            "liveness": 0.161,
            "loudness": -8.242,
            "speechiness": 0.067,
            "time_signature": 3,
            "happiness": 2.4850000000000003
        }
    },
    {
        "#": 66,
        "Track Title": "Mente Egípcia",
        "Artist": "Chapeleiro",
        "Key": "3B",
        "Energy": 8.668,
        "Popularity": 1.0,
        "BPM": 138,
        "DJ Play Count": 0,
        "Rating": "*******",
        "My Tag": [
            "[Psy-Trance]",
            "2020s",
            "Fight & Fog"
        ],
        "Additional Info": {
            "id": "71uz1tguJFrZN6Ne2bKSEK",
            "explicit": false,
            "album": "Mente Egípcia",
            "release_date": "2021-08-17",
            "genres": [],
            "duration": 486957,
            "acousticness": 0.00413,
            "danceability": 6.976,
            "instrumentalness": 0.854,
            "liveness": 0.701,
            "loudness": -6.601,
            "speechiness": 0.0748,
            "time_signature": 4,
            "happiness": 1.7083
        }
    },
    {
        "#": 67,
        "Track Title": "Acidify",
        "Artist": "Lizard Madness, Creative Mind",
        "Key": "11B",
        "Energy": 9.217,
        "Popularity": 2.62,
        "BPM": 144,
        "DJ Play Count": 0,
        "Rating": "*******",
        "My Tag": [
            "[Psy-Trance]",
            "2010s"
        ],
        "Additional Info": {
            "id": "4kXtFvuEEMz11UHMsyUag7",
            "explicit": false,
            "album": "Acidify",
            "release_date": "2018-04-30",
            "genres": [
                "trance mexicano",
                "trance mexicano"
            ],
            "duration": 348333,
            "acousticness": 0.000515,
            "danceability": 6.228999999999999,
            "instrumentalness": 0.85,
            "liveness": 0.187,
            "loudness": -7.054,
            "speechiness": 0.054,
            "time_signature": 4,
            "happiness": 5.923
        }
    },
    {
        "#": 68,
        "Track Title": "Santa Monica - Radio Edit",
        "Artist": "Nick Douglass",
        "Key": "2A",
        "Energy": 9.379000000000001,
        "Popularity": 4.24,
        "BPM": 138,
        "DJ Play Count": 0,
        "Rating": "*******",
        "My Tag": [
            "[Psy-Trance]",
            "2020s",
            "Fight & Fog"
        ],
        "Additional Info": {
            "id": "7umHERrFGV3RUv1vVgvAl5",
            "explicit": false,
            "album": "Santa Monica (Radio Edit)",
            "release_date": "2023-05-12",
            "genres": [],
            "duration": 200000,
            "acousticness": 0.0226,
            "danceability": 5.239,
            "instrumentalness": 0.889,
            "liveness": 0.15,
            "loudness": -10.298,
            "speechiness": 0.0871,
            "time_signature": 4,
            "happiness": 1.3258
        }
    },
    {
        "#": 69,
        "Track Title": "Batatinha Frita",
        "Artist": "Chapeleiro, Henrique Camacho",
        "Key": "1B",
        "Energy": 8.587,
        "Popularity": 3.97,
        "BPM": 85,
        "DJ Play Count": 0,
        "Rating": "*******",
        "My Tag": [
            "[Psy-Trance]",
            "2020s",
            "Fight & Fog"
        ],
        "Additional Info": {
            "id": "64Tp1Tcst4O7dTUtRAUFFv",
            "explicit": false,
            "album": "Batatinha Frita",
            "release_date": "2021-11-30",
            "genres": [
                "trance brasileiro"
            ],
            "duration": 390445,
            "acousticness": 0.0293,
            "danceability": 6.571,
            "instrumentalness": 0.512,
            "liveness": 0.507,
            "loudness": -7.781,
            "speechiness": 0.168,
            "time_signature": 4,
            "happiness": 2.521
        }
    },
    {
        "#": 70,
        "Track Title": "Your Journey - Radio Edit",
        "Artist": "NoPlace",
        "Key": "3B",
        "Energy": 9.783999999999999,
        "Popularity": 1.27,
        "BPM": 140,
        "DJ Play Count": 0,
        "Rating": "*******",
        "My Tag": [
            "[Psy-Trance]",
            "2020s",
            "Fight & Fog"
        ],
        "Additional Info": {
            "id": "0it8TXs5qXAwByNZGc4Bnh",
            "explicit": false,
            "album": "Your Journey",
            "release_date": "2023-06-09",
            "genres": [],
            "duration": 198243,
            "acousticness": 0.00785,
            "danceability": 5.914000000000001,
            "instrumentalness": 0.862,
            "liveness": 0.118,
            "loudness": -7.826,
            "speechiness": 0.0716,
            "time_signature": 3,
            "happiness": 1.4842
        }
    },
    {
        "#": 71,
        "Track Title": "Dancin",
        "Artist": "Dang3r, Freakout BR",
        "Key": "2B",
        "Energy": 7.669,
        "Popularity": 4.0600000000000005,
        "BPM": 140,
        "DJ Play Count": 0,
        "Rating": "*******",
        "My Tag": [
            "[Psy-Trance]",
            "2010s"
        ],
        "Additional Info": {
            "id": "2qlnCPiuxxRHrV8mETdPnE",
            "explicit": false,
            "album": "Dancin",
            "release_date": "2019-05-30",
            "genres": [
                "trance brasileiro",
                "trance brasileiro"
            ],
            "duration": 331001,
            "acousticness": 0.12,
            "danceability": 7.191999999999999,
            "instrumentalness": 0.0017,
            "liveness": 0.7,
            "loudness": -6.104,
            "speechiness": 0.249,
            "time_signature": 4,
            "happiness": 6.13
        }
    },
    {
        "#": 72,
        "Track Title": "Karma",
        "Artist": "Interactive Noise",
        "Key": "9A",
        "Energy": 7.516,
        "Popularity": 3.16,
        "BPM": 140,
        "DJ Play Count": 0,
        "Rating": "*******",
        "My Tag": [
            "[Psy-Trance]",
            "2020s",
            "Fight & Fog"
        ],
        "Additional Info": {
            "id": "3nLBqiDoxZYk0M8cI1lBhc",
            "explicit": false,
            "album": "Karma",
            "release_date": "2020-07-03",
            "genres": [
                "progressive psytrance",
                "psychedelic trance",
                "trance mexicano"
            ],
            "duration": 353043,
            "acousticness": 0.33,
            "danceability": 7.236999999999999,
            "instrumentalness": 0.875,
            "liveness": 0.0768,
            "loudness": -8.604,
            "speechiness": 0.0603,
            "time_signature": 4,
            "happiness": 2.638
        }
    },
    {
        "#": 73,
        "Track Title": "Essa Noite - Chemical Noise Remix",
        "Artist": "Rafael Starcevic, Liu Rosa, Eli Santos, Chemical Noise",
        "Key": "3B",
        "Energy": 9.478,
        "Popularity": 1.27,
        "BPM": 140,
        "DJ Play Count": 0,
        "Rating": "*******",
        "My Tag": [
            "[Psy-Trance]",
            "2010s"
        ],
        "Additional Info": {
            "id": "0iLOkTWhOvolueLV6G1A8r",
            "explicit": false,
            "album": "Essa Noite (Tonight Remixes)",
            "release_date": "2019-10-10",
            "genres": [
                "trance brasileiro"
            ],
            "duration": 341185,
            "acousticness": 0.00552,
            "danceability": 6.751,
            "instrumentalness": 0.661,
            "liveness": 0.162,
            "loudness": -4.917,
            "speechiness": 0.118,
            "time_signature": 4,
            "happiness": 3.5919999999999996
        }
    },
    {
        "#": 74,
        "Track Title": "Synechku",
        "Artist": "Pondora, Vermont (BR)",
        "Key": "3B",
        "Energy": 8.803,
        "Popularity": 3.5200000000000005,
        "BPM": 142,
        "DJ Play Count": 0,
        "Rating": "*******",
        "My Tag": [
            "[Psy-Trance]",
            "2010s",
            "Fight & Fog"
        ],
        "Additional Info": {
            "id": "2PDvRc5AjkGh3Z8iBV380Z",
            "explicit": false,
            "album": "Synechku",
            "release_date": "2019-06-23",
            "genres": [
                "psychedelic trance",
                "trance brasileiro"
            ],
            "duration": 409014,
            "acousticness": 0.015,
            "danceability": 4.276,
            "instrumentalness": 0.739,
            "liveness": 0.165,
            "loudness": -4.359,
            "speechiness": 0.0596,
            "time_signature": 4,
            "happiness": 2.575
        }
    },
    {
        "#": 75,
        "Track Title": "Big Up",
        "Artist": "Rafael Starcevic, Liu Rosa",
        "Key": "3A",
        "Energy": 8.884,
        "Popularity": 1.18,
        "BPM": 130,
        "DJ Play Count": 0,
        "Rating": "*******",
        "My Tag": [
            "[Psy-Trance]",
            "2020s"
        ],
        "Additional Info": {
            "id": "63NwxLQeZdATGCtsZNQa0v",
            "explicit": false,
            "album": "Big Up",
            "release_date": "2022-05-13",
            "genres": [],
            "duration": 197416,
            "acousticness": 0.00715,
            "danceability": 6.3999999999999995,
            "instrumentalness": 0.621,
            "liveness": 0.308,
            "loudness": -3.269,
            "speechiness": 0.0588,
            "time_signature": 4,
            "happiness": 3.268
        }
    },
    {
        "#": 76,
        "Track Title": "Chapati",
        "Artist": "UnderCover",
        "Key": "10B",
        "Energy": 7.1290000000000004,
        "Popularity": 5.7700000000000005,
        "BPM": 145,
        "DJ Play Count": 0,
        "Rating": "*******",
        "My Tag": [
            "[Psy-Trance]",
            "2020s"
        ],
        "Additional Info": {
            "id": "24pIscrDqVkkAp9KHflo5w",
            "explicit": false,
            "album": "The Collection",
            "release_date": "2020-07-19",
            "genres": [],
            "duration": 380285,
            "acousticness": 0.0111,
            "danceability": 6.715,
            "instrumentalness": 0.816,
            "liveness": 0.104,
            "loudness": -8.729,
            "speechiness": 0.112,
            "time_signature": 4,
            "happiness": 3.1149999999999998
        }
    },
    {
        "#": 77,
        "Track Title": "Tandava - Blazy & Gottinari Remix",
        "Artist": "Shanti People, Blazy, Gottinari",
        "Key": "12A",
        "Energy": 8.974,
        "Popularity": 5.7700000000000005,
        "BPM": 140,
        "DJ Play Count": 0,
        "Rating": "*******",
        "My Tag": [
            "[Psy-Trance]",
            "2010s",
            "Fight & Fog"
        ],
        "Additional Info": {
            "id": "2BmwXAUDtEzKw4RGtHJu5B",
            "explicit": false,
            "album": "Tandava (Blazy & Gottinari Remix)",
            "release_date": "2017-01-18",
            "genres": [
                "ukrainian electronic",
                "trance brasileiro",
                "trance brasileiro"
            ],
            "duration": 312161,
            "acousticness": 0.104,
            "danceability": 6.715,
            "instrumentalness": 0.00762,
            "liveness": 0.0824,
            "loudness": -5.007,
            "speechiness": 0.156,
            "time_signature": 4,
            "happiness": 2.206
        }
    },
    {
        "#": 78,
        "Track Title": "Balikali",
        "Artist": "UnderCover",
        "Key": "1B",
        "Energy": 8.821,
        "Popularity": 5.41,
        "BPM": 145,
        "DJ Play Count": 0,
        "Rating": "*******",
        "My Tag": [
            "[Psy-Trance]",
            "2010s",
            "Fight & Fog"
        ],
        "Additional Info": {
            "id": "1lpzlOzyQGhpm80MmNjZ4d",
            "explicit": false,
            "album": "Balikali",
            "release_date": "2014-12-22",
            "genres": [],
            "duration": 407172,
            "acousticness": 0.00611,
            "danceability": 4.096,
            "instrumentalness": 0.812,
            "liveness": 0.0719,
            "loudness": -6.688,
            "speechiness": 0.0579,
            "time_signature": 4,
            "happiness": 1.7866
        }
    },
    {
        "#": 79,
        "Track Title": "Goodbye",
        "Artist": "ACTFILL, OPIX, Levka Rey",
        "Key": "6A",
        "Energy": 9.622,
        "Popularity": 3.16,
        "BPM": 140,
        "DJ Play Count": 0,
        "Rating": "*******",
        "My Tag": [
            "[Psy-Trance]",
            "2020s"
        ],
        "Additional Info": {
            "id": "4KcnTBx7d7GPL9tEkQ8lzr",
            "explicit": false,
            "album": "Goodbye",
            "release_date": "2021-09-30",
            "genres": [],
            "duration": 216147,
            "acousticness": 0.0275,
            "danceability": 7.335999999999999,
            "instrumentalness": 0.00167,
            "liveness": 0.112,
            "loudness": -4.904,
            "speechiness": 0.117,
            "time_signature": 4,
            "happiness": 3.052
        }
    },
    {
        "#": 80,
        "Track Title": "Harmony",
        "Artist": "Hi Profile",
        "Key": "8B",
        "Energy": 8.370999999999999,
        "Popularity": 1.0,
        "BPM": 138,
        "DJ Play Count": 0,
        "Rating": "*******",
        "My Tag": [
            "[Psy-Trance]",
            "2010s",
            "Fight & Fog"
        ],
        "Additional Info": {
            "id": "2o8BeOFUbSLPZpKZVJmGNY",
            "explicit": false,
            "album": "Goa Beach, Vol. 26",
            "release_date": "2015-03-06",
            "genres": [
                "progressive psytrance",
                "psychedelic trance"
            ],
            "duration": 429893,
            "acousticness": 0.000572,
            "danceability": 5.32,
            "instrumentalness": 0.759,
            "liveness": 0.45,
            "loudness": -9.477,
            "speechiness": 0.171,
            "time_signature": 4,
            "happiness": 1.5319
        }
    },
    {
        "#": 81,
        "Track Title": "Square",
        "Artist": "Breezy",
        "Key": "3B",
        "Energy": 6.787,
        "Popularity": 3.61,
        "BPM": 145,
        "DJ Play Count": 0,
        "Rating": "*******",
        "My Tag": [
            "[Psy-Trance]",
            "2020s"
        ],
        "Additional Info": {
            "id": "3vaFaYEGa7YnFGOP0wwSZM",
            "explicit": false,
            "album": "Metamorfose",
            "release_date": "2021-12-04",
            "genres": [],
            "duration": 259086,
            "acousticness": 0.271,
            "danceability": 7.048,
            "instrumentalness": 0.846,
            "liveness": 0.115,
            "loudness": -8.32,
            "speechiness": 0.0758,
            "time_signature": 4,
            "happiness": 4.213
        }
    },
    {
        "#": 82,
        "Track Title": "Memoryx - Boneless Remix",
        "Artist": "Vegas (Brazil), Boneless live",
        "Key": "8B",
        "Energy": 7.003,
        "Popularity": 2.5300000000000002,
        "BPM": 140,
        "DJ Play Count": 0,
        "Rating": "*******",
        "My Tag": [
            "[Psy-Trance]",
            "2020s",
            "Fight & Fog"
        ],
        "Additional Info": {
            "id": "67CcgQsZ9C4YhgrXGhQBgB",
            "explicit": false,
            "album": "Memoryx",
            "release_date": "2021-12-23",
            "genres": [
                "trance brasileiro"
            ],
            "duration": 390857,
            "acousticness": 0.00312,
            "danceability": 7.209999999999999,
            "instrumentalness": 0.875,
            "liveness": 0.12,
            "loudness": -8.362,
            "speechiness": 0.0461,
            "time_signature": 4,
            "happiness": 1.936
        }
    },
    {
        "#": 83,
        "Track Title": "Naa",
        "Artist": "Memento Mori, Mercuriall",
        "Key": "9B",
        "Energy": 9.037,
        "Popularity": 1.0,
        "BPM": 144,
        "DJ Play Count": 0,
        "Rating": "*******",
        "My Tag": [
            "[Psy-Trance]",
            "2020s"
        ],
        "Additional Info": {
            "id": "5yCpYHlovFHhKqTX5RgTgY",
            "explicit": false,
            "album": "Naa",
            "release_date": "2020-10-30",
            "genres": [],
            "duration": 266771,
            "acousticness": 0.000791,
            "danceability": 7.138000000000001,
            "instrumentalness": 0.741,
            "liveness": 0.413,
            "loudness": -6.213,
            "speechiness": 0.116,
            "time_signature": 4,
            "happiness": 3.844
        }
    },
    {
        "#": 84,
        "Track Title": "The Answer - Original mix",
        "Artist": "Ace Ventura, Interactive Noise",
        "Key": "2A",
        "Energy": 8.182,
        "Popularity": 3.97,
        "BPM": 141,
        "DJ Play Count": 0,
        "Rating": "*******",
        "My Tag": [
            "[Psy-Trance]",
            "2020s",
            "Fight & Fog"
        ],
        "Additional Info": {
            "id": "1Ihgvz6cEsutxYzz8IXePE",
            "explicit": false,
            "album": "The Answer",
            "release_date": "2020-09-18",
            "genres": [
                "progressive psytrance",
                "psychedelic trance",
                "progressive psytrance",
                "psychedelic trance",
                "trance mexicano"
            ],
            "duration": 422128,
            "acousticness": 0.00249,
            "danceability": 7.156000000000001,
            "instrumentalness": 0.832,
            "liveness": 0.0747,
            "loudness": -7.312,
            "speechiness": 0.0729,
            "time_signature": 4,
            "happiness": 2.629
        }
    },
    {
        "#": 85,
        "Track Title": "Sonho de um Passaro - Special M Remix",
        "Artist": "Pedra Branca, Special M",
        "Key": "8A",
        "Energy": 7.102,
        "Popularity": 3.6999999999999997,
        "BPM": 137,
        "DJ Play Count": 0,
        "Rating": "*******",
        "My Tag": [
            "[Psy-Trance]",
            "2010s",
            "Fight & Fog"
        ],
        "Additional Info": {
            "id": "2WlMKcobKZMKvoFcnlQbdS",
            "explicit": false,
            "album": "Dance Floor Remixes",
            "release_date": "2019-04-02",
            "genres": [
                "musica eletronica brasileira",
                "trance brasileiro",
                "world fusion",
                "trance brasileiro"
            ],
            "duration": 310949,
            "acousticness": 0.0233,
            "danceability": 8.002,
            "instrumentalness": 0.108,
            "liveness": 0.109,
            "loudness": -5.713,
            "speechiness": 0.0516,
            "time_signature": 4,
            "happiness": 2.674
        }
    },
    {
        "#": 86,
        "Track Title": "Lost",
        "Artist": "Phaxe, Morten Granau",
        "Key": "2A",
        "Energy": 7.534,
        "Popularity": 5.32,
        "BPM": 135,
        "DJ Play Count": 0,
        "Rating": "*******",
        "My Tag": [
            "[Psy-Trance]",
            "2010s"
        ],
        "Additional Info": {
            "id": "2x1GoZKREbFkQJ8FUaz3Lc",
            "explicit": false,
            "album": "Lost",
            "release_date": "2017-06-30",
            "genres": [
                "progressive psytrance",
                "psychedelic trance",
                "progressive psytrance",
                "psychedelic trance"
            ],
            "duration": 560242,
            "acousticness": 0.0706,
            "danceability": 7.705,
            "instrumentalness": 0.868,
            "liveness": 0.0731,
            "loudness": -7.816,
            "speechiness": 0.044,
            "time_signature": 4,
            "happiness": 3.331
        }
    },
    {
        "#": 87,
        "Track Title": "Coconut",
        "Artist": "Blasterjaxx, Prezioso, GRY",
        "Key": "1B",
        "Energy": 7.678,
        "Popularity": 6.67,
        "BPM": 138,
        "DJ Play Count": 0,
        "Rating": "*******",
        "My Tag": [
            "[Psy-Trance]",
            "2020s",
            "EDM",
            "Club-Hotel",
            "Dance Remixes",
            "Pop",
            "Happy"
        ],
        "Additional Info": {
            "id": "1aUr1M92RnRVNFWrAPq64Q",
            "explicit": false,
            "album": "Coconut",
            "release_date": "2023-06-02",
            "genres": [
                "big room",
                "dutch house",
                "edm",
                "electro house",
                "pop dance",
                "progressive electro house",
                "slap house",
                "italo dance"
            ],
            "duration": 157174,
            "acousticness": 0.176,
            "danceability": 7.039000000000001,
            "instrumentalness": 2.11e-05,
            "liveness": 0.058,
            "loudness": -5.02,
            "speechiness": 0.08,
            "time_signature": 4,
            "happiness": 3.052
        }
    },
    {
        "#": 88,
        "Track Title": "Indica - Original Mix",
        "Artist": "Dzp, Zanon",
        "Key": "12A",
        "Energy": 8.812000000000001,
        "Popularity": 4.33,
        "BPM": 104,
        "DJ Play Count": 0,
        "Rating": "*******",
        "My Tag": [
            "[Psy-Trance]",
            "2010s",
            "Fight & Fog"
        ],
        "Additional Info": {
            "id": "0mSmkjs0CVW1jQdz6xEFmU",
            "explicit": false,
            "album": "Indica",
            "release_date": "2016-09-23",
            "genres": [
                "trance brasileiro",
                "trance brasileiro"
            ],
            "duration": 377391,
            "acousticness": 0.00102,
            "danceability": 5.581,
            "instrumentalness": 0.641,
            "liveness": 0.343,
            "loudness": -7.003,
            "speechiness": 0.0509,
            "time_signature": 3,
            "happiness": 2.296
        }
    },
    {
        "#": 89,
        "Track Title": "For the Clubbers, Pt. 1",
        "Artist": "Marc Antony",
        "Key": "11A",
        "Energy": 9.235,
        "Popularity": 1.27,
        "BPM": 138,
        "DJ Play Count": 0,
        "Rating": "*******",
        "My Tag": [
            "[Psy-Trance]",
            "2020s"
        ],
        "Additional Info": {
            "id": "0mvb6cLnQYGc4GDXxphj8J",
            "explicit": false,
            "album": "For the Clubbers, Pt. 1",
            "release_date": "2021-06-25",
            "genres": [],
            "duration": 191735,
            "acousticness": 0.00644,
            "danceability": 4.276,
            "instrumentalness": 0.962,
            "liveness": 0.0762,
            "loudness": -8.346,
            "speechiness": 0.0455,
            "time_signature": 4,
            "happiness": 6.9670000000000005
        }
    },
    {
        "#": 90,
        "Track Title": "Mama India - Outside The Universe Remix",
        "Artist": "Technical Hitch, Outside The Universe",
        "Key": "1A",
        "Energy": 9.541,
        "Popularity": 1.0,
        "BPM": 147,
        "DJ Play Count": 0,
        "Rating": "*******",
        "My Tag": [
            "[Psy-Trance]",
            "2010s",
            "Fight & Fog"
        ],
        "Additional Info": {
            "id": "6ID3ltzzl2MjLEvGJL9OFu",
            "explicit": false,
            "album": "Mama India (Outside The Universe Remix)",
            "release_date": "2018-05-07",
            "genres": [
                "hi-tech",
                "forest psy",
                "full on",
                "progressive psytrance",
                "psychedelic trance"
            ],
            "duration": 514286,
            "acousticness": 0.000335,
            "danceability": 5.563,
            "instrumentalness": 0.847,
            "liveness": 0.359,
            "loudness": -5.709,
            "speechiness": 0.0513,
            "time_signature": 4,
            "happiness": 2.638
        }
    },
    {
        "#": 91,
        "Track Title": "Genetic Lottery",
        "Artist": "Astrix, Loud",
        "Key": "4B",
        "Energy": 6.76,
        "Popularity": 5.05,
        "BPM": 140,
        "DJ Play Count": 0,
        "Rating": "*******",
        "My Tag": [
            "[Psy-Trance]",
            "2010s"
        ],
        "Additional Info": {
            "id": "0cyAQoQXbdsGtZRcqW6NsC",
            "explicit": false,
            "album": "High on Mel",
            "release_date": "2013-04-08",
            "genres": [
                "full on",
                "nitzhonot",
                "psychedelic trance",
                "psychedelic trance"
            ],
            "duration": 493714,
            "acousticness": 0.131,
            "danceability": 7.191999999999999,
            "instrumentalness": 0.764,
            "liveness": 0.17,
            "loudness": -9.879,
            "speechiness": 0.0621,
            "time_signature": 4,
            "happiness": 1.9809999999999999
        }
    },
    {
        "#": 92,
        "Track Title": "Human Observation",
        "Artist": "Megalight",
        "Key": "9B",
        "Energy": 7.912,
        "Popularity": 1.0,
        "BPM": 144,
        "DJ Play Count": 0,
        "Rating": "*******",
        "My Tag": [
            "[Psy-Trance]",
            "2020s",
            "Fight & Fog"
        ],
        "Additional Info": {
            "id": "4omFgZx1njY8kCu2ktKHMN",
            "explicit": false,
            "album": "Human Observation",
            "release_date": "2020-09-17",
            "genres": [
                "trance mexicano"
            ],
            "duration": 480000,
            "acousticness": 0.000284,
            "danceability": 7.471,
            "instrumentalness": 0.758,
            "liveness": 0.113,
            "loudness": -6.938,
            "speechiness": 0.0424,
            "time_signature": 4,
            "happiness": 1.7038000000000002
        }
    },
    {
        "#": 93,
        "Track Title": "Na Le",
        "Artist": "Omiki",
        "Key": "6A",
        "Energy": 9.793,
        "Popularity": 4.779999999999999,
        "BPM": 140,
        "DJ Play Count": 0,
        "Rating": "*******",
        "My Tag": [
            "[Psy-Trance]",
            "2010s",
            "Fight & Fog"
        ],
        "Additional Info": {
            "id": "34HLm0LVMY1rYEUKQBZrVP",
            "explicit": false,
            "album": "Na Le",
            "release_date": "2018-03-30",
            "genres": [
                "progressive psytrance",
                "psychedelic trance"
            ],
            "duration": 320571,
            "acousticness": 0.00088,
            "danceability": 5.8420000000000005,
            "instrumentalness": 0.0792,
            "liveness": 0.112,
            "loudness": -5.511,
            "speechiness": 0.138,
            "time_signature": 4,
            "happiness": 1.6336
        }
    },
    {
        "#": 94,
        "Track Title": "Ayahuasca",
        "Artist": "Maymum",
        "Key": "11B",
        "Energy": 7.822,
        "Popularity": 1.54,
        "BPM": 140,
        "DJ Play Count": 0,
        "Rating": "*******",
        "My Tag": [
            "[Psy-Trance]",
            "2020s"
        ],
        "Additional Info": {
            "id": "03yBPR6Nyv3do8OjBTO008",
            "explicit": false,
            "album": "Ayahuasca",
            "release_date": "2022-05-13",
            "genres": [],
            "duration": 392571,
            "acousticness": 0.0126,
            "danceability": 7.0840000000000005,
            "instrumentalness": 0.549,
            "liveness": 0.197,
            "loudness": -6.325,
            "speechiness": 0.109,
            "time_signature": 4,
            "happiness": 6.1209999999999996
        }
    },
    {
        "#": 95,
        "Track Title": "Melki (Original Mix)",
        "Artist": "Pondora, Terra",
        "Key": "8B",
        "Energy": 9.019,
        "Popularity": 3.25,
        "BPM": 142,
        "DJ Play Count": 0,
        "Rating": "*******",
        "My Tag": [
            "[Psy-Trance]",
            "2010s",
            "Fight & Fog"
        ],
        "Additional Info": {
            "id": "36ufQC5r0X33QaVUNYmdBO",
            "explicit": false,
            "album": "Melki (Original Mix)",
            "release_date": "2018-03-19",
            "genres": [
                "psychedelic trance"
            ],
            "duration": 360000,
            "acousticness": 0.000859,
            "danceability": 6.553,
            "instrumentalness": 0.273,
            "liveness": 0.173,
            "loudness": -4.468,
            "speechiness": 0.0616,
            "time_signature": 4,
            "happiness": 2.998
        }
    },
    {
        "#": 96,
        "Track Title": "Goud",
        "Artist": "Gekkenhuys",
        "Key": "8B",
        "Energy": 9.793,
        "Popularity": 3.6999999999999997,
        "BPM": 145,
        "DJ Play Count": 0,
        "Rating": "*******",
        "My Tag": [
            "[Psy-Trance]",
            "2020s",
            "Happy"
        ],
        "Additional Info": {
            "id": "0YoPJs2MiFV4H4WpSuqkmB",
            "explicit": false,
            "album": "Goud",
            "release_date": "2022-12-01",
            "genres": [
                "carnaval",
                "nederlandse hardstyle"
            ],
            "duration": 157241,
            "acousticness": 0.0567,
            "danceability": 5.851,
            "instrumentalness": 8.68e-06,
            "liveness": 0.878,
            "loudness": -4.232,
            "speechiness": 0.263,
            "time_signature": 4,
            "happiness": 8.326
        }
    },
    {
        "#": 97,
        "Track Title": "Dirty Girl",
        "Artist": "ManyFaces",
        "Key": "6A",
        "Energy": 6.3549999999999995,
        "Popularity": 1.27,
        "BPM": 128,
        "DJ Play Count": 0,
        "Rating": "*******",
        "My Tag": [
            "[Psy-Trance]",
            "2020s"
        ],
        "Additional Info": {
            "id": "2U9u4SXaDjvaOZ10GgYgr2",
            "explicit": false,
            "album": "Dirty Girl",
            "release_date": "2023-03-27",
            "genres": [],
            "duration": 290538,
            "acousticness": 0.0167,
            "danceability": 5.788,
            "instrumentalness": 0.742,
            "liveness": 0.14,
            "loudness": -19.324,
            "speechiness": 0.0352,
            "time_signature": 4,
            "happiness": 4.6899999999999995
        }
    },
    {
        "#": 98,
        "Track Title": "Hot Sauce",
        "Artist": "Breezy, Shiver, V13",
        "Key": "1B",
        "Energy": 6.382,
        "Popularity": 2.2600000000000002,
        "BPM": 145,
        "DJ Play Count": 0,
        "Rating": "*******",
        "My Tag": [
            "[Psy-Trance]",
            "2020s"
        ],
        "Additional Info": {
            "id": "2rW662tqHPa9lGu40vD28V",
            "explicit": false,
            "album": "Hot Sauce",
            "release_date": "2021-08-09",
            "genres": [
                "rap marseille"
            ],
            "duration": 258211,
            "acousticness": 0.0302,
            "danceability": 8.434,
            "instrumentalness": 0.501,
            "liveness": 0.725,
            "loudness": -5.607,
            "speechiness": 0.0485,
            "time_signature": 4,
            "happiness": 6.202
        }
    },
    {
        "#": 99,
        "Track Title": "Between The Stars",
        "Artist": "Codeless (BR), Elijix",
        "Key": "9A",
        "Energy": 7.561,
        "Popularity": 1.72,
        "BPM": 140,
        "DJ Play Count": 0,
        "Rating": "*******",
        "My Tag": [
            "[Psy-Trance]",
            "2020s"
        ],
        "Additional Info": {
            "id": "64jZF2gQY5GFfo6nONsKDi",
            "explicit": false,
            "album": "Between The Stars",
            "release_date": "2021-06-25",
            "genres": [],
            "duration": 294857,
            "acousticness": 0.0287,
            "danceability": 6.913,
            "instrumentalness": 0.797,
            "liveness": 0.278,
            "loudness": -7.529,
            "speechiness": 0.0352,
            "time_signature": 4,
            "happiness": 4.51
        }
    },
    {
        "#": 100,
        "Track Title": "Durga",
        "Artist": "Yves V, Mariana BO",
        "Key": "1A",
        "Energy": 9.397,
        "Popularity": 4.779999999999999,
        "BPM": 125,
        "DJ Play Count": 0,
        "Rating": "*******",
        "My Tag": [
            "[Psy-Trance]",
            "2010s",
            "Dance Remixes",
            "Club-Hotel",
            "Pop",
            "EDM"
        ],
        "Additional Info": {
            "id": "4BG9vkQ9ROZrspG8YpBx04",
            "explicit": false,
            "album": "Durga",
            "release_date": "2018-09-14",
            "genres": [
                "belgian edm",
                "dutch house",
                "edm",
                "electro house",
                "pop dance",
                "progressive electro house",
                "progressive house",
                "slap house",
                "mexican edm"
            ],
            "duration": 165120,
            "acousticness": 0.0124,
            "danceability": 7.201,
            "instrumentalness": 0.538,
            "liveness": 0.425,
            "loudness": -5.72,
            "speechiness": 0.076,
            "time_signature": 4,
            "happiness": 4.339
        }
    }
]