[
    {
        "#": 1,
        "Track Title": "Great Spirit",
        "Artist": "Armin van Buuren, Vini Vici, Hilight Tribe",
        "Key": "11B",
        "Energy": 9.199,
        "Popularity": 6.040000000000001,
        "BPM": 104,
        "DJ Play Count": 0,
        "Rating": "*******",
        "My Tag": [
            "[Psy-Trance]",
            "2010s",
            "Dance Remixes",
            "Flying High",
            "Pop",
            "EDM",
            "Fight & Fog"
        ],
        "Additional Info": {
            "id": "6FzjJPwf5JzzFOei7h6Qrp",
            "explicit": false,
            "album": "The Best Of Armin Only",
            "release_date": "2017-05-13",
            "genres": [
                "dutch house",
                "dutch trance",
                "edm",
                "pop dance",
                "progressive house",
                "trance",
                "progressive uplifting trance",
                "didgeridoo"
            ],
            "duration": 215773,
            "acousticness": 0.00609,
            "danceability": 6.319,
            "instrumentalness": 0.0123,
            "liveness": 0.223,
            "loudness": -7.975,
            "speechiness": 0.0661,
            "time_signature": 3,
            "happiness": 2.899
        }
    },
    {
        "#": 2,
        "Track Title": "Answer From The Stars - Vini Vici vs. Bizzare Contact Remix",
        "Artist": "Vegas (Brazil), Vini Vici, Bizzare Contact",
        "Key": "8B",
        "Energy": 9.442,
        "Popularity": 1.0,
        "BPM": 140,
        "DJ Play Count": 0,
        "Rating": "*******",
        "My Tag": [
            "[Psy-Trance]",
            "2010s",
            "Fight & Fog"
        ],
        "Additional Info": {
            "id": "6imYtafELODM0rYneeCJsO",
            "explicit": false,
            "album": "Answer From The Stars (Vini Vici vs. Bizzare Contact Remix)",
            "release_date": "2017-05-29",
            "genres": [
                "trance brasileiro",
                "progressive uplifting trance",
                "full on",
                "progressive psytrance",
                "psychedelic trance"
            ],
            "duration": 236571,
            "acousticness": 0.00134,
            "danceability": 5.104,
            "instrumentalness": 0.646,
            "liveness": 0.0837,
            "loudness": -5.055,
            "speechiness": 0.0919,
            "time_signature": 4,
            "happiness": 1.5859
        }
    },
    {
        "#": 3,
        "Track Title": "Chakra",
        "Artist": "W&W, Vini Vici",
        "Key": "7B",
        "Energy": 9.459999999999999,
        "Popularity": 5.32,
        "BPM": 103,
        "DJ Play Count": 0,
        "Rating": "*******",
        "My Tag": [
            "[Psy-Trance]",
            "2010s",
            "Dance Remixes",
            "Club-Hotel",
            "Pop",
            "EDM",
            "Fight & Fog"
        ],
        "Additional Info": {
            "id": "6UWZP82Q9I7lUtQaPBWJL7",
            "explicit": false,
            "album": "Chakra",
            "release_date": "2017-09-18",
            "genres": [
                "big room",
                "dutch house",
                "dutch trance",
                "edm",
                "electro house",
                "pop dance",
                "progressive electro house",
                "progressive house",
                "progressive uplifting trance"
            ],
            "duration": 203000,
            "acousticness": 0.00446,
            "danceability": 5.266,
            "instrumentalness": 0.00172,
            "liveness": 0.417,
            "loudness": -4.558,
            "speechiness": 0.261,
            "time_signature": 3,
            "happiness": 1.7902
        }
    },
    {
        "#": 4,
        "Track Title": "100 (feat. Symphonic)",
        "Artist": "Vini Vici, Timmy Trumpet, Symphonic",
        "Key": "6A",
        "Energy": 9.693999999999999,
        "Popularity": 5.140000000000001,
        "BPM": 138,
        "DJ Play Count": 0,
        "Rating": "*******",
        "My Tag": [
            "[Psy-Trance]",
            "2010s",
            "Dance Remixes",
            "Club-Hotel",
            "EDM",
            "Fight & Fog"
        ],
        "Additional Info": {
            "id": "43LZO9z9DmI585kXj0TIBM",
            "explicit": false,
            "album": "100 (feat. Symphonic)",
            "release_date": "2018-03-12",
            "genres": [
                "progressive uplifting trance",
                "australian dance",
                "big room",
                "melbourne bounce",
                "melbourne bounce international"
            ],
            "duration": 207787,
            "acousticness": 0.0129,
            "danceability": 4.258,
            "instrumentalness": 0.46,
            "liveness": 0.191,
            "loudness": -4.731,
            "speechiness": 0.154,
            "time_signature": 4,
            "happiness": 1.3366
        }
    },
    {
        "#": 5,
        "Track Title": "Free Tibet - Vini Vici Remix",
        "Artist": "Hilight Tribe, Vini Vici",
        "Key": "3B",
        "Energy": 9.523,
        "Popularity": 1.0,
        "BPM": 104,
        "DJ Play Count": 0,
        "Rating": "*******",
        "My Tag": [
            "[Psy-Trance]",
            "2010s",
            "Fight & Fog"
        ],
        "Additional Info": {
            "id": "1Ic75bJnvNE3zpE7qZg7aA",
            "explicit": false,
            "album": "Free Tibet (Vini Vici Remix)",
            "release_date": "2016-02-01",
            "genres": [
                "didgeridoo",
                "progressive uplifting trance"
            ],
            "duration": 474783,
            "acousticness": 0.0131,
            "danceability": 4.447,
            "instrumentalness": 0.697,
            "liveness": 0.143,
            "loudness": -5.93,
            "speechiness": 0.0654,
            "time_signature": 3,
            "happiness": 1.6669
        }
    },
    {
        "#": 6,
        "Track Title": "The Tribe",
        "Artist": "Vini Vici",
        "Key": "2A",
        "Energy": 9.604,
        "Popularity": 1.0,
        "BPM": 138,
        "DJ Play Count": 0,
        "Rating": "*******",
        "My Tag": [
            "[Psy-Trance]",
            "2010s",
            "Fight & Fog"
        ],
        "Additional Info": {
            "id": "6fs4FmJFPisknFKnmSwTrn",
            "explicit": false,
            "album": "Future Classics",
            "release_date": "2015-04-13",
            "genres": [
                "progressive uplifting trance"
            ],
            "duration": 475652,
            "acousticness": 0.00728,
            "danceability": 6.436,
            "instrumentalness": 0.49,
            "liveness": 0.919,
            "loudness": -6.513,
            "speechiness": 0.12,
            "time_signature": 4,
            "happiness": 2.629
        }
    },
    {
        "#": 7,
        "Track Title": "Veni Vidi Vici",
        "Artist": "Vini Vici",
        "Key": "10B",
        "Energy": 8.794,
        "Popularity": 1.0,
        "BPM": 137,
        "DJ Play Count": 0,
        "Rating": "*******",
        "My Tag": [
            "[Psy-Trance]",
            "2010s",
            "Fight & Fog"
        ],
        "Additional Info": {
            "id": "0rzBTls8cZssB2U0cQeIdJ",
            "explicit": false,
            "album": "Future Classics",
            "release_date": "2015-04-13",
            "genres": [
                "progressive uplifting trance"
            ],
            "duration": 468175,
            "acousticness": 0.00217,
            "danceability": 7.255,
            "instrumentalness": 0.844,
            "liveness": 0.111,
            "loudness": -7.534,
            "speechiness": 0.143,
            "time_signature": 4,
            "happiness": 1.3447
        }
    },
    {
        "#": 8,
        "Track Title": "Namaste",
        "Artist": "Vini Vici",
        "Key": "1A",
        "Energy": 9.829,
        "Popularity": 1.0,
        "BPM": 138,
        "DJ Play Count": 0,
        "Rating": "*******",
        "My Tag": [
            "[Psy-Trance]",
            "2010s",
            "Fight & Fog"
        ],
        "Additional Info": {
            "id": "4qWKBkoYXBTafofmMSLKSy",
            "explicit": false,
            "album": "Future Classics",
            "release_date": "2015-04-13",
            "genres": [
                "progressive uplifting trance"
            ],
            "duration": 462609,
            "acousticness": 0.000604,
            "danceability": 6.904,
            "instrumentalness": 0.643,
            "liveness": 0.354,
            "loudness": -6.26,
            "speechiness": 0.0512,
            "time_signature": 4,
            "happiness": 2.404
        }
    },
    {
        "#": 9,
        "Track Title": "Alteza",
        "Artist": "Vini Vici",
        "Key": "12A",
        "Energy": 9.685,
        "Popularity": 1.0,
        "BPM": 136,
        "DJ Play Count": 0,
        "Rating": "*******",
        "My Tag": [
            "[Psy-Trance]",
            "2010s",
            "Fight & Fog"
        ],
        "Additional Info": {
            "id": "1F7Zl6soPgypN0OljX8fec",
            "explicit": false,
            "album": "Future Classics",
            "release_date": "2015-04-13",
            "genres": [
                "progressive uplifting trance"
            ],
            "duration": 472046,
            "acousticness": 0.000282,
            "danceability": 6.2829999999999995,
            "instrumentalness": 0.724,
            "liveness": 0.127,
            "loudness": -5.845,
            "speechiness": 0.0696,
            "time_signature": 4,
            "happiness": 2.098
        }
    },
    {
        "#": 10,
        "Track Title": "Anything & Everything",
        "Artist": "Vini Vici, Pixel",
        "Key": "9B",
        "Energy": 8.218,
        "Popularity": 1.0,
        "BPM": 138,
        "DJ Play Count": 0,
        "Rating": "*******",
        "My Tag": [
            "[Psy-Trance]",
            "2010s",
            "Fight & Fog"
        ],
        "Additional Info": {
            "id": "0Uhz3tbKsp9G2c03QGdIZ9",
            "explicit": false,
            "album": "Future Classics",
            "release_date": "2015-04-13",
            "genres": [
                "progressive uplifting trance"
            ],
            "duration": 445216,
            "acousticness": 0.00953,
            "danceability": 4.996,
            "instrumentalness": 0.777,
            "liveness": 0.34,
            "loudness": -9.4,
            "speechiness": 0.0533,
            "time_signature": 4,
            "happiness": 1.5373
        }
    },
    {
        "#": 11,
        "Track Title": "Talking with U.F.O's",
        "Artist": "Vini Vici",
        "Key": "8B",
        "Energy": 8.370999999999999,
        "Popularity": 1.0,
        "BPM": 138,
        "DJ Play Count": 0,
        "Rating": "*******",
        "My Tag": [
            "[Psy-Trance]",
            "2010s"
        ],
        "Additional Info": {
            "id": "1q4jUtYRsxq4okKRCNpqhq",
            "explicit": false,
            "album": "Future Classics",
            "release_date": "2015-04-13",
            "genres": [
                "progressive uplifting trance"
            ],
            "duration": 466522,
            "acousticness": 0.033,
            "danceability": 7.984,
            "instrumentalness": 0.294,
            "liveness": 0.317,
            "loudness": -7.264,
            "speechiness": 0.0696,
            "time_signature": 4,
            "happiness": 3.79
        }
    },
    {
        "#": 12,
        "Track Title": "Ravers Army",
        "Artist": "Vini Vici",
        "Key": "12A",
        "Energy": 9.811,
        "Popularity": 1.0,
        "BPM": 138,
        "DJ Play Count": 0,
        "Rating": "*******",
        "My Tag": [
            "[Psy-Trance]",
            "2010s",
            "Fight & Fog"
        ],
        "Additional Info": {
            "id": "1WMWmOq0MiCP9rQxNt1QNH",
            "explicit": false,
            "album": "Part of the Dream (Compiled by Vini Vici)",
            "release_date": "2017-10-06",
            "genres": [
                "progressive uplifting trance"
            ],
            "duration": 445217,
            "acousticness": 0.000557,
            "danceability": 7.156000000000001,
            "instrumentalness": 0.843,
            "liveness": 0.106,
            "loudness": -6.352,
            "speechiness": 0.0686,
            "time_signature": 4,
            "happiness": 1.3834
        }
    },
    {
        "#": 13,
        "Track Title": "Flashback",
        "Artist": "Vini Vici, Pixel",
        "Key": "3B",
        "Energy": 9.613,
        "Popularity": 1.0,
        "BPM": 136,
        "DJ Play Count": 0,
        "Rating": "*******",
        "My Tag": [
            "[Psy-Trance]",
            "2010s",
            "Fight & Fog"
        ],
        "Additional Info": {
            "id": "0ty6kOWMBycsax0DoSJOCH",
            "explicit": false,
            "album": "Part of the Dream (Compiled by Vini Vici)",
            "release_date": "2017-10-06",
            "genres": [
                "progressive uplifting trance",
                "full on",
                "progressive psytrance",
                "psychedelic trance"
            ],
            "duration": 480713,
            "acousticness": 0.0139,
            "danceability": 6.751,
            "instrumentalness": 0.885,
            "liveness": 0.125,
            "loudness": -6.791,
            "speechiness": 0.0404,
            "time_signature": 4,
            "happiness": 1.3267
        }
    },
    {
        "#": 14,
        "Track Title": "Colors",
        "Artist": "Tristan, Avalon, Vini Vici",
        "Key": "1A",
        "Energy": 9.811,
        "Popularity": 1.0,
        "BPM": 138,
        "DJ Play Count": 0,
        "Rating": "*******",
        "My Tag": [
            "[Psy-Trance]",
            "2010s"
        ],
        "Additional Info": {
            "id": "2mFhhQD4RODyvUZ2Ts8lWI",
            "explicit": false,
            "album": "Colors",
            "release_date": "2016-10-31",
            "genres": [
                "forest psy",
                "progressive psytrance",
                "psychedelic trance",
                "progressive psytrance",
                "psychedelic trance",
                "progressive uplifting trance"
            ],
            "duration": 487391,
            "acousticness": 0.00258,
            "danceability": 6.4719999999999995,
            "instrumentalness": 0.627,
            "liveness": 0.284,
            "loudness": -6.828,
            "speechiness": 0.056,
            "time_signature": 4,
            "happiness": 3.052
        }
    },
    {
        "#": 15,
        "Track Title": "Where The Heart Is - Extended Mix",
        "Artist": "Vini Vici",
        "Key": "1A",
        "Energy": 9.874,
        "Popularity": 3.79,
        "BPM": 138,
        "DJ Play Count": 0,
        "Rating": "*******",
        "My Tag": [
            "[Psy-Trance]",
            "2010s",
            "Fight & Fog"
        ],
        "Additional Info": {
            "id": "5pAO1cdNq3F8d0c0m92ZT6",
            "explicit": false,
            "album": "Where The Heart Is",
            "release_date": "2018-06-18",
            "genres": [
                "progressive uplifting trance"
            ],
            "duration": 394783,
            "acousticness": 0.00153,
            "danceability": 6.427,
            "instrumentalness": 0.66,
            "liveness": 0.0877,
            "loudness": -6.168,
            "speechiness": 0.047,
            "time_signature": 4,
            "happiness": 1.432
        }
    }
]