[
    {
        "#": 1,
        "Track Title": "Alice in wonderland",
        "Artist": "Crocoloko",
        "Key": "9B",
        "Energy": 7.795,
        "Popularity": 3.88,
        "BPM": 145,
        "DJ Play Count": 0,
        "Rating": "*******",
        "My Tag": [
            "[Psy-Trance]",
            "2010s",
            "Fight & Fog"
        ],
        "Additional Info": {
            "id": "4g72i37zDt6O7GWaq4bSlY",
            "explicit": false,
            "album": "The Crocodile Come Alive",
            "release_date": "2018-01-11",
            "genres": [
                "goa psytrance"
            ],
            "duration": 453517,
            "acousticness": 0.000451,
            "danceability": 7.552,
            "instrumentalness": 0.242,
            "liveness": 0.129,
            "loudness": -8.536,
            "speechiness": 0.0373,
            "time_signature": 4,
            "happiness": 2.917
        }
    },
    {
        "#": 2,
        "Track Title": "Sex Drugs Goa Trance",
        "Artist": "Crocoloko",
        "Key": "4A",
        "Energy": 8.623,
        "Popularity": 3.61,
        "BPM": 145,
        "DJ Play Count": 0,
        "Rating": "*******",
        "My Tag": [
            "[Psy-Trance]",
            "2010s"
        ],
        "Additional Info": {
            "id": "0VCB3fiBkzu9mkOM5ggzCC",
            "explicit": false,
            "album": "The Crocodile Come Alive",
            "release_date": "2018-01-11",
            "genres": [
                "goa psytrance"
            ],
            "duration": 523035,
            "acousticness": 0.000217,
            "danceability": 6.931,
            "instrumentalness": 0.458,
            "liveness": 0.104,
            "loudness": -6.175,
            "speechiness": 0.0973,
            "time_signature": 4,
            "happiness": 4.033
        }
    },
    {
        "#": 3,
        "Track Title": "The Crocodile Come Alive",
        "Artist": "Crocoloko",
        "Key": "8B",
        "Energy": 8.767,
        "Popularity": 2.98,
        "BPM": 145,
        "DJ Play Count": 0,
        "Rating": "*******",
        "My Tag": [
            "[Psy-Trance]",
            "2010s"
        ],
        "Additional Info": {
            "id": "6nSh5PiQiPJoLLuTResyy3",
            "explicit": false,
            "album": "The Crocodile Come Alive",
            "release_date": "2018-01-11",
            "genres": [
                "goa psytrance"
            ],
            "duration": 446897,
            "acousticness": 0.000537,
            "danceability": 6.8950000000000005,
            "instrumentalness": 0.754,
            "liveness": 0.157,
            "loudness": -8.949,
            "speechiness": 0.0919,
            "time_signature": 4,
            "happiness": 6.409
        }
    },
    {
        "#": 4,
        "Track Title": "Sound of the middle east",
        "Artist": "Crocoloko",
        "Key": "2B",
        "Energy": 8.551,
        "Popularity": 2.71,
        "BPM": 145,
        "DJ Play Count": 0,
        "Rating": "*******",
        "My Tag": [
            "[Psy-Trance]",
            "2010s",
            "Fight & Fog"
        ],
        "Additional Info": {
            "id": "0xa1zN8iuQp4hr4gGTAc8i",
            "explicit": false,
            "album": "The Crocodile Come Alive",
            "release_date": "2018-01-11",
            "genres": [
                "goa psytrance"
            ],
            "duration": 394345,
            "acousticness": 0.00393,
            "danceability": 7.552,
            "instrumentalness": 0.788,
            "liveness": 0.113,
            "loudness": -11.479,
            "speechiness": 0.104,
            "time_signature": 4,
            "happiness": 2.062
        }
    },
    {
        "#": 5,
        "Track Title": "Voice of Butterfly - Vandeta & Ayawaska Remix",
        "Artist": "Crocoloko, Vandeta, Aya Waska",
        "Key": "12A",
        "Energy": 8.128,
        "Popularity": 2.44,
        "BPM": 145,
        "DJ Play Count": 0,
        "Rating": "*******",
        "My Tag": [
            "[Psy-Trance]",
            "2010s",
            "Fight & Fog"
        ],
        "Additional Info": {
            "id": "17lZq8OoMOSEImRdafIg33",
            "explicit": false,
            "album": "Mechanical Nature",
            "release_date": "2017-07-31",
            "genres": [
                "goa psytrance",
                "psychedelic trance",
                "french reggae",
                "uk dub"
            ],
            "duration": 384092,
            "acousticness": 0.016,
            "danceability": 6.346,
            "instrumentalness": 0.805,
            "liveness": 0.0945,
            "loudness": -6.686,
            "speechiness": 0.0451,
            "time_signature": 4,
            "happiness": 1.909
        }
    },
    {
        "#": 6,
        "Track Title": "The Code",
        "Artist": "Crocoloko",
        "Key": "9B",
        "Energy": 9.586,
        "Popularity": 2.3499999999999996,
        "BPM": 143,
        "DJ Play Count": 0,
        "Rating": "*******",
        "My Tag": [
            "[Psy-Trance]",
            "2010s"
        ],
        "Additional Info": {
            "id": "0T6XwDAZ9cUKykyZXBApQN",
            "explicit": false,
            "album": "The Crocodile Come Alive",
            "release_date": "2018-01-11",
            "genres": [
                "goa psytrance"
            ],
            "duration": 486713,
            "acousticness": 0.000849,
            "danceability": 6.7330000000000005,
            "instrumentalness": 0.796,
            "liveness": 0.196,
            "loudness": -9.302,
            "speechiness": 0.0456,
            "time_signature": 4,
            "happiness": 5.221
        }
    },
    {
        "#": 7,
        "Track Title": "Darbuka",
        "Artist": "Aliena, Henrique Camacho",
        "Key": "8B",
        "Energy": 8.704,
        "Popularity": 3.25,
        "BPM": 140,
        "DJ Play Count": 0,
        "Rating": "*******",
        "My Tag": [
            "[Psy-Trance]",
            "2010s",
            "Fight & Fog"
        ],
        "Additional Info": {
            "id": "2nqYDeLlnZgwsZFAMHNj2b",
            "explicit": false,
            "album": "Darbuka",
            "release_date": "2018-02-26",
            "genres": [
                "trance brasileiro"
            ],
            "duration": 308607,
            "acousticness": 0.0122,
            "danceability": 6.255999999999999,
            "instrumentalness": 0.733,
            "liveness": 0.0464,
            "loudness": -8.549,
            "speechiness": 0.103,
            "time_signature": 4,
            "happiness": 2.773
        }
    },
    {
        "#": 8,
        "Track Title": "Azazel",
        "Artist": "Invasion",
        "Key": "10B",
        "Energy": 6.94,
        "Popularity": 3.61,
        "BPM": 142,
        "DJ Play Count": 0,
        "Rating": "*******",
        "My Tag": [
            "[Psy-Trance]",
            "2010s"
        ],
        "Additional Info": {
            "id": "2yO8sXbF1PVXjNk5K4cuzi",
            "explicit": false,
            "album": "Invader's Theory",
            "release_date": "2019-06-06",
            "genres": [],
            "duration": 443050,
            "acousticness": 0.00634,
            "danceability": 6.562,
            "instrumentalness": 0.633,
            "liveness": 0.586,
            "loudness": -6.971,
            "speechiness": 0.0386,
            "time_signature": 4,
            "happiness": 2.368
        }
    },
    {
        "#": 9,
        "Track Title": "L.S.D",
        "Artist": "Invasion",
        "Key": "7A",
        "Energy": 5.203,
        "Popularity": 3.97,
        "BPM": 145,
        "DJ Play Count": 0,
        "Rating": "*******",
        "My Tag": [
            "[Psy-Trance]",
            "2010s"
        ],
        "Additional Info": {
            "id": "2uFeKlZndgOpUovbmjpslJ",
            "explicit": false,
            "album": "L.S.D",
            "release_date": "2019-08-26",
            "genres": [],
            "duration": 345664,
            "acousticness": 0.00368,
            "danceability": 7.380999999999999,
            "instrumentalness": 0.604,
            "liveness": 0.0444,
            "loudness": -7.494,
            "speechiness": 0.0654,
            "time_signature": 4,
            "happiness": 3.745
        }
    },
    {
        "#": 10,
        "Track Title": "Intelligent Life - Invasion Remix",
        "Artist": "Yahel, Invasion",
        "Key": "11B",
        "Energy": 7.417,
        "Popularity": 2.2600000000000002,
        "BPM": 145,
        "DJ Play Count": 0,
        "Rating": "*******",
        "My Tag": [
            "[Psy-Trance]",
            "2020s"
        ],
        "Additional Info": {
            "id": "6IKagEWBunaGKyYOa43KWI",
            "explicit": false,
            "album": "Intelligent Life (Invasion Remix)",
            "release_date": "2020-02-17",
            "genres": [
                "psychedelic trance"
            ],
            "duration": 339323,
            "acousticness": 0.000438,
            "danceability": 6.436,
            "instrumentalness": 0.346,
            "liveness": 0.0998,
            "loudness": -6.703,
            "speechiness": 0.042,
            "time_signature": 4,
            "happiness": 5.247999999999999
        }
    },
    {
        "#": 11,
        "Track Title": "Ballistic",
        "Artist": "Invasion, Organic Soup",
        "Key": "8B",
        "Energy": 8.524000000000001,
        "Popularity": 2.2600000000000002,
        "BPM": 142,
        "DJ Play Count": 0,
        "Rating": "*******",
        "My Tag": [
            "[Psy-Trance]",
            "2020s"
        ],
        "Additional Info": {
            "id": "6FSVfrf7KPXz6oZpgbpxxa",
            "explicit": false,
            "album": "Ballistic",
            "release_date": "2021-01-25",
            "genres": [
                "full on"
            ],
            "duration": 310145,
            "acousticness": 0.000391,
            "danceability": 6.58,
            "instrumentalness": 0.885,
            "liveness": 0.488,
            "loudness": -8.456,
            "speechiness": 0.0477,
            "time_signature": 4,
            "happiness": 4.789
        }
    },
    {
        "#": 12,
        "Track Title": "Late Mid Night",
        "Artist": "Invasion, Porat",
        "Key": "3B",
        "Energy": 7.804,
        "Popularity": 2.2600000000000002,
        "BPM": 144,
        "DJ Play Count": 0,
        "Rating": "*******",
        "My Tag": [
            "[Psy-Trance]",
            "2020s"
        ],
        "Additional Info": {
            "id": "4Ge1dykuKvydtAJ8sCNKwG",
            "explicit": false,
            "album": "Late Mid Night",
            "release_date": "2020-12-10",
            "genres": [
                "psychedelic trance"
            ],
            "duration": 393563,
            "acousticness": 0.197,
            "danceability": 6.337,
            "instrumentalness": 0.85,
            "liveness": 0.357,
            "loudness": -7.355,
            "speechiness": 0.0571,
            "time_signature": 4,
            "happiness": 4.15
        }
    },
    {
        "#": 13,
        "Track Title": "Koi",
        "Artist": "Invasion",
        "Key": "4B",
        "Energy": 7.5969999999999995,
        "Popularity": 2.17,
        "BPM": 145,
        "DJ Play Count": 0,
        "Rating": "*******",
        "My Tag": [
            "[Psy-Trance]",
            "2020s"
        ],
        "Additional Info": {
            "id": "0HM5ZZwvFi7LOKa8T3bphT",
            "explicit": false,
            "album": "Koi",
            "release_date": "2020-11-11",
            "genres": [],
            "duration": 411030,
            "acousticness": 0.00385,
            "danceability": 6.832,
            "instrumentalness": 0.509,
            "liveness": 0.129,
            "loudness": -7.861,
            "speechiness": 0.0692,
            "time_signature": 4,
            "happiness": 3.088
        }
    },
    {
        "#": 14,
        "Track Title": "Pied Piper of India",
        "Artist": "Invasion",
        "Key": "1A",
        "Energy": 8.083,
        "Popularity": 2.71,
        "BPM": 142,
        "DJ Play Count": 0,
        "Rating": "*******",
        "My Tag": [
            "[Psy-Trance]",
            "2020s"
        ],
        "Additional Info": {
            "id": "74rg2MN1lnFCHuLHCz9kAk",
            "explicit": false,
            "album": "Pied Piper of India",
            "release_date": "2020-08-27",
            "genres": [],
            "duration": 365075,
            "acousticness": 0.00422,
            "danceability": 6.67,
            "instrumentalness": 0.819,
            "liveness": 0.0968,
            "loudness": -7.208,
            "speechiness": 0.0537,
            "time_signature": 4,
            "happiness": 5.293
        }
    },
    {
        "#": 15,
        "Track Title": "Agressive",
        "Artist": "kupidox",
        "Key": "10B",
        "Energy": 6.553,
        "Popularity": 4.0600000000000005,
        "BPM": 75,
        "DJ Play Count": 0,
        "Rating": "*******",
        "My Tag": [
            "[Psy-Trance]",
            "2020s"
        ],
        "Additional Info": {
            "id": "5KyhjR7Wezvw0HgjJLRCg8",
            "explicit": false,
            "album": "Agressive",
            "release_date": "2020-05-29",
            "genres": [],
            "duration": 242832,
            "acousticness": 0.0863,
            "danceability": 7.8580000000000005,
            "instrumentalness": 0.536,
            "liveness": 0.428,
            "loudness": -8.668,
            "speechiness": 0.143,
            "time_signature": 4,
            "happiness": 5.806
        }
    },
    {
        "#": 16,
        "Track Title": "Happiness",
        "Artist": "Menumas",
        "Key": "11A",
        "Energy": 8.965,
        "Popularity": 4.15,
        "BPM": 145,
        "DJ Play Count": 0,
        "Rating": "*******",
        "My Tag": [
            "[Psy-Trance]",
            "2010s",
            "Fight & Fog"
        ],
        "Additional Info": {
            "id": "2rfHuw7fMHH2BioEMl5NHT",
            "explicit": false,
            "album": "Happiness",
            "release_date": "2016-02-22",
            "genres": [],
            "duration": 441966,
            "acousticness": 0.0169,
            "danceability": 7.0840000000000005,
            "instrumentalness": 0.694,
            "liveness": 0.0909,
            "loudness": -8.482,
            "speechiness": 0.1,
            "time_signature": 4,
            "happiness": 1.8586
        }
    },
    {
        "#": 17,
        "Track Title": "Hashmal",
        "Artist": "Menumas",
        "Key": "3B",
        "Energy": 9.874,
        "Popularity": 3.97,
        "BPM": 77,
        "DJ Play Count": 0,
        "Rating": "*******",
        "My Tag": [
            "[Psy-Trance]",
            "2010s",
            "Fight & Fog"
        ],
        "Additional Info": {
            "id": "262Pm891uMVm3i0l7oMpIM",
            "explicit": false,
            "album": "Hashmal",
            "release_date": "2015-05-03",
            "genres": [],
            "duration": 451082,
            "acousticness": 0.00945,
            "danceability": 7.4079999999999995,
            "instrumentalness": 0.585,
            "liveness": 0.36,
            "loudness": -4.759,
            "speechiness": 0.139,
            "time_signature": 4,
            "happiness": 2.998
        }
    },
    {
        "#": 18,
        "Track Title": "Magneto",
        "Artist": "Dekel",
        "Key": "8B",
        "Energy": 7.111000000000001,
        "Popularity": 4.24,
        "BPM": 142,
        "DJ Play Count": 0,
        "Rating": "*******",
        "My Tag": [
            "[Psy-Trance]",
            "2010s"
        ],
        "Additional Info": {
            "id": "7JkZzoSGyeImBpwZZEMd5i",
            "explicit": false,
            "album": "Magneto",
            "release_date": "2018-01-22",
            "genres": [
                "psychedelic trance"
            ],
            "duration": 459718,
            "acousticness": 0.0253,
            "danceability": 7.687,
            "instrumentalness": 0.907,
            "liveness": 0.0708,
            "loudness": -8.97,
            "speechiness": 0.0596,
            "time_signature": 4,
            "happiness": 6.7780000000000005
        }
    },
    {
        "#": 19,
        "Track Title": "Narco",
        "Artist": "Blasterjaxx, Timmy Trumpet",
        "Key": "4B",
        "Energy": 9.487,
        "Popularity": 7.209999999999999,
        "BPM": 130,
        "DJ Play Count": 0,
        "Rating": "*******",
        "My Tag": [
            "[Psy-Trance]",
            "2010s",
            "Dance Remixes",
            "Club-Hotel",
            "Pop",
            "EDM",
            "Fight & Fog"
        ],
        "Additional Info": {
            "id": "4TuNI3WEMyLQAKRMJmcQdA",
            "explicit": false,
            "album": "Narco",
            "release_date": "2017-11-13",
            "genres": [
                "big room",
                "dutch house",
                "edm",
                "electro house",
                "pop dance",
                "progressive electro house",
                "slap house",
                "australian dance",
                "big room",
                "melbourne bounce",
                "melbourne bounce international"
            ],
            "duration": 208635,
            "acousticness": 0.00784,
            "danceability": 7.876,
            "instrumentalness": 0.104,
            "liveness": 0.0699,
            "loudness": -4.047,
            "speechiness": 0.0711,
            "time_signature": 4,
            "happiness": 2.863
        }
    },
    {
        "#": 20,
        "Track Title": "Free Tibet - Vini Vici Remix",
        "Artist": "Hilight Tribe, Vini Vici",
        "Key": "3B",
        "Energy": 9.523,
        "Popularity": 6.76,
        "BPM": 103,
        "DJ Play Count": 0,
        "Rating": "*******",
        "My Tag": [
            "[Psy-Trance]",
            "2010s",
            "Fight & Fog"
        ],
        "Additional Info": {
            "id": "2wy29RBixBECDOsXuBs7md",
            "explicit": false,
            "album": "Free Tibet",
            "release_date": "2016-02-15",
            "genres": [
                "didgeridoo",
                "progressive uplifting trance"
            ],
            "duration": 474783,
            "acousticness": 0.0132,
            "danceability": 4.438000000000001,
            "instrumentalness": 0.698,
            "liveness": 0.143,
            "loudness": -5.93,
            "speechiness": 0.0662,
            "time_signature": 3,
            "happiness": 1.6552
        }
    },
    {
        "#": 21,
        "Track Title": "Great Spirit",
        "Artist": "Armin van Buuren, Vini Vici, Hilight Tribe",
        "Key": "11B",
        "Energy": 9.199,
        "Popularity": 7.12,
        "BPM": 104,
        "DJ Play Count": 0,
        "Rating": "*******",
        "My Tag": [
            "[Psy-Trance]",
            "2010s",
            "Dance Remixes",
            "Flying High",
            "Pop",
            "EDM",
            "Fight & Fog"
        ],
        "Additional Info": {
            "id": "3Nku6gLNqnwUuq8GLkqyhW",
            "explicit": false,
            "album": "Great Spirit",
            "release_date": "2016-12-12",
            "genres": [
                "dutch house",
                "dutch trance",
                "edm",
                "pop dance",
                "progressive house",
                "trance",
                "progressive uplifting trance",
                "didgeridoo"
            ],
            "duration": 215773,
            "acousticness": 0.00608,
            "danceability": 6.327999999999999,
            "instrumentalness": 0.0123,
            "liveness": 0.223,
            "loudness": -7.975,
            "speechiness": 0.0659,
            "time_signature": 3,
            "happiness": 2.899
        }
    },
    {
        "#": 22,
        "Track Title": "Adhana",
        "Artist": "Vini Vici, Astrix",
        "Key": "2A",
        "Energy": 9.928,
        "Popularity": 6.040000000000001,
        "BPM": 138,
        "DJ Play Count": 0,
        "Rating": "*******",
        "My Tag": [
            "[Psy-Trance]",
            "2010s",
            "Fight & Fog"
        ],
        "Additional Info": {
            "id": "2fovN88nMPZhATtCNeNaqM",
            "explicit": false,
            "album": "Adhana",
            "release_date": "2018-01-01",
            "genres": [
                "progressive uplifting trance",
                "full on",
                "nitzhonot",
                "psychedelic trance"
            ],
            "duration": 460870,
            "acousticness": 0.00808,
            "danceability": 6.337,
            "instrumentalness": 0.822,
            "liveness": 0.165,
            "loudness": -6.58,
            "speechiness": 0.0724,
            "time_signature": 4,
            "happiness": 1.6741
        }
    },
    {
        "#": 23,
        "Track Title": "The Tribe",
        "Artist": "Vini Vici",
        "Key": "2A",
        "Energy": 9.604,
        "Popularity": 1.0,
        "BPM": 138,
        "DJ Play Count": 0,
        "Rating": "*******",
        "My Tag": [
            "[Psy-Trance]",
            "2010s",
            "Fight & Fog"
        ],
        "Additional Info": {
            "id": "6fs4FmJFPisknFKnmSwTrn",
            "explicit": false,
            "album": "Future Classics",
            "release_date": "2015-04-13",
            "genres": [
                "progressive uplifting trance"
            ],
            "duration": 475652,
            "acousticness": 0.00728,
            "danceability": 6.436,
            "instrumentalness": 0.49,
            "liveness": 0.919,
            "loudness": -6.513,
            "speechiness": 0.12,
            "time_signature": 4,
            "happiness": 2.629
        }
    },
    {
        "#": 24,
        "Track Title": "Moyoni",
        "Artist": "Vini Vici, Jean Marie, Hilight Tribe",
        "Key": "3B",
        "Energy": 9.901,
        "Popularity": 5.05,
        "BPM": 103,
        "DJ Play Count": 0,
        "Rating": "*******",
        "My Tag": [
            "[Psy-Trance]",
            "2010s",
            "Fight & Fog"
        ],
        "Additional Info": {
            "id": "69pnjAws2uzNZJEK64p9JI",
            "explicit": false,
            "album": "Moyoni",
            "release_date": "2019-11-08",
            "genres": [
                "progressive uplifting trance",
                "didgeridoo"
            ],
            "duration": 217391,
            "acousticness": 0.0132,
            "danceability": 6.526,
            "instrumentalness": 0.0176,
            "liveness": 0.112,
            "loudness": -4.724,
            "speechiness": 0.194,
            "time_signature": 3,
            "happiness": 1.8289
        }
    },
    {
        "#": 25,
        "Track Title": "Chakra",
        "Artist": "W&W, Vini Vici",
        "Key": "7B",
        "Energy": 9.459999999999999,
        "Popularity": 5.32,
        "BPM": 103,
        "DJ Play Count": 0,
        "Rating": "*******",
        "My Tag": [
            "[Psy-Trance]",
            "2010s",
            "Dance Remixes",
            "Club-Hotel",
            "Pop",
            "EDM",
            "Fight & Fog"
        ],
        "Additional Info": {
            "id": "6UWZP82Q9I7lUtQaPBWJL7",
            "explicit": false,
            "album": "Chakra",
            "release_date": "2017-09-18",
            "genres": [
                "big room",
                "dutch house",
                "dutch trance",
                "edm",
                "electro house",
                "pop dance",
                "progressive electro house",
                "progressive house",
                "progressive uplifting trance"
            ],
            "duration": 203000,
            "acousticness": 0.00446,
            "danceability": 5.266,
            "instrumentalness": 0.00172,
            "liveness": 0.417,
            "loudness": -4.558,
            "speechiness": 0.261,
            "time_signature": 3,
            "happiness": 1.7902
        }
    },
    {
        "#": 26,
        "Track Title": "Sequence - Original Mix",
        "Artist": "Major7",
        "Key": "10B",
        "Energy": 8.038,
        "Popularity": 4.779999999999999,
        "BPM": 140,
        "DJ Play Count": 0,
        "Rating": "*******",
        "My Tag": [
            "[Psy-Trance]",
            "2010s",
            "Fight & Fog"
        ],
        "Additional Info": {
            "id": "22T6UPu3Ynx2Nk3e1GNtyg",
            "explicit": false,
            "album": "Toxic Generation's Music",
            "release_date": "2016-10-31",
            "genres": [
                "progressive psytrance",
                "psychedelic trance",
                "trance brasileiro"
            ],
            "duration": 394286,
            "acousticness": 0.00233,
            "danceability": 6.598,
            "instrumentalness": 0.521,
            "liveness": 0.0922,
            "loudness": -5.898,
            "speechiness": 0.171,
            "time_signature": 4,
            "happiness": 1.2654999999999998
        }
    },
    {
        "#": 27,
        "Track Title": "Mandala",
        "Artist": "Blastoyz",
        "Key": "2A",
        "Energy": 9.541,
        "Popularity": 6.31,
        "BPM": 143,
        "DJ Play Count": 0,
        "Rating": "*******",
        "My Tag": [
            "[Psy-Trance]",
            "2010s"
        ],
        "Additional Info": {
            "id": "2MWjwvJD5Khi8XQ4YPAcTn",
            "explicit": false,
            "album": "Mandala",
            "release_date": "2018-02-26",
            "genres": [
                "psychedelic trance"
            ],
            "duration": 357483,
            "acousticness": 0.0174,
            "danceability": 6.625,
            "instrumentalness": 0.838,
            "liveness": 0.176,
            "loudness": -5.756,
            "speechiness": 0.106,
            "time_signature": 4,
            "happiness": 3.1239999999999997
        }
    },
    {
        "#": 28,
        "Track Title": "Let There Be Light - Outsiders Remix",
        "Artist": "Astral Projection",
        "Key": "1B",
        "Energy": 9.217,
        "Popularity": 4.42,
        "BPM": 144,
        "DJ Play Count": 0,
        "Rating": "*******",
        "My Tag": [
            "[Psy-Trance]",
            "2010s",
            "Fight & Fog"
        ],
        "Additional Info": {
            "id": "4hTwPhvVNgucjuXffwHGnx",
            "explicit": false,
            "album": "Let There Be Light (Outsiders Remix)",
            "release_date": "2015-04-27",
            "genres": [
                "psychedelic trance"
            ],
            "duration": 520000,
            "acousticness": 0.000366,
            "danceability": 6.7330000000000005,
            "instrumentalness": 0.756,
            "liveness": 0.126,
            "loudness": -6.402,
            "speechiness": 0.047,
            "time_signature": 4,
            "happiness": 2.053
        }
    },
    {
        "#": 29,
        "Track Title": "Deep Jungle Walk",
        "Artist": "Astrix",
        "Key": "2A",
        "Energy": 8.965,
        "Popularity": 6.3999999999999995,
        "BPM": 138,
        "DJ Play Count": 0,
        "Rating": "*******",
        "My Tag": [
            "[Psy-Trance]",
            "2010s",
            "Fight & Fog"
        ],
        "Additional Info": {
            "id": "5gXKDmafOQ8i4lYr62wxTk",
            "explicit": false,
            "album": "He.art",
            "release_date": "2016-02-29",
            "genres": [
                "full on",
                "nitzhonot",
                "psychedelic trance"
            ],
            "duration": 555705,
            "acousticness": 0.000658,
            "danceability": 6.562,
            "instrumentalness": 0.502,
            "liveness": 0.37,
            "loudness": -8.347,
            "speechiness": 0.0454,
            "time_signature": 4,
            "happiness": 1.9449999999999998
        }
    },
    {
        "#": 30,
        "Track Title": "Sahara - Original mix",
        "Artist": "Astrix",
        "Key": "2A",
        "Energy": 9.307,
        "Popularity": 5.32,
        "BPM": 145,
        "DJ Play Count": 0,
        "Rating": "*******",
        "My Tag": [
            "[Psy-Trance]",
            "2010s",
            "Fight & Fog"
        ],
        "Additional Info": {
            "id": "7m0xP08bcvcHFVnlEzOhBG",
            "explicit": false,
            "album": "Psychedelic Awakening",
            "release_date": "2018-06-04",
            "genres": [
                "full on",
                "nitzhonot",
                "psychedelic trance"
            ],
            "duration": 528000,
            "acousticness": 0.00492,
            "danceability": 5.734,
            "instrumentalness": 0.791,
            "liveness": 0.833,
            "loudness": -7.129,
            "speechiness": 0.0727,
            "time_signature": 4,
            "happiness": 1.3285
        }
    },
    {
        "#": 31,
        "Track Title": "Avada Kadabra",
        "Artist": "Belik Boom",
        "Key": "6A",
        "Energy": 7.804,
        "Popularity": 5.68,
        "BPM": 139,
        "DJ Play Count": 0,
        "Rating": "*******",
        "My Tag": [
            "[Psy-Trance]",
            "2010s",
            "Fight & Fog"
        ],
        "Additional Info": {
            "id": "6zvEcn1GLblblEckWEAZux",
            "explicit": false,
            "album": "Best of Belik",
            "release_date": "2016-07-28",
            "genres": [
                "progressive psytrance"
            ],
            "duration": 402307,
            "acousticness": 0.0285,
            "danceability": 5.2749999999999995,
            "instrumentalness": 0.786,
            "liveness": 0.137,
            "loudness": -6.916,
            "speechiness": 0.0682,
            "time_signature": 4,
            "happiness": 1.3437999999999999
        }
    },
    {
        "#": 32,
        "Track Title": "Leonidas",
        "Artist": "Belik Boom",
        "Key": "1A",
        "Energy": 8.460999999999999,
        "Popularity": 5.41,
        "BPM": 138,
        "DJ Play Count": 0,
        "Rating": "*******",
        "My Tag": [
            "[Psy-Trance]",
            "2010s"
        ],
        "Additional Info": {
            "id": "5zx1mmLOanYVOzrtjUb2aM",
            "explicit": false,
            "album": "Leonidas",
            "release_date": "2016-11-04",
            "genres": [
                "progressive psytrance"
            ],
            "duration": 460870,
            "acousticness": 0.12,
            "danceability": 5.59,
            "instrumentalness": 0.521,
            "liveness": 0.29,
            "loudness": -4.795,
            "speechiness": 0.129,
            "time_signature": 4,
            "happiness": 4.843
        }
    },
    {
        "#": 33,
        "Track Title": "My Kind of India",
        "Artist": "Belik Boom",
        "Key": "7A",
        "Energy": 6.409,
        "Popularity": 4.42,
        "BPM": 147,
        "DJ Play Count": 0,
        "Rating": "*******",
        "My Tag": [
            "[Psy-Trance]",
            "2010s"
        ],
        "Additional Info": {
            "id": "13AuARzs4nuaxYWsfDo5Dg",
            "explicit": false,
            "album": "Best of Belik",
            "release_date": "2016-07-28",
            "genres": [
                "progressive psytrance"
            ],
            "duration": 368612,
            "acousticness": 0.0188,
            "danceability": 6.607,
            "instrumentalness": 0.697,
            "liveness": 0.322,
            "loudness": -10.958,
            "speechiness": 0.0672,
            "time_signature": 4,
            "happiness": 3.3760000000000003
        }
    },
    {
        "#": 34,
        "Track Title": "Gulab Jamun",
        "Artist": "Belik Boom",
        "Key": "11B",
        "Energy": 9.271,
        "Popularity": 4.51,
        "BPM": 141,
        "DJ Play Count": 0,
        "Rating": "*******",
        "My Tag": [
            "[Psy-Trance]",
            "2010s"
        ],
        "Additional Info": {
            "id": "7F4cNMERVRmXOsAfXEOOg5",
            "explicit": false,
            "album": "Gulab Jamun",
            "release_date": "2017-07-04",
            "genres": [
                "progressive psytrance"
            ],
            "duration": 449362,
            "acousticness": 0.00525,
            "danceability": 7.39,
            "instrumentalness": 0.822,
            "liveness": 0.18,
            "loudness": -6.601,
            "speechiness": 0.0549,
            "time_signature": 4,
            "happiness": 3.7359999999999998
        }
    },
    {
        "#": 35,
        "Track Title": "Inner Voice",
        "Artist": "Menumas",
        "Key": "11A",
        "Energy": 7.066000000000001,
        "Popularity": 4.42,
        "BPM": 145,
        "DJ Play Count": 0,
        "Rating": "*******",
        "My Tag": [
            "[Psy-Trance]",
            "2010s",
            "Fight & Fog"
        ],
        "Additional Info": {
            "id": "0H6vRV11qSb3YGU6LpCMCq",
            "explicit": false,
            "album": "Inner Voice",
            "release_date": "2017-11-30",
            "genres": [],
            "duration": 513104,
            "acousticness": 0.0264,
            "danceability": 7.075,
            "instrumentalness": 0.795,
            "liveness": 0.292,
            "loudness": -5.811,
            "speechiness": 0.0493,
            "time_signature": 4,
            "happiness": 1.3825
        }
    },
    {
        "#": 36,
        "Track Title": "Sun Is Coming",
        "Artist": "Sajanka",
        "Key": "2B",
        "Energy": 7.795,
        "Popularity": 6.13,
        "BPM": 150,
        "DJ Play Count": 0,
        "Rating": "*******",
        "My Tag": [
            "[Psy-Trance]",
            "2010s",
            "Fight & Fog"
        ],
        "Additional Info": {
            "id": "6Rc5E1q0q1wF0XWkUrnXJv",
            "explicit": false,
            "album": "Sun Is Coming",
            "release_date": "2018-07-05",
            "genres": [
                "psychedelic trance"
            ],
            "duration": 385012,
            "acousticness": 0.00819,
            "danceability": 6.526,
            "instrumentalness": 0.652,
            "liveness": 0.268,
            "loudness": -6.147,
            "speechiness": 0.0584,
            "time_signature": 4,
            "happiness": 2.638
        }
    },
    {
        "#": 37,
        "Track Title": "Tana Num 170bpm",
        "Artist": "Sajanka",
        "Key": "3B",
        "Energy": 9.64,
        "Popularity": 4.96,
        "BPM": 85,
        "DJ Play Count": 0,
        "Rating": "*******",
        "My Tag": [
            "[Psy-Trance]",
            "2010s"
        ],
        "Additional Info": {
            "id": "7fTOmqPsWSzcTcRfdRCfNM",
            "explicit": false,
            "album": "Tana Num 170bpm",
            "release_date": "2017-11-30",
            "genres": [
                "psychedelic trance"
            ],
            "duration": 380007,
            "acousticness": 0.00437,
            "danceability": 5.8420000000000005,
            "instrumentalness": 0.719,
            "liveness": 0.171,
            "loudness": -4.577,
            "speechiness": 0.0431,
            "time_signature": 4,
            "happiness": 3.25
        }
    },
    {
        "#": 38,
        "Track Title": "Snow Crystal",
        "Artist": "Babalos",
        "Key": "8B",
        "Energy": 9.523,
        "Popularity": 3.0700000000000003,
        "BPM": 93,
        "DJ Play Count": 0,
        "Rating": "*******",
        "My Tag": [
            "[Psy-Trance]",
            "2010s",
            "Fight & Fog"
        ],
        "Additional Info": {
            "id": "7gsXdbcl2ndPAIj7auIGij",
            "explicit": false,
            "album": "Snow Crystal",
            "release_date": "2019-06-27",
            "genres": [
                "progressive psytrance"
            ],
            "duration": 322064,
            "acousticness": 0.0127,
            "danceability": 5.941000000000001,
            "instrumentalness": 0.122,
            "liveness": 0.921,
            "loudness": -4.091,
            "speechiness": 0.103,
            "time_signature": 4,
            "happiness": 2.089
        }
    },
    {
        "#": 39,
        "Track Title": "Power Up",
        "Artist": "Babalos",
        "Key": "2B",
        "Energy": 9.549999999999999,
        "Popularity": 5.2299999999999995,
        "BPM": 89,
        "DJ Play Count": 0,
        "Rating": "*******",
        "My Tag": [
            "[Psy-Trance]",
            "2010s",
            "Fight & Fog"
        ],
        "Additional Info": {
            "id": "4nl7OV4p4vP9ppB87XNa5m",
            "explicit": false,
            "album": "Power Up",
            "release_date": "2017-11-23",
            "genres": [
                "progressive psytrance"
            ],
            "duration": 473364,
            "acousticness": 0.229,
            "danceability": 6.183999999999999,
            "instrumentalness": 0.815,
            "liveness": 0.36,
            "loudness": -4.988,
            "speechiness": 0.262,
            "time_signature": 4,
            "happiness": 1.4842
        }
    },
    {
        "#": 40,
        "Track Title": "We Are One",
        "Artist": "Pondora, All In One",
        "Key": "9A",
        "Energy": 8.334999999999999,
        "Popularity": 3.79,
        "BPM": 142,
        "DJ Play Count": 0,
        "Rating": "*******",
        "My Tag": [
            "[Psy-Trance]",
            "2020s"
        ],
        "Additional Info": {
            "id": "4suIXpjwHCZ3uuOp3z5tIe",
            "explicit": false,
            "album": "We Are One",
            "release_date": "2020-06-17",
            "genres": [
                "psychedelic trance"
            ],
            "duration": 385141,
            "acousticness": 0.0481,
            "danceability": 7.588,
            "instrumentalness": 0.418,
            "liveness": 0.255,
            "loudness": -5.835,
            "speechiness": 0.0699,
            "time_signature": 4,
            "happiness": 6.22
        }
    },
    {
        "#": 41,
        "Track Title": "Catalunya",
        "Artist": "Henrique Camacho",
        "Key": "11A",
        "Energy": 8.011,
        "Popularity": 5.5,
        "BPM": 140,
        "DJ Play Count": 0,
        "Rating": "*******",
        "My Tag": [
            "[Psy-Trance]",
            "2010s",
            "Fight & Fog"
        ],
        "Additional Info": {
            "id": "7xjgNoB7ofH4znE7xO2Pm7",
            "explicit": false,
            "album": "Catalunya",
            "release_date": "2018-10-08",
            "genres": [
                "trance brasileiro"
            ],
            "duration": 335196,
            "acousticness": 0.052,
            "danceability": 5.572,
            "instrumentalness": 0.0859,
            "liveness": 0.2,
            "loudness": -7.322,
            "speechiness": 0.209,
            "time_signature": 4,
            "happiness": 1.5265
        }
    },
    {
        "#": 42,
        "Track Title": "Psycho Celtic",
        "Artist": "Technical Hitch",
        "Key": "4B",
        "Energy": 8.965,
        "Popularity": 4.6899999999999995,
        "BPM": 78,
        "DJ Play Count": 0,
        "Rating": "*******",
        "My Tag": [
            "[Psy-Trance]",
            "2010s",
            "Fight & Fog"
        ],
        "Additional Info": {
            "id": "04L5nFoKUUNePzgME42l88",
            "explicit": false,
            "album": "Psycho Celtic",
            "release_date": "2019-04-30",
            "genres": [
                "hi-tech"
            ],
            "duration": 402692,
            "acousticness": 0.0197,
            "danceability": 6.454,
            "instrumentalness": 0.648,
            "liveness": 0.0801,
            "loudness": -6.548,
            "speechiness": 0.0656,
            "time_signature": 3,
            "happiness": 2.548
        }
    },
    {
        "#": 43,
        "Track Title": "Voices Of Israel",
        "Artist": "Technical Hitch",
        "Key": "4B",
        "Energy": 8.866,
        "Popularity": 3.6999999999999997,
        "BPM": 85,
        "DJ Play Count": 0,
        "Rating": "*******",
        "My Tag": [
            "[Psy-Trance]",
            "2010s",
            "Fight & Fog"
        ],
        "Additional Info": {
            "id": "0MptJeflqJGvW0LoyvfNto",
            "explicit": false,
            "album": "Voices Of Israel",
            "release_date": "2018-05-17",
            "genres": [
                "hi-tech"
            ],
            "duration": 463059,
            "acousticness": 0.000703,
            "danceability": 6.0040000000000004,
            "instrumentalness": 0.609,
            "liveness": 0.162,
            "loudness": -6.255,
            "speechiness": 0.0656,
            "time_signature": 3,
            "happiness": 1.2178
        }
    },
    {
        "#": 44,
        "Track Title": "Visitame",
        "Artist": "Eran Gordon, TOX1C",
        "Key": "7A",
        "Energy": 8.731,
        "Popularity": 1.6300000000000001,
        "BPM": 142,
        "DJ Play Count": 0,
        "Rating": "*******",
        "My Tag": [
            "[Psy-Trance]",
            "2020s",
            "Fight & Fog"
        ],
        "Additional Info": {
            "id": "03yXBMGD15aijuZ1DIPAXR",
            "explicit": false,
            "album": "Visitame",
            "release_date": "2020-06-25",
            "genres": [],
            "duration": 349859,
            "acousticness": 0.0139,
            "danceability": 6.922000000000001,
            "instrumentalness": 0.835,
            "liveness": 0.34,
            "loudness": -6.376,
            "speechiness": 0.072,
            "time_signature": 4,
            "happiness": 2.431
        }
    },
    {
        "#": 45,
        "Track Title": "Oracle",
        "Artist": "Timmy Trumpet",
        "Key": "2B",
        "Energy": 7.93,
        "Popularity": 6.76,
        "BPM": 140,
        "DJ Play Count": 0,
        "Rating": "*******",
        "My Tag": [
            "[Psy-Trance]",
            "2010s",
            "Dance Remixes",
            "Club-Hotel",
            "EDM",
            "Fight & Fog"
        ],
        "Additional Info": {
            "id": "0O3hacFfr7hp4fIeomi4ex",
            "explicit": false,
            "album": "Oracle",
            "release_date": "2016-12-19",
            "genres": [
                "australian dance",
                "big room",
                "melbourne bounce",
                "melbourne bounce international"
            ],
            "duration": 180155,
            "acousticness": 0.041,
            "danceability": 7.201,
            "instrumentalness": 0.173,
            "liveness": 0.113,
            "loudness": -5.646,
            "speechiness": 0.0485,
            "time_signature": 4,
            "happiness": 2.449
        }
    },
    {
        "#": 46,
        "Track Title": "Deep Breath - Original mix",
        "Artist": "Ace Ventura, Vertical Mode",
        "Key": "1A",
        "Energy": 8.956,
        "Popularity": 3.25,
        "BPM": 140,
        "DJ Play Count": 0,
        "Rating": "*******",
        "My Tag": [
            "[Psy-Trance]",
            "2020s",
            "Fight & Fog"
        ],
        "Additional Info": {
            "id": "1BqYdEJAhx8CBpTHPP3kix",
            "explicit": false,
            "album": "Deep Breath",
            "release_date": "2020-07-10",
            "genres": [
                "progressive psytrance",
                "psychedelic trance",
                "full on",
                "progressive psytrance",
                "psychedelic trance"
            ],
            "duration": 432000,
            "acousticness": 0.000283,
            "danceability": 6.598,
            "instrumentalness": 0.805,
            "liveness": 0.13,
            "loudness": -6.303,
            "speechiness": 0.0439,
            "time_signature": 4,
            "happiness": 1.9809999999999999
        }
    },
    {
        "#": 47,
        "Track Title": "Aura",
        "Artist": "Kalki",
        "Key": "1A",
        "Energy": 9.298,
        "Popularity": 1.0,
        "BPM": 140,
        "DJ Play Count": 0,
        "Rating": "*******",
        "My Tag": [
            "[Psy-Trance]",
            "2020s"
        ],
        "Additional Info": {
            "id": "4uxx5qy1zZHo3EbDeWXZTJ",
            "explicit": false,
            "album": "Aura",
            "release_date": "2020-07-06",
            "genres": [
                "progressive psytrance"
            ],
            "duration": 480000,
            "acousticness": 8.78e-05,
            "danceability": 6.391,
            "instrumentalness": 0.836,
            "liveness": 0.14,
            "loudness": -5.806,
            "speechiness": 0.0473,
            "time_signature": 4,
            "happiness": 3.745
        }
    },
    {
        "#": 48,
        "Track Title": "Human Voice",
        "Artist": "Blastoyz, Berg",
        "Key": "3B",
        "Energy": 9.325000000000001,
        "Popularity": 3.61,
        "BPM": 103,
        "DJ Play Count": 0,
        "Rating": "*******",
        "My Tag": [
            "[Psy-Trance]",
            "2020s"
        ],
        "Additional Info": {
            "id": "43QVYatDvXjrIL7c8hDvpM",
            "explicit": false,
            "album": "Human Voice",
            "release_date": "2020-04-24",
            "genres": [
                "psychedelic trance",
                "progressive psytrance",
                "psychedelic trance"
            ],
            "duration": 368696,
            "acousticness": 0.0309,
            "danceability": 4.564,
            "instrumentalness": 0.732,
            "liveness": 0.134,
            "loudness": -4.629,
            "speechiness": 0.16,
            "time_signature": 3,
            "happiness": 3.907
        }
    },
    {
        "#": 49,
        "Track Title": "Ayala",
        "Artist": "Zyce, Flegma, Deya Dova",
        "Key": "2A",
        "Energy": 7.5249999999999995,
        "Popularity": 3.43,
        "BPM": 140,
        "DJ Play Count": 0,
        "Rating": "*******",
        "My Tag": [
            "[Psy-Trance]",
            "2020s",
            "Fight & Fog"
        ],
        "Additional Info": {
            "id": "6MA5IHYaCPZFfTzcjDNWlN",
            "explicit": false,
            "album": "Ayala",
            "release_date": "2020-06-29",
            "genres": [
                "progressive psytrance",
                "psychedelic trance",
                "progressive psytrance",
                "psychedelic trance",
                "high vibe",
                "shamanic"
            ],
            "duration": 481714,
            "acousticness": 0.00784,
            "danceability": 7.138000000000001,
            "instrumentalness": 0.868,
            "liveness": 0.0487,
            "loudness": -7.079,
            "speechiness": 0.053,
            "time_signature": 4,
            "happiness": 1.6417000000000002
        }
    },
    {
        "#": 50,
        "Track Title": "Universo",
        "Artist": "Rising Dust, Astrix",
        "Key": "5A",
        "Energy": 7.849,
        "Popularity": 5.59,
        "BPM": 143,
        "DJ Play Count": 0,
        "Rating": "*******",
        "My Tag": [
            "[Psy-Trance]",
            "2020s",
            "Fight & Fog"
        ],
        "Additional Info": {
            "id": "60BlJffpclqV9gdFbgu6ig",
            "explicit": false,
            "album": "Shofar",
            "release_date": "2021-02-26",
            "genres": [
                "progressive psytrance",
                "psychedelic trance",
                "full on",
                "nitzhonot",
                "psychedelic trance"
            ],
            "duration": 607553,
            "acousticness": 0.000118,
            "danceability": 6.796,
            "instrumentalness": 0.841,
            "liveness": 0.0869,
            "loudness": -7.26,
            "speechiness": 0.043,
            "time_signature": 4,
            "happiness": 1.333
        }
    },
    {
        "#": 51,
        "Track Title": "Dori",
        "Artist": "Omiki, Berg",
        "Key": "10A",
        "Energy": 8.983,
        "Popularity": 3.6999999999999997,
        "BPM": 140,
        "DJ Play Count": 0,
        "Rating": "*******",
        "My Tag": [
            "[Psy-Trance]",
            "2020s",
            "Fight & Fog"
        ],
        "Additional Info": {
            "id": "5FkF6t7gbBiDW375iJX6sH",
            "explicit": false,
            "album": "Dori",
            "release_date": "2020-12-23",
            "genres": [
                "progressive psytrance",
                "psychedelic trance",
                "progressive psytrance",
                "psychedelic trance"
            ],
            "duration": 372000,
            "acousticness": 0.00115,
            "danceability": 6.436,
            "instrumentalness": 0.216,
            "liveness": 0.117,
            "loudness": -5.202,
            "speechiness": 0.0482,
            "time_signature": 4,
            "happiness": 2.053
        }
    },
    {
        "#": 52,
        "Track Title": "Heaven Eleven",
        "Artist": "Mad Maxx, Avalon",
        "Key": "2A",
        "Energy": 9.262,
        "Popularity": 4.0600000000000005,
        "BPM": 144,
        "DJ Play Count": 0,
        "Rating": "*******",
        "My Tag": [
            "[Psy-Trance]",
            "2020s"
        ],
        "Additional Info": {
            "id": "2U3FOnuf7V4D5vcqgrZadj",
            "explicit": false,
            "album": "Heaven Eleven",
            "release_date": "2021-04-02",
            "genres": [
                "full on",
                "progressive psytrance",
                "psychedelic trance",
                "progressive psytrance",
                "psychedelic trance"
            ],
            "duration": 573333,
            "acousticness": 0.000631,
            "danceability": 5.824,
            "instrumentalness": 0.781,
            "liveness": 0.159,
            "loudness": -5.8,
            "speechiness": 0.0437,
            "time_signature": 4,
            "happiness": 3.061
        }
    },
    {
        "#": 53,
        "Track Title": "Isla Mujeres",
        "Artist": "Jilax, All In One",
        "Key": "11B",
        "Energy": 8.847999999999999,
        "Popularity": 3.79,
        "BPM": 145,
        "DJ Play Count": 0,
        "Rating": "*******",
        "My Tag": [
            "[Psy-Trance]",
            "2020s"
        ],
        "Additional Info": {
            "id": "2GYgX6uqwsbxCiChHYreXi",
            "explicit": false,
            "album": "Isla Mujeres",
            "release_date": "2020-10-15",
            "genres": [
                "progressive psytrance"
            ],
            "duration": 339310,
            "acousticness": 0.00391,
            "danceability": 5.239,
            "instrumentalness": 0.131,
            "liveness": 0.0774,
            "loudness": -4.388,
            "speechiness": 0.153,
            "time_signature": 4,
            "happiness": 3.916
        }
    },
    {
        "#": 54,
        "Track Title": "The Godfather",
        "Artist": "Berg, Artic",
        "Key": "2A",
        "Energy": 8.803,
        "Popularity": 4.42,
        "BPM": 140,
        "DJ Play Count": 0,
        "Rating": "*******",
        "My Tag": [
            "[Psy-Trance]",
            "2010s",
            "Fight & Fog"
        ],
        "Additional Info": {
            "id": "7hQvu9NBBRrSHg2U8PBFvl",
            "explicit": false,
            "album": "The Godfather",
            "release_date": "2019-08-26",
            "genres": [
                "progressive psytrance",
                "psychedelic trance"
            ],
            "duration": 315429,
            "acousticness": 0.00162,
            "danceability": 6.49,
            "instrumentalness": 0.875,
            "liveness": 0.1,
            "loudness": -6.246,
            "speechiness": 0.0546,
            "time_signature": 4,
            "happiness": 2.971
        }
    },
    {
        "#": 55,
        "Track Title": "The Other Side",
        "Artist": "Alpha Portal, Ajja",
        "Key": "11B",
        "Energy": 8.937999999999999,
        "Popularity": 4.6,
        "BPM": 143,
        "DJ Play Count": 0,
        "Rating": "*******",
        "My Tag": [
            "[Psy-Trance]",
            "2010s",
            "Fight & Fog"
        ],
        "Additional Info": {
            "id": "4YNZzacYj5eE9n3ccXR9x9",
            "explicit": false,
            "album": "The Other Side",
            "release_date": "2017-09-25",
            "genres": [
                "forest psy",
                "progressive psytrance",
                "psychedelic trance",
                "forest psy",
                "psychedelic trance"
            ],
            "duration": 499238,
            "acousticness": 0.000522,
            "danceability": 6.913,
            "instrumentalness": 0.88,
            "liveness": 0.0999,
            "loudness": -6.238,
            "speechiness": 0.0788,
            "time_signature": 4,
            "happiness": 1.3375
        }
    },
    {
        "#": 56,
        "Track Title": "Extremists",
        "Artist": "Mad Tribe",
        "Key": "9B",
        "Energy": 9.766,
        "Popularity": 2.98,
        "BPM": 148,
        "DJ Play Count": 0,
        "Rating": "*******",
        "My Tag": [
            "[Psy-Trance]",
            "2020s"
        ],
        "Additional Info": {
            "id": "5SCWetnPpiyCnPwl4cX7u2",
            "explicit": false,
            "album": "Extremists",
            "release_date": "2020-11-09",
            "genres": [
                "psychedelic trance"
            ],
            "duration": 541622,
            "acousticness": 0.000356,
            "danceability": 6.013000000000001,
            "instrumentalness": 0.432,
            "liveness": 0.402,
            "loudness": -5.76,
            "speechiness": 0.0548,
            "time_signature": 3,
            "happiness": 4.726
        }
    },
    {
        "#": 57,
        "Track Title": "People Can Fly - Outsiders Remix",
        "Artist": "Astral Projection, Outsiders",
        "Key": "2B",
        "Energy": 9.703,
        "Popularity": 2.8899999999999997,
        "BPM": 144,
        "DJ Play Count": 0,
        "Rating": "*******",
        "My Tag": [
            "[Psy-Trance]",
            "2020s",
            "Fight & Fog"
        ],
        "Additional Info": {
            "id": "5axVOjKhdRraNJcT151uPo",
            "explicit": false,
            "album": "People Can Fly (Outsiders Remix)",
            "release_date": "2020-03-30",
            "genres": [
                "psychedelic trance",
                "progressive psytrance",
                "psychedelic trance"
            ],
            "duration": 536667,
            "acousticness": 0.000855,
            "danceability": 6.084999999999999,
            "instrumentalness": 0.803,
            "liveness": 0.119,
            "loudness": -6.196,
            "speechiness": 0.0494,
            "time_signature": 4,
            "happiness": 1.405
        }
    },
    {
        "#": 58,
        "Track Title": "The Order",
        "Artist": "California Sunshine",
        "Key": "4B",
        "Energy": 8.748999999999999,
        "Popularity": 2.62,
        "BPM": 145,
        "DJ Play Count": 0,
        "Rating": "*******",
        "My Tag": [
            "[Psy-Trance]",
            "2010s",
            "Happy"
        ],
        "Additional Info": {
            "id": "63iMsFeJvP5W6tU9m6MUsW",
            "explicit": false,
            "album": "Rebirth",
            "release_date": "2010-05-15",
            "genres": [
                "goa trance",
                "psychedelic trance"
            ],
            "duration": 455016,
            "acousticness": 0.000626,
            "danceability": 6.76,
            "instrumentalness": 0.776,
            "liveness": 0.362,
            "loudness": -4.603,
            "speechiness": 0.0444,
            "time_signature": 4,
            "happiness": 7.12
        }
    },
    {
        "#": 59,
        "Track Title": "Shiva",
        "Artist": "Raz",
        "Key": "11B",
        "Energy": 8.334999999999999,
        "Popularity": 1.3599999999999999,
        "BPM": 150,
        "DJ Play Count": 0,
        "Rating": "*******",
        "My Tag": [
            "[Psy-Trance]",
            "2020s",
            "Fight & Fog"
        ],
        "Additional Info": {
            "id": "60Sy0wT0Fvpiiasf1VTkF3",
            "explicit": false,
            "album": "Shiva",
            "release_date": "2021-06-16",
            "genres": [
                "full on"
            ],
            "duration": 363800,
            "acousticness": 0.00539,
            "danceability": 3.907,
            "instrumentalness": 0.888,
            "liveness": 0.108,
            "loudness": -5.836,
            "speechiness": 0.0478,
            "time_signature": 4,
            "happiness": 2.197
        }
    },
    {
        "#": 60,
        "Track Title": "Anjuna Sunrise",
        "Artist": "Proxeeus",
        "Key": "4B",
        "Energy": 9.928,
        "Popularity": 2.2600000000000002,
        "BPM": 149,
        "DJ Play Count": 0,
        "Rating": "*******",
        "My Tag": [
            "[Psy-Trance]",
            "2020s",
            "Fight & Fog"
        ],
        "Additional Info": {
            "id": "3hF2IideQkFsftc0hJzX7L",
            "explicit": false,
            "album": "Anjuna Sunrise",
            "release_date": "2020-05-08",
            "genres": [
                "goa trance",
                "nitzhonot"
            ],
            "duration": 644295,
            "acousticness": 0.000403,
            "danceability": 5.896000000000001,
            "instrumentalness": 0.822,
            "liveness": 0.684,
            "loudness": -5.797,
            "speechiness": 0.339,
            "time_signature": 4,
            "happiness": 2.098
        }
    },
    {
        "#": 61,
        "Track Title": "Something With Stuff",
        "Artist": "New Born",
        "Key": "9B",
        "Energy": 8.785,
        "Popularity": 2.8899999999999997,
        "BPM": 142,
        "DJ Play Count": 0,
        "Rating": "*******",
        "My Tag": [
            "[Psy-Trance]",
            "2010s"
        ],
        "Additional Info": {
            "id": "5rY9WHvpP04ZdVB7w1J6Az",
            "explicit": false,
            "album": "Nothing But a Title",
            "release_date": "2015-09-01",
            "genres": [],
            "duration": 453160,
            "acousticness": 0.00096,
            "danceability": 6.877000000000001,
            "instrumentalness": 0.645,
            "liveness": 0.112,
            "loudness": -13.847,
            "speechiness": 0.039,
            "time_signature": 4,
            "happiness": 6.301
        }
    },
    {
        "#": 62,
        "Track Title": "Ba Laila",
        "Artist": "Magic Mizrahi",
        "Key": "8A",
        "Energy": 7.426,
        "Popularity": 2.71,
        "BPM": 148,
        "DJ Play Count": 0,
        "Rating": "*******",
        "My Tag": [
            "[Psy-Trance]",
            "2010s"
        ],
        "Additional Info": {
            "id": "3FVUy9QNRpgGwyzbR1XqMT",
            "explicit": false,
            "album": "Ba Laila",
            "release_date": "2019-12-20",
            "genres": [],
            "duration": 419088,
            "acousticness": 0.00698,
            "danceability": 7.696,
            "instrumentalness": 0.616,
            "liveness": 0.308,
            "loudness": -7.619,
            "speechiness": 0.0656,
            "time_signature": 4,
            "happiness": 4.6450000000000005
        }
    },
    {
        "#": 63,
        "Track Title": "Oracle",
        "Artist": "Timmy Trumpet",
        "Key": "2B",
        "Energy": 7.93,
        "Popularity": 1.0,
        "BPM": 140,
        "DJ Play Count": 0,
        "Rating": "*******",
        "My Tag": [
            "[Psy-Trance]",
            "2010s",
            "Dance Remixes",
            "Club-Hotel",
            "EDM",
            "Fight & Fog"
        ],
        "Additional Info": {
            "id": "2IavT15tYiFl0WCHMJ8HUM",
            "explicit": false,
            "album": "Oracle",
            "release_date": "2016-12-19",
            "genres": [
                "australian dance",
                "big room",
                "melbourne bounce",
                "melbourne bounce international"
            ],
            "duration": 180155,
            "acousticness": 0.041,
            "danceability": 7.201,
            "instrumentalness": 0.173,
            "liveness": 0.113,
            "loudness": -5.646,
            "speechiness": 0.0485,
            "time_signature": 4,
            "happiness": 2.449
        }
    },
    {
        "#": 64,
        "Track Title": "Victories in Wonderland",
        "Artist": "Agneton",
        "Key": "10B",
        "Energy": 9.991,
        "Popularity": 3.0700000000000003,
        "BPM": 76,
        "DJ Play Count": 0,
        "Rating": "*******",
        "My Tag": [
            "[Psy-Trance]",
            "2020s",
            "Fight & Fog"
        ],
        "Additional Info": {
            "id": "3DjHrIBsbIyRQuYRnjbfnT",
            "explicit": false,
            "album": "Victories in Wonderland",
            "release_date": "2020-04-12",
            "genres": [
                "goa trance",
                "nitzhonot"
            ],
            "duration": 336126,
            "acousticness": 0.0129,
            "danceability": 5.941000000000001,
            "instrumentalness": 0.783,
            "liveness": 0.244,
            "loudness": -5.507,
            "speechiness": 0.109,
            "time_signature": 4,
            "happiness": 1.6075
        }
    },
    {
        "#": 65,
        "Track Title": "Anna",
        "Artist": "Pettra",
        "Key": "2B",
        "Energy": 9.1,
        "Popularity": 3.5200000000000005,
        "BPM": 138,
        "DJ Play Count": 0,
        "Rating": "*******",
        "My Tag": [
            "[Psy-Trance]",
            "2010s",
            "Fight & Fog"
        ],
        "Additional Info": {
            "id": "1eeioAsl1WH9bheRPGeoc1",
            "explicit": false,
            "album": "Anna",
            "release_date": "2019-01-08",
            "genres": [
                "psychedelic trance"
            ],
            "duration": 356522,
            "acousticness": 0.00173,
            "danceability": 4.2669999999999995,
            "instrumentalness": 0.736,
            "liveness": 0.169,
            "loudness": -5.52,
            "speechiness": 0.0521,
            "time_signature": 4,
            "happiness": 1.9809999999999999
        }
    },
    {
        "#": 66,
        "Track Title": "Dark Passenger",
        "Artist": "GMS, Dickster",
        "Key": "8B",
        "Energy": 9.892,
        "Popularity": 3.43,
        "BPM": 147,
        "DJ Play Count": 0,
        "Rating": "*******",
        "My Tag": [
            "[Psy-Trance]",
            "2020s"
        ],
        "Additional Info": {
            "id": "3Enw9FIOO5wS2aDk6HTODo",
            "explicit": false,
            "album": "Adverse Cambers",
            "release_date": "2021-04-09",
            "genres": [
                "psychedelic trance",
                "full on",
                "progressive psytrance",
                "psychedelic trance"
            ],
            "duration": 463673,
            "acousticness": 0.00031,
            "danceability": 7.588,
            "instrumentalness": 0.853,
            "liveness": 0.187,
            "loudness": -6.276,
            "speechiness": 0.0576,
            "time_signature": 4,
            "happiness": 4.132
        }
    },
    {
        "#": 67,
        "Track Title": "Bass Safari - Faders Remix",
        "Artist": "Xerox, Illumination, Faders",
        "Key": "9B",
        "Energy": 9.901,
        "Popularity": 1.0,
        "BPM": 145,
        "DJ Play Count": 0,
        "Rating": "*******",
        "My Tag": [
            "[Psy-Trance]",
            "2010s",
            "Fight & Fog"
        ],
        "Additional Info": {
            "id": "69G5Tjyrg0nUrUFXlIfrb0",
            "explicit": false,
            "album": "Bass Safari (Faders Remix)",
            "release_date": "2019-05-13",
            "genres": [
                "full on",
                "progressive psytrance",
                "psychedelic trance",
                "full on",
                "goa psytrance",
                "progressive psytrance",
                "psychedelic trance"
            ],
            "duration": 514759,
            "acousticness": 0.000196,
            "danceability": 5.995,
            "instrumentalness": 0.836,
            "liveness": 0.93,
            "loudness": -5.064,
            "speechiness": 0.0569,
            "time_signature": 4,
            "happiness": 2.926
        }
    },
    {
        "#": 68,
        "Track Title": "Temple Road",
        "Artist": "Dekel, Shtuby",
        "Key": "4B",
        "Energy": 8.434,
        "Popularity": 3.25,
        "BPM": 140,
        "DJ Play Count": 0,
        "Rating": "*******",
        "My Tag": [
            "[Psy-Trance]",
            "2020s",
            "Fight & Fog"
        ],
        "Additional Info": {
            "id": "7Aa1d1IszxvemItLgAHvw4",
            "explicit": false,
            "album": "Temple Road",
            "release_date": "2020-03-09",
            "genres": [
                "psychedelic trance"
            ],
            "duration": 432000,
            "acousticness": 0.0349,
            "danceability": 7.0840000000000005,
            "instrumentalness": 0.873,
            "liveness": 0.154,
            "loudness": -9.444,
            "speechiness": 0.0404,
            "time_signature": 3,
            "happiness": 2.4219999999999997
        }
    },
    {
        "#": 69,
        "Track Title": "Ammen",
        "Artist": "Rising Dust, Darwish",
        "Key": "11B",
        "Energy": 7.93,
        "Popularity": 1.0,
        "BPM": 145,
        "DJ Play Count": 0,
        "Rating": "*******",
        "My Tag": [
            "[Psy-Trance]",
            "2010s",
            "Fight & Fog"
        ],
        "Additional Info": {
            "id": "2Z15PP1FaXIrNnmbtmJyKC",
            "explicit": false,
            "album": "Starting to Feel",
            "release_date": "2016-07-04",
            "genres": [
                "progressive psytrance",
                "psychedelic trance"
            ],
            "duration": 374306,
            "acousticness": 0.0467,
            "danceability": 7.191999999999999,
            "instrumentalness": 0.855,
            "liveness": 0.149,
            "loudness": -4.985,
            "speechiness": 0.0541,
            "time_signature": 4,
            "happiness": 2.377
        }
    },
    {
        "#": 70,
        "Track Title": "Iron Velvet",
        "Artist": "Rising Dust, Shayman",
        "Key": "8B",
        "Energy": 6.175,
        "Popularity": 3.5200000000000005,
        "BPM": 140,
        "DJ Play Count": 0,
        "Rating": "*******",
        "My Tag": [
            "[Psy-Trance]",
            "2010s"
        ],
        "Additional Info": {
            "id": "4H70VfzoS2KFuqwxnuePl5",
            "explicit": false,
            "album": "Arba",
            "release_date": "2018-07-16",
            "genres": [
                "progressive psytrance",
                "psychedelic trance"
            ],
            "duration": 404571,
            "acousticness": 0.0231,
            "danceability": 7.768,
            "instrumentalness": 0.854,
            "liveness": 0.11,
            "loudness": -8.02,
            "speechiness": 0.0661,
            "time_signature": 4,
            "happiness": 1.6858
        }
    },
    {
        "#": 71,
        "Track Title": "Halalit Balagan",
        "Artist": "Agneton, Agrabah",
        "Key": "1B",
        "Energy": 9.964,
        "Popularity": 2.8,
        "BPM": 78,
        "DJ Play Count": 0,
        "Rating": "*******",
        "My Tag": [
            "[Psy-Trance]",
            "2020s"
        ],
        "Additional Info": {
            "id": "2Tqz8szU6lEX7VZ8P91Sf9",
            "explicit": false,
            "album": "Halalit Balagan",
            "release_date": "2020-03-19",
            "genres": [
                "goa trance",
                "nitzhonot",
                "goa trance",
                "nitzhonot"
            ],
            "duration": 482310,
            "acousticness": 0.00191,
            "danceability": 6.228999999999999,
            "instrumentalness": 0.652,
            "liveness": 0.932,
            "loudness": -3.833,
            "speechiness": 0.125,
            "time_signature": 4,
            "happiness": 4.231
        }
    },
    {
        "#": 72,
        "Track Title": "Intelligent Life - RAZ Remix",
        "Artist": "Yahel, Upgrade, Raz",
        "Key": "2A",
        "Energy": 9.495999999999999,
        "Popularity": 1.99,
        "BPM": 145,
        "DJ Play Count": 0,
        "Rating": "*******",
        "My Tag": [
            "[Psy-Trance]",
            "2020s",
            "Fight & Fog"
        ],
        "Additional Info": {
            "id": "5chsIQD5GdoZnZKbMc65xm",
            "explicit": false,
            "album": "Intelligent Life (RAZ Remix)",
            "release_date": "2021-05-26",
            "genres": [
                "psychedelic trance",
                "psychedelic trance",
                "full on"
            ],
            "duration": 297931,
            "acousticness": 0.00359,
            "danceability": 6.508,
            "instrumentalness": 0.192,
            "liveness": 0.119,
            "loudness": -4.814,
            "speechiness": 0.0479,
            "time_signature": 4,
            "happiness": 2.593
        }
    },
    {
        "#": 73,
        "Track Title": "Waves Of Sound - Upgrade Remix",
        "Artist": "Yahel, I.Zen, Liya",
        "Key": "4B",
        "Energy": 7.867,
        "Popularity": 3.88,
        "BPM": 140,
        "DJ Play Count": 0,
        "Rating": "*******",
        "My Tag": [
            "[Psy-Trance]",
            "2010s"
        ],
        "Additional Info": {
            "id": "5AHHNYOFVdSXXSgv2Ru7lP",
            "explicit": false,
            "album": "The Melody Factory",
            "release_date": "2015-06-08",
            "genres": [
                "psychedelic trance"
            ],
            "duration": 304739,
            "acousticness": 0.013,
            "danceability": 6.58,
            "instrumentalness": 0.516,
            "liveness": 0.0765,
            "loudness": -7.249,
            "speechiness": 0.0415,
            "time_signature": 4,
            "happiness": 4.141
        }
    },
    {
        "#": 74,
        "Track Title": "Synergia",
        "Artist": "Mystical Complex, Sajanka",
        "Key": "4A",
        "Energy": 9.379000000000001,
        "Popularity": 5.59,
        "BPM": 145,
        "DJ Play Count": 0,
        "Rating": "*******",
        "My Tag": [
            "[Psy-Trance]",
            "2010s"
        ],
        "Additional Info": {
            "id": "32MDuzDFa5qZScdLrRMABX",
            "explicit": false,
            "album": "Synergia",
            "release_date": "2018-10-25",
            "genres": [
                "full on",
                "progressive psytrance",
                "psychedelic trance",
                "psychedelic trance"
            ],
            "duration": 401138,
            "acousticness": 0.0038,
            "danceability": 3.484,
            "instrumentalness": 0.846,
            "liveness": 0.107,
            "loudness": -5.825,
            "speechiness": 0.0553,
            "time_signature": 4,
            "happiness": 3.16
        }
    },
    {
        "#": 75,
        "Track Title": "Yemenite",
        "Artist": "UnderCover",
        "Key": "10B",
        "Energy": 8.407,
        "Popularity": 3.88,
        "BPM": 145,
        "DJ Play Count": 0,
        "Rating": "*******",
        "My Tag": [
            "[Psy-Trance]",
            "2020s",
            "Fight & Fog"
        ],
        "Additional Info": {
            "id": "28x62OsFCmJkabROAquJ68",
            "explicit": false,
            "album": "The Collection",
            "release_date": "2020-07-19",
            "genres": [],
            "duration": 405517,
            "acousticness": 0.0019,
            "danceability": 6.931,
            "instrumentalness": 0.892,
            "liveness": 0.225,
            "loudness": -7.543,
            "speechiness": 0.0696,
            "time_signature": 4,
            "happiness": 1.5814
        }
    },
    {
        "#": 76,
        "Track Title": "Games of Psy",
        "Artist": "Indra",
        "Key": "2B",
        "Energy": 9.037,
        "Popularity": 1.0,
        "BPM": 143,
        "DJ Play Count": 0,
        "Rating": "*******",
        "My Tag": [
            "[Psy-Trance]",
            "2010s",
            "Fight & Fog"
        ],
        "Additional Info": {
            "id": "7BCFiMkWxs5fU99mZDEvMP",
            "explicit": false,
            "album": "Games of Psy",
            "release_date": "2016-11-14",
            "genres": [
                "full on",
                "progressive psytrance",
                "psychedelic trance"
            ],
            "duration": 406154,
            "acousticness": 0.00528,
            "danceability": 6.994000000000001,
            "instrumentalness": 0.572,
            "liveness": 0.137,
            "loudness": -6.687,
            "speechiness": 0.0667,
            "time_signature": 4,
            "happiness": 2.773
        }
    },
    {
        "#": 77,
        "Track Title": "Sunset",
        "Artist": "Pettra",
        "Key": "3A",
        "Energy": 7.696,
        "Popularity": 4.24,
        "BPM": 140,
        "DJ Play Count": 0,
        "Rating": "*******",
        "My Tag": [
            "[Psy-Trance]",
            "2010s",
            "Fight & Fog"
        ],
        "Additional Info": {
            "id": "1zYpqIQECxD2NNjqku04Qv",
            "explicit": false,
            "album": "Naked in the Desert",
            "release_date": "2018-08-30",
            "genres": [
                "psychedelic trance"
            ],
            "duration": 370286,
            "acousticness": 0.016,
            "danceability": 6.832,
            "instrumentalness": 0.883,
            "liveness": 0.0712,
            "loudness": -6.72,
            "speechiness": 0.0466,
            "time_signature": 4,
            "happiness": 1.7344
        }
    },
    {
        "#": 78,
        "Track Title": "Mama India - Outside The Universe Remix",
        "Artist": "Technical Hitch, Outside The Universe",
        "Key": "1A",
        "Energy": 9.541,
        "Popularity": 1.0,
        "BPM": 147,
        "DJ Play Count": 0,
        "Rating": "*******",
        "My Tag": [
            "[Psy-Trance]",
            "2010s",
            "Fight & Fog"
        ],
        "Additional Info": {
            "id": "6ID3ltzzl2MjLEvGJL9OFu",
            "explicit": false,
            "album": "Mama India (Outside The Universe Remix)",
            "release_date": "2018-05-07",
            "genres": [
                "hi-tech",
                "forest psy",
                "full on",
                "progressive psytrance",
                "psychedelic trance"
            ],
            "duration": 514286,
            "acousticness": 0.000335,
            "danceability": 5.563,
            "instrumentalness": 0.847,
            "liveness": 0.359,
            "loudness": -5.709,
            "speechiness": 0.0513,
            "time_signature": 4,
            "happiness": 2.638
        }
    },
    {
        "#": 79,
        "Track Title": "Seven Gates",
        "Artist": "Astrix, Vertical Mode",
        "Key": "9B",
        "Energy": 9.199,
        "Popularity": 4.87,
        "BPM": 140,
        "DJ Play Count": 0,
        "Rating": "*******",
        "My Tag": [
            "[Psy-Trance]",
            "2010s",
            "Fight & Fog"
        ],
        "Additional Info": {
            "id": "3PwvV5JpEYwtKKRcV37JOV",
            "explicit": false,
            "album": "Seven Gates",
            "release_date": "2018-07-02",
            "genres": [
                "full on",
                "nitzhonot",
                "psychedelic trance",
                "full on",
                "progressive psytrance",
                "psychedelic trance"
            ],
            "duration": 553714,
            "acousticness": 0.00131,
            "danceability": 6.805,
            "instrumentalness": 0.753,
            "liveness": 0.125,
            "loudness": -6.725,
            "speechiness": 0.0509,
            "time_signature": 4,
            "happiness": 1.6749999999999998
        }
    },
    {
        "#": 80,
        "Track Title": "Zooloo",
        "Artist": "Ido B & Zooki",
        "Key": "1A",
        "Energy": 9.253,
        "Popularity": 3.79,
        "BPM": 75,
        "DJ Play Count": 0,
        "Rating": "*******",
        "My Tag": [
            "[Psy-Trance]",
            "2010s",
            "Hip Hop",
            "Israeli - Kibutz"
        ],
        "Additional Info": {
            "id": "5kCommLpSo6Y76CoHiS7rh",
            "explicit": false,
            "album": "Collection I",
            "release_date": "2016-03-31",
            "genres": [
                "israeli hip hop",
                "israeli trap"
            ],
            "duration": 278400,
            "acousticness": 0.19,
            "danceability": 5.86,
            "instrumentalness": 4.29e-05,
            "liveness": 0.363,
            "loudness": -1.385,
            "speechiness": 0.24,
            "time_signature": 4,
            "happiness": 6.103
        }
    },
    {
        "#": 81,
        "Track Title": "We Will Be Legends",
        "Artist": "Lenjix",
        "Key": "1A",
        "Energy": 7.039000000000001,
        "Popularity": 3.16,
        "BPM": 145,
        "DJ Play Count": 0,
        "Rating": "*******",
        "My Tag": [
            "[Psy-Trance]",
            "2020s"
        ],
        "Additional Info": {
            "id": "1KUvP8gevr2zTbvxw5DlpK",
            "explicit": false,
            "album": "We Will Be Legends",
            "release_date": "2020-11-04",
            "genres": [],
            "duration": 347638,
            "acousticness": 0.00615,
            "danceability": 4.609,
            "instrumentalness": 0.184,
            "liveness": 0.123,
            "loudness": -6.578,
            "speechiness": 0.0499,
            "time_signature": 4,
            "happiness": 5.077
        }
    },
    {
        "#": 82,
        "Track Title": "Santa Catarina",
        "Artist": "3 Of Life",
        "Key": "1A",
        "Energy": 8.641,
        "Popularity": 3.5200000000000005,
        "BPM": 138,
        "DJ Play Count": 0,
        "Rating": "*******",
        "My Tag": [
            "[Psy-Trance]",
            "2010s"
        ],
        "Additional Info": {
            "id": "7r7Moa5tw01QIeIbcuCr2R",
            "explicit": false,
            "album": "Losing Nemo & Santa Catarina",
            "release_date": "2019-05-31",
            "genres": [
                "progressive psytrance",
                "psychedelic trance"
            ],
            "duration": 403478,
            "acousticness": 0.00544,
            "danceability": 7.066000000000001,
            "instrumentalness": 0.76,
            "liveness": 0.155,
            "loudness": -8.726,
            "speechiness": 0.0463,
            "time_signature": 4,
            "happiness": 5.247999999999999
        }
    },
    {
        "#": 83,
        "Track Title": "Sex Style - Spectra Sonics Remix",
        "Artist": "Astrix, Spectra Sonics",
        "Key": "7A",
        "Energy": 9.442,
        "Popularity": 3.61,
        "BPM": 145,
        "DJ Play Count": 0,
        "Rating": "*******",
        "My Tag": [
            "[Psy-Trance]",
            "2010s",
            "Fight & Fog"
        ],
        "Additional Info": {
            "id": "0LXisThZKA4lOV1i6pzrT9",
            "explicit": false,
            "album": "Dimension 005 (Compiled by Alpha Portal)",
            "release_date": "2019-07-19",
            "genres": [
                "full on",
                "nitzhonot",
                "psychedelic trance",
                "psychedelic trance"
            ],
            "duration": 484138,
            "acousticness": 0.000397,
            "danceability": 6.832,
            "instrumentalness": 0.851,
            "liveness": 0.0997,
            "loudness": -5.974,
            "speechiness": 0.0491,
            "time_signature": 4,
            "happiness": 1.5516999999999999
        }
    },
    {
        "#": 84,
        "Track Title": "Back To Hyperion - Original Mix",
        "Artist": "Agneton",
        "Key": "3B",
        "Energy": 9.847,
        "Popularity": 2.62,
        "BPM": 77,
        "DJ Play Count": 0,
        "Rating": "*******",
        "My Tag": [
            "[Psy-Trance]",
            "2010s"
        ],
        "Additional Info": {
            "id": "5qFRmNZEjvJIZIne9pUg2t",
            "explicit": false,
            "album": "Wizards From The Future",
            "release_date": "2012-05-15",
            "genres": [
                "goa trance",
                "nitzhonot"
            ],
            "duration": 503987,
            "acousticness": 0.002,
            "danceability": 5.833,
            "instrumentalness": 0.915,
            "liveness": 0.133,
            "loudness": -5.333,
            "speechiness": 0.0557,
            "time_signature": 4,
            "happiness": 5.5
        }
    },
    {
        "#": 85,
        "Track Title": "Karahana",
        "Artist": "ManMadeMan",
        "Key": "1B",
        "Energy": 8.937999999999999,
        "Popularity": 2.44,
        "BPM": 145,
        "DJ Play Count": 0,
        "Rating": "*******",
        "My Tag": [
            "[Psy-Trance]",
            "2010s"
        ],
        "Additional Info": {
            "id": "0yV7Q3Q3LwkxQVIBbVMQXO",
            "explicit": false,
            "album": "Cyber Baba 2000 (Goa Gil Mix)",
            "release_date": "2017-11-21",
            "genres": [
                "goa trance",
                "psychedelic trance"
            ],
            "duration": 345920,
            "acousticness": 0.016,
            "danceability": 6.382,
            "instrumentalness": 0.907,
            "liveness": 0.177,
            "loudness": -9.539,
            "speechiness": 0.0343,
            "time_signature": 4,
            "happiness": 6.084999999999999
        }
    },
    {
        "#": 86,
        "Track Title": "Lunar Eclipse - The Freak Show Remix",
        "Artist": "Soundbuster, Scopelyser, The Freak Show",
        "Key": "3B",
        "Energy": 8.029,
        "Popularity": 2.44,
        "BPM": 140,
        "DJ Play Count": 0,
        "Rating": "*******",
        "My Tag": [
            "[Psy-Trance]",
            "2020s",
            "Fight & Fog"
        ],
        "Additional Info": {
            "id": "3fyeMY4uI6rmEBWqPS9Ss1",
            "explicit": false,
            "album": "Red Circle",
            "release_date": "2020-07-13",
            "genres": [
                "full on"
            ],
            "duration": 445714,
            "acousticness": 0.0254,
            "danceability": 6.697,
            "instrumentalness": 0.875,
            "liveness": 0.109,
            "loudness": -8.028,
            "speechiness": 0.048,
            "time_signature": 4,
            "happiness": 2.188
        }
    },
    {
        "#": 87,
        "Track Title": "Sun and moon",
        "Artist": "Ceramic",
        "Key": "7A",
        "Energy": 9.199,
        "Popularity": 1.3599999999999999,
        "BPM": 140,
        "DJ Play Count": 0,
        "Rating": "*******",
        "My Tag": [
            "[Psy-Trance]",
            "2020s"
        ],
        "Additional Info": {
            "id": "7lvG4XtRVyUbUyvGjTF6Nt",
            "explicit": false,
            "album": "Synchronization",
            "release_date": "2020-01-24",
            "genres": [],
            "duration": 419997,
            "acousticness": 0.0341,
            "danceability": 5.293,
            "instrumentalness": 0.203,
            "liveness": 0.139,
            "loudness": -6.645,
            "speechiness": 0.0579,
            "time_signature": 4,
            "happiness": 3.007
        }
    },
    {
        "#": 88,
        "Track Title": "When Hitch Goes Slow",
        "Artist": "Technical Hitch",
        "Key": "6A",
        "Energy": 8.379999999999999,
        "Popularity": 2.5300000000000002,
        "BPM": 140,
        "DJ Play Count": 0,
        "Rating": "*******",
        "My Tag": [
            "[Psy-Trance]",
            "2010s",
            "Fight & Fog"
        ],
        "Additional Info": {
            "id": "18I4FBN35kORXnN59MxoXV",
            "explicit": false,
            "album": "Let's Go Faster",
            "release_date": "2019-08-05",
            "genres": [
                "hi-tech"
            ],
            "duration": 443464,
            "acousticness": 0.0326,
            "danceability": 6.535,
            "instrumentalness": 0.779,
            "liveness": 0.106,
            "loudness": -7.588,
            "speechiness": 0.0666,
            "time_signature": 4,
            "happiness": 1.3042
        }
    },
    {
        "#": 89,
        "Track Title": "The Final Milestone",
        "Artist": "Postrauma",
        "Key": "11B",
        "Energy": 9.208,
        "Popularity": 2.17,
        "BPM": 77,
        "DJ Play Count": 0,
        "Rating": "*******",
        "My Tag": [
            "[Psy-Trance]",
            "2020s"
        ],
        "Additional Info": {
            "id": "4R66XecRM95laUzHqy8JAS",
            "explicit": false,
            "album": "Spirit Dance",
            "release_date": "2021-12-12",
            "genres": [],
            "duration": 511241,
            "acousticness": 0.000864,
            "danceability": 6.31,
            "instrumentalness": 0.772,
            "liveness": 0.519,
            "loudness": -5.145,
            "speechiness": 0.0653,
            "time_signature": 4,
            "happiness": 3.259
        }
    },
    {
        "#": 90,
        "Track Title": "Mahna Mahna",
        "Artist": "Amras",
        "Key": "6A",
        "Energy": 9.802,
        "Popularity": 1.9,
        "BPM": 83,
        "DJ Play Count": 0,
        "Rating": "*******",
        "My Tag": [
            "[Psy-Trance]",
            "2010s"
        ],
        "Additional Info": {
            "id": "2NSgvLYLqAJpEnRCgkPRlx",
            "explicit": false,
            "album": "You Are Not Alone",
            "release_date": "2018-11-25",
            "genres": [],
            "duration": 441365,
            "acousticness": 0.000137,
            "danceability": 6.0040000000000004,
            "instrumentalness": 0.782,
            "liveness": 0.47,
            "loudness": -4.721,
            "speechiness": 0.0585,
            "time_signature": 4,
            "happiness": 6.616
        }
    },
    {
        "#": 91,
        "Track Title": "Spongeboob",
        "Artist": "Postrauma",
        "Key": "1A",
        "Energy": 9.514,
        "Popularity": 1.72,
        "BPM": 76,
        "DJ Play Count": 0,
        "Rating": "*******",
        "My Tag": [
            "[Psy-Trance]",
            "2020s"
        ],
        "Additional Info": {
            "id": "0k5sELnwmdI5RLzcl6xupa",
            "explicit": false,
            "album": "Fantasmagorie",
            "release_date": "2021-11-25",
            "genres": [],
            "duration": 616380,
            "acousticness": 0.00055,
            "danceability": 6.022,
            "instrumentalness": 0.433,
            "liveness": 0.689,
            "loudness": -4.787,
            "speechiness": 0.104,
            "time_signature": 3,
            "happiness": 4.4830000000000005
        }
    },
    {
        "#": 92,
        "Track Title": "Gravity Fell Down",
        "Artist": "Seggae",
        "Key": "1B",
        "Energy": 9.289,
        "Popularity": 1.72,
        "BPM": 81,
        "DJ Play Count": 0,
        "Rating": "*******",
        "My Tag": [
            "[Psy-Trance]",
            "2020s"
        ],
        "Additional Info": {
            "id": "5rWBoXQ9icYaRwEG23Rix1",
            "explicit": false,
            "album": "Fantasmagorie",
            "release_date": "2021-11-25",
            "genres": [],
            "duration": 527659,
            "acousticness": 0.000117,
            "danceability": 6.679,
            "instrumentalness": 0.555,
            "liveness": 0.563,
            "loudness": -3.774,
            "speechiness": 0.0845,
            "time_signature": 4,
            "happiness": 4.213
        }
    },
    {
        "#": 93,
        "Track Title": "New Wave Hooker - Domestic & Pixel Remix",
        "Artist": "Psysex, Domestic, Pixel",
        "Key": "6B",
        "Energy": 9.118,
        "Popularity": 2.98,
        "BPM": 140,
        "DJ Play Count": 0,
        "Rating": "*******",
        "My Tag": [
            "[Psy-Trance]",
            "2000s",
            "PEGI 16 [Age]"
        ],
        "Additional Info": {
            "id": "3LkF5QcZ4tcdAEWdN7mLZ7",
            "explicit": true,
            "album": "Remixed",
            "release_date": "2005-04-14",
            "genres": [
                "full on",
                "psychedelic trance",
                "full on",
                "progressive psytrance",
                "psychedelic trance",
                "full on",
                "progressive psytrance",
                "psychedelic trance"
            ],
            "duration": 538400,
            "acousticness": 0.00243,
            "danceability": 6.841,
            "instrumentalness": 0.793,
            "liveness": 0.365,
            "loudness": -6.238,
            "speechiness": 0.0688,
            "time_signature": 4,
            "happiness": 5.293
        }
    },
    {
        "#": 94,
        "Track Title": "Fly High",
        "Artist": "Mindsphere",
        "Key": "3B",
        "Energy": 9.109,
        "Popularity": 1.72,
        "BPM": 146,
        "DJ Play Count": 0,
        "Rating": "*******",
        "My Tag": [
            "[Psy-Trance]",
            "2010s",
            "Fight & Fog"
        ],
        "Additional Info": {
            "id": "53vrrqqDC2xEulGnsUJKdG",
            "explicit": false,
            "album": "Aurora Sidera",
            "release_date": "2015-06-05",
            "genres": [
                "goa trance"
            ],
            "duration": 479400,
            "acousticness": 0.000128,
            "danceability": 4.42,
            "instrumentalness": 0.257,
            "liveness": 0.165,
            "loudness": -6.07,
            "speechiness": 0.0356,
            "time_signature": 3,
            "happiness": 1.3582
        }
    },
    {
        "#": 95,
        "Track Title": "Paperwork - OxyFlux Remix",
        "Artist": "Vertical, Oxyflux",
        "Key": "9B",
        "Energy": 9.64,
        "Popularity": 3.16,
        "BPM": 148,
        "DJ Play Count": 0,
        "Rating": "*******",
        "My Tag": [
            "[Psy-Trance]",
            "2020s"
        ],
        "Additional Info": {
            "id": "1qAmWWd7ZDyza5n0OZ1K7Y",
            "explicit": false,
            "album": "In a World of Nonsense",
            "release_date": "2020-07-14",
            "genres": [
                "dark psytrance"
            ],
            "duration": 452485,
            "acousticness": 2.82e-05,
            "danceability": 6.859,
            "instrumentalness": 0.872,
            "liveness": 0.0766,
            "loudness": -5.193,
            "speechiness": 0.0621,
            "time_signature": 4,
            "happiness": 4.348
        }
    }
]