[
    {
        "#": 1,
        "Track Title": "How Far I'll Go",
        "Artist": "Auli'i Cravalho",
        "Key": "3A",
        "Energy": 3.763,
        "Popularity": 7.84,
        "BPM": 84,
        "DJ Play Count": 0,
        "Rating": "*******",
        "My Tag": [
            "PEGI 4 [Age]",
            "2010s",
            "Mad",
            "Calm"
        ],
        "Additional Info": {
            "id": "6mb6lVLNrcUgLnEN8QnDJd",
            "explicit": false,
            "album": "Moana (Original Motion Picture Soundtrack/Deluxe Edition)",
            "release_date": "2016-11-18",
            "genres": [
                "movie tunes"
            ],
            "duration": 163387,
            "acousticness": 0.649,
            "danceability": 6.138999999999999,
            "instrumentalness": 0,
            "liveness": 0.178,
            "loudness": -10.958,
            "speechiness": 0.0499,
            "time_signature": 4,
            "happiness": 1.972
        }
    },
    {
        "#": 2,
        "Track Title": "Part of Your World",
        "Artist": "Jodi Benson, Disney",
        "Key": "7B",
        "Energy": 2.296,
        "Popularity": 7.57,
        "BPM": 62,
        "DJ Play Count": 0,
        "Rating": "*******",
        "My Tag": [
            "PEGI 4 [Age]",
            "2000s"
        ],
        "Additional Info": {
            "id": "7tUSJY4nsDBJTjd1UXKRsT",
            "explicit": false,
            "album": "The Little Mermaid Special Edition",
            "release_date": "2006-01-01",
            "genres": [
                "movie tunes",
                "children's music",
                "movie tunes"
            ],
            "duration": 195493,
            "acousticness": 0.92,
            "danceability": 3.466,
            "instrumentalness": 0.000388,
            "liveness": 0.29,
            "loudness": -14.516,
            "speechiness": 0.0482,
            "time_signature": 5,
            "happiness": 3.718
        }
    },
    {
        "#": 3,
        "Track Title": "When Will My Life Begin? - From \"Tangled\" / Soundtrack Version",
        "Artist": "Mandy Moore",
        "Key": "12B",
        "Energy": 4.779999999999999,
        "Popularity": 7.57,
        "BPM": 108,
        "DJ Play Count": 0,
        "Rating": "*******",
        "My Tag": [
            "PEGI 4 [Age]",
            "2010s",
            "Dance Remixes",
            "Pop"
        ],
        "Additional Info": {
            "id": "03xWMkKEbeO4SnylA53ipj",
            "explicit": false,
            "album": "Tangled",
            "release_date": "2010-01-01",
            "genres": [
                "dance pop",
                "neo mellow",
                "post-teen pop"
            ],
            "duration": 152333,
            "acousticness": 0.112,
            "danceability": 7.057,
            "instrumentalness": 0,
            "liveness": 0.0897,
            "loudness": -7.581,
            "speechiness": 0.0317,
            "time_signature": 4,
            "happiness": 4.465
        }
    },
    {
        "#": 4,
        "Track Title": "Colors of the Wind - From \"Pocahontas\" / Soundtrack Version",
        "Artist": "Judy Kuhn",
        "Key": "3B",
        "Energy": 2.476,
        "Popularity": 7.03,
        "BPM": 82,
        "DJ Play Count": 0,
        "Rating": "*******",
        "My Tag": [
            "PEGI 4 [Age]",
            "90s"
        ],
        "Additional Info": {
            "id": "1OYOLWqKmhkFIx2KC9ek1a",
            "explicit": false,
            "album": "Pocahontas",
            "release_date": "1995-01-01",
            "genres": [
                "movie tunes"
            ],
            "duration": 214400,
            "acousticness": 0.929,
            "danceability": 3.4480000000000004,
            "instrumentalness": 0.0011,
            "liveness": 0.109,
            "loudness": -17.04,
            "speechiness": 0.046,
            "time_signature": 3,
            "happiness": 3.052
        }
    },
    {
        "#": 5,
        "Track Title": "Lead the Way",
        "Artist": "Jhené Aiko",
        "Key": "12B",
        "Energy": 7.335999999999999,
        "Popularity": 6.76,
        "BPM": 101,
        "DJ Play Count": 0,
        "Rating": "*******",
        "My Tag": [
            "PEGI 4 [Age]",
            "2020s",
            "Hip Hop"
        ],
        "Additional Info": {
            "id": "2Vqbniz8jYoZPvecpdVPq9",
            "explicit": false,
            "album": "Raya and the Last Dragon (Original Motion Picture Soundtrack)",
            "release_date": "2021-02-26",
            "genres": [
                "r&b"
            ],
            "duration": 223836,
            "acousticness": 0.477,
            "danceability": 5.914000000000001,
            "instrumentalness": 0,
            "liveness": 0.0892,
            "loudness": -5.154,
            "speechiness": 0.044,
            "time_signature": 4,
            "happiness": 3.952
        }
    },
    {
        "#": 6,
        "Track Title": "Starting Now Mashup",
        "Artist": "DCappella",
        "Key": "8B",
        "Energy": 6.823,
        "Popularity": 5.5,
        "BPM": 108,
        "DJ Play Count": 0,
        "Rating": "*******",
        "My Tag": [
            "PEGI 4 [Age]",
            "2020s"
        ],
        "Additional Info": {
            "id": "5Rj3PMCkJuVWeo0v3EO96D",
            "explicit": false,
            "album": "Starting Now Mashup",
            "release_date": "2021-08-20",
            "genres": [
                "movie tunes"
            ],
            "duration": 144080,
            "acousticness": 0.0357,
            "danceability": 4.798,
            "instrumentalness": 0,
            "liveness": 0.26,
            "loudness": -5.722,
            "speechiness": 0.031,
            "time_signature": 4,
            "happiness": 2.971
        }
    },
    {
        "#": 7,
        "Track Title": "Reflection (2020)",
        "Artist": "Christina Aguilera",
        "Key": "9B",
        "Energy": 6.679,
        "Popularity": 6.49,
        "BPM": 96,
        "DJ Play Count": 0,
        "Rating": "*******",
        "My Tag": [
            "PEGI 4 [Age]",
            "2020s",
            "Dance Remixes"
        ],
        "Additional Info": {
            "id": "5Y1id2NTv2M7x2g2V2q1Sz",
            "explicit": false,
            "album": "Mulan (Original Motion Picture Soundtrack)",
            "release_date": "2020-09-04",
            "genres": [
                "dance pop",
                "pop"
            ],
            "duration": 217997,
            "acousticness": 0.46,
            "danceability": 3.826,
            "instrumentalness": 0,
            "liveness": 0.0811,
            "loudness": -8.167,
            "speechiness": 0.0756,
            "time_signature": 4,
            "happiness": 3.016
        }
    },
    {
        "#": 8,
        "Track Title": "A Whole New World",
        "Artist": "Lea Salonga, Brad Kane, Disney",
        "Key": "8B",
        "Energy": 3.043,
        "Popularity": 7.209999999999999,
        "BPM": 121,
        "DJ Play Count": 0,
        "Rating": "*******",
        "My Tag": [
            "PEGI 4 [Age]",
            "2000s",
            "Mad",
            "Calm"
        ],
        "Additional Info": {
            "id": "1hwdPQtFHISvZ9SXMkNrIK",
            "explicit": false,
            "album": "Aladdin Special Edition",
            "release_date": "2004-01-01",
            "genres": [
                "movie tunes",
                "tagalog worship",
                "movie tunes",
                "children's music",
                "movie tunes"
            ],
            "duration": 160800,
            "acousticness": 0.846,
            "danceability": 3.5469999999999997,
            "instrumentalness": 2.08e-06,
            "liveness": 0.1,
            "loudness": -15.793,
            "speechiness": 0.0366,
            "time_signature": 4,
            "happiness": 2.152
        }
    },
    {
        "#": 9,
        "Track Title": "I Won't Say (I'm In Love)",
        "Artist": "Susan Egan, Cheryl Freeman, LaChanze, Vaneese Thomas, Lillias White, Disney",
        "Key": "8B",
        "Energy": 5.329,
        "Popularity": 7.3,
        "BPM": 121,
        "DJ Play Count": 0,
        "Rating": "*******",
        "My Tag": [
            "PEGI 4 [Age]",
            "90s"
        ],
        "Additional Info": {
            "id": "0PKmDncVOiNQLO6D1P6PXi",
            "explicit": false,
            "album": "Hercules (Original Motion Picture Soundtrack)",
            "release_date": "1997-01-01",
            "genres": [
                "movie tunes",
                "movie tunes",
                "movie tunes",
                "movie tunes",
                "movie tunes",
                "children's music",
                "movie tunes"
            ],
            "duration": 140227,
            "acousticness": 0.228,
            "danceability": 7.156000000000001,
            "instrumentalness": 0,
            "liveness": 0.157,
            "loudness": -10.305,
            "speechiness": 0.0391,
            "time_signature": 4,
            "happiness": 5.32
        }
    },
    {
        "#": 10,
        "Track Title": "Part of Your World - From \"The Little Mermaid\"",
        "Artist": "Halle",
        "Key": "2B",
        "Energy": 2.755,
        "Popularity": 7.84,
        "BPM": 106,
        "DJ Play Count": 0,
        "Rating": "*******",
        "My Tag": [
            "PEGI 4 [Age]",
            "2020s",
            "Mad",
            "Calm"
        ],
        "Additional Info": {
            "id": "2pcSENGQmdptFCBQ3HpKHe",
            "explicit": false,
            "album": "Part of Your World (From \"The Little Mermaid\")",
            "release_date": "2023-04-26",
            "genres": [],
            "duration": 214373,
            "acousticness": 0.879,
            "danceability": 4.798,
            "instrumentalness": 0,
            "liveness": 0.12,
            "loudness": -13.353,
            "speechiness": 0.0451,
            "time_signature": 4,
            "happiness": 2.8449999999999998
        }
    },
    {
        "#": 11,
        "Track Title": "Home - Disney Princess Remixed",
        "Artist": "Julia Lester",
        "Key": "8B",
        "Energy": 9.514,
        "Popularity": 5.140000000000001,
        "BPM": 80,
        "DJ Play Count": 0,
        "Rating": "*******",
        "My Tag": [
            "PEGI 4 [Age]",
            "2020s"
        ],
        "Additional Info": {
            "id": "2C8hgHHhUdcd14dkuDbaou",
            "explicit": false,
            "album": "Home (Disney Princess Remixed)",
            "release_date": "2021-08-27",
            "genres": [
                "movie tunes"
            ],
            "duration": 179376,
            "acousticness": 0.00877,
            "danceability": 4.285,
            "instrumentalness": 0,
            "liveness": 0.337,
            "loudness": -2.42,
            "speechiness": 0.118,
            "time_signature": 4,
            "happiness": 5.7250000000000005
        }
    },
    {
        "#": 12,
        "Track Title": "Almost There - From \"The Princess and the Frog\" / Soundtrack Version",
        "Artist": "Anika Noni Rose",
        "Key": "8B",
        "Energy": 5.032,
        "Popularity": 7.03,
        "BPM": 79,
        "DJ Play Count": 0,
        "Rating": "*******",
        "My Tag": [
            "PEGI 4 [Age]",
            "2000s"
        ],
        "Additional Info": {
            "id": "3aJgAgTI9srxcTuyzVDtkm",
            "explicit": false,
            "album": "The Princess and the Frog: Tiana and Her Princess Friends",
            "release_date": "2009-01-01",
            "genres": [
                "movie tunes"
            ],
            "duration": 144827,
            "acousticness": 0.808,
            "danceability": 5.815,
            "instrumentalness": 1.25e-05,
            "liveness": 0.303,
            "loudness": -7.759,
            "speechiness": 0.0431,
            "time_signature": 4,
            "happiness": 6.013000000000001
        }
    },
    {
        "#": 13,
        "Track Title": "Speechless (Full)",
        "Artist": "Naomi Scott",
        "Key": "2A",
        "Energy": 5.401,
        "Popularity": 7.4799999999999995,
        "BPM": 125,
        "DJ Play Count": 0,
        "Rating": "*******",
        "My Tag": [
            "PEGI 4 [Age]",
            "2010s",
            "Pop"
        ],
        "Additional Info": {
            "id": "0XPsOSYzDJZJArevQNm2AR",
            "explicit": false,
            "album": "Aladdin (Original Motion Picture Soundtrack)",
            "release_date": "2019-05-22",
            "genres": [
                "movie tunes",
                "post-teen pop",
                "vapor pop"
            ],
            "duration": 208801,
            "acousticness": 0.467,
            "danceability": 5.266,
            "instrumentalness": 0,
            "liveness": 0.119,
            "loudness": -7.625,
            "speechiness": 0.0342,
            "time_signature": 4,
            "happiness": 3.0700000000000003
        }
    },
    {
        "#": 14,
        "Track Title": "Starting Now",
        "Artist": "Brandy",
        "Key": "9B",
        "Energy": 8.658999999999999,
        "Popularity": 6.040000000000001,
        "BPM": 125,
        "DJ Play Count": 0,
        "Rating": "*******",
        "My Tag": [
            "PEGI 4 [Age]",
            "2020s",
            "Dance Remixes",
            "Hip Hop"
        ],
        "Additional Info": {
            "id": "6N6Y1AdoGqw5H3lzli5DgL",
            "explicit": false,
            "album": "Starting Now",
            "release_date": "2021-05-21",
            "genres": [
                "contemporary r&b",
                "dance pop",
                "hip pop",
                "r&b",
                "urban contemporary"
            ],
            "duration": 204173,
            "acousticness": 0.0314,
            "danceability": 5.995,
            "instrumentalness": 2.59e-05,
            "liveness": 0.0902,
            "loudness": -4.525,
            "speechiness": 0.121,
            "time_signature": 4,
            "happiness": 3.826
        }
    },
    {
        "#": 15,
        "Track Title": "Loyal Brave True",
        "Artist": "Christina Aguilera",
        "Key": "4B",
        "Energy": 4.51,
        "Popularity": 6.49,
        "BPM": 143,
        "DJ Play Count": 0,
        "Rating": "*******",
        "My Tag": [
            "PEGI 4 [Age]",
            "2020s",
            "Dance Remixes"
        ],
        "Additional Info": {
            "id": "6GJ9seY4zx11sHMX9xsH6h",
            "explicit": false,
            "album": "Mulan (Original Motion Picture Soundtrack)",
            "release_date": "2020-09-04",
            "genres": [
                "dance pop",
                "pop"
            ],
            "duration": 166200,
            "acousticness": 0.601,
            "danceability": 6.327999999999999,
            "instrumentalness": 0,
            "liveness": 0.106,
            "loudness": -9.286,
            "speechiness": 0.0346,
            "time_signature": 3,
            "happiness": 5.293
        }
    },
    {
        "#": 16,
        "Track Title": "Belle",
        "Artist": "Emma Watson, Luke Evans, Ensemble - Beauty and the Beast",
        "Key": "9B",
        "Energy": 5.536,
        "Popularity": 6.8500000000000005,
        "BPM": 124,
        "DJ Play Count": 0,
        "Rating": "*******",
        "My Tag": [
            "PEGI 4 [Age]",
            "2010s"
        ],
        "Additional Info": {
            "id": "1cPfKp9ThNZ1fez9itmUMN",
            "explicit": false,
            "album": "Beauty and the Beast (Original Motion Picture Soundtrack/Deluxe Edition)",
            "release_date": "2017-03-10",
            "genres": [
                "movie tunes",
                "movie tunes"
            ],
            "duration": 333265,
            "acousticness": 0.82,
            "danceability": 5.716,
            "instrumentalness": 0,
            "liveness": 0.0817,
            "loudness": -7.641,
            "speechiness": 0.05,
            "time_signature": 4,
            "happiness": 3.943
        }
    },
    {
        "#": 17,
        "Track Title": "Belle Reprise",
        "Artist": "Paige O'Hara, Disney",
        "Key": "3A",
        "Energy": 2.2510000000000003,
        "Popularity": 5.5,
        "BPM": 123,
        "DJ Play Count": 0,
        "Rating": "*******",
        "My Tag": [
            "PEGI 4 [Age]",
            "2000s"
        ],
        "Additional Info": {
            "id": "6j7qtGY4E1XPcNB9xtXT0F",
            "explicit": false,
            "album": "Beauty And The Beast (Special Edition)",
            "release_date": "2001-01-01",
            "genres": [
                "movie tunes",
                "children's music",
                "movie tunes"
            ],
            "duration": 65000,
            "acousticness": 0.868,
            "danceability": 5.986000000000001,
            "instrumentalness": 0,
            "liveness": 0.31,
            "loudness": -15.628,
            "speechiness": 0.053,
            "time_signature": 4,
            "happiness": 3.0700000000000003
        }
    },
    {
        "#": 18,
        "Track Title": "I See the Light - From \"Tangled\" / Soundtrack Version",
        "Artist": "Mandy Moore, Zachary Levi",
        "Key": "7B",
        "Energy": 2.2510000000000003,
        "Popularity": 7.4799999999999995,
        "BPM": 93,
        "DJ Play Count": 0,
        "Rating": "*******",
        "My Tag": [
            "PEGI 4 [Age]",
            "2010s",
            "Dance Remixes",
            "Pop",
            "Mad",
            "Calm"
        ],
        "Additional Info": {
            "id": "6klpXs2uAjagnZMFkt4qkl",
            "explicit": false,
            "album": "Tangled",
            "release_date": "2010-01-01",
            "genres": [
                "dance pop",
                "neo mellow",
                "post-teen pop",
                "movie tunes"
            ],
            "duration": 224240,
            "acousticness": 0.829,
            "danceability": 3.5290000000000004,
            "instrumentalness": 0,
            "liveness": 0.0725,
            "loudness": -14.392,
            "speechiness": 0.0305,
            "time_signature": 4,
            "happiness": 2.521
        }
    },
    {
        "#": 19,
        "Track Title": "Reflection - From \"Mulan\" / Soundtrack Version",
        "Artist": "Lea Salonga, Disney",
        "Key": "11B",
        "Energy": 3.61,
        "Popularity": 6.49,
        "BPM": 92,
        "DJ Play Count": 0,
        "Rating": "*******",
        "My Tag": [
            "PEGI 4 [Age]",
            "2000s",
            "Mad",
            "Calm"
        ],
        "Additional Info": {
            "id": "4ASPjY65S7crmZBHML0L8d",
            "explicit": false,
            "album": "Disney's Greatest Volume 1",
            "release_date": "2001-01-01",
            "genres": [
                "movie tunes",
                "tagalog worship",
                "children's music",
                "movie tunes"
            ],
            "duration": 146840,
            "acousticness": 0.799,
            "danceability": 3.8890000000000002,
            "instrumentalness": 0.00324,
            "liveness": 0.361,
            "loudness": -13.927,
            "speechiness": 0.0343,
            "time_signature": 4,
            "happiness": 1.7046999999999999
        }
    },
    {
        "#": 20,
        "Track Title": "Healing Incantation - From \"Tangled\"/Soundtrack Version",
        "Artist": "Mandy Moore",
        "Key": "1B",
        "Energy": 1.2511,
        "Popularity": 6.76,
        "BPM": 84,
        "DJ Play Count": 0,
        "Rating": "*******",
        "My Tag": [
            "PEGI 4 [Age]",
            "2010s",
            "Dance Remixes",
            "Pop"
        ],
        "Additional Info": {
            "id": "75VVIB2x1h6BfxD2PqOO57",
            "explicit": false,
            "album": "Tangled",
            "release_date": "2010-01-01",
            "genres": [
                "dance pop",
                "neo mellow",
                "post-teen pop"
            ],
            "duration": 54440,
            "acousticness": 0.92,
            "danceability": 4.2940000000000005,
            "instrumentalness": 0,
            "liveness": 0.109,
            "loudness": -22.55,
            "speechiness": 0.0461,
            "time_signature": 3,
            "happiness": 4.15
        }
    },
    {
        "#": 21,
        "Track Title": "I'll Make a Man Out of You",
        "Artist": "Donny Osmond, Chorus - Mulan, Disney",
        "Key": "9B",
        "Energy": 3.898,
        "Popularity": 7.57,
        "BPM": 114,
        "DJ Play Count": 0,
        "Rating": "*******",
        "My Tag": [
            "PEGI 4 [Age]",
            "90s"
        ],
        "Additional Info": {
            "id": "28UMEtwyUUy5u0UWOVHwiI",
            "explicit": false,
            "album": "Mulan (Original Soundtrack)",
            "release_date": "1998-01-01",
            "genres": [
                "bubblegum pop",
                "movie tunes",
                "movie tunes",
                "children's music",
                "movie tunes"
            ],
            "duration": 201680,
            "acousticness": 0.144,
            "danceability": 7.048,
            "instrumentalness": 2.96e-05,
            "liveness": 0.074,
            "loudness": -17.669,
            "speechiness": 0.0339,
            "time_signature": 4,
            "happiness": 5.464
        }
    },
    {
        "#": 22,
        "Track Title": "Almost There - Disney Princess Remixed",
        "Artist": "Dara Reneé, Ruth Righi, Izabela Rose",
        "Key": "9B",
        "Energy": 8.641,
        "Popularity": 5.140000000000001,
        "BPM": 84,
        "DJ Play Count": 0,
        "Rating": "*******",
        "My Tag": [
            "PEGI 4 [Age]",
            "2020s"
        ],
        "Additional Info": {
            "id": "3WNAQpfXKCIlEhp7hWNriv",
            "explicit": false,
            "album": "Almost There (Disney Princess Remixed)",
            "release_date": "2021-08-27",
            "genres": [
                "movie tunes",
                "movie tunes",
                "movie tunes"
            ],
            "duration": 169066,
            "acousticness": 0.0314,
            "danceability": 6.2379999999999995,
            "instrumentalness": 0.000124,
            "liveness": 0.28,
            "loudness": -4.056,
            "speechiness": 0.207,
            "time_signature": 4,
            "happiness": 4.663
        }
    },
    {
        "#": 23,
        "Track Title": "Kiss the Girl - Remastered 2014",
        "Artist": "Samuel E. Wright",
        "Key": "8B",
        "Energy": 3.1149999999999998,
        "Popularity": 6.31,
        "BPM": 135,
        "DJ Play Count": 0,
        "Rating": "*******",
        "My Tag": [
            "PEGI 4 [Age]",
            "2010s",
            "Happy"
        ],
        "Additional Info": {
            "id": "75VAFZAhvPSw1euEHg1fQU",
            "explicit": false,
            "album": "Walt Disney Records The Legacy Collection: The Little Mermaid",
            "release_date": "2014-12-15",
            "genres": [
                "movie tunes"
            ],
            "duration": 160880,
            "acousticness": 0.748,
            "danceability": 7.03,
            "instrumentalness": 0,
            "liveness": 0.357,
            "loudness": -15.638,
            "speechiness": 0.047,
            "time_signature": 4,
            "happiness": 7.813
        }
    },
    {
        "#": 24,
        "Track Title": "I Am Moana (Song of the Ancestors)",
        "Artist": "Rachel House, Auli'i Cravalho",
        "Key": "6B",
        "Energy": 2.8449999999999998,
        "Popularity": 6.76,
        "BPM": 149,
        "DJ Play Count": 0,
        "Rating": "*******",
        "My Tag": [
            "PEGI 4 [Age]",
            "2010s"
        ],
        "Additional Info": {
            "id": "6uk7QQiWRDjPHSiSMZlez8",
            "explicit": false,
            "album": "Moana (Original Motion Picture Soundtrack/Deluxe Edition)",
            "release_date": "2016-11-18",
            "genres": [
                "movie tunes",
                "show tunes",
                "waiata mo tamariki",
                "movie tunes"
            ],
            "duration": 162827,
            "acousticness": 0.571,
            "danceability": 4.24,
            "instrumentalness": 0,
            "liveness": 0.0797,
            "loudness": -11.576,
            "speechiness": 0.0477,
            "time_signature": 4,
            "happiness": 3.088
        }
    },
    {
        "#": 25,
        "Track Title": "Bibbidi-Bobbidi-Boo (The Magic Song)",
        "Artist": "Helena Bonham Carter",
        "Key": "6B",
        "Energy": 4.771,
        "Popularity": 5.7700000000000005,
        "BPM": 109,
        "DJ Play Count": 0,
        "Rating": "*******",
        "My Tag": [
            "PEGI 4 [Age]",
            "2010s",
            "Happy"
        ],
        "Additional Info": {
            "id": "0tZqXCvOx44WKqcgEZtIRl",
            "explicit": false,
            "album": "Cinderella (Original Motion Picture Soundtrack)",
            "release_date": "2015-01-01",
            "genres": [
                "hollywood"
            ],
            "duration": 82467,
            "acousticness": 0.932,
            "danceability": 7.786,
            "instrumentalness": 2.78e-06,
            "liveness": 0.188,
            "loudness": -13.839,
            "speechiness": 0.129,
            "time_signature": 4,
            "happiness": 7.984
        }
    },
    {
        "#": 26,
        "Track Title": "A Whole New World (End Title)",
        "Artist": "ZAYN, Zhavia",
        "Key": "10B",
        "Energy": 4.726,
        "Popularity": 6.58,
        "BPM": 111,
        "DJ Play Count": 0,
        "Rating": "*******",
        "My Tag": [
            "PEGI 4 [Age]",
            "2010s",
            "Pop"
        ],
        "Additional Info": {
            "id": "4U9CF27YlwHRtUGKUzhUTT",
            "explicit": false,
            "album": "Aladdin (Original Motion Picture Soundtrack)",
            "release_date": "2019-05-22",
            "genres": [
                "pop",
                "uk pop",
                "post-teen pop"
            ],
            "duration": 242956,
            "acousticness": 0.0575,
            "danceability": 3.718,
            "instrumentalness": 0,
            "liveness": 0.0861,
            "loudness": -8.16,
            "speechiness": 0.0319,
            "time_signature": 4,
            "happiness": 1.9449999999999998
        }
    },
    {
        "#": 27,
        "Track Title": "How Far I'll Go - Alessia Cara Version",
        "Artist": "Alessia Cara",
        "Key": "11B",
        "Energy": 5.86,
        "Popularity": 6.94,
        "BPM": 90,
        "DJ Play Count": 0,
        "Rating": "*******",
        "My Tag": [
            "PEGI 4 [Age]",
            "2010s",
            "Pop"
        ],
        "Additional Info": {
            "id": "1ehPJRt49h6N0LoryqKZXq",
            "explicit": false,
            "album": "Moana (Original Motion Picture Soundtrack/Deluxe Edition)",
            "release_date": "2016-11-18",
            "genres": [
                "canadian contemporary r&b",
                "canadian pop",
                "pop"
            ],
            "duration": 175507,
            "acousticness": 0.163,
            "danceability": 3.79,
            "instrumentalness": 0.000129,
            "liveness": 0.0713,
            "loudness": -9.629,
            "speechiness": 0.346,
            "time_signature": 4,
            "happiness": 2.332
        }
    },
    {
        "#": 28,
        "Track Title": "A Dream Is a Wish Your Heart Makes",
        "Artist": "Lily James",
        "Key": "12B",
        "Energy": 1.6516000000000002,
        "Popularity": 6.8500000000000005,
        "BPM": 139,
        "DJ Play Count": 0,
        "Rating": "*******",
        "My Tag": [
            "PEGI 4 [Age]",
            "2010s",
            "Mad",
            "Calm"
        ],
        "Additional Info": {
            "id": "3s6nfqfT6kyLBT10vs0M4l",
            "explicit": false,
            "album": "Cinderella (Original Motion Picture Soundtrack)",
            "release_date": "2015-01-01",
            "genres": [
                "hollywood",
                "movie tunes"
            ],
            "duration": 120547,
            "acousticness": 0.948,
            "danceability": 3.466,
            "instrumentalness": 1.45e-06,
            "liveness": 0.0801,
            "loudness": -18.279,
            "speechiness": 0.0395,
            "time_signature": 5,
            "happiness": 2.755
        }
    },
    {
        "#": 29,
        "Track Title": "Something There",
        "Artist": "Robby Benson, Jerry Orbach, Paige O'Hara, Angela Lansbury, David Ogden Stiers, Disney",
        "Key": "3B",
        "Energy": 3.322,
        "Popularity": 6.040000000000001,
        "BPM": 126,
        "DJ Play Count": 0,
        "Rating": "*******",
        "My Tag": [
            "PEGI 4 [Age]",
            "2000s"
        ],
        "Additional Info": {
            "id": "7qQDSdhFkh0MMAE1LO5c3K",
            "explicit": false,
            "album": "Beauty And The Beast (Special Edition)",
            "release_date": "2001-01-01",
            "genres": [
                "movie tunes",
                "movie tunes",
                "movie tunes",
                "movie tunes",
                "movie tunes",
                "children's music",
                "movie tunes"
            ],
            "duration": 139067,
            "acousticness": 0.833,
            "danceability": 6.337,
            "instrumentalness": 2.46e-06,
            "liveness": 0.108,
            "loudness": -13.302,
            "speechiness": 0.0398,
            "time_signature": 4,
            "happiness": 5.797000000000001
        }
    },
    {
        "#": 30,
        "Track Title": "Beauty and the Beast - From \"Beauty and the Beast\" / Soundtrack Version",
        "Artist": "Angela Lansbury, Disney",
        "Key": "4B",
        "Energy": 2.458,
        "Popularity": 6.22,
        "BPM": 86,
        "DJ Play Count": 0,
        "Rating": "*******",
        "My Tag": [
            "PEGI 4 [Age]",
            "90s",
            "Mad",
            "Calm"
        ],
        "Additional Info": {
            "id": "2rJFFUEl1LURkV0b0OARXx",
            "explicit": false,
            "album": "Beauty and the Beast",
            "release_date": "1991-01-01",
            "genres": [
                "movie tunes",
                "children's music",
                "movie tunes"
            ],
            "duration": 166307,
            "acousticness": 0.78,
            "danceability": 3.169,
            "instrumentalness": 4.53e-06,
            "liveness": 0.153,
            "loudness": -14.447,
            "speechiness": 0.035,
            "time_signature": 4,
            "happiness": 2.6470000000000002
        }
    },
    {
        "#": 31,
        "Track Title": "We Know The Way",
        "Artist": "Opetaia Foa'i, Lin-Manuel Miranda",
        "Key": "11B",
        "Energy": 6.202,
        "Popularity": 7.12,
        "BPM": 98,
        "DJ Play Count": 0,
        "Rating": "*******",
        "My Tag": [
            "PEGI 4 [Age]",
            "2010s"
        ],
        "Additional Info": {
            "id": "6YH2r9NyEJTjlRmKOCvxgJ",
            "explicit": false,
            "album": "Moana (Original Motion Picture Soundtrack/Deluxe Edition)",
            "release_date": "2016-11-18",
            "genres": [
                "movie tunes",
                "broadway",
                "show tunes"
            ],
            "duration": 141413,
            "acousticness": 0.36,
            "danceability": 7.201,
            "instrumentalness": 0,
            "liveness": 0.11,
            "loudness": -8.737,
            "speechiness": 0.0368,
            "time_signature": 4,
            "happiness": 4.519
        }
    },
    {
        "#": 32,
        "Track Title": "How Does A Moment Last Forever (Montmartre)",
        "Artist": "Emma Watson",
        "Key": "6B",
        "Energy": 2.062,
        "Popularity": 6.13,
        "BPM": 95,
        "DJ Play Count": 0,
        "Rating": "*******",
        "My Tag": [
            "PEGI 4 [Age]",
            "2010s",
            "Mad",
            "Calm"
        ],
        "Additional Info": {
            "id": "6zMa6pq3Te0F9YrEocvgpW",
            "explicit": false,
            "album": "Beauty and the Beast (Original Motion Picture Soundtrack/Deluxe Edition)",
            "release_date": "2017-03-10",
            "genres": [
                "movie tunes"
            ],
            "duration": 115502,
            "acousticness": 0.915,
            "danceability": 3.016,
            "instrumentalness": 0.000224,
            "liveness": 0.3,
            "loudness": -18.663,
            "speechiness": 0.0361,
            "time_signature": 5,
            "happiness": 1.6714
        }
    },
    {
        "#": 33,
        "Track Title": "Kingdom Dance - From \"Tangled\"/Score",
        "Artist": "Alan Menken",
        "Key": "12B",
        "Energy": 6.526,
        "Popularity": 6.67,
        "BPM": 78,
        "DJ Play Count": 0,
        "Rating": "*******",
        "My Tag": [
            "PEGI 4 [Age]",
            "2010s"
        ],
        "Additional Info": {
            "id": "0jkGkwy510cvhy0jYPFme4",
            "explicit": false,
            "album": "Tangled",
            "release_date": "2010-01-01",
            "genres": [
                "broadway",
                "movie tunes",
                "orchestral soundtrack"
            ],
            "duration": 140413,
            "acousticness": 0.0904,
            "danceability": 3.151,
            "instrumentalness": 0.403,
            "liveness": 0.129,
            "loudness": -9.819,
            "speechiness": 0.0773,
            "time_signature": 3,
            "happiness": 5.2299999999999995
        }
    },
    {
        "#": 34,
        "Track Title": "Down in New Orleans (Finale)",
        "Artist": "Anika Noni Rose",
        "Key": "8B",
        "Energy": 8.479,
        "Popularity": 6.58,
        "BPM": 148,
        "DJ Play Count": 0,
        "Rating": "*******",
        "My Tag": [
            "PEGI 4 [Age]",
            "2000s",
            "Happy"
        ],
        "Additional Info": {
            "id": "1fvc8FP8MUrIbHGYb4kF89",
            "explicit": false,
            "album": "The Princess and the Frog (Original Motion Picture Soundtrack)",
            "release_date": "2009-11-23",
            "genres": [
                "movie tunes"
            ],
            "duration": 95493,
            "acousticness": 0.457,
            "danceability": 6.2379999999999995,
            "instrumentalness": 0.000339,
            "liveness": 0.17,
            "loudness": -3.644,
            "speechiness": 0.0494,
            "time_signature": 4,
            "happiness": 7.497999999999999
        }
    },
    {
        "#": 35,
        "Track Title": "Just Around the Riverbend - From \"Pocahontas\" / Soundtrack Version",
        "Artist": "Judy Kuhn",
        "Key": "8B",
        "Energy": 2.71,
        "Popularity": 6.49,
        "BPM": 95,
        "DJ Play Count": 0,
        "Rating": "*******",
        "My Tag": [
            "PEGI 4 [Age]",
            "90s"
        ],
        "Additional Info": {
            "id": "6P316E7tFylzpVrDrXVF9s",
            "explicit": false,
            "album": "Pocahontas",
            "release_date": "1995-01-01",
            "genres": [
                "movie tunes"
            ],
            "duration": 147707,
            "acousticness": 0.919,
            "danceability": 3.772,
            "instrumentalness": 1.21e-05,
            "liveness": 0.18,
            "loudness": -16.835,
            "speechiness": 0.0421,
            "time_signature": 4,
            "happiness": 3.277
        }
    },
    {
        "#": 36,
        "Track Title": "When We're Human - From \"The Princess and the Frog\"/Soundtrack Version",
        "Artist": "Michael-Leon Wooley, Bruno Campos, Anika Noni Rose, Terence Blanchard",
        "Key": "3B",
        "Energy": 8.038,
        "Popularity": 6.58,
        "BPM": 107,
        "DJ Play Count": 0,
        "Rating": "*******",
        "My Tag": [
            "PEGI 4 [Age]",
            "2020s"
        ],
        "Additional Info": {
            "id": "2g2kJZcu1cFTw4aKE7w9Iq",
            "explicit": false,
            "album": "Disney Summer Songs",
            "release_date": "2021-05-28",
            "genres": [
                "movie tunes",
                "contemporary post-bop",
                "jazz trumpet",
                "new orleans jazz"
            ],
            "duration": 142093,
            "acousticness": 0.305,
            "danceability": 7.191999999999999,
            "instrumentalness": 9.02e-06,
            "liveness": 0.375,
            "loudness": -4.35,
            "speechiness": 0.132,
            "time_signature": 4,
            "happiness": 5.797000000000001
        }
    },
    {
        "#": 37,
        "Track Title": "I've Got a Dream - From \"Tangled\"/Soundtrack Version",
        "Artist": "Mandy Moore, Brad Garrett, Ensemble - Tangled, Zachary Levi, Jeffrey Tambor",
        "Key": "3A",
        "Energy": 5.869000000000001,
        "Popularity": 7.12,
        "BPM": 134,
        "DJ Play Count": 0,
        "Rating": "*******",
        "My Tag": [
            "PEGI 4 [Age]",
            "2010s",
            "Dance Remixes",
            "Pop",
            "Happy"
        ],
        "Additional Info": {
            "id": "0TCt7OFRdD8PQ6vTRQxNgQ",
            "explicit": false,
            "album": "Tangled",
            "release_date": "2010-01-01",
            "genres": [
                "dance pop",
                "neo mellow",
                "post-teen pop",
                "movie tunes"
            ],
            "duration": 191413,
            "acousticness": 0.639,
            "danceability": 6.436,
            "instrumentalness": 0,
            "liveness": 0.169,
            "loudness": -7.378,
            "speechiness": 0.0915,
            "time_signature": 4,
            "happiness": 9.028
        }
    },
    {
        "#": 38,
        "Track Title": "Happy Working Song - From \"Enchanted\" / Soundtrack Version",
        "Artist": "Amy Adams",
        "Key": "10B",
        "Energy": 4.069000000000001,
        "Popularity": 6.58,
        "BPM": 86,
        "DJ Play Count": 0,
        "Rating": "*******",
        "My Tag": [
            "PEGI 4 [Age]",
            "2000s"
        ],
        "Additional Info": {
            "id": "7G061Oqw7NXFr1NDTpXoI4",
            "explicit": false,
            "album": "Enchanted",
            "release_date": "2007-01-01",
            "genres": [
                "movie tunes"
            ],
            "duration": 129613,
            "acousticness": 0.844,
            "danceability": 5.572,
            "instrumentalness": 0,
            "liveness": 0.325,
            "loudness": -10.175,
            "speechiness": 0.0814,
            "time_signature": 4,
            "happiness": 6.814
        }
    },
    {
        "#": 39,
        "Track Title": "Touch The Sky - From \"Brave\"/Soundtrack",
        "Artist": "Julie Fowlis",
        "Key": "10B",
        "Energy": 6.769,
        "Popularity": 6.94,
        "BPM": 119,
        "DJ Play Count": 0,
        "Rating": "*******",
        "My Tag": [
            "PEGI 4 [Age]",
            "2010s"
        ],
        "Additional Info": {
            "id": "5yyqx4brn6Bm9U1Rj9ENnz",
            "explicit": false,
            "album": "Brave",
            "release_date": "2012-01-01",
            "genres": [
                "movie tunes",
                "puirt-a-beul",
                "scottish folk"
            ],
            "duration": 151400,
            "acousticness": 0.137,
            "danceability": 4.348,
            "instrumentalness": 0,
            "liveness": 0.103,
            "loudness": -7.954,
            "speechiness": 0.047,
            "time_signature": 3,
            "happiness": 3.97
        }
    },
    {
        "#": 40,
        "Track Title": "Try Everything - From \"Zootropolis\"",
        "Artist": "Shakira",
        "Key": "3B",
        "Energy": 6.382,
        "Popularity": 6.8500000000000005,
        "BPM": 115,
        "DJ Play Count": 0,
        "Rating": "*******",
        "My Tag": [
            "PEGI 4 [Age]",
            "2010s",
            "Dance Remixes",
            "Latin"
        ],
        "Additional Info": {
            "id": "3qrH2YFnbEiQeUe4wzgOuP",
            "explicit": false,
            "album": "Try Everything (From \"Zootropolis\")",
            "release_date": "2016-02-05",
            "genres": [
                "colombian pop",
                "dance pop",
                "latin pop",
                "pop"
            ],
            "duration": 196707,
            "acousticness": 0.0283,
            "danceability": 7.335999999999999,
            "instrumentalness": 0,
            "liveness": 0.106,
            "loudness": -4.922,
            "speechiness": 0.0309,
            "time_signature": 4,
            "happiness": 5.247999999999999
        }
    },
    {
        "#": 41,
        "Track Title": "Honor To Us All - From \"Mulan\"/Soundtrack",
        "Artist": "Lea Salonga, Beth Fowler, Marni Nixon, Chorus - Mulan, Disney",
        "Key": "9B",
        "Energy": 4.591,
        "Popularity": 5.2299999999999995,
        "BPM": 84,
        "DJ Play Count": 0,
        "Rating": "*******",
        "My Tag": [
            "PEGI 4 [Age]",
            "2010s",
            "Happy"
        ],
        "Additional Info": {
            "id": "0zFkfMlTT13NMtK9FAscYp",
            "explicit": false,
            "album": "Songs and Story: Mulan",
            "release_date": "2013-01-01",
            "genres": [
                "movie tunes",
                "tagalog worship",
                "movie tunes",
                "movie tunes",
                "movie tunes",
                "children's music",
                "movie tunes"
            ],
            "duration": 181160,
            "acousticness": 0.451,
            "danceability": 5.158,
            "instrumentalness": 0,
            "liveness": 0.389,
            "loudness": -12.374,
            "speechiness": 0.0635,
            "time_signature": 4,
            "happiness": 7.57
        }
    },
    {
        "#": 42,
        "Track Title": "So This Is Love - From \"Cinderella\"/Vocal",
        "Artist": "Disney Pixar Duets Karaoke",
        "Key": "12B",
        "Energy": 3.223,
        "Popularity": 5.140000000000001,
        "BPM": 79,
        "DJ Play Count": 0,
        "Rating": "*******",
        "My Tag": [
            "PEGI 4 [Age]",
            "2000s",
            "Mad",
            "Calm"
        ],
        "Additional Info": {
            "id": "0ZGsQUf2WaAGvn4xnwUR6o",
            "explicit": false,
            "album": "Songs and Story: Cinderella",
            "release_date": "2009-01-01",
            "genres": [],
            "duration": 94653,
            "acousticness": 0.971,
            "danceability": 3.844,
            "instrumentalness": 0.00578,
            "liveness": 0.132,
            "loudness": -12.433,
            "speechiness": 0.0379,
            "time_signature": 4,
            "happiness": 2.395
        }
    },
    {
        "#": 43,
        "Track Title": "Live Your Story",
        "Artist": "Auli'i Cravalho",
        "Key": "4B",
        "Energy": 8.119,
        "Popularity": 6.13,
        "BPM": 136,
        "DJ Play Count": 0,
        "Rating": "*******",
        "My Tag": [
            "PEGI 4 [Age]",
            "2010s"
        ],
        "Additional Info": {
            "id": "6dXkX4y7QWoTkhjAnjRw7h",
            "explicit": false,
            "album": "Live Your Story",
            "release_date": "2018-08-03",
            "genres": [
                "movie tunes"
            ],
            "duration": 206007,
            "acousticness": 0.00381,
            "danceability": 6.193,
            "instrumentalness": 3.31e-05,
            "liveness": 0.316,
            "loudness": -7.078,
            "speechiness": 0.0507,
            "time_signature": 4,
            "happiness": 3.5469999999999997
        }
    },
    {
        "#": 44,
        "Track Title": "Into The Open Air - From \"Brave\"/Soundtrack",
        "Artist": "Julie Fowlis",
        "Key": "10B",
        "Energy": 4.51,
        "Popularity": 5.95,
        "BPM": 139,
        "DJ Play Count": 0,
        "Rating": "*******",
        "My Tag": [
            "PEGI 4 [Age]",
            "2010s"
        ],
        "Additional Info": {
            "id": "3jR1HXX7vhjlrLrdhLr3NJ",
            "explicit": false,
            "album": "Brave",
            "release_date": "2012-01-01",
            "genres": [
                "movie tunes",
                "puirt-a-beul",
                "scottish folk"
            ],
            "duration": 161933,
            "acousticness": 0.71,
            "danceability": 5.464,
            "instrumentalness": 0,
            "liveness": 0.1,
            "loudness": -11.315,
            "speechiness": 0.0295,
            "time_signature": 4,
            "happiness": 3.709
        }
    },
    {
        "#": 45,
        "Track Title": "Poor Unfortunate Souls",
        "Artist": "Pat Carroll, Disney",
        "Key": "8B",
        "Energy": 2.62,
        "Popularity": 6.76,
        "BPM": 74,
        "DJ Play Count": 0,
        "Rating": "*******",
        "My Tag": [
            "PEGI 4 [Age]",
            "2000s"
        ],
        "Additional Info": {
            "id": "7zsw78LtXUD7JfEwH64HK2",
            "explicit": false,
            "album": "The Little Mermaid Special Edition",
            "release_date": "2006-01-01",
            "genres": [
                "movie tunes",
                "children's music",
                "movie tunes"
            ],
            "duration": 291693,
            "acousticness": 0.77,
            "danceability": 4.4559999999999995,
            "instrumentalness": 0,
            "liveness": 0.367,
            "loudness": -17.279,
            "speechiness": 0.101,
            "time_signature": 4,
            "happiness": 4.311999999999999
        }
    },
    {
        "#": 46,
        "Track Title": "A Dream Is A Wish Your Heart Makes",
        "Artist": "Vinil, High15",
        "Key": "12B",
        "Energy": 7.183000000000001,
        "Popularity": 5.2299999999999995,
        "BPM": 125,
        "DJ Play Count": 0,
        "Rating": "*******",
        "My Tag": [
            "PEGI 4 [Age]",
            "2010s",
            "Pop"
        ],
        "Additional Info": {
            "id": "6BZ6BVgYmCmzdzCpwBVSKh",
            "explicit": false,
            "album": "We Love Disney",
            "release_date": "2019-10-25",
            "genres": [
                "swedish tropical house",
                "tropical house",
                "swedish pop"
            ],
            "duration": 199375,
            "acousticness": 0.319,
            "danceability": 7.209999999999999,
            "instrumentalness": 0,
            "liveness": 0.14,
            "loudness": -6.084,
            "speechiness": 0.0954,
            "time_signature": 4,
            "happiness": 6.535
        }
    },
    {
        "#": 47,
        "Track Title": "Dig a Little Deeper",
        "Artist": "Jenifer Lewis, The Pinnacle Gospel Choir",
        "Key": "8B",
        "Energy": 8.425,
        "Popularity": 7.03,
        "BPM": 98,
        "DJ Play Count": 0,
        "Rating": "*******",
        "My Tag": [
            "PEGI 4 [Age]",
            "2000s",
            "Happy"
        ],
        "Additional Info": {
            "id": "7kh64k3P9Fk4EsA6vOdwmj",
            "explicit": false,
            "album": "The Princess and the Frog (Original Motion Picture Soundtrack)",
            "release_date": "2009-11-23",
            "genres": [
                "movie tunes"
            ],
            "duration": 167933,
            "acousticness": 0.39,
            "danceability": 7.471,
            "instrumentalness": 3.75e-06,
            "liveness": 0.103,
            "loudness": -4.26,
            "speechiness": 0.0521,
            "time_signature": 4,
            "happiness": 8.182
        }
    },
    {
        "#": 48,
        "Track Title": "Under the Sea - From \"The Little Mermaid Live!\"",
        "Artist": "Shaggy, Auli'i Cravalho",
        "Key": "7B",
        "Energy": 7.561,
        "Popularity": 5.2299999999999995,
        "BPM": 100,
        "DJ Play Count": 0,
        "Rating": "*******",
        "My Tag": [
            "PEGI 4 [Age]",
            "2010s",
            "Dance Remixes",
            "Pop",
            "Happy"
        ],
        "Additional Info": {
            "id": "0W3JkGTUP2XFCNCIeKDEOX",
            "explicit": false,
            "album": "The Little Mermaid Live!",
            "release_date": "2019-11-06",
            "genres": [
                "dance pop",
                "pop rap",
                "reggae fusion",
                "movie tunes"
            ],
            "duration": 181090,
            "acousticness": 0.292,
            "danceability": 8.416,
            "instrumentalness": 0,
            "liveness": 0.0902,
            "loudness": -5.496,
            "speechiness": 0.215,
            "time_signature": 4,
            "happiness": 8.578
        }
    },
    {
        "#": 49,
        "Track Title": "A Dream is a Wish Your Heart Makes/So This is Love",
        "Artist": "Sabrina Carpenter",
        "Key": "3B",
        "Energy": 3.133,
        "Popularity": 5.41,
        "BPM": 94,
        "DJ Play Count": 0,
        "Rating": "*******",
        "My Tag": [
            "PEGI 4 [Age]",
            "2010s",
            "Mad",
            "Calm"
        ],
        "Additional Info": {
            "id": "3WlCLuC6emWu8kbpaEb0KT",
            "explicit": false,
            "album": "A Dream Is a Wish Your Heart Makes/So This Is Love",
            "release_date": "2016-08-26",
            "genres": [
                "pop"
            ],
            "duration": 149973,
            "acousticness": 0.908,
            "danceability": 5.536,
            "instrumentalness": 0,
            "liveness": 0.145,
            "loudness": -9.089,
            "speechiness": 0.0279,
            "time_signature": 4,
            "happiness": 2.935
        }
    },
    {
        "#": 50,
        "Track Title": "Princess Things",
        "Artist": "Cast - Sofia the First",
        "Key": "9B",
        "Energy": 7.2459999999999996,
        "Popularity": 5.41,
        "BPM": 87,
        "DJ Play Count": 0,
        "Rating": "*******",
        "My Tag": [
            "PEGI 4 [Age]",
            "2010s"
        ],
        "Additional Info": {
            "id": "6wCsDkBf2SLZecm1M7p7aJ",
            "explicit": false,
            "album": "Sofia the First",
            "release_date": "2013-01-01",
            "genres": [
                "movie tunes"
            ],
            "duration": 126387,
            "acousticness": 0.364,
            "danceability": 5.563,
            "instrumentalness": 0,
            "liveness": 0.0579,
            "loudness": -5.092,
            "speechiness": 0.0946,
            "time_signature": 4,
            "happiness": 6.228999999999999
        }
    },
    {
        "#": 51,
        "Track Title": "In This Place",
        "Artist": "Julia Michaels",
        "Key": "8A",
        "Energy": 6.58,
        "Popularity": 5.68,
        "BPM": 98,
        "DJ Play Count": 0,
        "Rating": "*******",
        "My Tag": [
            "PEGI 4 [Age]",
            "2010s"
        ],
        "Additional Info": {
            "id": "2cOE7d35PyfAh9M7DglPk0",
            "explicit": false,
            "album": "Ralph Breaks the Internet (Original Motion Picture Soundtrack)",
            "release_date": "2018-11-15",
            "genres": [
                "pop"
            ],
            "duration": 201342,
            "acousticness": 0.0419,
            "danceability": 4.6450000000000005,
            "instrumentalness": 1.38e-05,
            "liveness": 0.108,
            "loudness": -6.806,
            "speechiness": 0.142,
            "time_signature": 4,
            "happiness": 5.32
        }
    },
    {
        "#": 52,
        "Track Title": "Some Day My Prince Will Come - From \"Snow White And The Seven Dwarfs\" Soundtrack",
        "Artist": "Adriana Caselotti",
        "Key": "9B",
        "Energy": 2.737,
        "Popularity": 4.96,
        "BPM": 93,
        "DJ Play Count": 0,
        "Rating": "*******",
        "My Tag": [
            "PEGI 4 [Age]",
            "2000s"
        ],
        "Additional Info": {
            "id": "3kLOBeuIpo1am7jpYQZhuq",
            "explicit": false,
            "album": "Disney Princess: The Ultimate Song Collection",
            "release_date": "2004-01-01",
            "genres": [
                "movie tunes"
            ],
            "duration": 114253,
            "acousticness": 0.784,
            "danceability": 3.898,
            "instrumentalness": 0,
            "liveness": 0.279,
            "loudness": -16.299,
            "speechiness": 0.0545,
            "time_signature": 3,
            "happiness": 4.195
        }
    },
    {
        "#": 53,
        "Track Title": "Down In New Orleans",
        "Artist": "Anika Noni Rose",
        "Key": "8B",
        "Energy": 5.2749999999999995,
        "Popularity": 5.41,
        "BPM": 138,
        "DJ Play Count": 0,
        "Rating": "*******",
        "My Tag": [
            "PEGI 4 [Age]",
            "2000s"
        ],
        "Additional Info": {
            "id": "7nNhiYThwK0OwYlHENARC0",
            "explicit": false,
            "album": "The Princess and the Frog: Tiana and Her Princess Friends",
            "release_date": "2009-01-01",
            "genres": [
                "movie tunes"
            ],
            "duration": 146693,
            "acousticness": 0.56,
            "danceability": 6.535,
            "instrumentalness": 0,
            "liveness": 0.252,
            "loudness": -5.656,
            "speechiness": 0.0295,
            "time_signature": 3,
            "happiness": 4.852
        }
    },
    {
        "#": 54,
        "Track Title": "Strong",
        "Artist": "Sonna",
        "Key": "3A",
        "Energy": 6.066999999999999,
        "Popularity": 5.68,
        "BPM": 69,
        "DJ Play Count": 0,
        "Rating": "*******",
        "My Tag": [
            "PEGI 4 [Age]",
            "2010s"
        ],
        "Additional Info": {
            "id": "7CMUQu028pU9oKOFMI6pgK",
            "explicit": false,
            "album": "Cinderella (Original Motion Picture Soundtrack)",
            "release_date": "2015-01-01",
            "genres": [],
            "duration": 194053,
            "acousticness": 0.586,
            "danceability": 3.916,
            "instrumentalness": 0,
            "liveness": 0.374,
            "loudness": -6.424,
            "speechiness": 0.0398,
            "time_signature": 4,
            "happiness": 2.548
        }
    },
    {
        "#": 55,
        "Track Title": "That's How You Know - From \"Enchanted\"/Soundtrack Version",
        "Artist": "Amy Adams",
        "Key": "10B",
        "Energy": 7.003,
        "Popularity": 6.8500000000000005,
        "BPM": 87,
        "DJ Play Count": 0,
        "Rating": "*******",
        "My Tag": [
            "PEGI 4 [Age]",
            "2000s"
        ],
        "Additional Info": {
            "id": "1OzSfjFW08DTD51XoNnog7",
            "explicit": false,
            "album": "Enchanted",
            "release_date": "2007-01-01",
            "genres": [
                "movie tunes"
            ],
            "duration": 228960,
            "acousticness": 0.497,
            "danceability": 5.365,
            "instrumentalness": 0,
            "liveness": 0.219,
            "loudness": -5.485,
            "speechiness": 0.164,
            "time_signature": 4,
            "happiness": 5.68
        }
    },
    {
        "#": 56,
        "Track Title": "Part of Your World - From \"The Little Mermaid Live!\"",
        "Artist": "Auli'i Cravalho",
        "Key": "7B",
        "Energy": 3.016,
        "Popularity": 5.41,
        "BPM": 101,
        "DJ Play Count": 0,
        "Rating": "*******",
        "My Tag": [
            "PEGI 4 [Age]",
            "2010s"
        ],
        "Additional Info": {
            "id": "05ET8TiuscvijP4b4b1Jg9",
            "explicit": false,
            "album": "The Little Mermaid Live!",
            "release_date": "2019-11-06",
            "genres": [
                "movie tunes"
            ],
            "duration": 190831,
            "acousticness": 0.927,
            "danceability": 4.680999999999999,
            "instrumentalness": 0,
            "liveness": 0.106,
            "loudness": -9.095,
            "speechiness": 0.0405,
            "time_signature": 4,
            "happiness": 3.043
        }
    }
]