[
    {
        "#": 1,
        "Track Title": "Baby Shark",
        "Artist": "Pinkfong",
        "Key": "4B",
        "Energy": 8.974,
        "Popularity": 8.02,
        "BPM": 115,
        "DJ Play Count": 0,
        "Rating": "*******",
        "My Tag": [
            "PEGI 4 [Age]",
            "2010s",
            "Happy"
        ],
        "Additional Info": {
            "id": "5ygDXis42ncn6kYG14lEVG",
            "explicit": false,
            "album": "Pinkfong Animal Songs",
            "release_date": "2017-07-27",
            "genres": [
                "cartoon",
                "children's music",
                "dong-yo"
            ],
            "duration": 80927,
            "acousticness": 0.259,
            "danceability": 8.460999999999999,
            "instrumentalness": 0,
            "liveness": 0.0559,
            "loudness": -1.746,
            "speechiness": 0.112,
            "time_signature": 4,
            "happiness": 7.993
        }
    },
    {
        "#": 2,
        "Track Title": "Wheels on the Bus",
        "Artist": "CoComelon",
        "Key": "11B",
        "Energy": 4.4830000000000005,
        "Popularity": 7.4799999999999995,
        "BPM": 125,
        "DJ Play Count": 0,
        "Rating": "*******",
        "My Tag": [
            "PEGI 4 [Age]",
            "2010s",
            "Happy"
        ],
        "Additional Info": {
            "id": "6YQ7aPJhk0MGpwoKfFAEbS",
            "explicit": false,
            "album": "CoComelon Kids Hits, Vol. 1",
            "release_date": "2019-11-26",
            "genres": [
                "preschool children's music"
            ],
            "duration": 207340,
            "acousticness": 0.184,
            "danceability": 9.469,
            "instrumentalness": 2.88e-05,
            "liveness": 0.157,
            "loudness": -11.92,
            "speechiness": 0.0427,
            "time_signature": 4,
            "happiness": 9.685
        }
    },
    {
        "#": 3,
        "Track Title": "Twinkle Twinkle Little Star",
        "Artist": "Super Simple Songs",
        "Key": "3B",
        "Energy": 3.043,
        "Popularity": 7.3,
        "BPM": 88,
        "DJ Play Count": 0,
        "Rating": "*******",
        "My Tag": [
            "PEGI 4 [Age]",
            "2010s"
        ],
        "Additional Info": {
            "id": "3N6kzbnfpTPB5J9NAGc1rU",
            "explicit": false,
            "album": "Twinkle Twinkle Little Star & More Kids Songs",
            "release_date": "2017-03-24",
            "genres": [
                "children's music"
            ],
            "duration": 152692,
            "acousticness": 0.866,
            "danceability": 7.263999999999999,
            "instrumentalness": 1.25e-05,
            "liveness": 0.0794,
            "loudness": -11.763,
            "speechiness": 0.042,
            "time_signature": 4,
            "happiness": 3.5559999999999996
        }
    },
    {
        "#": 4,
        "Track Title": "Five Little Monkeys",
        "Artist": "The Kiboomers",
        "Key": "11B",
        "Energy": 4.834,
        "Popularity": 3.16,
        "BPM": 79,
        "DJ Play Count": 0,
        "Rating": "*******",
        "My Tag": [
            "PEGI 4 [Age]",
            "2000s"
        ],
        "Additional Info": {
            "id": "12phr8a7YZGHEl2gORuggv",
            "explicit": false,
            "album": "150 Preschool Songs",
            "release_date": "2009-05-01",
            "genres": [
                "children's music",
                "nursery",
                "preschool children's music"
            ],
            "duration": 141714,
            "acousticness": 0.417,
            "danceability": 8.605,
            "instrumentalness": 1.08e-05,
            "liveness": 0.158,
            "loudness": -7.462,
            "speechiness": 0.0983,
            "time_signature": 3,
            "happiness": 4.699
        }
    },
    {
        "#": 5,
        "Track Title": "Old MacDonald Had a Farm",
        "Artist": "CoComelon",
        "Key": "12B",
        "Energy": 4.96,
        "Popularity": 4.24,
        "BPM": 93,
        "DJ Play Count": 0,
        "Rating": "*******",
        "My Tag": [
            "PEGI 4 [Age]",
            "2020s",
            "Happy"
        ],
        "Additional Info": {
            "id": "58PNDFvOFWjxGmFHWFZXpu",
            "explicit": false,
            "album": "Nursery Rhyme Classics",
            "release_date": "2021-05-21",
            "genres": [
                "preschool children's music"
            ],
            "duration": 162500,
            "acousticness": 0.666,
            "danceability": 8.452,
            "instrumentalness": 2.18e-05,
            "liveness": 0.135,
            "loudness": -8.012,
            "speechiness": 0.0314,
            "time_signature": 4,
            "happiness": 9.667
        }
    },
    {
        "#": 6,
        "Track Title": "If You're Happy and You Know It",
        "Artist": "The Kiboomers",
        "Key": "2A",
        "Energy": 4.438000000000001,
        "Popularity": 4.42,
        "BPM": 85,
        "DJ Play Count": 0,
        "Rating": "*******",
        "My Tag": [
            "PEGI 4 [Age]",
            "2010s"
        ],
        "Additional Info": {
            "id": "359ZfKMmiAsMS9pKkoKChp",
            "explicit": false,
            "album": "Top 30 Baby Songs",
            "release_date": "2014-05-09",
            "genres": [
                "children's music",
                "nursery",
                "preschool children's music"
            ],
            "duration": 170441,
            "acousticness": 0.711,
            "danceability": 7.849,
            "instrumentalness": 0,
            "liveness": 0.103,
            "loudness": -5.492,
            "speechiness": 0.0449,
            "time_signature": 4,
            "happiness": 5.464
        }
    },
    {
        "#": 7,
        "Track Title": "Itsy Bitsy Spider",
        "Artist": "CoComelon",
        "Key": "10B",
        "Energy": 3.601,
        "Popularity": 7.12,
        "BPM": 100,
        "DJ Play Count": 0,
        "Rating": "*******",
        "My Tag": [
            "PEGI 4 [Age]",
            "2010s",
            "Happy"
        ],
        "Additional Info": {
            "id": "6cKlr2BOXBaqiuaHUY5Zwo",
            "explicit": false,
            "album": "CoComelon Kids Hits, Vol. 1",
            "release_date": "2019-11-26",
            "genres": [
                "preschool children's music"
            ],
            "duration": 129763,
            "acousticness": 0.586,
            "danceability": 9.271,
            "instrumentalness": 3.19e-06,
            "liveness": 0.075,
            "loudness": -12.244,
            "speechiness": 0.048,
            "time_signature": 4,
            "happiness": 8.794
        }
    },
    {
        "#": 8,
        "Track Title": "Bingo",
        "Artist": "Super Simple Songs",
        "Key": "7B",
        "Energy": 3.178,
        "Popularity": 5.5,
        "BPM": 80,
        "DJ Play Count": 0,
        "Rating": "*******",
        "My Tag": [
            "PEGI 4 [Age]",
            "2010s"
        ],
        "Additional Info": {
            "id": "50z0nveVsgOFt1eKUQIMr5",
            "explicit": false,
            "album": "Twinkle Twinkle Little Star & More Kids Songs",
            "release_date": "2017-03-24",
            "genres": [
                "children's music"
            ],
            "duration": 166325,
            "acousticness": 0.291,
            "danceability": 8.209,
            "instrumentalness": 0,
            "liveness": 0.0529,
            "loudness": -11.832,
            "speechiness": 0.085,
            "time_signature": 4,
            "happiness": 6.22
        }
    },
    {
        "#": 9,
        "Track Title": "The Duck Song",
        "Artist": "Bryant Oden",
        "Key": "8B",
        "Energy": 5.041,
        "Popularity": 5.32,
        "BPM": 92,
        "DJ Play Count": 0,
        "Rating": "*******",
        "My Tag": [
            "PEGI 4 [Age]",
            "2000s",
            "Happy"
        ],
        "Additional Info": {
            "id": "3zpbWaTHZutGOjT4S4CuUq",
            "explicit": false,
            "album": "The Duck Song (The Duck And The Lemonade Stand)",
            "release_date": "2009-04-21",
            "genres": [],
            "duration": 191733,
            "acousticness": 0.91,
            "danceability": 5.077,
            "instrumentalness": 0.0012,
            "liveness": 0.0863,
            "loudness": -11.825,
            "speechiness": 0.104,
            "time_signature": 4,
            "happiness": 7.372
        }
    },
    {
        "#": 10,
        "Track Title": "Peanut butter jelly original studio version - radio",
        "Artist": "DJ Chipman",
        "Key": "1A",
        "Energy": 7.723,
        "Popularity": 5.5,
        "BPM": 75,
        "DJ Play Count": 0,
        "Rating": "*******",
        "My Tag": [
            "PEGI 4 [Age]",
            "2000s",
            "Happy"
        ],
        "Additional Info": {
            "id": "6Ztp4Jvpkfv1yf89EajBCb",
            "explicit": false,
            "album": "Peanut butter jelly original studio version (radio)",
            "release_date": "2001",
            "genres": [],
            "duration": 161190,
            "acousticness": 0.0579,
            "danceability": 9.091000000000001,
            "instrumentalness": 0,
            "liveness": 0.0156,
            "loudness": -8.175,
            "speechiness": 0.314,
            "time_signature": 4,
            "happiness": 9.163
        }
    },
    {
        "#": 11,
        "Track Title": "I Am Your Gummy Bear (The Gummy Bear Song)",
        "Artist": "Gummibär",
        "Key": "11A",
        "Energy": 9.028,
        "Popularity": 6.76,
        "BPM": 128,
        "DJ Play Count": 0,
        "Rating": "*******",
        "My Tag": [
            "PEGI 4 [Age]",
            "2000s",
            "Happy"
        ],
        "Additional Info": {
            "id": "6nFYXpBgrNcZjbtNEuc6yR",
            "explicit": false,
            "album": "I Am Your Gummy Bear",
            "release_date": "2007-11-13",
            "genres": [
                "cartoon"
            ],
            "duration": 192227,
            "acousticness": 0.0527,
            "danceability": 9.352,
            "instrumentalness": 1.47e-05,
            "liveness": 0.0911,
            "loudness": -7.782,
            "speechiness": 0.0388,
            "time_signature": 4,
            "happiness": 9.901
        }
    },
    {
        "#": 12,
        "Track Title": "Finger Family",
        "Artist": "CoComelon",
        "Key": "11B",
        "Energy": 6.084999999999999,
        "Popularity": 6.94,
        "BPM": 120,
        "DJ Play Count": 0,
        "Rating": "*******",
        "My Tag": [
            "PEGI 4 [Age]",
            "2020s",
            "Happy"
        ],
        "Additional Info": {
            "id": "679VCjP1C3DBkVBEeB34yU",
            "explicit": false,
            "album": "CoComelon Kids Hits, Vol. 2",
            "release_date": "2020-01-24",
            "genres": [
                "preschool children's music"
            ],
            "duration": 136003,
            "acousticness": 0.352,
            "danceability": 8.344,
            "instrumentalness": 1.38e-05,
            "liveness": 0.0768,
            "loudness": -11.555,
            "speechiness": 0.036,
            "time_signature": 4,
            "happiness": 9.685
        }
    },
    {
        "#": 13,
        "Track Title": "Head & Heart (feat. MNEK)",
        "Artist": "Joel Corry, MNEK",
        "Key": "4B",
        "Energy": 8.866,
        "Popularity": 8.290000000000001,
        "BPM": 123,
        "DJ Play Count": 0,
        "Rating": "*******",
        "My Tag": [
            "PEGI 4 [Age]",
            "2020s",
            "Pop",
            "Dance Remixes",
            "EDM",
            "Happy"
        ],
        "Additional Info": {
            "id": "6cx06DFPPHchuUAcTxznu9",
            "explicit": false,
            "album": "Head & Heart (feat. MNEK)",
            "release_date": "2020-07-03",
            "genres": [
                "dance pop",
                "pop dance",
                "uk dance",
                "house",
                "pop dance",
                "uk contemporary r&b",
                "uk dance",
                "uk pop"
            ],
            "duration": 166028,
            "acousticness": 0.168,
            "danceability": 7.606,
            "instrumentalness": 1.14e-05,
            "liveness": 0.0489,
            "loudness": -3.158,
            "speechiness": 0.0662,
            "time_signature": 4,
            "happiness": 9.145
        }
    },
    {
        "#": 14,
        "Track Title": "Head Shoulders Knees & Toes (feat. Norma Jean Martine)",
        "Artist": "Ofenbach, Quarterhead, Norma Jean Martine",
        "Key": "10B",
        "Energy": 8.452,
        "Popularity": 7.03,
        "BPM": 125,
        "DJ Play Count": 0,
        "Rating": "*******",
        "My Tag": [
            "PEGI 4 [Age]",
            "2020s",
            "Dance Remixes"
        ],
        "Additional Info": {
            "id": "2RRpaU7jFVcwo23pthdnBv",
            "explicit": false,
            "album": "I",
            "release_date": "2022-09-02",
            "genres": [
                "pop dance",
                "tech house",
                "nyc pop"
            ],
            "duration": 156960,
            "acousticness": 0.0247,
            "danceability": 8.182,
            "instrumentalness": 2.55e-06,
            "liveness": 0.121,
            "loudness": -5.36,
            "speechiness": 0.193,
            "time_signature": 4,
            "happiness": 6.3999999999999995
        }
    },
    {
        "#": 15,
        "Track Title": "Head Shoulders Knees And Toes (Noodle & Pals)",
        "Artist": "Super Simple Songs, Noodle & Pals",
        "Key": "10B",
        "Energy": 3.9970000000000003,
        "Popularity": 3.88,
        "BPM": 100,
        "DJ Play Count": 0,
        "Rating": "*******",
        "My Tag": [
            "PEGI 4 [Age]",
            "2020s",
            "Happy"
        ],
        "Additional Info": {
            "id": "6lYmp8eSeG7iT0UexyvGdk",
            "explicit": false,
            "album": "Classroom Songs",
            "release_date": "2022-09-02",
            "genres": [
                "children's music"
            ],
            "duration": 102352,
            "acousticness": 0.733,
            "danceability": 7.228,
            "instrumentalness": 0,
            "liveness": 0.123,
            "loudness": -8.59,
            "speechiness": 0.046,
            "time_signature": 4,
            "happiness": 7.894
        }
    },
    {
        "#": 16,
        "Track Title": "Hokey Pokey",
        "Artist": "The Kiboomers",
        "Key": "9B",
        "Energy": 3.187,
        "Popularity": 2.08,
        "BPM": 116,
        "DJ Play Count": 0,
        "Rating": "*******",
        "My Tag": [
            "PEGI 4 [Age]",
            "2010s",
            "Happy"
        ],
        "Additional Info": {
            "id": "5enhwOIOHCHZXRZmjNdry8",
            "explicit": false,
            "album": "Top 30 Kindergarten Songs",
            "release_date": "2014-07-10",
            "genres": [
                "children's music",
                "nursery",
                "preschool children's music"
            ],
            "duration": 124655,
            "acousticness": 0.676,
            "danceability": 9.577,
            "instrumentalness": 0,
            "liveness": 0.19,
            "loudness": -11.641,
            "speechiness": 0.12,
            "time_signature": 4,
            "happiness": 8.488
        }
    },
    {
        "#": 17,
        "Track Title": "Row Row Row Your Boat",
        "Artist": "Super Simple Songs",
        "Key": "8B",
        "Energy": 3.799,
        "Popularity": 6.22,
        "BPM": 116,
        "DJ Play Count": 0,
        "Rating": "*******",
        "My Tag": [
            "PEGI 4 [Age]",
            "2010s"
        ],
        "Additional Info": {
            "id": "4ofg4Jc82bXC8PdoMrglgg",
            "explicit": false,
            "album": "Twinkle Twinkle Little Star & More Kids Songs",
            "release_date": "2017-03-24",
            "genres": [
                "children's music"
            ],
            "duration": 119972,
            "acousticness": 0.888,
            "danceability": 7.191999999999999,
            "instrumentalness": 1.93e-06,
            "liveness": 0.361,
            "loudness": -10.708,
            "speechiness": 0.0353,
            "time_signature": 3,
            "happiness": 4.24
        }
    },
    {
        "#": 18,
        "Track Title": "The Muffin Man",
        "Artist": "The Kiboomers",
        "Key": "4A",
        "Energy": 6.049,
        "Popularity": 5.140000000000001,
        "BPM": 70,
        "DJ Play Count": 0,
        "Rating": "*******",
        "My Tag": [
            "PEGI 4 [Age]",
            "2000s",
            "Happy"
        ],
        "Additional Info": {
            "id": "1ZHavsgHXqoJkRsn8sFTYN",
            "explicit": false,
            "album": "Kid Songs Collection",
            "release_date": "2003-04-01",
            "genres": [
                "children's music",
                "nursery",
                "preschool children's music"
            ],
            "duration": 122907,
            "acousticness": 0.891,
            "danceability": 8.290000000000001,
            "instrumentalness": 0.0908,
            "liveness": 0.382,
            "loudness": -8.145,
            "speechiness": 0.0614,
            "time_signature": 4,
            "happiness": 8.146
        }
    },
    {
        "#": 19,
        "Track Title": "The Ants Go Marching",
        "Artist": "The Kiboomers",
        "Key": "12B",
        "Energy": 5.6080000000000005,
        "Popularity": 3.5200000000000005,
        "BPM": 127,
        "DJ Play Count": 0,
        "Rating": "*******",
        "My Tag": [
            "PEGI 4 [Age]",
            "2010s",
            "Happy"
        ],
        "Additional Info": {
            "id": "4ziiG46QfFABvWUEBJCO6h",
            "explicit": false,
            "album": "Preschool Circle Time Songs",
            "release_date": "2013-06-13",
            "genres": [
                "children's music",
                "nursery",
                "preschool children's music"
            ],
            "duration": 121067,
            "acousticness": 0.803,
            "danceability": 9.64,
            "instrumentalness": 5.34e-06,
            "liveness": 0.0816,
            "loudness": -7.574,
            "speechiness": 0.0609,
            "time_signature": 4,
            "happiness": 7.768
        }
    },
    {
        "#": 20,
        "Track Title": "Do You Know The Muffin Man?",
        "Artist": "YunGmilly",
        "Key": "3B",
        "Energy": 8.002,
        "Popularity": 4.779999999999999,
        "BPM": 80,
        "DJ Play Count": 0,
        "Rating": "*******",
        "My Tag": [
            "PEGI 4 [Age]",
            "2020s"
        ],
        "Additional Info": {
            "id": "3iMrhXkMzv8pU5ejHqerSF",
            "explicit": false,
            "album": "Do You Know The Muffin Man?",
            "release_date": "2022-09-08",
            "genres": [],
            "duration": 158562,
            "acousticness": 0.0228,
            "danceability": 6.67,
            "instrumentalness": 2.01e-06,
            "liveness": 0.418,
            "loudness": -8.29,
            "speechiness": 0.19,
            "time_signature": 4,
            "happiness": 4.411
        }
    },
    {
        "#": 21,
        "Track Title": "The More We Get Together",
        "Artist": "Super Simple Songs",
        "Key": "9B",
        "Energy": 3.088,
        "Popularity": 5.95,
        "BPM": 76,
        "DJ Play Count": 0,
        "Rating": "*******",
        "My Tag": [
            "PEGI 4 [Age]",
            "2020s",
            "Happy"
        ],
        "Additional Info": {
            "id": "0AVLdFhZInmvfFt4ilSY91",
            "explicit": false,
            "album": "Happy, Happy, Happy!",
            "release_date": "2020-09-18",
            "genres": [
                "children's music"
            ],
            "duration": 104664,
            "acousticness": 0.884,
            "danceability": 7.2909999999999995,
            "instrumentalness": 0,
            "liveness": 0.27,
            "loudness": -6.922,
            "speechiness": 0.033,
            "time_signature": 3,
            "happiness": 8.92
        }
    },
    {
        "#": 22,
        "Track Title": "This Old Man",
        "Artist": "The Kiboomers",
        "Key": "8B",
        "Energy": 4.276,
        "Popularity": 3.6999999999999997,
        "BPM": 85,
        "DJ Play Count": 0,
        "Rating": "*******",
        "My Tag": [
            "PEGI 4 [Age]",
            "2010s",
            "Happy"
        ],
        "Additional Info": {
            "id": "78OXx8UZn6xyJkGdqyKY9g",
            "explicit": false,
            "album": "Kids Songs Sing Along - 50 Toddler Nursery Rhymes",
            "release_date": "2017-02-01",
            "genres": [
                "children's music",
                "nursery",
                "preschool children's music"
            ],
            "duration": 78102,
            "acousticness": 0.573,
            "danceability": 8.524000000000001,
            "instrumentalness": 0,
            "liveness": 0.0659,
            "loudness": -12.64,
            "speechiness": 0.0535,
            "time_signature": 4,
            "happiness": 9.667
        }
    },
    {
        "#": 23,
        "Track Title": "The Alphabet Song",
        "Artist": "Super Simple Songs",
        "Key": "8B",
        "Energy": 1.4158,
        "Popularity": 5.5,
        "BPM": 128,
        "DJ Play Count": 0,
        "Rating": "*******",
        "My Tag": [
            "PEGI 4 [Age]",
            "2010s"
        ],
        "Additional Info": {
            "id": "3m4GrlPEbawTr58KA3bXTg",
            "explicit": false,
            "album": "Twinkle Twinkle Little Star & More Kids Songs",
            "release_date": "2017-03-24",
            "genres": [
                "children's music"
            ],
            "duration": 174505,
            "acousticness": 0.764,
            "danceability": 8.119,
            "instrumentalness": 0.00291,
            "liveness": 0.0582,
            "loudness": -17.844,
            "speechiness": 0.0514,
            "time_signature": 4,
            "happiness": 3.232
        }
    },
    {
        "#": 24,
        "Track Title": "Wheels on the Bus",
        "Artist": "The Kiboomers",
        "Key": "9B",
        "Energy": 6.157,
        "Popularity": 1.9,
        "BPM": 110,
        "DJ Play Count": 0,
        "Rating": "*******",
        "My Tag": [
            "PEGI 4 [Age]",
            "2010s",
            "Happy"
        ],
        "Additional Info": {
            "id": "1GXNMPkL0RS6TKjjUoj8Xv",
            "explicit": false,
            "album": "Toddler Songs Sing Along - 52 Learning Songs",
            "release_date": "2017-03-02",
            "genres": [
                "children's music",
                "nursery",
                "preschool children's music"
            ],
            "duration": 80646,
            "acousticness": 0.594,
            "danceability": 8.776,
            "instrumentalness": 0,
            "liveness": 0.312,
            "loudness": -8.046,
            "speechiness": 0.044,
            "time_signature": 4,
            "happiness": 9.685
        }
    },
    {
        "#": 25,
        "Track Title": "Five Little Ducks",
        "Artist": "Super Simple Songs",
        "Key": "2A",
        "Energy": 4.0600000000000005,
        "Popularity": 4.779999999999999,
        "BPM": 116,
        "DJ Play Count": 0,
        "Rating": "*******",
        "My Tag": [
            "PEGI 4 [Age]",
            "2010s"
        ],
        "Additional Info": {
            "id": "5HF2zdaYT7zpQGrkg1hP4v",
            "explicit": false,
            "album": "Animal Songs for Kids",
            "release_date": "2017-09-05",
            "genres": [
                "children's music"
            ],
            "duration": 152224,
            "acousticness": 0.0614,
            "danceability": 9.604,
            "instrumentalness": 0,
            "liveness": 0.0596,
            "loudness": -10.195,
            "speechiness": 0.0487,
            "time_signature": 4,
            "happiness": 6.337
        }
    },
    {
        "#": 26,
        "Track Title": "London Bridge Is Falling Down",
        "Artist": "CoComelon",
        "Key": "9B",
        "Energy": 5.563,
        "Popularity": 5.41,
        "BPM": 150,
        "DJ Play Count": 0,
        "Rating": "*******",
        "My Tag": [
            "PEGI 4 [Age]",
            "2020s",
            "Happy"
        ],
        "Additional Info": {
            "id": "6zY4JAgARtLxqLasf3RDm2",
            "explicit": false,
            "album": "Nursery Rhymes by CoComelon",
            "release_date": "2021-01-08",
            "genres": [
                "preschool children's music"
            ],
            "duration": 125158,
            "acousticness": 0.545,
            "danceability": 7.732,
            "instrumentalness": 1.09e-05,
            "liveness": 0.0636,
            "loudness": -11.522,
            "speechiness": 0.0501,
            "time_signature": 4,
            "happiness": 9.478
        }
    },
    {
        "#": 27,
        "Track Title": "Mary Had a Little Lamb",
        "Artist": "CoComelon",
        "Key": "9B",
        "Energy": 5.32,
        "Popularity": 6.49,
        "BPM": 75,
        "DJ Play Count": 0,
        "Rating": "*******",
        "My Tag": [
            "PEGI 4 [Age]",
            "2020s"
        ],
        "Additional Info": {
            "id": "4ThaT2zAl53ah6uxOdWUMs",
            "explicit": false,
            "album": "Nursery Rhymes by CoComelon Vol.2",
            "release_date": "2022-02-18",
            "genres": [
                "preschool children's music"
            ],
            "duration": 160213,
            "acousticness": 0.0167,
            "danceability": 6.526,
            "instrumentalness": 0,
            "liveness": 0.334,
            "loudness": -10.024,
            "speechiness": 0.0267,
            "time_signature": 4,
            "happiness": 6.697
        }
    },
    {
        "#": 28,
        "Track Title": "Farmer in the Dell",
        "Artist": "The Kiboomers",
        "Key": "9B",
        "Energy": 4.9239999999999995,
        "Popularity": 3.79,
        "BPM": 126,
        "DJ Play Count": 0,
        "Rating": "*******",
        "My Tag": [
            "PEGI 4 [Age]",
            "2000s"
        ],
        "Additional Info": {
            "id": "1rLJ9xEau3UNyfek9cmci2",
            "explicit": false,
            "album": "Kid Songs Collection",
            "release_date": "2003-04-01",
            "genres": [
                "children's music",
                "nursery",
                "preschool children's music"
            ],
            "duration": 65080,
            "acousticness": 0.503,
            "danceability": 9.316,
            "instrumentalness": 0,
            "liveness": 0.0959,
            "loudness": -8.657,
            "speechiness": 0.0567,
            "time_signature": 4,
            "happiness": 5.59
        }
    },
    {
        "#": 29,
        "Track Title": "Skip to My Lou",
        "Artist": "The Kiboomers",
        "Key": "8B",
        "Energy": 2.737,
        "Popularity": 3.25,
        "BPM": 148,
        "DJ Play Count": 0,
        "Rating": "*******",
        "My Tag": [
            "PEGI 4 [Age]",
            "2010s",
            "Happy"
        ],
        "Additional Info": {
            "id": "1f48wRshbhHb0r9aWY8iIW",
            "explicit": false,
            "album": "The Top 100 Toddler Songs",
            "release_date": "2013-05-30",
            "genres": [
                "children's music",
                "nursery",
                "preschool children's music"
            ],
            "duration": 87567,
            "acousticness": 0.756,
            "danceability": 8.911,
            "instrumentalness": 0,
            "liveness": 0.103,
            "loudness": -10.061,
            "speechiness": 0.0433,
            "time_signature": 4,
            "happiness": 9.037
        }
    },
    {
        "#": 30,
        "Track Title": "Three Little Kittens",
        "Artist": "Super Simple Songs",
        "Key": "7B",
        "Energy": 2.872,
        "Popularity": 4.42,
        "BPM": 90,
        "DJ Play Count": 0,
        "Rating": "*******",
        "My Tag": [
            "PEGI 4 [Age]",
            "2020s"
        ],
        "Additional Info": {
            "id": "2rQ2wZnLBt1pfNfg39zh5C",
            "explicit": false,
            "album": "Everything is Going to Be Alright & More Kids Songs",
            "release_date": "2021-10-22",
            "genres": [
                "children's music"
            ],
            "duration": 177179,
            "acousticness": 0.961,
            "danceability": 5.131,
            "instrumentalness": 6.48e-05,
            "liveness": 0.131,
            "loudness": -9.429,
            "speechiness": 0.0318,
            "time_signature": 3,
            "happiness": 3.403
        }
    },
    {
        "#": 31,
        "Track Title": "Baa Baa Black Sheep",
        "Artist": "CoComelon",
        "Key": "8B",
        "Energy": 4.564,
        "Popularity": 7.209999999999999,
        "BPM": 100,
        "DJ Play Count": 0,
        "Rating": "*******",
        "My Tag": [
            "PEGI 4 [Age]",
            "2010s",
            "Happy"
        ],
        "Additional Info": {
            "id": "0dF7HP4wDwxCtID3mXpdYX",
            "explicit": false,
            "album": "CoComelon Kids Hits, Vol. 1",
            "release_date": "2019-11-26",
            "genres": [
                "preschool children's music"
            ],
            "duration": 147781,
            "acousticness": 0.829,
            "danceability": 7.399,
            "instrumentalness": 3e-05,
            "liveness": 0.119,
            "loudness": -11.266,
            "speechiness": 0.0486,
            "time_signature": 4,
            "happiness": 9.721
        }
    },
    {
        "#": 32,
        "Track Title": "Hickory Dickory...Crash!",
        "Artist": "Super Simple Songs",
        "Key": "4B",
        "Energy": 4.492,
        "Popularity": 4.87,
        "BPM": 98,
        "DJ Play Count": 0,
        "Rating": "*******",
        "My Tag": [
            "PEGI 4 [Age]",
            "2010s"
        ],
        "Additional Info": {
            "id": "4wwWeD6svCfnjna2cNrVHk",
            "explicit": false,
            "album": "Baby Shark & More Kids Songs",
            "release_date": "2017-03-24",
            "genres": [
                "children's music"
            ],
            "duration": 165320,
            "acousticness": 0.121,
            "danceability": 8.748999999999999,
            "instrumentalness": 0.000171,
            "liveness": 0.157,
            "loudness": -8.432,
            "speechiness": 0.148,
            "time_signature": 4,
            "happiness": 5.518
        }
    },
    {
        "#": 33,
        "Track Title": "Jack and Jill",
        "Artist": "The Kiboomers",
        "Key": "11B",
        "Energy": 3.079,
        "Popularity": 2.98,
        "BPM": 120,
        "DJ Play Count": 0,
        "Rating": "*******",
        "My Tag": [
            "PEGI 4 [Age]",
            "2000s"
        ],
        "Additional Info": {
            "id": "0bfOlDVXNpoU1vIDnqi2Yl",
            "explicit": false,
            "album": "Kid Songs Collection",
            "release_date": "2003-04-01",
            "genres": [
                "children's music",
                "nursery",
                "preschool children's music"
            ],
            "duration": 56000,
            "acousticness": 0.569,
            "danceability": 9.523,
            "instrumentalness": 8.04e-06,
            "liveness": 0.0781,
            "loudness": -11.484,
            "speechiness": 0.0888,
            "time_signature": 4,
            "happiness": 6.661
        }
    },
    {
        "#": 34,
        "Track Title": "Humpty Dumpty",
        "Artist": "Super Simple Songs",
        "Key": "11B",
        "Energy": 3.655,
        "Popularity": 6.040000000000001,
        "BPM": 114,
        "DJ Play Count": 0,
        "Rating": "*******",
        "My Tag": [
            "PEGI 4 [Age]",
            "2010s",
            "Happy"
        ],
        "Additional Info": {
            "id": "6sJImqJveB5c5qIHCRCLUd",
            "explicit": false,
            "album": "Humpty Dumpty & More Kids Songs",
            "release_date": "2018-04-17",
            "genres": [
                "children's music"
            ],
            "duration": 72632,
            "acousticness": 0.781,
            "danceability": 7.57,
            "instrumentalness": 1.72e-05,
            "liveness": 0.122,
            "loudness": -9.447,
            "speechiness": 0.0335,
            "time_signature": 1,
            "happiness": 9.649
        }
    },
    {
        "#": 35,
        "Track Title": "Little Miss Muffet",
        "Artist": "The Kiboomers",
        "Key": "10B",
        "Energy": 3.286,
        "Popularity": 1.72,
        "BPM": 82,
        "DJ Play Count": 0,
        "Rating": "*******",
        "My Tag": [
            "PEGI 4 [Age]",
            "2010s"
        ],
        "Additional Info": {
            "id": "5YhnlSJLbpFH02FKUB6RtN",
            "explicit": false,
            "album": "Top 30 Kindergarten Songs",
            "release_date": "2014-07-10",
            "genres": [
                "children's music",
                "nursery",
                "preschool children's music"
            ],
            "duration": 49000,
            "acousticness": 0.838,
            "danceability": 7.3629999999999995,
            "instrumentalness": 0,
            "liveness": 0.0824,
            "loudness": -8.937,
            "speechiness": 0.0625,
            "time_signature": 3,
            "happiness": 6.886
        }
    },
    {
        "#": 36,
        "Track Title": "Hey Diddle Diddle - Instrumental",
        "Artist": "Nursery Rhymes 123",
        "Key": "1B",
        "Energy": 4.258,
        "Popularity": 3.61,
        "BPM": 80,
        "DJ Play Count": 0,
        "Rating": "*******",
        "My Tag": [
            "PEGI 4 [Age]",
            "2020s"
        ],
        "Additional Info": {
            "id": "51rOYa2lelEDJVB4DgmWtX",
            "explicit": false,
            "album": "Classic Nursery Rhymes, Vol.2",
            "release_date": "2020-07-31",
            "genres": [
                "lullaby",
                "nursery"
            ],
            "duration": 67619,
            "acousticness": 0.938,
            "danceability": 6.643,
            "instrumentalness": 0.951,
            "liveness": 0.111,
            "loudness": -10.73,
            "speechiness": 0.0453,
            "time_signature": 3,
            "happiness": 6.589
        }
    },
    {
        "#": 37,
        "Track Title": "Pat a Cake",
        "Artist": "CoComelon",
        "Key": "10B",
        "Energy": 6.2829999999999995,
        "Popularity": 5.95,
        "BPM": 120,
        "DJ Play Count": 0,
        "Rating": "*******",
        "My Tag": [
            "PEGI 4 [Age]",
            "2020s",
            "Happy"
        ],
        "Additional Info": {
            "id": "5WHCi4KWEVEda8zsuVKRtN",
            "explicit": false,
            "album": "CoComelon Kids Hits, Vol. 3",
            "release_date": "2020-05-22",
            "genres": [
                "preschool children's music"
            ],
            "duration": 125559,
            "acousticness": 0.583,
            "danceability": 9.325000000000001,
            "instrumentalness": 0.000351,
            "liveness": 0.0377,
            "loudness": -10.933,
            "speechiness": 0.0501,
            "time_signature": 4,
            "happiness": 9.883
        }
    },
    {
        "#": 38,
        "Track Title": "Ring Around the Rosie",
        "Artist": "The Kiboomers",
        "Key": "6B",
        "Energy": 5.383,
        "Popularity": 4.87,
        "BPM": 135,
        "DJ Play Count": 0,
        "Rating": "*******",
        "My Tag": [
            "PEGI 4 [Age]",
            "2010s",
            "Happy"
        ],
        "Additional Info": {
            "id": "1psO4kPgHh8boAIU4YoZ4z",
            "explicit": false,
            "album": "Top 30 Baby Songs",
            "release_date": "2014-05-09",
            "genres": [
                "children's music",
                "nursery",
                "preschool children's music"
            ],
            "duration": 80947,
            "acousticness": 0.755,
            "danceability": 8.857,
            "instrumentalness": 0,
            "liveness": 0.102,
            "loudness": -7.115,
            "speechiness": 0.0513,
            "time_signature": 4,
            "happiness": 7.948
        }
    },
    {
        "#": 39,
        "Track Title": "Hot Cross Buns",
        "Artist": "The Kiboomers",
        "Key": "11B",
        "Energy": 3.1239999999999997,
        "Popularity": 2.98,
        "BPM": 90,
        "DJ Play Count": 0,
        "Rating": "*******",
        "My Tag": [
            "PEGI 4 [Age]",
            "2010s",
            "Happy"
        ],
        "Additional Info": {
            "id": "5pwN7TU1eiGyuCsLlZnJCQ",
            "explicit": false,
            "album": "The Top 100 Toddler Songs",
            "release_date": "2013-05-30",
            "genres": [
                "children's music",
                "nursery",
                "preschool children's music"
            ],
            "duration": 53451,
            "acousticness": 0.514,
            "danceability": 9.244,
            "instrumentalness": 0,
            "liveness": 0.0444,
            "loudness": -15.195,
            "speechiness": 0.202,
            "time_signature": 4,
            "happiness": 7.471
        }
    },
    {
        "#": 40,
        "Track Title": "Three Blind Mice",
        "Artist": "Muffin Songs",
        "Key": "8B",
        "Energy": 3.682,
        "Popularity": 4.87,
        "BPM": 120,
        "DJ Play Count": 0,
        "Rating": "*******",
        "My Tag": [
            "PEGI 4 [Age]",
            "2010s"
        ],
        "Additional Info": {
            "id": "0F05cg1L3cLQEFuEm8zJsZ",
            "explicit": false,
            "album": "70 Best Kids Songs with Muffin Songs",
            "release_date": "2015-10-12",
            "genres": [
                "children's music",
                "nursery"
            ],
            "duration": 64092,
            "acousticness": 0.843,
            "danceability": 9.109,
            "instrumentalness": 8.92e-06,
            "liveness": 0.205,
            "loudness": -7.29,
            "speechiness": 0.0383,
            "time_signature": 3,
            "happiness": 6.787
        }
    },
    {
        "#": 41,
        "Track Title": "Pop Goes the Weasel",
        "Artist": "The Kiboomers",
        "Key": "12B",
        "Energy": 3.5829999999999997,
        "Popularity": 3.25,
        "BPM": 86,
        "DJ Play Count": 0,
        "Rating": "*******",
        "My Tag": [
            "PEGI 4 [Age]",
            "2000s",
            "Happy"
        ],
        "Additional Info": {
            "id": "2f9otNyEkUmmWu59HpP3GT",
            "explicit": false,
            "album": "Kid Songs Collection",
            "release_date": "2003-04-01",
            "genres": [
                "children's music",
                "nursery",
                "preschool children's music"
            ],
            "duration": 68917,
            "acousticness": 0.888,
            "danceability": 9.109,
            "instrumentalness": 8.48e-05,
            "liveness": 0.107,
            "loudness": -9.017,
            "speechiness": 0.0792,
            "time_signature": 4,
            "happiness": 9.253
        }
    },
    {
        "#": 42,
        "Track Title": "The Bear Went Over the Mountain",
        "Artist": "Super Simple Songs",
        "Key": "2A",
        "Energy": 4.888,
        "Popularity": 3.97,
        "BPM": 103,
        "DJ Play Count": 0,
        "Rating": "*******",
        "My Tag": [
            "PEGI 4 [Age]",
            "2020s",
            "Happy"
        ],
        "Additional Info": {
            "id": "57JrUbLpCSvChHt5ts4eNk",
            "explicit": false,
            "album": "Let's Go for a Walk Outside & More Kids Songs",
            "release_date": "2021-06-04",
            "genres": [
                "children's music"
            ],
            "duration": 136948,
            "acousticness": 0.704,
            "danceability": 8.011,
            "instrumentalness": 0,
            "liveness": 0.196,
            "loudness": -9.786,
            "speechiness": 0.0343,
            "time_signature": 4,
            "happiness": 8.596
        }
    },
    {
        "#": 43,
        "Track Title": "Hush Little Baby",
        "Artist": "CoComelon",
        "Key": "9B",
        "Energy": 4.285,
        "Popularity": 4.24,
        "BPM": 66,
        "DJ Play Count": 0,
        "Rating": "*******",
        "My Tag": [
            "PEGI 4 [Age]",
            "2020s",
            "Happy"
        ],
        "Additional Info": {
            "id": "3enJT84hoIuWF2S8DsNfin",
            "explicit": false,
            "album": "Calm Lullabies",
            "release_date": "2021-05-07",
            "genres": [
                "preschool children's music"
            ],
            "duration": 227200,
            "acousticness": 0.37,
            "danceability": 5.032,
            "instrumentalness": 0.911,
            "liveness": 0.0781,
            "loudness": -10.949,
            "speechiness": 0.223,
            "time_signature": 4,
            "happiness": 7.218999999999999
        }
    },
    {
        "#": 44,
        "Track Title": "Rock-a-Bye Baby - Bedtime Version",
        "Artist": "Sleep-a-Bye Baby",
        "Key": "7B",
        "Energy": 2.152,
        "Popularity": 2.71,
        "BPM": 114,
        "DJ Play Count": 0,
        "Rating": "*******",
        "My Tag": [
            "PEGI 4 [Age]",
            "2020s"
        ],
        "Additional Info": {
            "id": "29XcjCHDd5wXvBPe6cDOUW",
            "explicit": false,
            "album": "Rock-a-Bye Baby (Bedtime Version)",
            "release_date": "2021-11-21",
            "genres": [],
            "duration": 104211,
            "acousticness": 0.967,
            "danceability": 7.057,
            "instrumentalness": 0.848,
            "liveness": 0.147,
            "loudness": -19.378,
            "speechiness": 0.0468,
            "time_signature": 3,
            "happiness": 6.0040000000000004
        }
    },
    {
        "#": 45,
        "Track Title": "Lullaby and Good Night",
        "Artist": "Tom's Music Box",
        "Key": "10B",
        "Energy": 2.665,
        "Popularity": 5.86,
        "BPM": 94,
        "DJ Play Count": 0,
        "Rating": "*******",
        "My Tag": [
            "PEGI 4 [Age]",
            "2010s",
            "Happy"
        ],
        "Additional Info": {
            "id": "69f7eCxqXph38iK4HpXMoD",
            "explicit": false,
            "album": "Baby Lullabies, Vol. 1",
            "release_date": "2015-05-25",
            "genres": [
                "lullaby",
                "music box"
            ],
            "duration": 64322,
            "acousticness": 0.596,
            "danceability": 9.253,
            "instrumentalness": 0.859,
            "liveness": 0.129,
            "loudness": -10.079,
            "speechiness": 0.115,
            "time_signature": 3,
            "happiness": 8.002
        }
    },
    {
        "#": 46,
        "Track Title": "Brahms Lullaby",
        "Artist": "CoComelon",
        "Key": "7B",
        "Energy": 3.646,
        "Popularity": 5.2299999999999995,
        "BPM": 140,
        "DJ Play Count": 0,
        "Rating": "*******",
        "My Tag": [
            "PEGI 4 [Age]",
            "2020s",
            "Happy"
        ],
        "Additional Info": {
            "id": "5wPivsAhvQvmP2DoOQj3ph",
            "explicit": false,
            "album": "Lullabies for Bedtime",
            "release_date": "2020-12-11",
            "genres": [
                "preschool children's music"
            ],
            "duration": 276857,
            "acousticness": 0.55,
            "danceability": 8.587,
            "instrumentalness": 0.0416,
            "liveness": 0.0862,
            "loudness": -11.012,
            "speechiness": 0.123,
            "time_signature": 4,
            "happiness": 9.145
        }
    },
    {
        "#": 47,
        "Track Title": "Frère Jacques",
        "Artist": "La Reine des chansons pour enfants et bébés",
        "Key": "11B",
        "Energy": 2.242,
        "Popularity": 6.13,
        "BPM": 110,
        "DJ Play Count": 0,
        "Rating": "*******",
        "My Tag": [
            "PEGI 4 [Age]",
            "2010s",
            "Happy"
        ],
        "Additional Info": {
            "id": "4vtLMw7V9b6BdaevH2i8PS",
            "explicit": false,
            "album": "Comptines pour enfants et bébés",
            "release_date": "2016-06-14",
            "genres": [
                "musique pour enfants"
            ],
            "duration": 66000,
            "acousticness": 0.962,
            "danceability": 7.048,
            "instrumentalness": 7.52e-05,
            "liveness": 0.133,
            "loudness": -15.039,
            "speechiness": 0.0433,
            "time_signature": 4,
            "happiness": 7.471
        }
    },
    {
        "#": 48,
        "Track Title": "Are You Sleeping?",
        "Artist": "The Kiboomers",
        "Key": "7B",
        "Energy": 1.7344,
        "Popularity": 5.68,
        "BPM": 100,
        "DJ Play Count": 0,
        "Rating": "*******",
        "My Tag": [
            "PEGI 4 [Age]",
            "2010s",
            "Mad",
            "Calm"
        ],
        "Additional Info": {
            "id": "35DvjF6c57sSpt4CLByb7n",
            "explicit": false,
            "album": "Baby Sleep Music",
            "release_date": "2013-06-28",
            "genres": [
                "children's music",
                "nursery",
                "preschool children's music"
            ],
            "duration": 109915,
            "acousticness": 0.862,
            "danceability": 5.041,
            "instrumentalness": 0.00488,
            "liveness": 0.0887,
            "loudness": -24.709,
            "speechiness": 0.042,
            "time_signature": 4,
            "happiness": 1.5516999999999999
        }
    },
    {
        "#": 49,
        "Track Title": "Twinkle Twinkle Little Star",
        "Artist": "CoComelon",
        "Key": "8B",
        "Energy": 2.854,
        "Popularity": 7.209999999999999,
        "BPM": 80,
        "DJ Play Count": 0,
        "Rating": "*******",
        "My Tag": [
            "PEGI 4 [Age]",
            "2020s"
        ],
        "Additional Info": {
            "id": "097ftnCPnGHhn93lS0HHlO",
            "explicit": false,
            "album": "CoComelon Kids Hits, Vol. 3",
            "release_date": "2020-05-22",
            "genres": [
                "preschool children's music"
            ],
            "duration": 177477,
            "acousticness": 0.673,
            "danceability": 5.131,
            "instrumentalness": 0,
            "liveness": 0.294,
            "loudness": -9.694,
            "speechiness": 0.0282,
            "time_signature": 4,
            "happiness": 4.186
        }
    },
    {
        "#": 50,
        "Track Title": "Goodnight Saigon",
        "Artist": "Billy Joel",
        "Key": "8B",
        "Energy": 4.582000000000001,
        "Popularity": 5.7700000000000005,
        "BPM": 129,
        "DJ Play Count": 0,
        "Rating": "*******",
        "My Tag": [
            "PEGI 4 [Age]",
            "80s",
            "Rock"
        ],
        "Additional Info": {
            "id": "5bIwtIednTXz7BHnnoQN06",
            "explicit": false,
            "album": "The Nylon Curtain",
            "release_date": "1982-06-23",
            "genres": [
                "album rock",
                "classic rock",
                "heartland rock",
                "mellow gold",
                "piano rock",
                "rock",
                "singer-songwriter",
                "soft rock"
            ],
            "duration": 423267,
            "acousticness": 0.152,
            "danceability": 6.382,
            "instrumentalness": 0,
            "liveness": 0.116,
            "loudness": -14.208,
            "speechiness": 0.0613,
            "time_signature": 4,
            "happiness": 2.215
        }
    },
    {
        "#": 51,
        "Track Title": "My Angel",
        "Artist": "Prince Royce",
        "Key": "1A",
        "Energy": 7.543,
        "Popularity": 5.59,
        "BPM": 120,
        "DJ Play Count": 0,
        "Rating": "*******",
        "My Tag": [
            "PEGI 4 [Age]",
            "2010s",
            "Latin"
        ],
        "Additional Info": {
            "id": "42DxpnYljrXbbQMbCEIIlQ",
            "explicit": false,
            "album": "Furious 7: Original Motion Picture Soundtrack",
            "release_date": "2015-03-17",
            "genres": [
                "bachata",
                "latin hip hop",
                "latin pop",
                "urbano latino"
            ],
            "duration": 190265,
            "acousticness": 0.136,
            "danceability": 6.697,
            "instrumentalness": 0,
            "liveness": 0.511,
            "loudness": -4.507,
            "speechiness": 0.0397,
            "time_signature": 4,
            "happiness": 6.148
        }
    }
]