[
    {
        "#": 1,
        "Track Title": "היום יום הולדת",
        "Artist": "Yoel Lerner, Mazi Cohen",
        "Key": "6B",
        "Energy": 7.156000000000001,
        "Popularity": 4.42,
        "BPM": 115,
        "DJ Play Count": 0,
        "Rating": "*******",
        "My Tag": [
            "Sp- Kids Party, PEGI 4 [Age], Israel [Loc]",
            "80s",
            "Happy"
        ],
        "Additional Info": {
            "id": "76HbSYpahx4Fz1K3caJu1L",
            "explicit": false,
            "album": "100 שירים ראשונים (חלק א)",
            "release_date": "1981-04-01",
            "genres": [
                "muzika l'yeladim",
                "classic israeli pop",
                "israeli singer-songwriter"
            ],
            "duration": 39000,
            "acousticness": 0.835,
            "danceability": 7.777,
            "instrumentalness": 0,
            "liveness": 0.286,
            "loudness": -7.222,
            "speechiness": 0.118,
            "time_signature": 4,
            "happiness": 9.667
        }
    },
    {
        "#": 2,
        "Track Title": "איפה העוגה",
        "Artist": "Orna & Moshe Datz",
        "Key": "8A",
        "Energy": 5.509,
        "Popularity": 1.0,
        "BPM": 118,
        "DJ Play Count": 0,
        "Rating": "*******",
        "My Tag": [
            "Sp- Kids Party, PEGI 4 [Age], Israel [Loc]",
            "2000s",
            "Happy"
        ],
        "Additional Info": {
            "id": "5XPdfIB7O524RhrkHQgL5g",
            "explicit": false,
            "album": "שירי הילדים הגדולים בכל הזמנים",
            "release_date": "2008-04-09",
            "genres": [
                "classic israeli pop"
            ],
            "duration": 81880,
            "acousticness": 0.617,
            "danceability": 7.462,
            "instrumentalness": 0,
            "liveness": 0.0885,
            "loudness": -3.431,
            "speechiness": 0.0577,
            "time_signature": 4,
            "happiness": 8.956
        }
    },
    {
        "#": 3,
        "Track Title": "גדלתי בשנה",
        "Artist": "Yaffa Yarkoni",
        "Key": "8B",
        "Energy": 4.024,
        "Popularity": 3.88,
        "BPM": 75,
        "DJ Play Count": 0,
        "Rating": "*******",
        "My Tag": [
            "Sp- Kids Party, PEGI 4 [Age], Israel [Loc]",
            "2000s",
            "Happy"
        ],
        "Additional Info": {
            "id": "5CbNpX1UcL11UYfJo7j8Xe",
            "explicit": false,
            "album": "גדלתי בשנה",
            "release_date": "2004-05-06",
            "genres": [
                "classic israeli pop"
            ],
            "duration": 85907,
            "acousticness": 0.315,
            "danceability": 8.658999999999999,
            "instrumentalness": 0,
            "liveness": 0.0507,
            "loudness": -11.791,
            "speechiness": 0.056,
            "time_signature": 4,
            "happiness": 9.459999999999999
        }
    },
    {
        "#": 4,
        "Track Title": "רק פעם בשנה",
        "Artist": "Orna & Moshe Datz",
        "Key": "10B",
        "Energy": 6.931,
        "Popularity": 1.0,
        "BPM": 95,
        "DJ Play Count": 0,
        "Rating": "*******",
        "My Tag": [
            "Sp- Kids Party, PEGI 4 [Age], Israel [Loc]",
            "2000s",
            "Happy"
        ],
        "Additional Info": {
            "id": "25DfPPlqW1BOG7PpNWsEcF",
            "explicit": false,
            "album": "שירי הילדים הגדולים בכל הזמנים",
            "release_date": "2008-04-09",
            "genres": [
                "classic israeli pop"
            ],
            "duration": 191827,
            "acousticness": 0.67,
            "danceability": 8.748999999999999,
            "instrumentalness": 0,
            "liveness": 0.107,
            "loudness": -4.086,
            "speechiness": 0.0384,
            "time_signature": 4,
            "happiness": 9.649
        }
    },
    {
        "#": 5,
        "Track Title": "היום יש לי יום הולדת",
        "Artist": "Dod Haim",
        "Key": "6B",
        "Energy": 8.937999999999999,
        "Popularity": 1.0,
        "BPM": 124,
        "DJ Play Count": 0,
        "Rating": "*******",
        "My Tag": [
            "Sp- Kids Party, PEGI 4 [Age], Israel [Loc]",
            "2000s",
            "Happy"
        ],
        "Additional Info": {
            "id": "3487eL6T6Kb7exsekIASwv",
            "explicit": false,
            "album": "דוד חיים",
            "release_date": "2008-01-01",
            "genres": [],
            "duration": 118667,
            "acousticness": 0.143,
            "danceability": 7.714,
            "instrumentalness": 0,
            "liveness": 0.331,
            "loudness": -3.762,
            "speechiness": 0.0351,
            "time_signature": 4,
            "happiness": 9.64
        }
    },
    {
        "#": 6,
        "Track Title": "יום הולדת",
        "Artist": "Eden Band",
        "Key": "7B",
        "Energy": 9.577,
        "Popularity": 1.0,
        "BPM": 127,
        "DJ Play Count": 0,
        "Rating": "*******",
        "My Tag": [
            "Sp- Kids Party, PEGI 4 [Age], Israel [Loc]",
            "90s",
            "Happy"
        ],
        "Additional Info": {
            "id": "0Ii7Omnl9BwzUiBj4DyhA2",
            "explicit": false,
            "album": "יום הולדת",
            "release_date": "1999-05-01",
            "genres": [],
            "duration": 180326,
            "acousticness": 0.0207,
            "danceability": 7.039000000000001,
            "instrumentalness": 0,
            "liveness": 0.341,
            "loudness": -2.744,
            "speechiness": 0.0972,
            "time_signature": 4,
            "happiness": 8.191
        }
    },
    {
        "#": 7,
        "Track Title": "היום יום הולדת, לרותי יום הולדת, יום הולדת חגיגה נחמדת",
        "Artist": "Uzi Hitman",
        "Key": "8B",
        "Energy": 7.894,
        "Popularity": 1.0,
        "BPM": 130,
        "DJ Play Count": 0,
        "Rating": "*******",
        "My Tag": [
            "Sp- Kids Party, PEGI 4 [Age], Israel [Loc]",
            "2000s",
            "Happy"
        ],
        "Additional Info": {
            "id": "27Grk3lrZJOo0tzvIl1MG6",
            "explicit": false,
            "album": "שר לילדים (חלק א)",
            "release_date": "2008-11-01",
            "genres": [
                "classic israeli pop"
            ],
            "duration": 108880,
            "acousticness": 0.685,
            "danceability": 7.0840000000000005,
            "instrumentalness": 4.09e-05,
            "liveness": 0.204,
            "loudness": -5.657,
            "speechiness": 0.0544,
            "time_signature": 4,
            "happiness": 8.460999999999999
        }
    },
    {
        "#": 8,
        "Track Title": "יומולדת",
        "Artist": "Yaldey Bet Haetz, Café Shahor Hazak",
        "Key": "12A",
        "Energy": 7.3629999999999995,
        "Popularity": 3.5200000000000005,
        "BPM": 106,
        "DJ Play Count": 0,
        "Rating": "*******",
        "My Tag": [
            "Sp- Kids Party, PEGI 4 [Age], Israel [Loc]",
            "2010s",
            "Hip Hop",
            "Israeli - Kibutz",
            "Happy"
        ],
        "Additional Info": {
            "id": "40HdCmzghUr9KVjZh6JVUp",
            "explicit": false,
            "album": "ילדי בית העץ 2",
            "release_date": "2016-12-05",
            "genres": [
                "muzika l'yeladim",
                "israeli hip hop"
            ],
            "duration": 191920,
            "acousticness": 0.223,
            "danceability": 8.182,
            "instrumentalness": 0,
            "liveness": 0.292,
            "loudness": -7.817,
            "speechiness": 0.0973,
            "time_signature": 4,
            "happiness": 9.118
        }
    },
    {
        "#": 9,
        "Track Title": "יום הולדת",
        "Artist": "Eliad",
        "Key": "3B",
        "Energy": 5.563,
        "Popularity": 4.42,
        "BPM": 92,
        "DJ Play Count": 0,
        "Rating": "*******",
        "My Tag": [
            "Sp- Kids Party, PEGI 4 [Age], Israel [Loc]",
            "2020s",
            "Pop",
            "Israeli - Kibutz"
        ],
        "Additional Info": {
            "id": "56YfxWKh3ZOkvRtHWBss98",
            "explicit": false,
            "album": "יום הולדת",
            "release_date": "2020-06-25",
            "genres": [
                "israeli pop"
            ],
            "duration": 195588,
            "acousticness": 0.489,
            "danceability": 8.038,
            "instrumentalness": 0,
            "liveness": 0.267,
            "loudness": -6.527,
            "speechiness": 0.0963,
            "time_signature": 4,
            "happiness": 5.824
        }
    },
    {
        "#": 10,
        "Track Title": "איזה יום שמח",
        "Artist": "Miki Kam",
        "Key": "9B",
        "Energy": 5.896000000000001,
        "Popularity": 1.0,
        "BPM": 135,
        "DJ Play Count": 0,
        "Rating": "*******",
        "My Tag": [
            "Sp- Kids Party, PEGI 4 [Age], Israel [Loc]",
            "70s",
            "Happy"
        ],
        "Additional Info": {
            "id": "1uXAszeXeLJ9IfTtZgtuuu",
            "explicit": false,
            "album": "עוגה עוגה - 30 שירי יום הולדת ומשחק לפעוטות",
            "release_date": "1979-01-01",
            "genres": [
                "festigal"
            ],
            "duration": 119427,
            "acousticness": 0.723,
            "danceability": 5.9590000000000005,
            "instrumentalness": 0,
            "liveness": 0.0545,
            "loudness": -5.832,
            "speechiness": 0.0748,
            "time_signature": 4,
            "happiness": 8.407
        }
    },
    {
        "#": 11,
        "Track Title": "Happy Birthday - Arabic",
        "Artist": "Mehmet Ellik",
        "Key": "4B",
        "Energy": 8.767,
        "Popularity": 3.88,
        "BPM": 125,
        "DJ Play Count": 0,
        "Rating": "*******",
        "My Tag": [
            "Sp- Kids Party, PEGI 4 [Age], Israel [Loc]",
            "2010s",
            "Happy"
        ],
        "Additional Info": {
            "id": "5T5YkwsMiSNYslPpXdq8fU",
            "explicit": false,
            "album": "Happy Birthday",
            "release_date": "2013-01-01",
            "genres": [],
            "duration": 142609,
            "acousticness": 0.202,
            "danceability": 8.776,
            "instrumentalness": 0.00139,
            "liveness": 0.0353,
            "loudness": -9.231,
            "speechiness": 0.0486,
            "time_signature": 4,
            "happiness": 9.406
        }
    },
    {
        "#": 12,
        "Track Title": "Yesh Li Yom Huledet",
        "Artist": "Chicolulu",
        "Key": "4B",
        "Energy": 3.4210000000000003,
        "Popularity": 2.8,
        "BPM": 137,
        "DJ Play Count": 0,
        "Rating": "*******",
        "My Tag": [
            "Sp- Kids Party, PEGI 4 [Age], Israel [Loc]",
            "2010s"
        ],
        "Additional Info": {
            "id": "5jsIip8ZSk714BfDUKlm90",
            "explicit": false,
            "album": "Hamesiba Shel Chicolulu",
            "release_date": "2010",
            "genres": [],
            "duration": 120372,
            "acousticness": 0.68,
            "danceability": 6.544,
            "instrumentalness": 0,
            "liveness": 0.861,
            "loudness": -22.11,
            "speechiness": 0.0856,
            "time_signature": 4,
            "happiness": 6.661
        }
    },
    {
        "#": 13,
        "Track Title": "סבא בא, אבא בא",
        "Artist": "Lior Elbo",
        "Key": "3A",
        "Energy": 4.897,
        "Popularity": 3.97,
        "BPM": 104,
        "DJ Play Count": 0,
        "Rating": "*******",
        "My Tag": [
            "Sp- Kids Party, PEGI 4 [Age], Israel [Loc]",
            "2000s",
            "Happy"
        ],
        "Additional Info": {
            "id": "0YCk7WVTX7MlKNfUxU5RQG",
            "explicit": false,
            "album": "שירים ראשונים לגיל הרך 28 (ביצועים מקוריים ומיוחדים)",
            "release_date": "2004",
            "genres": [],
            "duration": 126587,
            "acousticness": 0.812,
            "danceability": 8.245000000000001,
            "instrumentalness": 1.51e-05,
            "liveness": 0.0924,
            "loudness": -9.69,
            "speechiness": 0.114,
            "time_signature": 4,
            "happiness": 9.712
        }
    },
    {
        "#": 14,
        "Track Title": "יום הולדת",
        "Artist": "תלתלית וזוקו",
        "Key": "11A",
        "Energy": 8.083,
        "Popularity": 2.71,
        "BPM": 120,
        "DJ Play Count": 0,
        "Rating": "*******",
        "My Tag": [
            "Sp- Kids Party, PEGI 4 [Age], Israel [Loc]",
            "2020s",
            "Happy"
        ],
        "Additional Info": {
            "id": "1jYxplZcn3o2AMqWTmwMG9",
            "explicit": false,
            "album": "תלתלית וזוקו",
            "release_date": "2021-01-15",
            "genres": [],
            "duration": 158000,
            "acousticness": 0.162,
            "danceability": 8.02,
            "instrumentalness": 2.03e-05,
            "liveness": 0.19,
            "loudness": -6.831,
            "speechiness": 0.0351,
            "time_signature": 4,
            "happiness": 7.102
        }
    },
    {
        "#": 15,
        "Track Title": "יום הולדת ל...",
        "Artist": "Yaffa Yarkoni",
        "Key": "6B",
        "Energy": 3.763,
        "Popularity": 3.61,
        "BPM": 113,
        "DJ Play Count": 0,
        "Rating": "*******",
        "My Tag": [
            "Sp- Kids Party, PEGI 4 [Age], Israel [Loc]",
            "2000s",
            "Happy"
        ],
        "Additional Info": {
            "id": "3DidollV31vFF1F4tNwz1N",
            "explicit": false,
            "album": "גדלתי בשנה",
            "release_date": "2004-05-06",
            "genres": [
                "classic israeli pop"
            ],
            "duration": 82693,
            "acousticness": 0.775,
            "danceability": 7.5249999999999995,
            "instrumentalness": 0,
            "liveness": 0.0833,
            "loudness": -10.73,
            "speechiness": 0.0454,
            "time_signature": 4,
            "happiness": 9.298
        }
    },
    {
        "#": 16,
        "Track Title": "מחרוזת ימי הולדת",
        "Artist": "Dalia Amihood",
        "Key": "4A",
        "Energy": 9.244,
        "Popularity": 2.8899999999999997,
        "BPM": 120,
        "DJ Play Count": 0,
        "Rating": "*******",
        "My Tag": [
            "Sp- Kids Party, PEGI 4 [Age], Israel [Loc]",
            "2010s"
        ],
        "Additional Info": {
            "id": "1itxdY7DBKvGLc01RaOdq1",
            "explicit": false,
            "album": "שירי ילדות",
            "release_date": "2010-01-01",
            "genres": [],
            "duration": 282373,
            "acousticness": 0.436,
            "danceability": 8.74,
            "instrumentalness": 0,
            "liveness": 0.13,
            "loudness": -6.424,
            "speechiness": 0.0491,
            "time_signature": 4,
            "happiness": 6.922000000000001
        }
    },
    {
        "#": 17,
        "Track Title": "יום הולדת לאלי החתול",
        "Artist": "אלי החתול והחברים",
        "Key": "3B",
        "Energy": 7.174,
        "Popularity": 3.79,
        "BPM": 135,
        "DJ Play Count": 0,
        "Rating": "*******",
        "My Tag": [
            "Sp- Kids Party, PEGI 4 [Age], Israel [Loc]",
            "2020s",
            "Happy"
        ],
        "Additional Info": {
            "id": "27fhBtzdJeqEvqCEBKb8KH",
            "explicit": false,
            "album": "יום הולדת לאלי החתול",
            "release_date": "2022-01-16",
            "genres": [],
            "duration": 152845,
            "acousticness": 0.559,
            "danceability": 7.786,
            "instrumentalness": 0,
            "liveness": 0.0592,
            "loudness": -4.769,
            "speechiness": 0.0372,
            "time_signature": 4,
            "happiness": 9.658
        }
    },
    {
        "#": 18,
        "Track Title": "יש לי יום הולדת",
        "Artist": "Apocalypse",
        "Key": "10B",
        "Energy": 6.247,
        "Popularity": 3.88,
        "BPM": 148,
        "DJ Play Count": 0,
        "Rating": "*******",
        "My Tag": [
            "Sp- Kids Party, PEGI 4 [Age], Israel [Loc]",
            "70s",
            "Happy"
        ],
        "Additional Info": {
            "id": "0FLOMD95axrNm7B9RZf6SL",
            "explicit": false,
            "album": "אחרית הימים",
            "release_date": "1972-01-01",
            "genres": [
                "classic israeli pop"
            ],
            "duration": 233160,
            "acousticness": 0.232,
            "danceability": 5.194,
            "instrumentalness": 0,
            "liveness": 0.0475,
            "loudness": -10.665,
            "speechiness": 0.0401,
            "time_signature": 4,
            "happiness": 9.685
        }
    },
    {
        "#": 19,
        "Track Title": "יומו יומולדת שלי",
        "Artist": "Meni Mamtera",
        "Key": "10B",
        "Energy": 9.703,
        "Popularity": 3.34,
        "BPM": 113,
        "DJ Play Count": 0,
        "Rating": "*******",
        "My Tag": [
            "Sp- Kids Party, PEGI 4 [Age], Israel [Loc]",
            "2010s",
            "Happy"
        ],
        "Additional Info": {
            "id": "0kiEjkBPHL8Qxvog8N7LIU",
            "explicit": false,
            "album": "מני ממטרה",
            "release_date": "2016-03-17",
            "genres": [],
            "duration": 127347,
            "acousticness": 0.41,
            "danceability": 8.281,
            "instrumentalness": 0,
            "liveness": 0.165,
            "loudness": -2.509,
            "speechiness": 0.0603,
            "time_signature": 4,
            "happiness": 8.506
        }
    },
    {
        "#": 20,
        "Track Title": "למי יש יום הילדת",
        "Artist": "Orna Datz, Moshe Datz",
        "Key": "12B",
        "Energy": 6.391,
        "Popularity": 3.5200000000000005,
        "BPM": 99,
        "DJ Play Count": 0,
        "Rating": "*******",
        "My Tag": [
            "Sp- Kids Party, PEGI 4 [Age], Israel [Loc]",
            "2000s",
            "Happy"
        ],
        "Additional Info": {
            "id": "2DNqsyOOwHM7G5rgXJvYxW",
            "explicit": false,
            "album": "בא לי מסיבה לי",
            "release_date": "2002-01-01",
            "genres": [
                "festigal"
            ],
            "duration": 202587,
            "acousticness": 0.737,
            "danceability": 7.633,
            "instrumentalness": 0,
            "liveness": 0.623,
            "loudness": -7.172,
            "speechiness": 0.0739,
            "time_signature": 4,
            "happiness": 7.075
        }
    },
    {
        "#": 21,
        "Track Title": "עוגה עוגה",
        "Artist": "Uzi Hitman",
        "Key": "11B",
        "Energy": 8.623,
        "Popularity": 3.79,
        "BPM": 110,
        "DJ Play Count": 0,
        "Rating": "*******",
        "My Tag": [
            "Sp- Kids Party, PEGI 4 [Age], Israel [Loc]",
            "2000s",
            "Happy"
        ],
        "Additional Info": {
            "id": "2N3gTIGJAL8oRt0dowQFnw",
            "explicit": false,
            "album": "שר לילדים (חלק ג)",
            "release_date": "2008-11-01",
            "genres": [
                "classic israeli pop"
            ],
            "duration": 54747,
            "acousticness": 0.759,
            "danceability": 8.379999999999999,
            "instrumentalness": 1.71e-05,
            "liveness": 0.296,
            "loudness": -5.763,
            "speechiness": 0.0515,
            "time_signature": 4,
            "happiness": 9.649
        }
    },
    {
        "#": 22,
        "Track Title": "מסיבת ריקודים",
        "Artist": "Yuval Shemtov",
        "Key": "1A",
        "Energy": 9.136000000000001,
        "Popularity": 3.43,
        "BPM": 124,
        "DJ Play Count": 0,
        "Rating": "*******",
        "My Tag": [
            "Sp- Kids Party, PEGI 4 [Age], Israel [Loc]",
            "2010s",
            "Happy"
        ],
        "Additional Info": {
            "id": "40qJoVXTsnwBPWxhpSmeHW",
            "explicit": false,
            "album": "מיטב השירים",
            "release_date": "2017",
            "genres": [],
            "duration": 219000,
            "acousticness": 0.0236,
            "danceability": 8.668,
            "instrumentalness": 0,
            "liveness": 0.0224,
            "loudness": -2.13,
            "speechiness": 0.0654,
            "time_signature": 4,
            "happiness": 9.046
        }
    },
    {
        "#": 23,
        "Track Title": "הרם סם סם",
        "Artist": "Cogomelo",
        "Key": "6A",
        "Energy": 8.334999999999999,
        "Popularity": 3.79,
        "BPM": 90,
        "DJ Play Count": 0,
        "Rating": "*******",
        "My Tag": [
            "Sp- Kids Party, PEGI 4 [Age], Israel [Loc]",
            "2010s",
            "Happy"
        ],
        "Additional Info": {
            "id": "44BFnXn0fHRMTn3I3ihbU6",
            "explicit": false,
            "album": "קוגומלו - המיטב",
            "release_date": "2018-01-01",
            "genres": [],
            "duration": 130253,
            "acousticness": 0.372,
            "danceability": 5.644,
            "instrumentalness": 0,
            "liveness": 0.0994,
            "loudness": -6.212,
            "speechiness": 0.349,
            "time_signature": 4,
            "happiness": 8.460999999999999
        }
    },
    {
        "#": 24,
        "Track Title": "מצעד החיקויים 2",
        "Artist": "Meni Mamtera",
        "Key": "9A",
        "Energy": 9.433,
        "Popularity": 3.79,
        "BPM": 128,
        "DJ Play Count": 0,
        "Rating": "*******",
        "My Tag": [
            "Sp- Kids Party, PEGI 4 [Age], Israel [Loc]",
            "2010s",
            "Happy"
        ],
        "Additional Info": {
            "id": "0bEAgP5cdc4CeKZJ59Evrb",
            "explicit": false,
            "album": "מצעד החיקויים 2",
            "release_date": "2019-07-18",
            "genres": [],
            "duration": 191156,
            "acousticness": 0.0505,
            "danceability": 7.849,
            "instrumentalness": 3.9e-05,
            "liveness": 0.0886,
            "loudness": -3.016,
            "speechiness": 0.0643,
            "time_signature": 4,
            "happiness": 7.75
        }
    },
    {
        "#": 25,
        "Track Title": "מחרוזת: יום הולדת",
        "Artist": "Aviad Sahar",
        "Key": "2B",
        "Energy": 9.549999999999999,
        "Popularity": 3.0700000000000003,
        "BPM": 125,
        "DJ Play Count": 0,
        "Rating": "*******",
        "My Tag": [
            "Sp- Kids Party, PEGI 4 [Age], Israel [Loc]",
            "2010s",
            "Happy"
        ],
        "Additional Info": {
            "id": "79eXInBJRFdgtJEKfCLXrj",
            "explicit": false,
            "album": "מחרוזת: יום הולדת",
            "release_date": "2019-08-12",
            "genres": [],
            "duration": 304000,
            "acousticness": 0.128,
            "danceability": 7.308999999999999,
            "instrumentalness": 0,
            "liveness": 0.334,
            "loudness": -3.633,
            "speechiness": 0.041,
            "time_signature": 4,
            "happiness": 8.559999999999999
        }
    },
    {
        "#": 26,
        "Track Title": "יש לי יום הולדת",
        "Artist": "Itay Levi",
        "Key": "4A",
        "Energy": 4.933,
        "Popularity": 3.61,
        "BPM": 102,
        "DJ Play Count": 0,
        "Rating": "*******",
        "My Tag": [
            "Sp- Kids Party, PEGI 4 [Age], Israel [Loc]",
            "2020s",
            "Mizrahit",
            "Israeli - Kibutz"
        ],
        "Additional Info": {
            "id": "72FiXUaobiRAxN8PvqRGMo",
            "explicit": false,
            "album": "יש לי יום הולדת",
            "release_date": "2021-08-18",
            "genres": [
                "israeli mediterranean",
                "mizrahi"
            ],
            "duration": 183294,
            "acousticness": 0.409,
            "danceability": 8.776,
            "instrumentalness": 0,
            "liveness": 0.076,
            "loudness": -8.372,
            "speechiness": 0.159,
            "time_signature": 4,
            "happiness": 5.824
        }
    },
    {
        "#": 27,
        "Track Title": "היום יום הולדת",
        "Artist": "Choir",
        "Key": "8B",
        "Energy": 4.798,
        "Popularity": 1.0,
        "BPM": 93,
        "DJ Play Count": 0,
        "Rating": "*******",
        "My Tag": [
            "Sp- Kids Party, PEGI 4 [Age], Israel [Loc]",
            "70s"
        ],
        "Additional Info": {
            "id": "2XLLJ26K9su86R8qr8JhuS",
            "explicit": false,
            "album": "עוגה עוגה - 30 שירי יום הולדת ומשחק לפעוטות",
            "release_date": "1979-01-01",
            "genres": [
                "french movie tunes"
            ],
            "duration": 96187,
            "acousticness": 0.582,
            "danceability": 6.886,
            "instrumentalness": 0,
            "liveness": 0.322,
            "loudness": -7.529,
            "speechiness": 0.0457,
            "time_signature": 4,
            "happiness": 6.931
        }
    },
    {
        "#": 28,
        "Track Title": "יום הולדת",
        "Artist": "Eden Band",
        "Key": "7B",
        "Energy": 9.577,
        "Popularity": 1.0,
        "BPM": 127,
        "DJ Play Count": 0,
        "Rating": "*******",
        "My Tag": [
            "Sp- Kids Party, PEGI 4 [Age], Israel [Loc]",
            "90s",
            "Happy"
        ],
        "Additional Info": {
            "id": "0Ii7Omnl9BwzUiBj4DyhA2",
            "explicit": false,
            "album": "יום הולדת",
            "release_date": "1999-05-01",
            "genres": [],
            "duration": 180326,
            "acousticness": 0.0207,
            "danceability": 7.039000000000001,
            "instrumentalness": 0,
            "liveness": 0.341,
            "loudness": -2.744,
            "speechiness": 0.0972,
            "time_signature": 4,
            "happiness": 8.191
        }
    },
    {
        "#": 29,
        "Track Title": "יום הולדת שמח",
        "Artist": "Oded Menashe",
        "Key": "8B",
        "Energy": 9.495999999999999,
        "Popularity": 3.79,
        "BPM": 134,
        "DJ Play Count": 0,
        "Rating": "*******",
        "My Tag": [
            "Sp- Kids Party, PEGI 4 [Age], Israel [Loc]",
            "90s",
            "Happy"
        ],
        "Additional Info": {
            "id": "4K6lTiQFQBf5WpxtZ9AK22",
            "explicit": false,
            "album": "עודד אמר",
            "release_date": "1998-01-01",
            "genres": [
                "festigal"
            ],
            "duration": 202160,
            "acousticness": 0.0659,
            "danceability": 7.435,
            "instrumentalness": 0,
            "liveness": 0.148,
            "loudness": -5.626,
            "speechiness": 0.0539,
            "time_signature": 4,
            "happiness": 8.847999999999999
        }
    },
    {
        "#": 30,
        "Track Title": "היום יש לי יום הולדת",
        "Artist": "Dod Haim",
        "Key": "6B",
        "Energy": 8.937999999999999,
        "Popularity": 4.0600000000000005,
        "BPM": 124,
        "DJ Play Count": 0,
        "Rating": "*******",
        "My Tag": [
            "Sp- Kids Party, PEGI 4 [Age], Israel [Loc]",
            "2000s",
            "Happy"
        ],
        "Additional Info": {
            "id": "3JiGQR0RpPpVP8oTBKJO7d",
            "explicit": false,
            "album": "דוד חיים",
            "release_date": "2008-01-01",
            "genres": [],
            "duration": 118667,
            "acousticness": 0.143,
            "danceability": 7.714,
            "instrumentalness": 0,
            "liveness": 0.331,
            "loudness": -3.762,
            "speechiness": 0.0351,
            "time_signature": 4,
            "happiness": 9.64
        }
    },
    {
        "#": 31,
        "Track Title": "יום הולדת",
        "Artist": "Eliad",
        "Key": "3B",
        "Energy": 5.563,
        "Popularity": 4.42,
        "BPM": 92,
        "DJ Play Count": 0,
        "Rating": "*******",
        "My Tag": [
            "Sp- Kids Party, PEGI 4 [Age], Israel [Loc]",
            "2020s",
            "Pop",
            "Israeli - Kibutz"
        ],
        "Additional Info": {
            "id": "56YfxWKh3ZOkvRtHWBss98",
            "explicit": false,
            "album": "יום הולדת",
            "release_date": "2020-06-25",
            "genres": [
                "israeli pop"
            ],
            "duration": 195588,
            "acousticness": 0.489,
            "danceability": 8.038,
            "instrumentalness": 0,
            "liveness": 0.267,
            "loudness": -6.527,
            "speechiness": 0.0963,
            "time_signature": 4,
            "happiness": 5.824
        }
    },
    {
        "#": 32,
        "Track Title": "יש לי יום הולדת",
        "Artist": "Apocalypse",
        "Key": "10B",
        "Energy": 6.247,
        "Popularity": 1.0,
        "BPM": 148,
        "DJ Play Count": 0,
        "Rating": "*******",
        "My Tag": [
            "Sp- Kids Party, PEGI 4 [Age], Israel [Loc]",
            "70s",
            "Happy"
        ],
        "Additional Info": {
            "id": "7pkzLdBufHJoJbqXJPHbK5",
            "explicit": false,
            "album": "אחרית הימים",
            "release_date": "1972-01-01",
            "genres": [
                "classic israeli pop"
            ],
            "duration": 233160,
            "acousticness": 0.232,
            "danceability": 5.203,
            "instrumentalness": 0,
            "liveness": 0.0475,
            "loudness": -10.665,
            "speechiness": 0.0401,
            "time_signature": 4,
            "happiness": 9.676
        }
    },
    {
        "#": 33,
        "Track Title": "חג לי",
        "Artist": "Cast of \"Hag Li\"",
        "Key": "8A",
        "Energy": 4.213,
        "Popularity": 1.0,
        "BPM": 138,
        "DJ Play Count": 0,
        "Rating": "*******",
        "My Tag": [
            "Sp- Kids Party, PEGI 4 [Age], Israel [Loc]",
            "70s",
            "Happy"
        ],
        "Additional Info": {
            "id": "3piHQBm8LUZurhvSO3Qhe2",
            "explicit": false,
            "album": "\"חג לי\" שירים וספורים מתכנית הטלויזיה",
            "release_date": "1974-01-01",
            "genres": [],
            "duration": 89160,
            "acousticness": 0.782,
            "danceability": 7.696,
            "instrumentalness": 0,
            "liveness": 0.122,
            "loudness": -10.618,
            "speechiness": 0.0409,
            "time_signature": 4,
            "happiness": 8.506
        }
    },
    {
        "#": 34,
        "Track Title": "יום הולדת בא",
        "Artist": "Ofra Weingarten, Dudu Zar",
        "Key": "9B",
        "Energy": 4.87,
        "Popularity": 1.0,
        "BPM": 136,
        "DJ Play Count": 0,
        "Rating": "*******",
        "My Tag": [
            "Sp- Kids Party, PEGI 4 [Age], Israel [Loc]",
            "80s",
            "Happy"
        ],
        "Additional Info": {
            "id": "1DFibasJTt80UbvXQWcfCu",
            "explicit": false,
            "album": "עוד פרפר נחמד",
            "release_date": "1983-01-01",
            "genres": [
                "muzika l'yeladim",
                "muzika l'yeladim"
            ],
            "duration": 85133,
            "acousticness": 0.846,
            "danceability": 6.544,
            "instrumentalness": 4.96e-05,
            "liveness": 0.0466,
            "loudness": -11.043,
            "speechiness": 0.0523,
            "time_signature": 4,
            "happiness": 9.676
        }
    },
    {
        "#": 35,
        "Track Title": "כן תזכה לשנה הבאה",
        "Artist": "Dudu Elharar",
        "Key": "10B",
        "Energy": 5.2749999999999995,
        "Popularity": 1.0,
        "BPM": 94,
        "DJ Play Count": 0,
        "Rating": "*******",
        "My Tag": [
            "Sp- Kids Party, PEGI 4 [Age], Israel [Loc]",
            "70s",
            "Happy"
        ],
        "Additional Info": {
            "id": "1PjitxBZcGCB5tBNWLIhSV",
            "explicit": false,
            "album": "עוגה עוגה - 30 שירי יום הולדת ומשחק לפעוטות",
            "release_date": "1979-01-01",
            "genres": [
                "classic israeli pop",
                "muzika l'yeladim"
            ],
            "duration": 160640,
            "acousticness": 0.0633,
            "danceability": 6.481,
            "instrumentalness": 0,
            "liveness": 0.0592,
            "loudness": -8.674,
            "speechiness": 0.0401,
            "time_signature": 4,
            "happiness": 7.327
        }
    },
    {
        "#": 36,
        "Track Title": "יום הולדת שמח",
        "Artist": "Boys and Girls Group",
        "Key": "11A",
        "Energy": 2.296,
        "Popularity": 1.0,
        "BPM": 85,
        "DJ Play Count": 0,
        "Rating": "*******",
        "My Tag": [
            "Sp- Kids Party, PEGI 4 [Age], Israel [Loc]",
            "2000s"
        ],
        "Additional Info": {
            "id": "5Ddt8uUH77oSSyPeYodq2r",
            "explicit": false,
            "album": "שירי הילדים הגדולים בכל הזמנים",
            "release_date": "2008-04-09",
            "genres": [],
            "duration": 54573,
            "acousticness": 0.906,
            "danceability": 5.122,
            "instrumentalness": 0,
            "liveness": 0.527,
            "loudness": -4.826,
            "speechiness": 0.0335,
            "time_signature": 3,
            "happiness": 5.293
        }
    },
    {
        "#": 37,
        "Track Title": "איזה יום שמח",
        "Artist": "Miki Kam",
        "Key": "9B",
        "Energy": 5.896000000000001,
        "Popularity": 1.0,
        "BPM": 135,
        "DJ Play Count": 0,
        "Rating": "*******",
        "My Tag": [
            "Sp- Kids Party, PEGI 4 [Age], Israel [Loc]",
            "70s",
            "Happy"
        ],
        "Additional Info": {
            "id": "1uXAszeXeLJ9IfTtZgtuuu",
            "explicit": false,
            "album": "עוגה עוגה - 30 שירי יום הולדת ומשחק לפעוטות",
            "release_date": "1979-01-01",
            "genres": [
                "festigal"
            ],
            "duration": 119427,
            "acousticness": 0.723,
            "danceability": 5.9590000000000005,
            "instrumentalness": 0,
            "liveness": 0.0545,
            "loudness": -5.832,
            "speechiness": 0.0748,
            "time_signature": 4,
            "happiness": 8.407
        }
    },
    {
        "#": 38,
        "Track Title": "יום הולדת",
        "Artist": "Osnat Paz",
        "Key": "10A",
        "Energy": 5.6080000000000005,
        "Popularity": 1.0,
        "BPM": 92,
        "DJ Play Count": 0,
        "Rating": "*******",
        "My Tag": [
            "Sp- Kids Party, PEGI 4 [Age], Israel [Loc]",
            "60s",
            "Happy"
        ],
        "Additional Info": {
            "id": "5M16bNk4OJi9MahXrKkBE3",
            "explicit": false,
            "album": "בשירי ילדים של היום ושל אז",
            "release_date": "1968-01-01",
            "genres": [
                "muzika l'yeladim"
            ],
            "duration": 49800,
            "acousticness": 0.42,
            "danceability": 7.039000000000001,
            "instrumentalness": 8.52e-05,
            "liveness": 0.0651,
            "loudness": -7.632,
            "speechiness": 0.0397,
            "time_signature": 4,
            "happiness": 9.64
        }
    },
    {
        "#": 39,
        "Track Title": "יום הולדת",
        "Artist": "Hana Laszlo",
        "Key": "8A",
        "Energy": 4.519,
        "Popularity": 3.88,
        "BPM": 104,
        "DJ Play Count": 0,
        "Rating": "*******",
        "My Tag": [
            "Sp- Kids Party, PEGI 4 [Age], Israel [Loc]",
            "80s"
        ],
        "Additional Info": {
            "id": "2RSFidcFEMcbmuqP1VDIKa",
            "explicit": false,
            "album": "100 שירים ראשונים (חלק א)",
            "release_date": "1981-04-01",
            "genres": [
                "muzika l'yeladim"
            ],
            "duration": 59000,
            "acousticness": 0.609,
            "danceability": 6.327999999999999,
            "instrumentalness": 1.9e-06,
            "liveness": 0.128,
            "loudness": -10.858,
            "speechiness": 0.0488,
            "time_signature": 4,
            "happiness": 5.86
        }
    },
    {
        "#": 40,
        "Track Title": "גדלתי בשנה",
        "Artist": "Effi Ben Israel",
        "Key": "9B",
        "Energy": 5.968,
        "Popularity": 1.0,
        "BPM": 137,
        "DJ Play Count": 0,
        "Rating": "*******",
        "My Tag": [
            "Sp- Kids Party, PEGI 4 [Age], Israel [Loc]",
            "2000s",
            "Happy"
        ],
        "Additional Info": {
            "id": "25qZBMGei4SspqClAqea3z",
            "explicit": false,
            "album": "שירי הילדים הגדולים בכל הזמנים",
            "release_date": "2008-04-09",
            "genres": [
                "muzika l'yeladim"
            ],
            "duration": 78867,
            "acousticness": 0.206,
            "danceability": 6.985,
            "instrumentalness": 0,
            "liveness": 0.0954,
            "loudness": -4.146,
            "speechiness": 0.0311,
            "time_signature": 4,
            "happiness": 7.876
        }
    },
    {
        "#": 41,
        "Track Title": "עוגה עוגה",
        "Artist": "Hana Laszlo, Chani Lindenboim",
        "Key": "11B",
        "Energy": 3.178,
        "Popularity": 1.0,
        "BPM": 110,
        "DJ Play Count": 0,
        "Rating": "*******",
        "My Tag": [
            "Sp- Kids Party, PEGI 4 [Age], Israel [Loc]",
            "70s"
        ],
        "Additional Info": {
            "id": "077EhtmqO8MAsfZFcUQV8N",
            "explicit": false,
            "album": "עוגה עוגה - 30 שירי יום הולדת ומשחק לפעוטות",
            "release_date": "1979-01-01",
            "genres": [
                "muzika l'yeladim"
            ],
            "duration": 124507,
            "acousticness": 0.77,
            "danceability": 5.68,
            "instrumentalness": 0,
            "liveness": 0.0706,
            "loudness": -7.136,
            "speechiness": 0.0305,
            "time_signature": 4,
            "happiness": 4.546
        }
    },
    {
        "#": 42,
        "Track Title": "כולם מוחאים אתי כף",
        "Artist": "Chava Alberstein",
        "Key": "8B",
        "Energy": 4.627000000000001,
        "Popularity": 1.0,
        "BPM": 112,
        "DJ Play Count": 0,
        "Rating": "*******",
        "My Tag": [
            "Sp- Kids Party, PEGI 4 [Age], Israel [Loc]",
            "70s",
            "Happy"
        ],
        "Additional Info": {
            "id": "1o93l9MIc2TUJQuusyek9j",
            "explicit": false,
            "album": "טיקיליטון",
            "release_date": "1977-01-01",
            "genres": [
                "classic israeli pop",
                "israeli singer-songwriter"
            ],
            "duration": 117560,
            "acousticness": 0.929,
            "danceability": 7.507,
            "instrumentalness": 0,
            "liveness": 0.0819,
            "loudness": -6.232,
            "speechiness": 0.0862,
            "time_signature": 3,
            "happiness": 7.183000000000001
        }
    },
    {
        "#": 43,
        "Track Title": "רק פעם בשנה",
        "Artist": "Orna & Moshe Datz",
        "Key": "10B",
        "Energy": 6.931,
        "Popularity": 1.0,
        "BPM": 95,
        "DJ Play Count": 0,
        "Rating": "*******",
        "My Tag": [
            "Sp- Kids Party, PEGI 4 [Age], Israel [Loc]",
            "2000s",
            "Happy"
        ],
        "Additional Info": {
            "id": "25DfPPlqW1BOG7PpNWsEcF",
            "explicit": false,
            "album": "שירי הילדים הגדולים בכל הזמנים",
            "release_date": "2008-04-09",
            "genres": [
                "classic israeli pop"
            ],
            "duration": 191827,
            "acousticness": 0.67,
            "danceability": 8.748999999999999,
            "instrumentalness": 0,
            "liveness": 0.107,
            "loudness": -4.086,
            "speechiness": 0.0384,
            "time_signature": 4,
            "happiness": 9.649
        }
    },
    {
        "#": 44,
        "Track Title": "יום הולדת לאלי החתול",
        "Artist": "אלי החתול והחברים",
        "Key": "3B",
        "Energy": 7.174,
        "Popularity": 1.0,
        "BPM": 135,
        "DJ Play Count": 0,
        "Rating": "*******",
        "My Tag": [
            "Sp- Kids Party, PEGI 4 [Age], Israel [Loc]",
            "2020s",
            "Happy"
        ],
        "Additional Info": {
            "id": "3GePvBkXJXNc95YF159JbW",
            "explicit": false,
            "album": "יום הולדת לאלי החתול",
            "release_date": "2022-01-16",
            "genres": [],
            "duration": 152845,
            "acousticness": 0.559,
            "danceability": 7.786,
            "instrumentalness": 0,
            "liveness": 0.0592,
            "loudness": -4.769,
            "speechiness": 0.0372,
            "time_signature": 4,
            "happiness": 9.658
        }
    },
    {
        "#": 45,
        "Track Title": "איפה העוגה",
        "Artist": "Orna Datz, Moshe Datz",
        "Key": "8A",
        "Energy": 4.537,
        "Popularity": 4.33,
        "BPM": 118,
        "DJ Play Count": 0,
        "Rating": "*******",
        "My Tag": [
            "Sp- Kids Party, PEGI 4 [Age], Israel [Loc]",
            "2000s",
            "Happy"
        ],
        "Additional Info": {
            "id": "66gNCFxZt42oA2yNRJfs2t",
            "explicit": false,
            "album": "בא לי מסיבה לי",
            "release_date": "2002-01-01",
            "genres": [
                "festigal"
            ],
            "duration": 82400,
            "acousticness": 0.651,
            "danceability": 8.281,
            "instrumentalness": 0,
            "liveness": 0.0632,
            "loudness": -7.381,
            "speechiness": 0.0753,
            "time_signature": 4,
            "happiness": 8.407
        }
    },
    {
        "#": 46,
        "Track Title": "היי גילו נא",
        "Artist": "David D'Or",
        "Key": "8B",
        "Energy": 4.087,
        "Popularity": 3.16,
        "BPM": 99,
        "DJ Play Count": 0,
        "Rating": "*******",
        "My Tag": [
            "Sp- Kids Party, PEGI 4 [Age], Israel [Loc]",
            "90s",
            "Happy"
        ],
        "Additional Info": {
            "id": "4mL4Zce0vNKRavNyxikyvF",
            "explicit": false,
            "album": "כולם מוחאים איתי כף",
            "release_date": "1996-01-01",
            "genres": [
                "israeli singer-songwriter"
            ],
            "duration": 69133,
            "acousticness": 0.357,
            "danceability": 9.172,
            "instrumentalness": 0,
            "liveness": 0.198,
            "loudness": -9.603,
            "speechiness": 0.0422,
            "time_signature": 4,
            "happiness": 9.424000000000001
        }
    },
    {
        "#": 47,
        "Track Title": "למי יש יום הילדת",
        "Artist": "Orna Datz, Moshe Datz",
        "Key": "12B",
        "Energy": 6.391,
        "Popularity": 3.5200000000000005,
        "BPM": 99,
        "DJ Play Count": 0,
        "Rating": "*******",
        "My Tag": [
            "Sp- Kids Party, PEGI 4 [Age], Israel [Loc]",
            "2000s",
            "Happy"
        ],
        "Additional Info": {
            "id": "2DNqsyOOwHM7G5rgXJvYxW",
            "explicit": false,
            "album": "בא לי מסיבה לי",
            "release_date": "2002-01-01",
            "genres": [
                "festigal"
            ],
            "duration": 202587,
            "acousticness": 0.737,
            "danceability": 7.633,
            "instrumentalness": 0,
            "liveness": 0.623,
            "loudness": -7.172,
            "speechiness": 0.0739,
            "time_signature": 4,
            "happiness": 7.075
        }
    },
    {
        "#": 48,
        "Track Title": "שיר יום הולדת",
        "Artist": "מיילו",
        "Key": "10B",
        "Energy": 8.866,
        "Popularity": 3.25,
        "BPM": 80,
        "DJ Play Count": 0,
        "Rating": "*******",
        "My Tag": [
            "Sp- Kids Party, PEGI 4 [Age], Israel [Loc]",
            "2020s"
        ],
        "Additional Info": {
            "id": "5mpk8nKO1k8AElrToLkCdq",
            "explicit": false,
            "album": "שיר יום הולדת",
            "release_date": "2022-08-11",
            "genres": [],
            "duration": 148500,
            "acousticness": 0.0695,
            "danceability": 6.886,
            "instrumentalness": 0.000108,
            "liveness": 0.0777,
            "loudness": -6.717,
            "speechiness": 0.0864,
            "time_signature": 4,
            "happiness": 6.922000000000001
        }
    },
    {
        "#": 49,
        "Track Title": "יש לי יום הולדת",
        "Artist": "Orna Datz, Moshe Datz",
        "Key": "11A",
        "Energy": 7.066000000000001,
        "Popularity": 3.0700000000000003,
        "BPM": 135,
        "DJ Play Count": 0,
        "Rating": "*******",
        "My Tag": [
            "Sp- Kids Party, PEGI 4 [Age], Israel [Loc]",
            "2000s",
            "Happy"
        ],
        "Additional Info": {
            "id": "3oPnUM1eMn6cuTDf1qWc8k",
            "explicit": false,
            "album": "בא לי מסיבה לי",
            "release_date": "2002-01-01",
            "genres": [
                "festigal"
            ],
            "duration": 160893,
            "acousticness": 0.741,
            "danceability": 7.579,
            "instrumentalness": 0,
            "liveness": 0.139,
            "loudness": -7.019,
            "speechiness": 0.032,
            "time_signature": 5,
            "happiness": 9.693999999999999
        }
    },
    {
        "#": 50,
        "Track Title": "יום הולדת",
        "Artist": "Nurit Hirsh, Dalik Wollinitz, Sharon Shahal",
        "Key": "1A",
        "Energy": 5.077,
        "Popularity": 3.16,
        "BPM": 116,
        "DJ Play Count": 0,
        "Rating": "*******",
        "My Tag": [
            "Sp- Kids Party, PEGI 4 [Age], Israel [Loc]",
            "2000s",
            "Happy"
        ],
        "Additional Info": {
            "id": "7mKNRpF6Hsmnjq8MsyTtZw",
            "explicit": false,
            "album": "דיג דיג דוג - האוסף",
            "release_date": "2000-06-01",
            "genres": [
                "israeli classical"
            ],
            "duration": 134640,
            "acousticness": 0.745,
            "danceability": 7.138000000000001,
            "instrumentalness": 0,
            "liveness": 0.317,
            "loudness": -10.789,
            "speechiness": 0.0296,
            "time_signature": 4,
            "happiness": 9.136000000000001
        }
    },
    {
        "#": 51,
        "Track Title": "יום הולדת",
        "Artist": "Avi Toledano",
        "Key": "7A",
        "Energy": 7.507,
        "Popularity": 2.98,
        "BPM": 137,
        "DJ Play Count": 0,
        "Rating": "*******",
        "My Tag": [
            "Sp- Kids Party, PEGI 4 [Age], Israel [Loc]",
            "80s",
            "Happy"
        ],
        "Additional Info": {
            "id": "0k3M4BrhSgs3m5m4lLdLSF",
            "explicit": false,
            "album": "שירוויזיון 3",
            "release_date": "1981-12-01",
            "genres": [
                "classic israeli pop"
            ],
            "duration": 156650,
            "acousticness": 0.465,
            "danceability": 7.0120000000000005,
            "instrumentalness": 0,
            "liveness": 0.25,
            "loudness": -8.315,
            "speechiness": 0.0349,
            "time_signature": 4,
            "happiness": 9.693999999999999
        }
    },
    {
        "#": 52,
        "Track Title": "יומולדת",
        "Artist": "Yaldey Bet Haetz, Café Shahor Hazak",
        "Key": "12A",
        "Energy": 7.3629999999999995,
        "Popularity": 1.0,
        "BPM": 106,
        "DJ Play Count": 0,
        "Rating": "*******",
        "My Tag": [
            "Sp- Kids Party, PEGI 4 [Age], Israel [Loc]",
            "2010s",
            "Hip Hop",
            "Israeli - Kibutz",
            "Happy"
        ],
        "Additional Info": {
            "id": "7KaO2xgiJWzHLzAIFBaVy7",
            "explicit": false,
            "album": "ילדי בית העץ 2",
            "release_date": "2016-05-12",
            "genres": [
                "muzika l'yeladim",
                "israeli hip hop"
            ],
            "duration": 191920,
            "acousticness": 0.223,
            "danceability": 8.182,
            "instrumentalness": 0,
            "liveness": 0.292,
            "loudness": -7.817,
            "speechiness": 0.0974,
            "time_signature": 4,
            "happiness": 9.118
        }
    },
    {
        "#": 53,
        "Track Title": "יומולדת - Infected Mushroom Remix",
        "Artist": "Berry Sakharof, Infected Mushroom",
        "Key": "1A",
        "Energy": 8.407,
        "Popularity": 4.33,
        "BPM": 120,
        "DJ Play Count": 0,
        "Rating": "*******",
        "My Tag": [
            "Sp- Kids Party, PEGI 4 [Age], Israel [Loc]",
            "2000s"
        ],
        "Additional Info": {
            "id": "3jtXHIznBsnK5qPLVAdXbv",
            "explicit": false,
            "album": "Birthday",
            "release_date": "2002-07-26",
            "genres": [
                "classic israeli pop",
                "israeli rock",
                "psychedelic trance"
            ],
            "duration": 288587,
            "acousticness": 0.353,
            "danceability": 6.9670000000000005,
            "instrumentalness": 0.745,
            "liveness": 0.115,
            "loudness": -10.912,
            "speechiness": 0.0413,
            "time_signature": 4,
            "happiness": 6.228999999999999
        }
    }
]