[
    {
        "#": 1,
        "Track Title": "Feel Alright",
        "Artist": "Sean Paul",
        "Key": "1B",
        "Energy": 6.985,
        "Popularity": 4.96,
        "BPM": 120,
        "DJ Play Count": 0,
        "Rating": "*******",
        "My Tag": [
            "Bach Party",
            "2000s",
            "Pop",
            "Dance Remixes",
            "Happy"
        ],
        "Additional Info": {
            "id": "47uGUUYoi4JndJz0jrPkwB",
            "explicit": false,
            "album": "STRICTLY THE BEST VOL. 31",
            "release_date": "2005",
            "genres": [
                "dance pop",
                "dancehall",
                "pop",
                "pop rap"
            ],
            "duration": 185240,
            "acousticness": 0.489,
            "danceability": 9.738999999999999,
            "instrumentalness": 0,
            "liveness": 0.0604,
            "loudness": -6.017,
            "speechiness": 0.111,
            "time_signature": 4,
            "happiness": 9.667
        }
    },
    {
        "#": 2,
        "Track Title": "Gasolina",
        "Artist": "Daddy Yankee",
        "Key": "8B",
        "Energy": 8.173,
        "Popularity": 8.559999999999999,
        "BPM": 96,
        "DJ Play Count": 0,
        "Rating": "*******",
        "My Tag": [
            "Bach Party",
            "2000s",
            "Happy"
        ],
        "Additional Info": {
            "id": "228BxWXUYQPJrJYHDLOHkj",
            "explicit": false,
            "album": "Barrio Fino (Bonus Track Version)",
            "release_date": "2004-07-13",
            "genres": [
                "latin hip hop",
                "reggaeton",
                "trap latino",
                "urbano latino"
            ],
            "duration": 192600,
            "acousticness": 0.322,
            "danceability": 8.668,
            "instrumentalness": 2.69e-06,
            "liveness": 0.0845,
            "loudness": -6.543,
            "speechiness": 0.0614,
            "time_signature": 4,
            "happiness": 7.669
        }
    },
    {
        "#": 3,
        "Track Title": "Rompe",
        "Artist": "Daddy Yankee",
        "Key": "11B",
        "Energy": 8.722,
        "Popularity": 8.02,
        "BPM": 88,
        "DJ Play Count": 0,
        "Rating": "*******",
        "My Tag": [
            "Bach Party",
            "2000s"
        ],
        "Additional Info": {
            "id": "4Xtlw8oXkIOvzV7crUBKeZ",
            "explicit": true,
            "album": "Barrio Fino En Directo",
            "release_date": "2005-01-01",
            "genres": [
                "latin hip hop",
                "reggaeton",
                "trap latino",
                "urbano latino"
            ],
            "duration": 188627,
            "acousticness": 0.0727,
            "danceability": 7.263999999999999,
            "instrumentalness": 3.19e-06,
            "liveness": 0.0631,
            "loudness": -5.155,
            "speechiness": 0.0859,
            "time_signature": 4,
            "happiness": 5.797000000000001
        }
    },
    {
        "#": 4,
        "Track Title": "Safaera",
        "Artist": "Bad Bunny, Jowell & Randy, Ñengo Flow",
        "Key": "10B",
        "Energy": 8.460999999999999,
        "Popularity": 8.11,
        "BPM": 96,
        "DJ Play Count": 0,
        "Rating": "*******",
        "My Tag": [
            "Bach Party",
            "2020s",
            "Happy"
        ],
        "Additional Info": {
            "id": "2DEZmgHKAvm41k4J3R2E9Y",
            "explicit": true,
            "album": "YHLQMDLG",
            "release_date": "2020-02-29",
            "genres": [
                "reggaeton",
                "trap latino",
                "urbano latino",
                "reggaeton",
                "urbano latino",
                "reggaeton",
                "trap latino",
                "urbano latino"
            ],
            "duration": 295177,
            "acousticness": 0.0103,
            "danceability": 6.463,
            "instrumentalness": 0,
            "liveness": 0.107,
            "loudness": -4.074,
            "speechiness": 0.379,
            "time_signature": 4,
            "happiness": 7.165000000000001
        }
    },
    {
        "#": 5,
        "Track Title": "Tití Me Preguntó",
        "Artist": "Bad Bunny",
        "Key": "7A",
        "Energy": 7.435,
        "Popularity": 9.1,
        "BPM": 107,
        "DJ Play Count": 0,
        "Rating": "*******",
        "My Tag": [
            "Bach Party",
            "2020s",
            "Fight & Fog"
        ],
        "Additional Info": {
            "id": "1IHWl5LamUGEuP4ozKQSXZ",
            "explicit": true,
            "album": "Un Verano Sin Ti",
            "release_date": "2022-05-06",
            "genres": [
                "reggaeton",
                "trap latino",
                "urbano latino"
            ],
            "duration": 243717,
            "acousticness": 0.0993,
            "danceability": 6.8500000000000005,
            "instrumentalness": 0.000291,
            "liveness": 0.126,
            "loudness": -5.198,
            "speechiness": 0.253,
            "time_signature": 4,
            "happiness": 2.683
        }
    },
    {
        "#": 6,
        "Track Title": "I Like It - Dillon Francis Remix",
        "Artist": "Cardi B, Bad Bunny, J Balvin, Dillon Francis",
        "Key": "7A",
        "Energy": 8.686,
        "Popularity": 6.22,
        "BPM": 75,
        "DJ Play Count": 0,
        "Rating": "*******",
        "My Tag": [
            "Bach Party",
            "2010s",
            "Hip Hop",
            "EDM",
            "Dance Remixes"
        ],
        "Additional Info": {
            "id": "6WK7h2WfMmnX7zOZnfzoYo",
            "explicit": true,
            "album": "I Like It",
            "release_date": "2018-06-22",
            "genres": [
                "pop",
                "rap",
                "reggaeton",
                "trap latino",
                "urbano latino",
                "reggaeton",
                "reggaeton colombiano",
                "trap latino",
                "urbano latino",
                "brostep",
                "edm",
                "electro house",
                "moombahton",
                "pop dance",
                "progressive electro house",
                "slap house"
            ],
            "duration": 219200,
            "acousticness": 0.00256,
            "danceability": 7.579,
            "instrumentalness": 1.49e-05,
            "liveness": 0.386,
            "loudness": -4.635,
            "speechiness": 0.149,
            "time_signature": 4,
            "happiness": 6.859
        }
    },
    {
        "#": 7,
        "Track Title": "Salió El Sol",
        "Artist": "Don Omar",
        "Key": "12A",
        "Energy": 7.308999999999999,
        "Popularity": 8.2,
        "BPM": 110,
        "DJ Play Count": 0,
        "Rating": "*******",
        "My Tag": [
            "Bach Party",
            "2000s",
            "Happy"
        ],
        "Additional Info": {
            "id": "48NXpYRuvv9izul4oXhqS9",
            "explicit": false,
            "album": "King Of Kings",
            "release_date": "2006-01-01",
            "genres": [
                "latin hip hop",
                "puerto rican pop",
                "reggaeton",
                "trap latino",
                "urbano latino"
            ],
            "duration": 315293,
            "acousticness": 0.106,
            "danceability": 8.983,
            "instrumentalness": 0.00948,
            "liveness": 0.0466,
            "loudness": -5.892,
            "speechiness": 0.0873,
            "time_signature": 4,
            "happiness": 9.685
        }
    },
    {
        "#": 8,
        "Track Title": "PAM",
        "Artist": "Justin Quiles, Daddy Yankee, El Alfa",
        "Key": "1B",
        "Energy": 8.767,
        "Popularity": 6.76,
        "BPM": 113,
        "DJ Play Count": 0,
        "Rating": "*******",
        "My Tag": [
            "Bach Party",
            "2020s",
            "Happy"
        ],
        "Additional Info": {
            "id": "0eeKDrQxjqNl5bX5VCHDcn",
            "explicit": true,
            "album": "PAM",
            "release_date": "2020-05-01",
            "genres": [
                "reggaeton",
                "trap latino",
                "urbano latino",
                "latin hip hop",
                "reggaeton",
                "trap latino",
                "urbano latino",
                "dembow",
                "rap dominicano",
                "reggaeton",
                "trap latino",
                "urbano latino"
            ],
            "duration": 201000,
            "acousticness": 0.289,
            "danceability": 9.001,
            "instrumentalness": 0.000603,
            "liveness": 0.0798,
            "loudness": -3.011,
            "speechiness": 0.0757,
            "time_signature": 4,
            "happiness": 7.984
        }
    },
    {
        "#": 9,
        "Track Title": "Soltera - Remix",
        "Artist": "Lunay, Daddy Yankee, Bad Bunny",
        "Key": "7B",
        "Energy": 8.047,
        "Popularity": 7.57,
        "BPM": 92,
        "DJ Play Count": 0,
        "Rating": "*******",
        "My Tag": [
            "Bach Party",
            "2010s",
            "Happy"
        ],
        "Additional Info": {
            "id": "1c0hsvHLELX6y8qymnpLKL",
            "explicit": false,
            "album": "Soltera (Remix)",
            "release_date": "2019-05-10",
            "genres": [
                "reggaeton",
                "reggaeton flow",
                "trap latino",
                "urbano latino",
                "latin hip hop",
                "reggaeton",
                "trap latino",
                "urbano latino",
                "reggaeton",
                "trap latino",
                "urbano latino"
            ],
            "duration": 266087,
            "acousticness": 0.361,
            "danceability": 8.155000000000001,
            "instrumentalness": 0,
            "liveness": 0.437,
            "loudness": -4.271,
            "speechiness": 0.0432,
            "time_signature": 4,
            "happiness": 8.191
        }
    },
    {
        "#": 10,
        "Track Title": "Baila Baila Baila - Remix",
        "Artist": "Ozuna, Daddy Yankee, J Balvin, Farruko, Anuel AA",
        "Key": "10B",
        "Energy": 6.148,
        "Popularity": 7.93,
        "BPM": 100,
        "DJ Play Count": 0,
        "Rating": "*******",
        "My Tag": [
            "Bach Party",
            "2010s"
        ],
        "Additional Info": {
            "id": "7mWFF4gPADjTQjC97CgFVt",
            "explicit": false,
            "album": "Baila Baila Baila (Remix) [feat. Farruko, Anuel Aa]",
            "release_date": "2019-04-25",
            "genres": [
                "puerto rican pop",
                "reggaeton",
                "trap latino",
                "urbano latino",
                "latin hip hop",
                "reggaeton",
                "trap latino",
                "urbano latino",
                "reggaeton",
                "reggaeton colombiano",
                "trap latino",
                "urbano latino",
                "reggaeton",
                "trap latino",
                "urbano latino",
                "reggaeton",
                "reggaeton flow",
                "trap boricua",
                "trap latino",
                "urbano latino"
            ],
            "duration": 235284,
            "acousticness": 0.0598,
            "danceability": 8.065000000000001,
            "instrumentalness": 0,
            "liveness": 0.218,
            "loudness": -7.504,
            "speechiness": 0.123,
            "time_signature": 4,
            "happiness": 5.41
        }
    },
    {
        "#": 11,
        "Track Title": "Bum Bum Tam Tam",
        "Artist": "MC Fioti, Future, J Balvin, Stefflon Don, Juan Magán",
        "Key": "3B",
        "Energy": 7.075,
        "Popularity": 7.3,
        "BPM": 132,
        "DJ Play Count": 0,
        "Rating": "*******",
        "My Tag": [
            "Bach Party",
            "2010s",
            "Hip Hop"
        ],
        "Additional Info": {
            "id": "6k2900NjJeVqZM55G3Danu",
            "explicit": true,
            "album": "Bum Bum Tam Tam",
            "release_date": "2017-12-15",
            "genres": [
                "funk carioca",
                "funk ostentacao",
                "funk paulista",
                "atl hip hop",
                "hip hop",
                "rap",
                "southern hip hop",
                "trap",
                "reggaeton",
                "reggaeton colombiano",
                "trap latino",
                "urbano latino",
                "dancehall",
                "dancehall queen",
                "uk dancehall",
                "uk hip hop",
                "electro latino",
                "spanish pop"
            ],
            "duration": 213989,
            "acousticness": 0.346,
            "danceability": 9.064,
            "instrumentalness": 8.11e-06,
            "liveness": 0.262,
            "loudness": -3.908,
            "speechiness": 0.124,
            "time_signature": 4,
            "happiness": 6.931
        }
    },
    {
        "#": 12,
        "Track Title": "In Da Getto",
        "Artist": "J Balvin, Skrillex",
        "Key": "4B",
        "Energy": 7.4799999999999995,
        "Popularity": 7.57,
        "BPM": 127,
        "DJ Play Count": 0,
        "Rating": "*******",
        "My Tag": [
            "Bach Party",
            "2020s",
            "EDM",
            "Dance Remixes"
        ],
        "Additional Info": {
            "id": "63aj87TQG6F3RVO5nbG2VQ",
            "explicit": false,
            "album": "In Da Getto",
            "release_date": "2021-07-02",
            "genres": [
                "reggaeton",
                "reggaeton colombiano",
                "trap latino",
                "urbano latino",
                "brostep",
                "complextro",
                "edm",
                "electro",
                "pop dance"
            ],
            "duration": 131067,
            "acousticness": 0.025,
            "danceability": 9.235,
            "instrumentalness": 1.42e-05,
            "liveness": 0.0942,
            "loudness": -3.126,
            "speechiness": 0.0459,
            "time_signature": 4,
            "happiness": 6.679
        }
    },
    {
        "#": 13,
        "Track Title": "Haute (feat. J Balvin & Chris Brown)",
        "Artist": "Tyga, J Balvin, Chris Brown",
        "Key": "11B",
        "Energy": 7.507,
        "Popularity": 6.22,
        "BPM": 103,
        "DJ Play Count": 0,
        "Rating": "*******",
        "My Tag": [
            "Bach Party",
            "2010s",
            "Hip Hop",
            "Pop"
        ],
        "Additional Info": {
            "id": "1jlnBQGP2DtSEhMgQaz7a7",
            "explicit": true,
            "album": "Legendary",
            "release_date": "2019-06-07",
            "genres": [
                "hip hop",
                "pop rap",
                "rap",
                "trap",
                "reggaeton",
                "reggaeton colombiano",
                "trap latino",
                "urbano latino",
                "r&b",
                "rap"
            ],
            "duration": 160877,
            "acousticness": 0.0778,
            "danceability": 9.514,
            "instrumentalness": 0,
            "liveness": 0.0608,
            "loudness": -3.692,
            "speechiness": 0.114,
            "time_signature": 4,
            "happiness": 4.141
        }
    },
    {
        "#": 14,
        "Track Title": "COMO UN BEBÉ",
        "Artist": "J Balvin, Bad Bunny, Mr Eazi",
        "Key": "2B",
        "Energy": 8.263000000000002,
        "Popularity": 7.4799999999999995,
        "BPM": 103,
        "DJ Play Count": 0,
        "Rating": "*******",
        "My Tag": [
            "Bach Party",
            "2010s",
            "Happy"
        ],
        "Additional Info": {
            "id": "7knLcYCOSaURD0d7HUULFM",
            "explicit": false,
            "album": "OASIS",
            "release_date": "2019-06-28",
            "genres": [
                "reggaeton",
                "reggaeton colombiano",
                "trap latino",
                "urbano latino",
                "reggaeton",
                "trap latino",
                "urbano latino",
                "afrobeats",
                "afropop",
                "azontobeats",
                "ghanaian hip hop",
                "nigerian pop",
                "swedish dancehall"
            ],
            "duration": 218827,
            "acousticness": 0.0732,
            "danceability": 8.425,
            "instrumentalness": 4.79e-06,
            "liveness": 0.138,
            "loudness": -5.753,
            "speechiness": 0.0949,
            "time_signature": 4,
            "happiness": 8.344
        }
    },
    {
        "#": 15,
        "Track Title": "La Mamá de la Mamá",
        "Artist": "El Alfa, Chael Produciendo, CJ, El Cherry Scom",
        "Key": "1B",
        "Energy": 9.343,
        "Popularity": 7.57,
        "BPM": 130,
        "DJ Play Count": 0,
        "Rating": "*******",
        "My Tag": [
            "Bach Party",
            "2020s",
            "Happy"
        ],
        "Additional Info": {
            "id": "2L95U6syP0bV3fkYYOzmiW",
            "explicit": true,
            "album": "La Mamá de la Mamá",
            "release_date": "2021-04-08",
            "genres": [
                "dembow",
                "rap dominicano",
                "reggaeton",
                "trap latino",
                "urbano latino",
                "dembow dominicano",
                "nyc rap",
                "dembow"
            ],
            "duration": 219000,
            "acousticness": 0.283,
            "danceability": 9.298,
            "instrumentalness": 0.00331,
            "liveness": 0.719,
            "loudness": -3.025,
            "speechiness": 0.105,
            "time_signature": 4,
            "happiness": 8.164000000000001
        }
    },
    {
        "#": 16,
        "Track Title": "Hotel Room Service",
        "Artist": "Pitbull",
        "Key": "3B",
        "Energy": 6.661,
        "Popularity": 7.75,
        "BPM": 126,
        "DJ Play Count": 0,
        "Rating": "*******",
        "My Tag": [
            "Bach Party",
            "2000s",
            "Hip Hop",
            "Dance Remixes",
            "Happy"
        ],
        "Additional Info": {
            "id": "6Rb0ptOEjBjPPQUlQtQGbL",
            "explicit": false,
            "album": "Pitbull Starring In Rebelution",
            "release_date": "2009-08-31",
            "genres": [
                "dance pop",
                "miami hip hop",
                "pop"
            ],
            "duration": 237640,
            "acousticness": 0.00705,
            "danceability": 8.658999999999999,
            "instrumentalness": 0.000372,
            "liveness": 0.0746,
            "loudness": -8.385,
            "speechiness": 0.175,
            "time_signature": 4,
            "happiness": 8.100999999999999
        }
    },
    {
        "#": 17,
        "Track Title": "Culo",
        "Artist": "Pitbull, Lil Jon",
        "Key": "2A",
        "Energy": 6.904,
        "Popularity": 6.040000000000001,
        "BPM": 120,
        "DJ Play Count": 0,
        "Rating": "*******",
        "My Tag": [
            "Bach Party",
            "2010s",
            "Hip Hop",
            "Pop",
            "Dance Remixes",
            "Happy"
        ],
        "Additional Info": {
            "id": "5lYX9tp6KxYwPfnNGZpEE6",
            "explicit": true,
            "album": "Original Hits",
            "release_date": "2012-05-08",
            "genres": [
                "dance pop",
                "miami hip hop",
                "pop",
                "atl hip hop",
                "crunk",
                "dance pop",
                "dirty south rap",
                "old school atlanta hip hop",
                "pop rap",
                "southern hip hop",
                "trap"
            ],
            "duration": 219080,
            "acousticness": 0.114,
            "danceability": 8.722,
            "instrumentalness": 0,
            "liveness": 0.141,
            "loudness": -4.96,
            "speechiness": 0.358,
            "time_signature": 4,
            "happiness": 9.721
        }
    },
    {
        "#": 18,
        "Track Title": "La Bomba",
        "Artist": "azul azul",
        "Key": "3B",
        "Energy": 7.912,
        "Popularity": 7.12,
        "BPM": 94,
        "DJ Play Count": 0,
        "Rating": "*******",
        "My Tag": [
            "Bach Party",
            "2000s",
            "Latin",
            "Happy"
        ],
        "Additional Info": {
            "id": "0Tl84qfow6Dv0PM60zoBhb",
            "explicit": false,
            "album": "El Sapo",
            "release_date": "2000",
            "genres": [
                "latin pop"
            ],
            "duration": 123960,
            "acousticness": 0.119,
            "danceability": 9.307,
            "instrumentalness": 0,
            "liveness": 0.0689,
            "loudness": -7.321,
            "speechiness": 0.0674,
            "time_signature": 4,
            "happiness": 9.64
        }
    },
    {
        "#": 19,
        "Track Title": "Hot In Herre",
        "Artist": "Nelly",
        "Key": "1A",
        "Energy": 7.705,
        "Popularity": 8.02,
        "BPM": 107,
        "DJ Play Count": 0,
        "Rating": "*******",
        "My Tag": [
            "Bach Party",
            "2000s",
            "Hip Hop",
            "Pop",
            "Dance Remixes",
            "Happy"
        ],
        "Additional Info": {
            "id": "04KTF78FFg8sOHC1BADqbY",
            "explicit": true,
            "album": "Nellyville",
            "release_date": "2002-06-25",
            "genres": [
                "dance pop",
                "gangster rap",
                "hip hop",
                "pop rap",
                "rap",
                "st louis rap",
                "urban contemporary"
            ],
            "duration": 228240,
            "acousticness": 0.206,
            "danceability": 9.604,
            "instrumentalness": 0,
            "liveness": 0.0615,
            "loudness": -4.753,
            "speechiness": 0.12,
            "time_signature": 4,
            "happiness": 9.208
        }
    },
    {
        "#": 20,
        "Track Title": "Ven Bailalo - Reggaeton Mix",
        "Artist": "Angel Y Khriz",
        "Key": "1A",
        "Energy": 9.271,
        "Popularity": 4.87,
        "BPM": 97,
        "DJ Play Count": 0,
        "Rating": "*******",
        "My Tag": [
            "Bach Party",
            "2000s",
            "Happy"
        ],
        "Additional Info": {
            "id": "5nZYc9ZDMhlXv6iWahZTU8",
            "explicit": false,
            "album": "Ven Bailalo (Reggaeton Mix)",
            "release_date": "2005-07-22",
            "genres": [
                "latin hip hop",
                "reggaeton"
            ],
            "duration": 252773,
            "acousticness": 0.0606,
            "danceability": 7.075,
            "instrumentalness": 0.00653,
            "liveness": 0.103,
            "loudness": -6.075,
            "speechiness": 0.0366,
            "time_signature": 4,
            "happiness": 7.534
        }
    },
    {
        "#": 21,
        "Track Title": "Tiralo",
        "Artist": "Many Malon",
        "Key": "10B",
        "Energy": 7.201,
        "Popularity": 6.13,
        "BPM": 95,
        "DJ Play Count": 0,
        "Rating": "*******",
        "My Tag": [
            "Bach Party",
            "2020s",
            "Happy"
        ],
        "Additional Info": {
            "id": "3OAsnkxmP6iLu2E0Yd4usB",
            "explicit": false,
            "album": "Tiralo",
            "release_date": "2021-02-05",
            "genres": [
                "trap dominicano"
            ],
            "duration": 85914,
            "acousticness": 0.268,
            "danceability": 8.559999999999999,
            "instrumentalness": 0.00114,
            "liveness": 0.0527,
            "loudness": -7.032,
            "speechiness": 0.238,
            "time_signature": 4,
            "happiness": 7.156000000000001
        }
    },
    {
        "#": 22,
        "Track Title": "El Cepillo",
        "Artist": "Fulanito",
        "Key": "9B",
        "Energy": 9.442,
        "Popularity": 6.13,
        "BPM": 75,
        "DJ Play Count": 0,
        "Rating": "*******",
        "My Tag": [
            "Bach Party",
            "2000s",
            "Happy"
        ],
        "Additional Info": {
            "id": "2EWZswsvSERfAWzXPE2trG",
            "explicit": false,
            "album": "Greatest Hits",
            "release_date": "2008-04-15",
            "genres": [
                "merengue tipico",
                "salsa",
                "tropical"
            ],
            "duration": 206493,
            "acousticness": 0.0721,
            "danceability": 7.552,
            "instrumentalness": 0.000173,
            "liveness": 0.0318,
            "loudness": -7.844,
            "speechiness": 0.077,
            "time_signature": 4,
            "happiness": 9.442
        }
    },
    {
        "#": 23,
        "Track Title": "Yo Tengo Un Motorcito",
        "Artist": "El Super Nuevo",
        "Key": "11B",
        "Energy": 9.136000000000001,
        "Popularity": 3.88,
        "BPM": 125,
        "DJ Play Count": 0,
        "Rating": "*******",
        "My Tag": [
            "Bach Party",
            "2020s"
        ],
        "Additional Info": {
            "id": "2KkpwBzHBhe8SPYNM4wrcv",
            "explicit": false,
            "album": "Yo Tengo Un Motorcito",
            "release_date": "2022-03-25",
            "genres": [
                "dembow",
                "rap dominicano"
            ],
            "duration": 105639,
            "acousticness": 0.0037,
            "danceability": 8.128,
            "instrumentalness": 0.0123,
            "liveness": 0.143,
            "loudness": -4.193,
            "speechiness": 0.104,
            "time_signature": 4,
            "happiness": 6.76
        }
    },
    {
        "#": 24,
        "Track Title": "Ven Bailalo - Reggaeton Mix",
        "Artist": "Angel Y Khriz",
        "Key": "1A",
        "Energy": 9.271,
        "Popularity": 7.84,
        "BPM": 97,
        "DJ Play Count": 0,
        "Rating": "*******",
        "My Tag": [
            "Bach Party",
            "2000s",
            "Happy"
        ],
        "Additional Info": {
            "id": "0e8DgtfJnWTBarF9YGMd0N",
            "explicit": false,
            "album": "Ven Bailalo (Reggaeton Mix)",
            "release_date": "2005-07-22",
            "genres": [
                "latin hip hop",
                "reggaeton"
            ],
            "duration": 252773,
            "acousticness": 0.0606,
            "danceability": 7.075,
            "instrumentalness": 0.00653,
            "liveness": 0.103,
            "loudness": -6.075,
            "speechiness": 0.0366,
            "time_signature": 4,
            "happiness": 7.534
        }
    },
    {
        "#": 25,
        "Track Title": "Rrrrico",
        "Artist": "¿Téo?",
        "Key": "11B",
        "Energy": 4.879,
        "Popularity": 6.22,
        "BPM": 99,
        "DJ Play Count": 0,
        "Rating": "*******",
        "My Tag": [
            "Bach Party",
            "2020s"
        ],
        "Additional Info": {
            "id": "39QAXvwHUxFLDWUbTt0VP4",
            "explicit": false,
            "album": "Sol",
            "release_date": "2021-06-11",
            "genres": [
                "latinx alternative"
            ],
            "duration": 115173,
            "acousticness": 0.698,
            "danceability": 8.947,
            "instrumentalness": 0.0238,
            "liveness": 0.0794,
            "loudness": -9.624,
            "speechiness": 0.433,
            "time_signature": 4,
            "happiness": 4.0600000000000005
        }
    },
    {
        "#": 26,
        "Track Title": "PUNTO 40",
        "Artist": "Rauw Alejandro, Baby Rasta",
        "Key": "8B",
        "Energy": 8.460999999999999,
        "Popularity": 8.2,
        "BPM": 107,
        "DJ Play Count": 0,
        "Rating": "*******",
        "My Tag": [
            "Bach Party",
            "2020s",
            "Fight & Fog"
        ],
        "Additional Info": {
            "id": "4UGqAW9i7NtE5mW9xzm6yk",
            "explicit": true,
            "album": "SATURNO",
            "release_date": "2023-01-24",
            "genres": [
                "puerto rican pop",
                "reggaeton",
                "trap latino",
                "urbano latino",
                "reggaeton",
                "trap latino",
                "urbano latino"
            ],
            "duration": 190654,
            "acousticness": 0.00112,
            "danceability": 8.713000000000001,
            "instrumentalness": 0.015,
            "liveness": 0.255,
            "loudness": -0.484,
            "speechiness": 0.0842,
            "time_signature": 4,
            "happiness": 2.872
        }
    }
]