[
    {
        "#": 1,
        "Track Title": "Buzzin Remix",
        "Artist": "Mann, 50 Cent",
        "Key": "6A",
        "Energy": 9.450999999999999,
        "Popularity": 5.41,
        "BPM": 104,
        "DJ Play Count": 0,
        "Rating": "*******",
        "My Tag": [
            "Bach Party",
            "2010s",
            "Hip Hop",
            "Pop"
        ],
        "Additional Info": {
            "id": "7BmI4hAj6dXIQgA77ZlOzm",
            "explicit": true,
            "album": "Mann's World",
            "release_date": "2011-01-01",
            "genres": [
                "east coast hip hop",
                "gangster rap",
                "hip hop",
                "pop rap",
                "queens hip hop",
                "rap"
            ],
            "duration": 224333,
            "acousticness": 0.0887,
            "danceability": 7.183000000000001,
            "instrumentalness": 0,
            "liveness": 0.283,
            "loudness": -4.372,
            "speechiness": 0.146,
            "time_signature": 4,
            "happiness": 5.851
        }
    },
    {
        "#": 2,
        "Track Title": "Acapulco",
        "Artist": "Jason Derulo",
        "Key": "6B",
        "Energy": 8.128,
        "Popularity": 8.2,
        "BPM": 122,
        "DJ Play Count": 0,
        "Rating": "*******",
        "My Tag": [
            "Bach Party",
            "2020s",
            "Dance Remixes"
        ],
        "Additional Info": {
            "id": "3eJH2nAjvNXdmPfBkALiPZ",
            "explicit": false,
            "album": "Acapulco",
            "release_date": "2021-09-03",
            "genres": [
                "dance pop",
                "pop"
            ],
            "duration": 139672,
            "acousticness": 0.051,
            "danceability": 7.966,
            "instrumentalness": 0,
            "liveness": 0.155,
            "loudness": -4.021,
            "speechiness": 0.0523,
            "time_signature": 4,
            "happiness": 5.563
        }
    },
    {
        "#": 3,
        "Track Title": "The Man",
        "Artist": "Aloe Blacc",
        "Key": "1A",
        "Energy": 7.921,
        "Popularity": 6.49,
        "BPM": 82,
        "DJ Play Count": 0,
        "Rating": "*******",
        "My Tag": [
            "Bach Party",
            "2010s",
            "Pop",
            "Hip Hop"
        ],
        "Additional Info": {
            "id": "2stPxcgjdSImK7Gizl8ZUN",
            "explicit": false,
            "album": "Lift Your Spirit",
            "release_date": "2014-01-01",
            "genres": [
                "pop soul",
                "r&b"
            ],
            "duration": 254880,
            "acousticness": 0.0331,
            "danceability": 3.772,
            "instrumentalness": 0,
            "liveness": 0.214,
            "loudness": -7.256,
            "speechiness": 0.065,
            "time_signature": 4,
            "happiness": 5.3919999999999995
        }
    },
    {
        "#": 4,
        "Track Title": "Blinding Lights",
        "Artist": "The Weeknd",
        "Key": "3B",
        "Energy": 7.57,
        "Popularity": 9.280000000000001,
        "BPM": 86,
        "DJ Play Count": 0,
        "Rating": "*******",
        "My Tag": [
            "Bach Party",
            "2020s",
            "Pop"
        ],
        "Additional Info": {
            "id": "0VjIjW4GlUZAMYd2vXMi3b",
            "explicit": false,
            "album": "After Hours",
            "release_date": "2020-03-20",
            "genres": [
                "canadian contemporary r&b",
                "canadian pop",
                "pop"
            ],
            "duration": 200040,
            "acousticness": 0.00146,
            "danceability": 5.626,
            "instrumentalness": 9.54e-05,
            "liveness": 0.0897,
            "loudness": -5.934,
            "speechiness": 0.0598,
            "time_signature": 4,
            "happiness": 4.006
        }
    },
    {
        "#": 5,
        "Track Title": "So Fresh, So Clean",
        "Artist": "Outkast",
        "Key": "7A",
        "Energy": 6.76,
        "Popularity": 7.75,
        "BPM": 83,
        "DJ Play Count": 0,
        "Rating": "*******",
        "My Tag": [
            "Bach Party",
            "2000s",
            "Hip Hop",
            "Happy"
        ],
        "Additional Info": {
            "id": "6glsMWIMIxQ4BedzLqGVi4",
            "explicit": true,
            "album": "Stankonia",
            "release_date": "2000-10-31",
            "genres": [
                "atl hip hop",
                "dirty south rap",
                "hip hop",
                "old school atlanta hip hop",
                "rap",
                "southern hip hop"
            ],
            "duration": 240027,
            "acousticness": 0.0281,
            "danceability": 7.5249999999999995,
            "instrumentalness": 0,
            "liveness": 0.099,
            "loudness": -7.905,
            "speechiness": 0.332,
            "time_signature": 3,
            "happiness": 9.235
        }
    },
    {
        "#": 6,
        "Track Title": "Till I Collapse",
        "Artist": "Eminem, Nate Dogg",
        "Key": "3B",
        "Energy": 8.623,
        "Popularity": 8.83,
        "BPM": 86,
        "DJ Play Count": 0,
        "Rating": "*******",
        "My Tag": [
            "Bach Party",
            "2000s",
            "Hip Hop",
            "Fight & Fog"
        ],
        "Additional Info": {
            "id": "4xkOaSrkexMciUUogZKVTS",
            "explicit": true,
            "album": "The Eminem Show",
            "release_date": "2002-05-26",
            "genres": [
                "detroit hip hop",
                "hip hop",
                "rap",
                "g funk",
                "gangster rap",
                "hardcore hip hop",
                "hip hop",
                "west coast rap"
            ],
            "duration": 297787,
            "acousticness": 0.0622,
            "danceability": 5.932,
            "instrumentalness": 0,
            "liveness": 0.0816,
            "loudness": -3.237,
            "speechiness": 0.186,
            "time_signature": 4,
            "happiness": 1.9
        }
    },
    {
        "#": 7,
        "Track Title": "rockstar (feat. 21 Savage)",
        "Artist": "Post Malone, 21 Savage",
        "Key": "7A",
        "Energy": 5.68,
        "Popularity": 8.74,
        "BPM": 80,
        "DJ Play Count": 0,
        "Rating": "*******",
        "My Tag": [
            "Bach Party",
            "2010s",
            "Hip Hop"
        ],
        "Additional Info": {
            "id": "0e7ipj03S05BNilyu5bRzt",
            "explicit": true,
            "album": "beerbongs & bentleys",
            "release_date": "2018-04-27",
            "genres": [
                "dfw rap",
                "melodic rap",
                "pop",
                "rap",
                "atl hip hop",
                "hip hop",
                "rap",
                "trap"
            ],
            "duration": 218147,
            "acousticness": 0.124,
            "danceability": 6.265,
            "instrumentalness": 7.01e-05,
            "liveness": 0.131,
            "loudness": -6.136,
            "speechiness": 0.0712,
            "time_signature": 4,
            "happiness": 2.161
        }
    },
    {
        "#": 8,
        "Track Title": "The Spins",
        "Artist": "Mac Miller",
        "Key": "11A",
        "Energy": 7.894,
        "Popularity": 8.469999999999999,
        "BPM": 127,
        "DJ Play Count": 0,
        "Rating": "*******",
        "My Tag": [
            "Bach Party",
            "2010s",
            "Hip Hop"
        ],
        "Additional Info": {
            "id": "7FAFkQQZFeNwOFzTrSDFIh",
            "explicit": true,
            "album": "K.I.D.S. (Deluxe)",
            "release_date": "2010-08-13",
            "genres": [
                "hip hop",
                "pittsburgh rap",
                "rap"
            ],
            "duration": 195873,
            "acousticness": 0.0135,
            "danceability": 8.146,
            "instrumentalness": 0,
            "liveness": 0.0785,
            "loudness": -3.894,
            "speechiness": 0.0377,
            "time_signature": 4,
            "happiness": 5.95
        }
    },
    {
        "#": 9,
        "Track Title": "Colorado",
        "Artist": "Milky Chance",
        "Key": "11A",
        "Energy": 7.696,
        "Popularity": 6.49,
        "BPM": 124,
        "DJ Play Count": 0,
        "Rating": "*******",
        "My Tag": [
            "Bach Party",
            "2020s",
            "Rock",
            "Happy"
        ],
        "Additional Info": {
            "id": "35iR1qzexmbcUSgA01S4gI",
            "explicit": false,
            "album": "Trip Tape",
            "release_date": "2021-11-03",
            "genres": [
                "german pop",
                "modern rock"
            ],
            "duration": 174348,
            "acousticness": 0.287,
            "danceability": 8.11,
            "instrumentalness": 0.000934,
            "liveness": 0.0909,
            "loudness": -7.033,
            "speechiness": 0.0294,
            "time_signature": 4,
            "happiness": 8.182
        }
    },
    {
        "#": 10,
        "Track Title": "High Hopes",
        "Artist": "Panic! At The Disco",
        "Key": "7B",
        "Energy": 9.136000000000001,
        "Popularity": 8.469999999999999,
        "BPM": 82,
        "DJ Play Count": 0,
        "Rating": "*******",
        "My Tag": [
            "Bach Party",
            "2010s",
            "Happy"
        ],
        "Additional Info": {
            "id": "1rqqCSm0Qe4I9rUvWncaom",
            "explicit": false,
            "album": "Pray for the Wicked",
            "release_date": "2018-06-22",
            "genres": [
                "pop"
            ],
            "duration": 190947,
            "acousticness": 0.193,
            "danceability": 6.210999999999999,
            "instrumentalness": 0,
            "liveness": 0.064,
            "loudness": -2.729,
            "speechiness": 0.0618,
            "time_signature": 4,
            "happiness": 7.1290000000000004
        }
    },
    {
        "#": 11,
        "Track Title": "The Next Episode",
        "Artist": "Dr. Dre, Snoop Dogg",
        "Key": "6A",
        "Energy": 9.181000000000001,
        "Popularity": 8.469999999999999,
        "BPM": 95,
        "DJ Play Count": 0,
        "Rating": "*******",
        "My Tag": [
            "Bach Party",
            "90s",
            "Hip Hop",
            "Pop"
        ],
        "Additional Info": {
            "id": "4LwU4Vp6od3Sb08CsP99GC",
            "explicit": true,
            "album": "2001",
            "release_date": "1999-11-16",
            "genres": [
                "g funk",
                "gangster rap",
                "hip hop",
                "rap",
                "west coast rap",
                "g funk",
                "gangster rap",
                "hip hop",
                "pop rap",
                "rap",
                "west coast rap"
            ],
            "duration": 161507,
            "acousticness": 0.0281,
            "danceability": 9.298,
            "instrumentalness": 0,
            "liveness": 0.0856,
            "loudness": -2.429,
            "speechiness": 0.27,
            "time_signature": 4,
            "happiness": 3.781
        }
    },
    {
        "#": 12,
        "Track Title": "Time of Our Lives",
        "Artist": "Pitbull, Ne-Yo",
        "Key": "3B",
        "Energy": 8.218,
        "Popularity": 8.469999999999999,
        "BPM": 124,
        "DJ Play Count": 0,
        "Rating": "*******",
        "My Tag": [
            "Bach Party",
            "2010s",
            "Hip Hop",
            "Dance Remixes",
            "Happy"
        ],
        "Additional Info": {
            "id": "2bJvI42r8EF3wxjOuDav4r",
            "explicit": true,
            "album": "Globalization",
            "release_date": "2014-11-21",
            "genres": [
                "dance pop",
                "miami hip hop",
                "pop",
                "dance pop",
                "pop",
                "r&b",
                "urban contemporary"
            ],
            "duration": 229360,
            "acousticness": 0.0921,
            "danceability": 7.489,
            "instrumentalness": 0,
            "liveness": 0.694,
            "loudness": -5.797,
            "speechiness": 0.0583,
            "time_signature": 4,
            "happiness": 7.516
        }
    },
    {
        "#": 13,
        "Track Title": "Best Day Of My Life",
        "Artist": "American Authors",
        "Key": "10B",
        "Energy": 9.118,
        "Popularity": 8.379999999999999,
        "BPM": 100,
        "DJ Play Count": 0,
        "Rating": "*******",
        "My Tag": [
            "Bach Party",
            "2010s",
            "Pop",
            "Rock"
        ],
        "Additional Info": {
            "id": "5Hroj5K7vLpIG4FNCRIjbP",
            "explicit": false,
            "album": "Oh, What A Life",
            "release_date": "2014-01-01",
            "genres": [
                "modern rock",
                "pop rock"
            ],
            "duration": 194240,
            "acousticness": 0.0591,
            "danceability": 7.057,
            "instrumentalness": 0.000262,
            "liveness": 0.0558,
            "loudness": -2.392,
            "speechiness": 0.0346,
            "time_signature": 4,
            "happiness": 5.8420000000000005
        }
    },
    {
        "#": 14,
        "Track Title": "Godzilla (feat. Juice WRLD)",
        "Artist": "Eminem, Juice WRLD",
        "Key": "6A",
        "Energy": 7.705,
        "Popularity": 8.559999999999999,
        "BPM": 83,
        "DJ Play Count": 0,
        "Rating": "*******",
        "My Tag": [
            "Bach Party",
            "2020s",
            "Hip Hop",
            "Happy"
        ],
        "Additional Info": {
            "id": "7FIWs0pqAYbP91WWM0vlTQ",
            "explicit": true,
            "album": "Music To Be Murdered By",
            "release_date": "2020-01-17",
            "genres": [
                "detroit hip hop",
                "hip hop",
                "rap",
                "chicago rap",
                "melodic rap",
                "rap"
            ],
            "duration": 210800,
            "acousticness": 0.145,
            "danceability": 8.272,
            "instrumentalness": 0,
            "liveness": 0.292,
            "loudness": -5.26,
            "speechiness": 0.342,
            "time_signature": 4,
            "happiness": 8.460999999999999
        }
    },
    {
        "#": 15,
        "Track Title": "Congratulations",
        "Artist": "Post Malone, Quavo",
        "Key": "2B",
        "Energy": 8.236,
        "Popularity": 8.559999999999999,
        "BPM": 123,
        "DJ Play Count": 0,
        "Rating": "*******",
        "My Tag": [
            "Bach Party",
            "2010s",
            "Hip Hop"
        ],
        "Additional Info": {
            "id": "3a1lNhkSLSkpJE4MSHpDu9",
            "explicit": true,
            "album": "Stoney (Deluxe)",
            "release_date": "2016-12-09",
            "genres": [
                "dfw rap",
                "melodic rap",
                "pop",
                "rap",
                "atl hip hop",
                "melodic rap",
                "rap",
                "trap"
            ],
            "duration": 220293,
            "acousticness": 0.215,
            "danceability": 6.67,
            "instrumentalness": 0,
            "liveness": 0.253,
            "loudness": -4.183,
            "speechiness": 0.0363,
            "time_signature": 4,
            "happiness": 5.428
        }
    },
    {
        "#": 16,
        "Track Title": "Everybody Talks",
        "Artist": "Neon Trees",
        "Key": "4B",
        "Energy": 9.316,
        "Popularity": 8.290000000000001,
        "BPM": 77,
        "DJ Play Count": 0,
        "Rating": "*******",
        "My Tag": [
            "Bach Party",
            "2010s",
            "Pop",
            "Rock",
            "Happy"
        ],
        "Additional Info": {
            "id": "2iUmqdfGZcHIhS3b9E9EWq",
            "explicit": true,
            "album": "Picture Show",
            "release_date": "2012-01-01",
            "genres": [
                "modern rock",
                "neo mellow",
                "pop rock",
                "pov: indie"
            ],
            "duration": 177280,
            "acousticness": 0.00301,
            "danceability": 5.239,
            "instrumentalness": 0,
            "liveness": 0.313,
            "loudness": -3.906,
            "speechiness": 0.0586,
            "time_signature": 4,
            "happiness": 7.5249999999999995
        }
    },
    {
        "#": 17,
        "Track Title": "Eastside (with Halsey & Khalid)",
        "Artist": "benny blanco, Halsey, Khalid",
        "Key": "2A",
        "Energy": 7.174,
        "Popularity": 8.290000000000001,
        "BPM": 90,
        "DJ Play Count": 0,
        "Rating": "*******",
        "My Tag": [
            "Bach Party",
            "2010s",
            "Pop",
            "EDM"
        ],
        "Additional Info": {
            "id": "7FGq80cy8juXBCD2nrqdWU",
            "explicit": false,
            "album": "FRIENDS KEEP SECRETS",
            "release_date": "2018-12-07",
            "genres": [
                "pop",
                "electropop",
                "etherpop",
                "indie poptimism",
                "pop",
                "pop",
                "pop r&b"
            ],
            "duration": 170770,
            "acousticness": 0.549,
            "danceability": 6.688,
            "instrumentalness": 0,
            "liveness": 0.2,
            "loudness": -7.665,
            "speechiness": 0.243,
            "time_signature": 4,
            "happiness": 3.9610000000000003
        }
    },
    {
        "#": 18,
        "Track Title": "Laugh Now Cry Later (feat. Lil Durk)",
        "Artist": "Drake, Lil Durk",
        "Key": "8B",
        "Energy": 5.662,
        "Popularity": 8.290000000000001,
        "BPM": 134,
        "DJ Play Count": 0,
        "Rating": "*******",
        "My Tag": [
            "Bach Party",
            "2020s",
            "Pop",
            "Hip Hop"
        ],
        "Additional Info": {
            "id": "2SAqBLGA283SUiwJ3xOUVI",
            "explicit": true,
            "album": "Laugh Now Cry Later (feat. Lil Durk)",
            "release_date": "2020-08-14",
            "genres": [
                "canadian hip hop",
                "canadian pop",
                "hip hop",
                "rap",
                "toronto rap",
                "chicago drill",
                "chicago rap",
                "drill",
                "hip hop",
                "rap",
                "trap"
            ],
            "duration": 261493,
            "acousticness": 0.244,
            "danceability": 7.849,
            "instrumentalness": 3.47e-05,
            "liveness": 0.107,
            "loudness": -8.871,
            "speechiness": 0.134,
            "time_signature": 4,
            "happiness": 5.698
        }
    },
    {
        "#": 19,
        "Track Title": "Feel It Still",
        "Artist": "Portugal. The Man",
        "Key": "3A",
        "Energy": 8.155000000000001,
        "Popularity": 8.290000000000001,
        "BPM": 79,
        "DJ Play Count": 0,
        "Rating": "*******",
        "My Tag": [
            "Bach Party",
            "2010s",
            "Rock",
            "Happy"
        ],
        "Additional Info": {
            "id": "6QgjcU0zLnzq5OrUoSZ3OK",
            "explicit": false,
            "album": "Woodstock",
            "release_date": "2017-06-16",
            "genres": [
                "indie rock",
                "indietronica",
                "modern alternative rock",
                "modern rock"
            ],
            "duration": 163253,
            "acousticness": 0.0417,
            "danceability": 8.209,
            "instrumentalness": 0.000113,
            "liveness": 0.0717,
            "loudness": -5.115,
            "speechiness": 0.0504,
            "time_signature": 4,
            "happiness": 7.786
        }
    },
    {
        "#": 20,
        "Track Title": "Good Feeling",
        "Artist": "Flo Rida",
        "Key": "3A",
        "Energy": 9.01,
        "Popularity": 8.11,
        "BPM": 128,
        "DJ Play Count": 0,
        "Rating": "*******",
        "My Tag": [
            "Bach Party",
            "2010s",
            "Hip Hop",
            "Pop",
            "Dance Remixes",
            "Happy"
        ],
        "Additional Info": {
            "id": "2LEF1A8DOZ9wRYikWgVlZ8",
            "explicit": false,
            "album": "Wild Ones",
            "release_date": "2012-06-22",
            "genres": [
                "dance pop",
                "miami hip hop",
                "pop",
                "pop rap"
            ],
            "duration": 248133,
            "acousticness": 0.0588,
            "danceability": 7.353999999999999,
            "instrumentalness": 0.00286,
            "liveness": 0.306,
            "loudness": -4.444,
            "speechiness": 0.0688,
            "time_signature": 4,
            "happiness": 7.156000000000001
        }
    },
    {
        "#": 21,
        "Track Title": "Electric Feel",
        "Artist": "MGMT",
        "Key": "3B",
        "Energy": 8.227,
        "Popularity": 8.11,
        "BPM": 103,
        "DJ Play Count": 0,
        "Rating": "*******",
        "My Tag": [
            "Bach Party",
            "2000s",
            "Rock"
        ],
        "Additional Info": {
            "id": "3FtYbEfBqAlGO46NUDQSAt",
            "explicit": false,
            "album": "Oracular Spectacular",
            "release_date": "2007-12-14",
            "genres": [
                "alternative rock",
                "indie rock",
                "indietronica",
                "modern rock",
                "rock"
            ],
            "duration": 229640,
            "acousticness": 0.0709,
            "danceability": 7.867,
            "instrumentalness": 0.285,
            "liveness": 0.348,
            "loudness": -3.713,
            "speechiness": 0.0351,
            "time_signature": 3,
            "happiness": 6.049
        }
    },
    {
        "#": 22,
        "Track Title": "One More Time",
        "Artist": "Daft Punk",
        "Key": "10B",
        "Energy": 7.273,
        "Popularity": 8.11,
        "BPM": 123,
        "DJ Play Count": 0,
        "Rating": "*******",
        "My Tag": [
            "Bach Party",
            "2000s",
            "Rock"
        ],
        "Additional Info": {
            "id": "0DiWol3AO6WpXZgp0goxAV",
            "explicit": false,
            "album": "Discovery",
            "release_date": "2001-03-12",
            "genres": [
                "electro",
                "filter house",
                "rock"
            ],
            "duration": 320357,
            "acousticness": 0.0194,
            "danceability": 6.5169999999999995,
            "instrumentalness": 0,
            "liveness": 0.332,
            "loudness": -8.618,
            "speechiness": 0.133,
            "time_signature": 4,
            "happiness": 5.284
        }
    },
    {
        "#": 23,
        "Track Title": "Paradise (feat. Dermot Kennedy)",
        "Artist": "MEDUZA, Dermot Kennedy",
        "Key": "4A",
        "Energy": 6.3549999999999995,
        "Popularity": 8.11,
        "BPM": 124,
        "DJ Play Count": 0,
        "Rating": "*******",
        "My Tag": [
            "Bach Party",
            "2020s",
            "Pop",
            "Dance Remixes"
        ],
        "Additional Info": {
            "id": "6ft4hAq6yde8jPZY2i5zLr",
            "explicit": false,
            "album": "Paradise",
            "release_date": "2020-10-30",
            "genres": [
                "pop dance",
                "pop house",
                "uk dance",
                "folk-pop",
                "irish pop",
                "uk pop"
            ],
            "duration": 167903,
            "acousticness": 0.0689,
            "danceability": 6.688,
            "instrumentalness": 0,
            "liveness": 0.209,
            "loudness": -7.644,
            "speechiness": 0.0401,
            "time_signature": 4,
            "happiness": 4.915
        }
    },
    {
        "#": 24,
        "Track Title": "One Right Now (with The Weeknd)",
        "Artist": "Post Malone, The Weeknd",
        "Key": "3B",
        "Energy": 8.029,
        "Popularity": 8.11,
        "BPM": 97,
        "DJ Play Count": 0,
        "Rating": "*******",
        "My Tag": [
            "Bach Party",
            "2020s",
            "Hip Hop",
            "Pop",
            "Happy"
        ],
        "Additional Info": {
            "id": "00Blm7zeNqgYLPtW6zg8cj",
            "explicit": true,
            "album": "One Right Now",
            "release_date": "2021-11-05",
            "genres": [
                "dfw rap",
                "melodic rap",
                "pop",
                "rap",
                "canadian contemporary r&b",
                "canadian pop",
                "pop"
            ],
            "duration": 193507,
            "acousticness": 0.0361,
            "danceability": 7.183000000000001,
            "instrumentalness": 0,
            "liveness": 0.0755,
            "loudness": -4.806,
            "speechiness": 0.053,
            "time_signature": 4,
            "happiness": 7.191999999999999
        }
    },
    {
        "#": 25,
        "Track Title": "Ride Wit Me",
        "Artist": "Nelly, City Spud",
        "Key": "9B",
        "Energy": 7.3,
        "Popularity": 8.02,
        "BPM": 102,
        "DJ Play Count": 0,
        "Rating": "*******",
        "My Tag": [
            "Bach Party",
            "2000s",
            "Hip Hop",
            "Pop",
            "Dance Remixes",
            "Happy"
        ],
        "Additional Info": {
            "id": "3Gf5nttwcX9aaSQXRWidEZ",
            "explicit": true,
            "album": "Country Grammar",
            "release_date": "2000-06-27",
            "genres": [
                "dance pop",
                "gangster rap",
                "hip hop",
                "pop rap",
                "rap",
                "st louis rap",
                "urban contemporary"
            ],
            "duration": 291782,
            "acousticness": 0.0616,
            "danceability": 8.649999999999999,
            "instrumentalness": 1.8e-06,
            "liveness": 0.244,
            "loudness": -6.49,
            "speechiness": 0.0478,
            "time_signature": 4,
            "happiness": 7.497999999999999
        }
    },
    {
        "#": 26,
        "Track Title": "My House",
        "Artist": "Flo Rida",
        "Key": "9A",
        "Energy": 7.318,
        "Popularity": 8.11,
        "BPM": 94,
        "DJ Play Count": 0,
        "Rating": "*******",
        "My Tag": [
            "Bach Party",
            "2010s",
            "Hip Hop",
            "Pop",
            "Dance Remixes",
            "Happy"
        ],
        "Additional Info": {
            "id": "6Knv6wdA0luoMUuuoYi2i1",
            "explicit": false,
            "album": "My House",
            "release_date": "2015-04-07",
            "genres": [
                "dance pop",
                "miami hip hop",
                "pop",
                "pop rap"
            ],
            "duration": 192191,
            "acousticness": 0.0215,
            "danceability": 7.191999999999999,
            "instrumentalness": 0,
            "liveness": 0.128,
            "loudness": -4.792,
            "speechiness": 0.0499,
            "time_signature": 4,
            "happiness": 7.66
        }
    },
    {
        "#": 27,
        "Track Title": "How We Do",
        "Artist": "The Game, 50 Cent",
        "Key": "12A",
        "Energy": 6.832,
        "Popularity": 8.02,
        "BPM": 98,
        "DJ Play Count": 0,
        "Rating": "*******",
        "My Tag": [
            "Bach Party",
            "2000s",
            "Hip Hop",
            "Pop"
        ],
        "Additional Info": {
            "id": "4PmMVdIFpJTB9WQbmILf4p",
            "explicit": true,
            "album": "The Documentary",
            "release_date": "2005",
            "genres": [
                "gangster rap",
                "hip hop",
                "pop rap",
                "rap",
                "southern hip hop",
                "trap",
                "east coast hip hop",
                "gangster rap",
                "hip hop",
                "pop rap",
                "queens hip hop",
                "rap"
            ],
            "duration": 235533,
            "acousticness": 0.0455,
            "danceability": 8.758,
            "instrumentalness": 0,
            "liveness": 0.0332,
            "loudness": -7.401,
            "speechiness": 0.251,
            "time_signature": 4,
            "happiness": 6.7330000000000005
        }
    },
    {
        "#": 28,
        "Track Title": "SG (with Ozuna, Megan Thee Stallion & LISA of BLACKPINK)",
        "Artist": "DJ Snake, Ozuna, Megan Thee Stallion, LISA",
        "Key": "2A",
        "Energy": 8.533,
        "Popularity": 8.02,
        "BPM": 100,
        "DJ Play Count": 0,
        "Rating": "*******",
        "My Tag": [
            "Bach Party",
            "2020s",
            "Hip Hop",
            "EDM",
            "Dance Remixes",
            "Pop",
            "Happy"
        ],
        "Additional Info": {
            "id": "6IPNp9PfaEqrzotY47TIWy",
            "explicit": true,
            "album": "SG (with Ozuna, Megan Thee Stallion & LISA of BLACKPINK)",
            "release_date": "2021-10-22",
            "genres": [
                "edm",
                "electronic trap",
                "pop",
                "pop dance",
                "puerto rican pop",
                "reggaeton",
                "trap latino",
                "urbano latino",
                "houston rap",
                "pop",
                "rap",
                "trap queen",
                "k-pop"
            ],
            "duration": 225600,
            "acousticness": 0.00406,
            "danceability": 8.2,
            "instrumentalness": 0.00313,
            "liveness": 0.0904,
            "loudness": -2.807,
            "speechiness": 0.0491,
            "time_signature": 4,
            "happiness": 7.318
        }
    },
    {
        "#": 29,
        "Track Title": "Paris",
        "Artist": "The Chainsmokers",
        "Key": "10B",
        "Energy": 6.922000000000001,
        "Popularity": 7.93,
        "BPM": 100,
        "DJ Play Count": 0,
        "Rating": "*******",
        "My Tag": [
            "Bach Party",
            "2010s",
            "EDM"
        ],
        "Additional Info": {
            "id": "72jbDTw1piOOj770jWNeaG",
            "explicit": false,
            "album": "Memories...Do Not Open",
            "release_date": "2017-04-07",
            "genres": [
                "electropop",
                "pop"
            ],
            "duration": 221507,
            "acousticness": 0.0215,
            "danceability": 6.877000000000001,
            "instrumentalness": 1.66e-06,
            "liveness": 0.0939,
            "loudness": -6.428,
            "speechiness": 0.0304,
            "time_signature": 4,
            "happiness": 2.971
        }
    },
    {
        "#": 30,
        "Track Title": "I Feel It Coming",
        "Artist": "The Weeknd, Daft Punk",
        "Key": "8A",
        "Energy": 8.370999999999999,
        "Popularity": 7.84,
        "BPM": 93,
        "DJ Play Count": 0,
        "Rating": "*******",
        "My Tag": [
            "Bach Party",
            "2010s",
            "Pop",
            "Rock"
        ],
        "Additional Info": {
            "id": "5GXAXm5YOmYT0kL5jHvYBt",
            "explicit": false,
            "album": "Starboy",
            "release_date": "2016-11-24",
            "genres": [
                "canadian contemporary r&b",
                "canadian pop",
                "pop",
                "electro",
                "filter house",
                "rock"
            ],
            "duration": 269187,
            "acousticness": 0.426,
            "danceability": 7.957,
            "instrumentalness": 0,
            "liveness": 0.0679,
            "loudness": -5.946,
            "speechiness": 0.118,
            "time_signature": 4,
            "happiness": 6.265
        }
    },
    {
        "#": 31,
        "Track Title": "21 Questions",
        "Artist": "50 Cent, Nate Dogg",
        "Key": "2A",
        "Energy": 8.263000000000002,
        "Popularity": 7.84,
        "BPM": 90,
        "DJ Play Count": 0,
        "Rating": "*******",
        "My Tag": [
            "Bach Party",
            "2000s",
            "Hip Hop",
            "Pop",
            "Happy"
        ],
        "Additional Info": {
            "id": "41bIQPBE1lFN0mmw6Lmssz",
            "explicit": true,
            "album": "Get Rich Or Die Tryin'",
            "release_date": "2003-02-06",
            "genres": [
                "east coast hip hop",
                "gangster rap",
                "hip hop",
                "pop rap",
                "queens hip hop",
                "rap",
                "g funk",
                "gangster rap",
                "hardcore hip hop",
                "hip hop",
                "west coast rap"
            ],
            "duration": 224427,
            "acousticness": 0.353,
            "danceability": 6.183999999999999,
            "instrumentalness": 0.000363,
            "liveness": 0.0512,
            "loudness": -3.908,
            "speechiness": 0.317,
            "time_signature": 4,
            "happiness": 9.172
        }
    },
    {
        "#": 32,
        "Track Title": "Magic In The Hamptons (feat. Lil Yachty)",
        "Artist": "Social House, Lil Yachty",
        "Key": "3B",
        "Energy": 5.311,
        "Popularity": 7.84,
        "BPM": 96,
        "DJ Play Count": 0,
        "Rating": "*******",
        "My Tag": [
            "Bach Party",
            "2010s",
            "Hip Hop",
            "Happy"
        ],
        "Additional Info": {
            "id": "2Yer0p7uB2lVBUAtANuuQp",
            "explicit": false,
            "album": "Magic In The Hamptons (feat. Lil Yachty)",
            "release_date": "2018-06-08",
            "genres": [
                "atl hip hop",
                "melodic rap",
                "rap",
                "trap"
            ],
            "duration": 164640,
            "acousticness": 0.66,
            "danceability": 7.921,
            "instrumentalness": 0,
            "liveness": 0.0914,
            "loudness": -5.339,
            "speechiness": 0.0385,
            "time_signature": 4,
            "happiness": 8.227
        }
    },
    {
        "#": 33,
        "Track Title": "We Are Young (feat. Janelle Monáe)",
        "Artist": "fun., Janelle Monáe",
        "Key": "6B",
        "Energy": 6.742,
        "Popularity": 7.84,
        "BPM": 92,
        "DJ Play Count": 0,
        "Rating": "*******",
        "My Tag": [
            "Bach Party",
            "2010s",
            "Hip Hop",
            "Happy"
        ],
        "Additional Info": {
            "id": "7a86XRg84qjasly9f6bPSD",
            "explicit": false,
            "album": "Some Nights",
            "release_date": "2012-02-21",
            "genres": [
                "baroque pop",
                "metropopolis",
                "afrofuturism",
                "alternative r&b",
                "atl hip hop",
                "neo soul",
                "r&b"
            ],
            "duration": 250627,
            "acousticness": 0.02,
            "danceability": 4.402,
            "instrumentalness": 7.66e-05,
            "liveness": 0.0849,
            "loudness": -5.576,
            "speechiness": 0.075,
            "time_signature": 4,
            "happiness": 7.615
        }
    },
    {
        "#": 34,
        "Track Title": "Slide (feat. Frank Ocean & Migos)",
        "Artist": "Calvin Harris, Frank Ocean, Migos",
        "Key": "3A",
        "Energy": 8.155000000000001,
        "Popularity": 7.75,
        "BPM": 104,
        "DJ Play Count": 0,
        "Rating": "*******",
        "My Tag": [
            "Bach Party",
            "2010s",
            "Hip Hop",
            "EDM",
            "Dance Remixes"
        ],
        "Additional Info": {
            "id": "6gpcs5eMhJwax4mIfKDYQk",
            "explicit": true,
            "album": "Slide (feat. Frank Ocean & Migos)",
            "release_date": "2017-02-24",
            "genres": [
                "dance pop",
                "edm",
                "electro house",
                "house",
                "pop",
                "progressive house",
                "uk dance",
                "lgbtq+ hip hop",
                "neo soul",
                "atl hip hop",
                "hip hop",
                "rap",
                "trap"
            ],
            "duration": 230813,
            "acousticness": 0.498,
            "danceability": 7.624,
            "instrumentalness": 1.21e-06,
            "liveness": 0.254,
            "loudness": -3.299,
            "speechiness": 0.0545,
            "time_signature": 4,
            "happiness": 5.599
        }
    },
    {
        "#": 35,
        "Track Title": "Bottoms Up (feat. Nicki Minaj)",
        "Artist": "Trey Songz, Nicki Minaj",
        "Key": "3B",
        "Energy": 6.409,
        "Popularity": 7.66,
        "BPM": 74,
        "DJ Play Count": 0,
        "Rating": "*******",
        "My Tag": [
            "Bach Party",
            "2010s",
            "Hip Hop",
            "Dance Remixes"
        ],
        "Additional Info": {
            "id": "4AYX69oFP3UOS1CFmV9UfO",
            "explicit": true,
            "album": "Passion, Pain & Pleasure (Deluxe Version)",
            "release_date": "2010-09-14",
            "genres": [
                "dance pop",
                "r&b",
                "southern hip hop",
                "trap",
                "urban contemporary",
                "hip pop",
                "pop",
                "queens hip hop",
                "rap"
            ],
            "duration": 242013,
            "acousticness": 0.0205,
            "danceability": 8.596,
            "instrumentalness": 0,
            "liveness": 0.385,
            "loudness": -5.283,
            "speechiness": 0.157,
            "time_signature": 4,
            "happiness": 3.979
        }
    },
    {
        "#": 36,
        "Track Title": "Party Up",
        "Artist": "DMX",
        "Key": "1B",
        "Energy": 9.379000000000001,
        "Popularity": 7.57,
        "BPM": 101,
        "DJ Play Count": 0,
        "Rating": "*******",
        "My Tag": [
            "Bach Party",
            "90s",
            "Hip Hop"
        ],
        "Additional Info": {
            "id": "0LWkaEyQRkF0XAms8Bg1fC",
            "explicit": true,
            "album": "...And Then There Was X",
            "release_date": "1999-12-21",
            "genres": [
                "east coast hip hop",
                "gangster rap",
                "hardcore hip hop",
                "hip hop",
                "rap"
            ],
            "duration": 268867,
            "acousticness": 0.0738,
            "danceability": 5.59,
            "instrumentalness": 0,
            "liveness": 0.5,
            "loudness": -3.302,
            "speechiness": 0.347,
            "time_signature": 4,
            "happiness": 5.7700000000000005
        }
    },
    {
        "#": 37,
        "Track Title": "Turn Down for What",
        "Artist": "DJ Snake, Lil Jon",
        "Key": "3A",
        "Energy": 8.191,
        "Popularity": 7.57,
        "BPM": 100,
        "DJ Play Count": 0,
        "Rating": "*******",
        "My Tag": [
            "Bach Party",
            "2010s",
            "Hip Hop",
            "EDM",
            "Dance Remixes",
            "Pop",
            "Fight & Fog"
        ],
        "Additional Info": {
            "id": "67awxiNHNyjMXhVgsHuIrs",
            "explicit": false,
            "album": "Turn Down for What",
            "release_date": "2013-12-18",
            "genres": [
                "edm",
                "electronic trap",
                "pop",
                "pop dance",
                "atl hip hop",
                "crunk",
                "dance pop",
                "dirty south rap",
                "old school atlanta hip hop",
                "pop rap",
                "southern hip hop",
                "trap"
            ],
            "duration": 213733,
            "acousticness": 0.00107,
            "danceability": 8.361999999999998,
            "instrumentalness": 0.128,
            "liveness": 0.057,
            "loudness": -4.1,
            "speechiness": 0.156,
            "time_signature": 4,
            "happiness": 1.7335
        }
    },
    {
        "#": 38,
        "Track Title": "Sit Next to Me",
        "Artist": "Foster The People",
        "Key": "2A",
        "Energy": 7.6419999999999995,
        "Popularity": 7.57,
        "BPM": 97,
        "DJ Play Count": 0,
        "Rating": "*******",
        "My Tag": [
            "Bach Party",
            "2010s",
            "Rock"
        ],
        "Additional Info": {
            "id": "4BdGO1CaObRD4La9l5Zanz",
            "explicit": false,
            "album": "Sacred Hearts Club",
            "release_date": "2017-07-21",
            "genres": [
                "indietronica",
                "modern alternative rock",
                "modern rock",
                "rock"
            ],
            "duration": 243147,
            "acousticness": 0.117,
            "danceability": 6.742,
            "instrumentalness": 0.000384,
            "liveness": 0.689,
            "loudness": -4.976,
            "speechiness": 0.0292,
            "time_signature": 4,
            "happiness": 6.913
        }
    },
    {
        "#": 39,
        "Track Title": "The Show Goes On",
        "Artist": "Lupe Fiasco",
        "Key": "9B",
        "Energy": 9.001,
        "Popularity": 7.4799999999999995,
        "BPM": 143,
        "DJ Play Count": 0,
        "Rating": "*******",
        "My Tag": [
            "Bach Party",
            "2010s",
            "Hip Hop",
            "Pop"
        ],
        "Additional Info": {
            "id": "4NTWZqvfQTlOMitlVn6tew",
            "explicit": true,
            "album": "Lasers",
            "release_date": "2011-03-04",
            "genres": [
                "chicago rap",
                "conscious hip hop",
                "hip hop",
                "political hip hop",
                "pop rap",
                "rap",
                "southern hip hop"
            ],
            "duration": 239613,
            "acousticness": 0.0189,
            "danceability": 6.319,
            "instrumentalness": 0,
            "liveness": 0.155,
            "loudness": -3.839,
            "speechiness": 0.115,
            "time_signature": 4,
            "happiness": 6.8500000000000005
        }
    },
    {
        "#": 40,
        "Track Title": "Country Grammar (Hot Shit)",
        "Artist": "Nelly",
        "Key": "10B",
        "Energy": 6.976,
        "Popularity": 7.4799999999999995,
        "BPM": 81,
        "DJ Play Count": 0,
        "Rating": "*******",
        "My Tag": [
            "Bach Party",
            "2000s",
            "Hip Hop",
            "Pop",
            "Dance Remixes"
        ],
        "Additional Info": {
            "id": "3wMUvT6eIw2L5cZFG1yH9j",
            "explicit": true,
            "album": "Country Grammar",
            "release_date": "2000-06-27",
            "genres": [
                "dance pop",
                "gangster rap",
                "hip hop",
                "pop rap",
                "rap",
                "st louis rap",
                "urban contemporary"
            ],
            "duration": 287000,
            "acousticness": 0.00689,
            "danceability": 8.785,
            "instrumentalness": 0,
            "liveness": 0.142,
            "loudness": -6.822,
            "speechiness": 0.108,
            "time_signature": 4,
            "happiness": 6.084999999999999
        }
    },
    {
        "#": 41,
        "Track Title": "broken",
        "Artist": "lovelytheband",
        "Key": "9B",
        "Energy": 7.552,
        "Popularity": 7.3,
        "BPM": 123,
        "DJ Play Count": 0,
        "Rating": "*******",
        "My Tag": [
            "Bach Party",
            "2010s",
            "Rock"
        ],
        "Additional Info": {
            "id": "6XcfKZvJio9Z0fQy11GnNX",
            "explicit": false,
            "album": "finding it hard to smile",
            "release_date": "2018-08-03",
            "genres": [
                "modern alternative rock",
                "modern rock",
                "pov: indie"
            ],
            "duration": 204878,
            "acousticness": 0.00175,
            "danceability": 6.994000000000001,
            "instrumentalness": 4.26e-06,
            "liveness": 0.0429,
            "loudness": -5.808,
            "speechiness": 0.0419,
            "time_signature": 4,
            "happiness": 5.59
        }
    },
    {
        "#": 42,
        "Track Title": "Young, Wild & Free (feat. Bruno Mars)",
        "Artist": "Snoop Dogg, Wiz Khalifa, Bruno Mars",
        "Key": "8B",
        "Energy": 6.868,
        "Popularity": 7.3,
        "BPM": 95,
        "DJ Play Count": 0,
        "Rating": "*******",
        "My Tag": [
            "Bach Party",
            "2010s",
            "Hip Hop",
            "Pop",
            "Dance Remixes"
        ],
        "Additional Info": {
            "id": "6YbhspuOar1D9WSSnfe7ds",
            "explicit": false,
            "album": "Mac and Devin Go to High School (Music from and Inspired by the Movie)",
            "release_date": "2011-12-12",
            "genres": [
                "g funk",
                "gangster rap",
                "hip hop",
                "pop rap",
                "rap",
                "west coast rap",
                "hip hop",
                "pittsburgh rap",
                "pop rap",
                "rap",
                "southern hip hop",
                "trap",
                "dance pop",
                "pop"
            ],
            "duration": 207347,
            "acousticness": 0.0897,
            "danceability": 5.977,
            "instrumentalness": 0,
            "liveness": 0.111,
            "loudness": -6.685,
            "speechiness": 0.206,
            "time_signature": 4,
            "happiness": 5.9590000000000005
        }
    },
    {
        "#": 43,
        "Track Title": "Burn The House Down",
        "Artist": "AJR",
        "Key": "8B",
        "Energy": 6.94,
        "Popularity": 7.3,
        "BPM": 92,
        "DJ Play Count": 0,
        "Rating": "*******",
        "My Tag": [
            "Bach Party",
            "2010s"
        ],
        "Additional Info": {
            "id": "0TkJIyL69RAUIbNwGub6uR",
            "explicit": true,
            "album": "The Click (Deluxe Edition)",
            "release_date": "2018-09-21",
            "genres": [
                "pov: indie"
            ],
            "duration": 212374,
            "acousticness": 0.0364,
            "danceability": 5.086,
            "instrumentalness": 0,
            "liveness": 0.181,
            "loudness": -4.357,
            "speechiness": 0.168,
            "time_signature": 4,
            "happiness": 6.111999999999999
        }
    },
    {
        "#": 44,
        "Track Title": "Snap Yo Fingers",
        "Artist": "Lil Jon, E-40, Sean Paul",
        "Key": "4A",
        "Energy": 7.813,
        "Popularity": 7.209999999999999,
        "BPM": 82,
        "DJ Play Count": 0,
        "Rating": "*******",
        "My Tag": [
            "Bach Party",
            "2000s",
            "Hip Hop",
            "Pop",
            "Dance Remixes"
        ],
        "Additional Info": {
            "id": "6o3s08kk2fQI37vxGZDrJ1",
            "explicit": false,
            "album": "Snap Yo Fingers - Single",
            "release_date": "2006-05-02",
            "genres": [
                "atl hip hop",
                "crunk",
                "dance pop",
                "dirty south rap",
                "old school atlanta hip hop",
                "pop rap",
                "southern hip hop",
                "trap",
                "cali rap",
                "gangster rap",
                "hyphy",
                "oakland hip hop",
                "west coast rap"
            ],
            "duration": 274387,
            "acousticness": 0.00647,
            "danceability": 8.515,
            "instrumentalness": 0,
            "liveness": 0.29,
            "loudness": -5.029,
            "speechiness": 0.23,
            "time_signature": 4,
            "happiness": 6.634
        }
    },
    {
        "#": 45,
        "Track Title": "Blame It",
        "Artist": "Jamie Foxx, T-Pain",
        "Key": "9B",
        "Energy": 6.526,
        "Popularity": 7.209999999999999,
        "BPM": 88,
        "DJ Play Count": 0,
        "Rating": "*******",
        "My Tag": [
            "Bach Party",
            "2000s",
            "Hip Hop",
            "Pop",
            "Dance Remixes"
        ],
        "Additional Info": {
            "id": "08uGhvS5MfBk7crUCpnjva",
            "explicit": true,
            "album": "Intuition",
            "release_date": "2008-12-11",
            "genres": [
                "contemporary r&b",
                "hip pop",
                "r&b",
                "southern hip hop",
                "trap",
                "urban contemporary",
                "dance pop",
                "gangster rap",
                "hip hop",
                "pop rap",
                "r&b",
                "rap",
                "southern hip hop",
                "trap",
                "urban contemporary"
            ],
            "duration": 289747,
            "acousticness": 0.0782,
            "danceability": 7.057,
            "instrumentalness": 0,
            "liveness": 0.139,
            "loudness": -5.426,
            "speechiness": 0.103,
            "time_signature": 4,
            "happiness": 4.258
        }
    },
    {
        "#": 46,
        "Track Title": "This Is How We Do It",
        "Artist": "Montell Jordan, Wino",
        "Key": "8B",
        "Energy": 6.607,
        "Popularity": 7.209999999999999,
        "BPM": 104,
        "DJ Play Count": 0,
        "Rating": "*******",
        "My Tag": [
            "Bach Party",
            "90s",
            "Hip Hop",
            "Happy"
        ],
        "Additional Info": {
            "id": "6uQKuonTU8VKBz5SHZuQXD",
            "explicit": false,
            "album": "This Is How We Do It",
            "release_date": "1995-01-01",
            "genres": [
                "contemporary r&b",
                "new jack swing",
                "r&b",
                "urban contemporary"
            ],
            "duration": 238800,
            "acousticness": 0.0141,
            "danceability": 8.191,
            "instrumentalness": 0,
            "liveness": 0.43,
            "loudness": -9.374,
            "speechiness": 0.0812,
            "time_signature": 4,
            "happiness": 7.957
        }
    },
    {
        "#": 47,
        "Track Title": "First",
        "Artist": "Cold War Kids",
        "Key": "10B",
        "Energy": 7.228,
        "Popularity": 7.209999999999999,
        "BPM": 78,
        "DJ Play Count": 0,
        "Rating": "*******",
        "My Tag": [
            "Bach Party",
            "2010s",
            "Rock"
        ],
        "Additional Info": {
            "id": "3omXshBamrREltcf24gYDC",
            "explicit": false,
            "album": "Hold My Home",
            "release_date": "2014-10-31",
            "genres": [
                "indie rock",
                "modern alternative rock",
                "modern rock",
                "piano rock",
                "stomp and holler"
            ],
            "duration": 200360,
            "acousticness": 0.0202,
            "danceability": 5.212000000000001,
            "instrumentalness": 2.39e-06,
            "liveness": 0.523,
            "loudness": -4.015,
            "speechiness": 0.0295,
            "time_signature": 4,
            "happiness": 6.049
        }
    },
    {
        "#": 48,
        "Track Title": "Where the Party At (feat. Nelly)",
        "Artist": "Jagged Edge, Nelly",
        "Key": "7A",
        "Energy": 6.949,
        "Popularity": 7.12,
        "BPM": 129,
        "DJ Play Count": 0,
        "Rating": "*******",
        "My Tag": [
            "Bach Party",
            "2000s",
            "Hip Hop",
            "Pop",
            "Dance Remixes",
            "Happy"
        ],
        "Additional Info": {
            "id": "5mNV8Mz59bzyuQ53gTw0c0",
            "explicit": false,
            "album": "Jagged Little Thrill",
            "release_date": "2001-07-03",
            "genres": [
                "atl hip hop",
                "contemporary r&b",
                "r&b",
                "urban contemporary",
                "dance pop",
                "gangster rap",
                "hip hop",
                "pop rap",
                "rap",
                "st louis rap",
                "urban contemporary"
            ],
            "duration": 232573,
            "acousticness": 0.31,
            "danceability": 6.364,
            "instrumentalness": 0,
            "liveness": 0.0847,
            "loudness": -6.239,
            "speechiness": 0.226,
            "time_signature": 5,
            "happiness": 8.74
        }
    },
    {
        "#": 49,
        "Track Title": "Boom Boom Pow",
        "Artist": "Black Eyed Peas",
        "Key": "11B",
        "Energy": 8.713000000000001,
        "Popularity": 7.12,
        "BPM": 130,
        "DJ Play Count": 0,
        "Rating": "*******",
        "My Tag": [
            "Bach Party",
            "2000s",
            "Pop",
            "Dance Remixes"
        ],
        "Additional Info": {
            "id": "3opVsyWVYEAFK9bJAG8Opa",
            "explicit": true,
            "album": "THE E.N.D. (THE ENERGY NEVER DIES)",
            "release_date": "2009-01-01",
            "genres": [
                "dance pop",
                "pop",
                "pop rap"
            ],
            "duration": 251440,
            "acousticness": 0.13,
            "danceability": 8.794,
            "instrumentalness": 0.0017,
            "liveness": 0.13,
            "loudness": -5.894,
            "speechiness": 0.0664,
            "time_signature": 4,
            "happiness": 4.672
        }
    },
    {
        "#": 50,
        "Track Title": "Lifestyle (feat. Adam Levine)",
        "Artist": "Jason Derulo, Adam Levine, Maroon 5",
        "Key": "6A",
        "Energy": 7.066000000000001,
        "Popularity": 7.12,
        "BPM": 123,
        "DJ Play Count": 0,
        "Rating": "*******",
        "My Tag": [
            "Bach Party",
            "2020s",
            "Dance Remixes",
            "Happy"
        ],
        "Additional Info": {
            "id": "0osvOdeD3YXZiWkT8MKolJ",
            "explicit": true,
            "album": "Lifestyle (feat. Adam Levine)",
            "release_date": "2021-01-21",
            "genres": [
                "dance pop",
                "pop",
                "deep talent show",
                "pop"
            ],
            "duration": 153865,
            "acousticness": 0.0209,
            "danceability": 7.741,
            "instrumentalness": 0,
            "liveness": 0.169,
            "loudness": -5.128,
            "speechiness": 0.0366,
            "time_signature": 4,
            "happiness": 7.399
        }
    }
]