[
    {
        "#": 1,
        "Track Title": "Have Mercy",
        "Artist": "Chlöe",
        "Key": "11B",
        "Energy": 5.815,
        "Popularity": 7.4799999999999995,
        "BPM": 130,
        "DJ Play Count": 0,
        "Rating": "*******",
        "My Tag": [
            "Bach Party",
            "2020s",
            "Sexy"
        ],
        "Additional Info": {
            "id": "5SixeLvPsYpk7qq9lo5xYg",
            "explicit": true,
            "album": "Have Mercy",
            "release_date": "2021-09-10",
            "genres": [],
            "duration": 148779,
            "acousticness": 0.297,
            "danceability": 9.127,
            "instrumentalness": 0,
            "liveness": 0.345,
            "loudness": -6.434,
            "speechiness": 0.0742,
            "time_signature": 4,
            "happiness": 5.572
        }
    },
    {
        "#": 2,
        "Track Title": "Act Up",
        "Artist": "City Girls",
        "Key": "4B",
        "Energy": 6.742,
        "Popularity": 7.209999999999999,
        "BPM": 97,
        "DJ Play Count": 0,
        "Rating": "*******",
        "My Tag": [
            "Bach Party",
            "2010s",
            "Sexy"
        ],
        "Additional Info": {
            "id": "3A2yGHWIzmGEIolwonU69h",
            "explicit": true,
            "album": "Girl Code",
            "release_date": "2018-11-16",
            "genres": [
                "scam rap",
                "trap queen"
            ],
            "duration": 158332,
            "acousticness": 0.0167,
            "danceability": 9.442,
            "instrumentalness": 0,
            "liveness": 0.111,
            "loudness": -4.713,
            "speechiness": 0.189,
            "time_signature": 4,
            "happiness": 3.817
        }
    },
    {
        "#": 3,
        "Track Title": "My Neck, My Back (Lick It)",
        "Artist": "Khia",
        "Key": "11A",
        "Energy": 6.625,
        "Popularity": 6.67,
        "BPM": 102,
        "DJ Play Count": 0,
        "Rating": "*******",
        "My Tag": [
            "Bach Party",
            "2010s",
            "Happy",
            "Sexy"
        ],
        "Additional Info": {
            "id": "5r29mFrurlVBbqJzjr2XW6",
            "explicit": true,
            "album": "Thug Misses (Digitally Remastered)",
            "release_date": "2015-05-05",
            "genres": [
                "hip pop",
                "trap queen"
            ],
            "duration": 222560,
            "acousticness": 0.0296,
            "danceability": 8.731,
            "instrumentalness": 0,
            "liveness": 0.0537,
            "loudness": -4.234,
            "speechiness": 0.13,
            "time_signature": 4,
            "happiness": 7.39
        }
    },
    {
        "#": 4,
        "Track Title": "Best Friend (feat. Doja Cat)",
        "Artist": "Saweetie, Doja Cat",
        "Key": "12B",
        "Energy": 7.894,
        "Popularity": 7.66,
        "BPM": 94,
        "DJ Play Count": 0,
        "Rating": "*******",
        "My Tag": [
            "Bach Party",
            "2020s",
            "Dance Remixes",
            "Sexy"
        ],
        "Additional Info": {
            "id": "2etHQJxIbV0soyPhelVs9Y",
            "explicit": true,
            "album": "Best Friend (feat. Doja Cat)",
            "release_date": "2021-01-07",
            "genres": [
                "cali rap",
                "trap queen",
                "dance pop",
                "pop"
            ],
            "duration": 155884,
            "acousticness": 0.00302,
            "danceability": 8.559999999999999,
            "instrumentalness": 3.61e-06,
            "liveness": 0.0684,
            "loudness": -4.12,
            "speechiness": 0.136,
            "time_signature": 4,
            "happiness": 4.618
        }
    },
    {
        "#": 5,
        "Track Title": "Buss It",
        "Artist": "Erica Banks",
        "Key": "11B",
        "Energy": 5.518,
        "Popularity": 6.67,
        "BPM": 110,
        "DJ Play Count": 0,
        "Rating": "*******",
        "My Tag": [
            "Bach Party",
            "2020s",
            "Happy",
            "Sexy"
        ],
        "Additional Info": {
            "id": "25j0Sape7qZbq6ZPLFefTT",
            "explicit": true,
            "album": "Erica Banks",
            "release_date": "2020-06-19",
            "genres": [
                "trap queen"
            ],
            "duration": 187000,
            "acousticness": 0.0593,
            "danceability": 9.604,
            "instrumentalness": 0,
            "liveness": 0.238,
            "loudness": -5.995,
            "speechiness": 0.213,
            "time_signature": 4,
            "happiness": 8.155000000000001
        }
    },
    {
        "#": 6,
        "Track Title": "WAP (feat. Megan Thee Stallion)",
        "Artist": "Cardi B, Megan Thee Stallion",
        "Key": "3B",
        "Energy": 5.086,
        "Popularity": 8.290000000000001,
        "BPM": 133,
        "DJ Play Count": 0,
        "Rating": "*******",
        "My Tag": [
            "Bach Party",
            "2020s",
            "Hip Hop",
            "Sexy"
        ],
        "Additional Info": {
            "id": "4Oun2ylbjFKMPTiaSbbCih",
            "explicit": true,
            "album": "WAP (feat. Megan Thee Stallion)",
            "release_date": "2020-08-07",
            "genres": [
                "pop",
                "rap",
                "houston rap",
                "pop",
                "rap",
                "trap queen"
            ],
            "duration": 187541,
            "acousticness": 0.0194,
            "danceability": 9.415000000000001,
            "instrumentalness": 0,
            "liveness": 0.0824,
            "loudness": -7.509,
            "speechiness": 0.375,
            "time_signature": 4,
            "happiness": 4.213
        }
    },
    {
        "#": 7,
        "Track Title": "Up",
        "Artist": "Cardi B",
        "Key": "1B",
        "Energy": 8.155000000000001,
        "Popularity": 7.57,
        "BPM": 83,
        "DJ Play Count": 0,
        "Rating": "*******",
        "My Tag": [
            "Bach Party",
            "2020s",
            "Hip Hop",
            "Happy",
            "Sexy"
        ],
        "Additional Info": {
            "id": "1M4OcYkxAtu3ErzSgDEfoi",
            "explicit": true,
            "album": "Up (Instrumental)",
            "release_date": "2021-02-04",
            "genres": [
                "pop",
                "rap"
            ],
            "duration": 156945,
            "acousticness": 0.0012,
            "danceability": 8.812000000000001,
            "instrumentalness": 0.0193,
            "liveness": 0.0461,
            "loudness": -6.044,
            "speechiness": 0.269,
            "time_signature": 4,
            "happiness": 8.370999999999999
        }
    },
    {
        "#": 8,
        "Track Title": "Bodak Yellow",
        "Artist": "Cardi B",
        "Key": "1A",
        "Energy": 7.507,
        "Popularity": 6.3999999999999995,
        "BPM": 125,
        "DJ Play Count": 0,
        "Rating": "*******",
        "My Tag": [
            "Bach Party",
            "2010s",
            "Hip Hop",
            "Sexy"
        ],
        "Additional Info": {
            "id": "2771LMNxwf62FTAdpJMQfM",
            "explicit": true,
            "album": "Bodak Yellow",
            "release_date": "2017-06-16",
            "genres": [
                "pop",
                "rap"
            ],
            "duration": 223962,
            "acousticness": 0.0672,
            "danceability": 9.361,
            "instrumentalness": 0,
            "liveness": 0.346,
            "loudness": -5.792,
            "speechiness": 0.109,
            "time_signature": 4,
            "happiness": 5.122
        }
    },
    {
        "#": 9,
        "Track Title": "Body",
        "Artist": "Megan Thee Stallion",
        "Key": "4A",
        "Energy": 7.588,
        "Popularity": 7.4799999999999995,
        "BPM": 94,
        "DJ Play Count": 0,
        "Rating": "*******",
        "My Tag": [
            "Bach Party",
            "2020s",
            "Hip Hop",
            "Sexy"
        ],
        "Additional Info": {
            "id": "0A1hoCfMLkiAgvhWkkucJa",
            "explicit": true,
            "album": "Good News",
            "release_date": "2020-11-20",
            "genres": [
                "houston rap",
                "pop",
                "rap",
                "trap queen"
            ],
            "duration": 171067,
            "acousticness": 0.0166,
            "danceability": 9.226,
            "instrumentalness": 0,
            "liveness": 0.107,
            "loudness": -6.1,
            "speechiness": 0.241,
            "time_signature": 4,
            "happiness": 5.221
        }
    },
    {
        "#": 10,
        "Track Title": "Red Nose",
        "Artist": "Sage The Gemini",
        "Key": "1A",
        "Energy": 5.257,
        "Popularity": 6.8500000000000005,
        "BPM": 97,
        "DJ Play Count": 0,
        "Rating": "*******",
        "My Tag": [
            "Bach Party",
            "2010s",
            "Pop",
            "Hip Hop",
            "Happy",
            "Sexy"
        ],
        "Additional Info": {
            "id": "1KIQ0RscHwxXPJUvhuO5Bl",
            "explicit": true,
            "album": "Remember Me",
            "release_date": "2014-03-25",
            "genres": [
                "hyphy",
                "pop rap",
                "southern hip hop",
                "trap"
            ],
            "duration": 193200,
            "acousticness": 0.414,
            "danceability": 7.1290000000000004,
            "instrumentalness": 0,
            "liveness": 0.0794,
            "loudness": -5.733,
            "speechiness": 0.449,
            "time_signature": 4,
            "happiness": 7.894
        }
    },
    {
        "#": 11,
        "Track Title": "Dance (A$$) Remix",
        "Artist": "Big Sean, Nicki Minaj",
        "Key": "1A",
        "Energy": 7.489,
        "Popularity": 1.0,
        "BPM": 80,
        "DJ Play Count": 0,
        "Rating": "*******",
        "My Tag": [
            "Bach Party",
            "2010s",
            "Hip Hop",
            "Pop",
            "Happy",
            "Sexy"
        ],
        "Additional Info": {
            "id": "3OVLPcUPS0HbMeAeMP0jZ4",
            "explicit": true,
            "album": "Dance (A$$) Remix",
            "release_date": "2011-01-01",
            "genres": [
                "detroit hip hop",
                "hip hop",
                "pop rap",
                "rap",
                "southern hip hop",
                "trap",
                "hip pop",
                "pop",
                "queens hip hop",
                "rap"
            ],
            "duration": 220347,
            "acousticness": 0.0263,
            "danceability": 8.389,
            "instrumentalness": 0.000661,
            "liveness": 0.215,
            "loudness": -6.807,
            "speechiness": 0.292,
            "time_signature": 4,
            "happiness": 7.282
        }
    },
    {
        "#": 12,
        "Track Title": "Down On Me",
        "Artist": "Jeremih, 50 Cent",
        "Key": "10B",
        "Energy": 6.382,
        "Popularity": 7.84,
        "BPM": 80,
        "DJ Play Count": 0,
        "Rating": "*******",
        "My Tag": [
            "Bach Party",
            "2010s",
            "Pop",
            "Hip Hop",
            "Sexy"
        ],
        "Additional Info": {
            "id": "0x3TibRgnSqzkcwrqBd4iX",
            "explicit": false,
            "album": "All About You",
            "release_date": "2010-01-01",
            "genres": [
                "chicago rap",
                "pop rap",
                "r&b",
                "southern hip hop",
                "trap",
                "urban contemporary",
                "east coast hip hop",
                "gangster rap",
                "hip hop",
                "pop rap",
                "queens hip hop",
                "rap"
            ],
            "duration": 228453,
            "acousticness": 0.0369,
            "danceability": 7.3,
            "instrumentalness": 0,
            "liveness": 0.111,
            "loudness": -7.783,
            "speechiness": 0.114,
            "time_signature": 4,
            "happiness": 6.346
        }
    },
    {
        "#": 13,
        "Track Title": "My Type",
        "Artist": "Saweetie",
        "Key": "10B",
        "Energy": 8.299,
        "Popularity": 7.4799999999999995,
        "BPM": 105,
        "DJ Play Count": 0,
        "Rating": "*******",
        "My Tag": [
            "Bach Party",
            "2010s",
            "Sexy"
        ],
        "Additional Info": {
            "id": "5KBARWIxeMGkvUax9VtVC9",
            "explicit": true,
            "album": "ICY",
            "release_date": "2019-03-29",
            "genres": [
                "cali rap",
                "trap queen"
            ],
            "duration": 126446,
            "acousticness": 0.000677,
            "danceability": 9.091000000000001,
            "instrumentalness": 0,
            "liveness": 0.0672,
            "loudness": -6.294,
            "speechiness": 0.258,
            "time_signature": 4,
            "happiness": 6.2829999999999995
        }
    },
    {
        "#": 14,
        "Track Title": "Tap In",
        "Artist": "Saweetie",
        "Key": "6A",
        "Energy": 7.263999999999999,
        "Popularity": 7.12,
        "BPM": 100,
        "DJ Play Count": 0,
        "Rating": "*******",
        "My Tag": [
            "Bach Party",
            "2020s",
            "Sexy"
        ],
        "Additional Info": {
            "id": "4Hpib09wXgD84w4uwTPnYD",
            "explicit": true,
            "album": "Tap In",
            "release_date": "2020-06-17",
            "genres": [
                "cali rap",
                "trap queen"
            ],
            "duration": 139413,
            "acousticness": 0.00576,
            "danceability": 9.586,
            "instrumentalness": 0.000498,
            "liveness": 0.0754,
            "loudness": -7.117,
            "speechiness": 0.204,
            "time_signature": 4,
            "happiness": 4.888
        }
    },
    {
        "#": 15,
        "Track Title": "Back That Azz Up",
        "Artist": "JUVENILE, Lil Wayne, Mannie Fresh",
        "Key": "10A",
        "Energy": 8.379999999999999,
        "Popularity": 6.31,
        "BPM": 96,
        "DJ Play Count": 0,
        "Rating": "*******",
        "My Tag": [
            "Bach Party",
            "2000s",
            "Hip Hop",
            "Pop",
            "Sexy"
        ],
        "Additional Info": {
            "id": "525yPO8r5J6kLostDxm3XK",
            "explicit": true,
            "album": "Greatest Hits",
            "release_date": "2004-01-01",
            "genres": [
                "bounce",
                "crunk",
                "dirty south rap",
                "new orleans rap",
                "southern hip hop",
                "trap",
                "hip hop",
                "new orleans rap",
                "pop rap",
                "rap",
                "trap",
                "bounce",
                "dirty south rap"
            ],
            "duration": 265560,
            "acousticness": 0.0339,
            "danceability": 7.768,
            "instrumentalness": 0,
            "liveness": 0.0998,
            "loudness": -3.35,
            "speechiness": 0.257,
            "time_signature": 4,
            "happiness": 5.752000000000001
        }
    },
    {
        "#": 16,
        "Track Title": "Back Then",
        "Artist": "Mike Jones",
        "Key": "11B",
        "Energy": 7.624,
        "Popularity": 6.49,
        "BPM": 80,
        "DJ Play Count": 0,
        "Rating": "*******",
        "My Tag": [
            "Bach Party",
            "2000s",
            "Hip Hop",
            "Sexy"
        ],
        "Additional Info": {
            "id": "5krOROgmf8adn3SJzeKLZy",
            "explicit": true,
            "album": "Who Is Mike Jones?",
            "release_date": "2005-04-19",
            "genres": [
                "dirty south rap"
            ],
            "duration": 244187,
            "acousticness": 0.0101,
            "danceability": 7.984,
            "instrumentalness": 0,
            "liveness": 0.18,
            "loudness": -6.308,
            "speechiness": 0.255,
            "time_signature": 4,
            "happiness": 5.824
        }
    },
    {
        "#": 17,
        "Track Title": "Bartier Cardi (feat. 21 Savage)",
        "Artist": "Cardi B, 21 Savage",
        "Key": "3B",
        "Energy": 5.716,
        "Popularity": 7.03,
        "BPM": 138,
        "DJ Play Count": 0,
        "Rating": "*******",
        "My Tag": [
            "Bach Party",
            "2010s",
            "Hip Hop",
            "Sexy"
        ],
        "Additional Info": {
            "id": "0dIoGTQXDh1wVnhIiSyYEa",
            "explicit": true,
            "album": "Invasion of Privacy",
            "release_date": "2018-04-06",
            "genres": [
                "pop",
                "rap",
                "atl hip hop",
                "hip hop",
                "rap",
                "trap"
            ],
            "duration": 224285,
            "acousticness": 0.00111,
            "danceability": 9.172,
            "instrumentalness": 0.000678,
            "liveness": 0.383,
            "loudness": -7.955,
            "speechiness": 0.181,
            "time_signature": 4,
            "happiness": 1.9809999999999999
        }
    },
    {
        "#": 18,
        "Track Title": "Buy U a Drank (Shawty Snappin') (feat. Yung Joc)",
        "Artist": "T-Pain, Yung Joc",
        "Key": "3B",
        "Energy": 5.8870000000000005,
        "Popularity": 5.41,
        "BPM": 80,
        "DJ Play Count": 0,
        "Rating": "*******",
        "My Tag": [
            "Bach Party",
            "2010s",
            "Hip Hop",
            "Pop",
            "Dance Remixes",
            "Sexy"
        ],
        "Additional Info": {
            "id": "1Q1jlFs004vwB0DOznii3K",
            "explicit": false,
            "album": "Happy Hour: The Greatest Hits",
            "release_date": "2014",
            "genres": [
                "dance pop",
                "gangster rap",
                "hip hop",
                "pop rap",
                "r&b",
                "rap",
                "southern hip hop",
                "trap",
                "urban contemporary",
                "atl hip hop",
                "crunk",
                "dirty south rap",
                "southern hip hop",
                "trap"
            ],
            "duration": 230853,
            "acousticness": 0.0112,
            "danceability": 7.218999999999999,
            "instrumentalness": 0,
            "liveness": 0.098,
            "loudness": -8.161,
            "speechiness": 0.143,
            "time_signature": 4,
            "happiness": 6.2829999999999995
        }
    },
    {
        "#": 19,
        "Track Title": "Candy Shop",
        "Artist": "50 Cent, Olivia",
        "Key": "1B",
        "Energy": 6.1659999999999995,
        "Popularity": 8.379999999999999,
        "BPM": 125,
        "DJ Play Count": 0,
        "Rating": "*******",
        "My Tag": [
            "Bach Party",
            "2000s",
            "Hip Hop",
            "Pop",
            "Happy",
            "Sexy"
        ],
        "Additional Info": {
            "id": "5D2mYZuzcgjpchVY1pmTPh",
            "explicit": true,
            "album": "The Massacre",
            "release_date": "2005-03-03",
            "genres": [
                "east coast hip hop",
                "gangster rap",
                "hip hop",
                "pop rap",
                "queens hip hop",
                "rap"
            ],
            "duration": 209107,
            "acousticness": 0.0253,
            "danceability": 6.526,
            "instrumentalness": 3.2e-05,
            "liveness": 0.38,
            "loudness": -7.961,
            "speechiness": 0.466,
            "time_signature": 5,
            "happiness": 7.795
        }
    },
    {
        "#": 20,
        "Track Title": "Drop It Low",
        "Artist": "Ester Dean, Chris Brown",
        "Key": "1B",
        "Energy": 7.426,
        "Popularity": 5.7700000000000005,
        "BPM": 88,
        "DJ Play Count": 0,
        "Rating": "*******",
        "My Tag": [
            "Bach Party",
            "2000s",
            "Hip Hop",
            "Sexy"
        ],
        "Additional Info": {
            "id": "5wuXWTCiKIlNEXfwAuTY1G",
            "explicit": true,
            "album": "More Than A Game",
            "release_date": "2009-01-01",
            "genres": [
                "r&b",
                "rap"
            ],
            "duration": 190533,
            "acousticness": 0.0019,
            "danceability": 7.507,
            "instrumentalness": 5.43e-05,
            "liveness": 0.0836,
            "loudness": -5.036,
            "speechiness": 0.0537,
            "time_signature": 4,
            "happiness": 4.474
        }
    },
    {
        "#": 21,
        "Track Title": "Faded",
        "Artist": "Tyga, Lil Wayne",
        "Key": "3B",
        "Energy": 7.003,
        "Popularity": 6.22,
        "BPM": 95,
        "DJ Play Count": 0,
        "Rating": "*******",
        "My Tag": [
            "Bach Party",
            "2010s",
            "Hip Hop",
            "Pop",
            "Sexy"
        ],
        "Additional Info": {
            "id": "2NRUU0gP1d8Yif8CpsCW8l",
            "explicit": true,
            "album": "Careless World: Rise Of The Last King",
            "release_date": "2012-01-01",
            "genres": [
                "hip hop",
                "pop rap",
                "rap",
                "trap",
                "hip hop",
                "new orleans rap",
                "pop rap",
                "rap",
                "trap"
            ],
            "duration": 206667,
            "acousticness": 0.0103,
            "danceability": 8.479,
            "instrumentalness": 0,
            "liveness": 0.35,
            "loudness": -8.438,
            "speechiness": 0.188,
            "time_signature": 4,
            "happiness": 4.051
        }
    },
    {
        "#": 22,
        "Track Title": "I Love It (& Lil Pump)",
        "Artist": "Kanye West, Lil Pump",
        "Key": "10B",
        "Energy": 5.698,
        "Popularity": 7.66,
        "BPM": 104,
        "DJ Play Count": 0,
        "Rating": "*******",
        "My Tag": [
            "Bach Party",
            "2010s",
            "Hip Hop",
            "Pop",
            "Sexy"
        ],
        "Additional Info": {
            "id": "4S8d14HvHb70ImctNgVzQQ",
            "explicit": true,
            "album": "I Love It",
            "release_date": "2018-09-07",
            "genres": [
                "chicago rap",
                "hip hop",
                "rap",
                "emo rap",
                "miami hip hop",
                "pop rap",
                "rap"
            ],
            "duration": 127947,
            "acousticness": 0.0114,
            "danceability": 9.109,
            "instrumentalness": 0,
            "liveness": 0.259,
            "loudness": -8.304,
            "speechiness": 0.33,
            "time_signature": 4,
            "happiness": 3.9610000000000003
        }
    },
    {
        "#": 23,
        "Track Title": "Make It Nasty",
        "Artist": "Tyga",
        "Key": "3B",
        "Energy": 7.579,
        "Popularity": 1.0,
        "BPM": 98,
        "DJ Play Count": 0,
        "Rating": "*******",
        "My Tag": [
            "Bach Party",
            "2010s",
            "Hip Hop",
            "Pop",
            "Sexy"
        ],
        "Additional Info": {
            "id": "2aCis7fAGyeJufVbFbiKG9",
            "explicit": true,
            "album": "Swag R Us, Vol. 8",
            "release_date": "2015-05-19",
            "genres": [
                "hip hop",
                "pop rap",
                "rap",
                "trap"
            ],
            "duration": 188996,
            "acousticness": 0.158,
            "danceability": 8.965,
            "instrumentalness": 0,
            "liveness": 0.0718,
            "loudness": -5.729,
            "speechiness": 0.191,
            "time_signature": 4,
            "happiness": 6.742
        }
    },
    {
        "#": 24,
        "Track Title": "Mo Bamba",
        "Artist": "Sheck Wes",
        "Key": "12B",
        "Energy": 6.625,
        "Popularity": 8.290000000000001,
        "BPM": 146,
        "DJ Play Count": 0,
        "Rating": "*******",
        "My Tag": [
            "Bach Party",
            "2010s",
            "Pop",
            "Hip Hop",
            "Sexy"
        ],
        "Additional Info": {
            "id": "1xzBco0xcoJEDXktl7Jxrr",
            "explicit": true,
            "album": "MUDBOY",
            "release_date": "2018-10-05",
            "genres": [
                "pop rap",
                "rap",
                "trap"
            ],
            "duration": 183907,
            "acousticness": 0.194,
            "danceability": 7.561,
            "instrumentalness": 0.00986,
            "liveness": 0.248,
            "loudness": -5.266,
            "speechiness": 0.0315,
            "time_signature": 4,
            "happiness": 3.349
        }
    },
    {
        "#": 25,
        "Track Title": "The Motto",
        "Artist": "Drake, Lil Wayne",
        "Key": "3B",
        "Energy": 4.978,
        "Popularity": 7.84,
        "BPM": 101,
        "DJ Play Count": 0,
        "Rating": "*******",
        "My Tag": [
            "Bach Party",
            "2010s",
            "Pop",
            "Hip Hop",
            "Sexy"
        ],
        "Additional Info": {
            "id": "4Kz4RdRCceaA9VgTqBhBfa",
            "explicit": true,
            "album": "Take Care (Deluxe)",
            "release_date": "2011-11-15",
            "genres": [
                "canadian hip hop",
                "canadian pop",
                "hip hop",
                "rap",
                "toronto rap",
                "hip hop",
                "new orleans rap",
                "pop rap",
                "rap",
                "trap"
            ],
            "duration": 181573,
            "acousticness": 0.000107,
            "danceability": 7.894,
            "instrumentalness": 6.12e-05,
            "liveness": 0.111,
            "loudness": -8.558,
            "speechiness": 0.356,
            "time_signature": 4,
            "happiness": 4.51
        }
    },
    {
        "#": 26,
        "Track Title": "My Chick Bad",
        "Artist": "Ludacris, Nicki Minaj",
        "Key": "3B",
        "Energy": 7.507,
        "Popularity": 7.209999999999999,
        "BPM": 85,
        "DJ Play Count": 0,
        "Rating": "*******",
        "My Tag": [
            "Bach Party",
            "2010s",
            "Hip Hop",
            "Pop",
            "Dance Remixes",
            "Happy",
            "Sexy"
        ],
        "Additional Info": {
            "id": "3bMNprrp2JDKZsGbiXpsJl",
            "explicit": true,
            "album": "Battle Of The Sexes (Deluxe)",
            "release_date": "2010-01-01",
            "genres": [
                "atl hip hop",
                "dance pop",
                "dirty south rap",
                "hip hop",
                "old school atlanta hip hop",
                "pop rap",
                "rap",
                "southern hip hop",
                "trap",
                "hip pop",
                "pop",
                "queens hip hop",
                "rap"
            ],
            "duration": 216933,
            "acousticness": 0.172,
            "danceability": 6.616,
            "instrumentalness": 0,
            "liveness": 0.483,
            "loudness": -6.782,
            "speechiness": 0.378,
            "time_signature": 4,
            "happiness": 7.813
        }
    },
    {
        "#": 27,
        "Track Title": "Play",
        "Artist": "David Banner",
        "Key": "3A",
        "Energy": 6.922000000000001,
        "Popularity": 5.86,
        "BPM": 95,
        "DJ Play Count": 0,
        "Rating": "*******",
        "My Tag": [
            "Bach Party",
            "2000s",
            "Hip Hop",
            "Sexy"
        ],
        "Additional Info": {
            "id": "5CWyE2OcZI1HVnHBh4RrKF",
            "explicit": true,
            "album": "Certified",
            "release_date": "2005-01-01",
            "genres": [
                "conscious hip hop",
                "crunk",
                "dirty south rap",
                "mississippi hip hop",
                "southern hip hop"
            ],
            "duration": 230133,
            "acousticness": 0.000213,
            "danceability": 8.533,
            "instrumentalness": 0.122,
            "liveness": 0.243,
            "loudness": -8.013,
            "speechiness": 0.126,
            "time_signature": 4,
            "happiness": 6.274
        }
    },
    {
        "#": 28,
        "Track Title": "Poetic Justice",
        "Artist": "Kendrick Lamar, Drake",
        "Key": "2A",
        "Energy": 6.148,
        "Popularity": 6.76,
        "BPM": 136,
        "DJ Play Count": 0,
        "Rating": "*******",
        "My Tag": [
            "Bach Party",
            "2010s",
            "Hip Hop",
            "Pop",
            "Sexy"
        ],
        "Additional Info": {
            "id": "3MLOAIJNWWS8FQpvdaiKR7",
            "explicit": true,
            "album": "good kid, m.A.A.d city (Deluxe)",
            "release_date": "2012-10-22",
            "genres": [
                "conscious hip hop",
                "hip hop",
                "rap",
                "west coast rap",
                "canadian hip hop",
                "canadian pop",
                "hip hop",
                "rap",
                "toronto rap"
            ],
            "duration": 300160,
            "acousticness": 0.157,
            "danceability": 8.011,
            "instrumentalness": 0,
            "liveness": 0.246,
            "loudness": -9.985,
            "speechiness": 0.378,
            "time_signature": 4,
            "happiness": 6.823
        }
    },
    {
        "#": 29,
        "Track Title": "Pony",
        "Artist": "Ginuwine",
        "Key": "4A",
        "Energy": 6.445,
        "Popularity": 7.66,
        "BPM": 142,
        "DJ Play Count": 0,
        "Rating": "*******",
        "My Tag": [
            "Bach Party",
            "90s",
            "Hip Hop",
            "Happy",
            "Sexy"
        ],
        "Additional Info": {
            "id": "6mz1fBdKATx6qP4oP1I65G",
            "explicit": true,
            "album": "R&B: From Doo-Wop To Hip-Hop",
            "release_date": "1999-10-08",
            "genres": [
                "contemporary r&b",
                "hip pop",
                "r&b",
                "urban contemporary"
            ],
            "duration": 251733,
            "acousticness": 0.00186,
            "danceability": 7.741,
            "instrumentalness": 0.0381,
            "liveness": 0.115,
            "loudness": -9.359,
            "speechiness": 0.086,
            "time_signature": 4,
            "happiness": 9.693999999999999
        }
    },
    {
        "#": 30,
        "Track Title": "Pure Water (with Migos)",
        "Artist": "Mustard, Migos",
        "Key": "8B",
        "Energy": 6.031000000000001,
        "Popularity": 7.93,
        "BPM": 101,
        "DJ Play Count": 0,
        "Rating": "*******",
        "My Tag": [
            "Bach Party",
            "2010s",
            "Pop",
            "Hip Hop",
            "Sexy"
        ],
        "Additional Info": {
            "id": "3j84U36KvLeXNDPv4t5pI8",
            "explicit": true,
            "album": "Perfect Ten",
            "release_date": "2019-06-28",
            "genres": [
                "cali rap",
                "pop rap",
                "rap",
                "southern hip hop",
                "trap",
                "atl hip hop",
                "hip hop",
                "rap",
                "trap"
            ],
            "duration": 192471,
            "acousticness": 0.174,
            "danceability": 7.138000000000001,
            "instrumentalness": 0,
            "liveness": 0.344,
            "loudness": -5.545,
            "speechiness": 0.127,
            "time_signature": 4,
            "happiness": 2.233
        }
    },
    {
        "#": 31,
        "Track Title": "Rake It Up",
        "Artist": "Yo Gotti, Nicki Minaj",
        "Key": "3A",
        "Energy": 4.996,
        "Popularity": 1.0,
        "BPM": 150,
        "DJ Play Count": 0,
        "Rating": "*******",
        "My Tag": [
            "Bach Party",
            "2010s",
            "Hip Hop",
            "Sexy"
        ],
        "Additional Info": {
            "id": "6c7D34787LOtPm8tzhsLgH",
            "explicit": true,
            "album": "Rake It Up",
            "release_date": "2017-06-23",
            "genres": [
                "dirty south rap",
                "gangster rap",
                "memphis hip hop",
                "rap",
                "southern hip hop",
                "tennessee hip hop",
                "trap",
                "hip pop",
                "pop",
                "queens hip hop",
                "rap"
            ],
            "duration": 276333,
            "acousticness": 0.022,
            "danceability": 9.19,
            "instrumentalness": 0,
            "liveness": 0.137,
            "loudness": -8.126,
            "speechiness": 0.344,
            "time_signature": 4,
            "happiness": 5.7700000000000005
        }
    },
    {
        "#": 32,
        "Track Title": "Slow Motion",
        "Artist": "JUVENILE, Soulja Slim",
        "Key": "8A",
        "Energy": 7.606,
        "Popularity": 6.94,
        "BPM": 86,
        "DJ Play Count": 0,
        "Rating": "*******",
        "My Tag": [
            "Bach Party",
            "2000s",
            "Hip Hop",
            "Happy",
            "Sexy"
        ],
        "Additional Info": {
            "id": "6ihObRBTB8xdSH2mlERtOX",
            "explicit": true,
            "album": "Juve The Great",
            "release_date": "2003-01-01",
            "genres": [
                "bounce",
                "crunk",
                "dirty south rap",
                "new orleans rap",
                "southern hip hop",
                "trap",
                "bounce",
                "dirty south rap",
                "new orleans rap"
            ],
            "duration": 248200,
            "acousticness": 0.548,
            "danceability": 7.417,
            "instrumentalness": 0,
            "liveness": 0.0687,
            "loudness": -4.894,
            "speechiness": 0.325,
            "time_signature": 4,
            "happiness": 9.01
        }
    },
    {
        "#": 33,
        "Track Title": "Still Tippin' (feat. Slim Thug and Paul Wall)",
        "Artist": "Mike Jones, Paul Wall, Slim Thug",
        "Key": "2A",
        "Energy": 8.748999999999999,
        "Popularity": 7.12,
        "BPM": 143,
        "DJ Play Count": 0,
        "Rating": "*******",
        "My Tag": [
            "Bach Party",
            "2000s",
            "Hip Hop",
            "Happy",
            "Sexy"
        ],
        "Additional Info": {
            "id": "59rtiYOPgMEDf3yPEfU2la",
            "explicit": true,
            "album": "Who Is Mike Jones?",
            "release_date": "2005-04-19",
            "genres": [
                "dirty south rap",
                "chopped and screwed",
                "crunk",
                "dirty south rap",
                "houston rap",
                "crunk",
                "dirty south rap"
            ],
            "duration": 271053,
            "acousticness": 0.0361,
            "danceability": 8.74,
            "instrumentalness": 4.07e-05,
            "liveness": 0.113,
            "loudness": -7.131,
            "speechiness": 0.307,
            "time_signature": 4,
            "happiness": 8.11
        }
    },
    {
        "#": 34,
        "Track Title": "Taste (feat. Offset)",
        "Artist": "Tyga, Offset",
        "Key": "8B",
        "Energy": 6.031000000000001,
        "Popularity": 7.57,
        "BPM": 98,
        "DJ Play Count": 0,
        "Rating": "*******",
        "My Tag": [
            "Bach Party",
            "2010s",
            "Hip Hop",
            "Pop",
            "Sexy"
        ],
        "Additional Info": {
            "id": "5IaHrVsrferBYDm0bDyABy",
            "explicit": true,
            "album": "Taste (feat. Offset)",
            "release_date": "2018-05-16",
            "genres": [
                "hip hop",
                "pop rap",
                "rap",
                "trap",
                "atl hip hop",
                "rap",
                "trap"
            ],
            "duration": 232959,
            "acousticness": 0.0236,
            "danceability": 8.956,
            "instrumentalness": 0,
            "liveness": 0.101,
            "loudness": -7.442,
            "speechiness": 0.12,
            "time_signature": 4,
            "happiness": 4.078
        }
    },
    {
        "#": 35,
        "Track Title": "Wait (The Whisper Song)",
        "Artist": "Ying Yang Twins",
        "Key": "9B",
        "Energy": 5.617,
        "Popularity": 6.3999999999999995,
        "BPM": 102,
        "DJ Play Count": 0,
        "Rating": "*******",
        "My Tag": [
            "Bach Party",
            "2000s",
            "Hip Hop",
            "Sexy"
        ],
        "Additional Info": {
            "id": "5Y78yINSOCW6xbOfGWNBg4",
            "explicit": true,
            "album": "U.S.A. (United State of Atlanta)",
            "release_date": "2005-06-28",
            "genres": [
                "atl hip hop",
                "crunk",
                "dirty south rap",
                "old school atlanta hip hop",
                "southern hip hop"
            ],
            "duration": 179160,
            "acousticness": 0.00112,
            "danceability": 9.397,
            "instrumentalness": 0.00248,
            "liveness": 0.107,
            "loudness": -13.203,
            "speechiness": 0.347,
            "time_signature": 4,
            "happiness": 6.3549999999999995
        }
    },
    {
        "#": 36,
        "Track Title": "WHOLE LOTTA MONEY (feat. Nicki Minaj) - Remix",
        "Artist": "BIA, Nicki Minaj",
        "Key": "3B",
        "Energy": 5.167,
        "Popularity": 7.12,
        "BPM": 81,
        "DJ Play Count": 0,
        "Rating": "*******",
        "My Tag": [
            "Bach Party",
            "2020s",
            "Hip Hop",
            "Sexy"
        ],
        "Additional Info": {
            "id": "67G6iaOw8DZqp1z8STR89R",
            "explicit": true,
            "album": "WHOLE LOTTA MONEY (feat. Nicki Minaj) [Remix]",
            "release_date": "2021-07-09",
            "genres": [
                "rap latina",
                "trap queen",
                "hip pop",
                "pop",
                "queens hip hop",
                "rap"
            ],
            "duration": 229601,
            "acousticness": 0.199,
            "danceability": 9.037,
            "instrumentalness": 0,
            "liveness": 0.318,
            "loudness": -5.301,
            "speechiness": 0.36,
            "time_signature": 4,
            "happiness": 6.319
        }
    },
    {
        "#": 37,
        "Track Title": "Birthday Sex",
        "Artist": "Jeremih",
        "Key": "9A",
        "Energy": 5.707,
        "Popularity": 7.39,
        "BPM": 60,
        "DJ Play Count": 0,
        "Rating": "*******",
        "My Tag": [
            "Bach Party",
            "2000s",
            "Pop",
            "Hip Hop",
            "Sexy"
        ],
        "Additional Info": {
            "id": "16XNk3bVCSHXN1rlwbXtHb",
            "explicit": false,
            "album": "Jeremih",
            "release_date": "2009-01-01",
            "genres": [
                "chicago rap",
                "pop rap",
                "r&b",
                "southern hip hop",
                "trap",
                "urban contemporary"
            ],
            "duration": 226507,
            "acousticness": 0.295,
            "danceability": 7.093,
            "instrumentalness": 0,
            "liveness": 0.15,
            "loudness": -5.603,
            "speechiness": 0.0439,
            "time_signature": 4,
            "happiness": 5.014
        }
    },
    {
        "#": 38,
        "Track Title": "Up Down (Do This All Day) (feat. B.o.B)",
        "Artist": "T-Pain, B.o.B",
        "Key": "7A",
        "Energy": 5.86,
        "Popularity": 1.0,
        "BPM": 97,
        "DJ Play Count": 0,
        "Rating": "*******",
        "My Tag": [
            "Bach Party",
            "2010s",
            "Hip Hop",
            "Pop",
            "Dance Remixes",
            "Sexy"
        ],
        "Additional Info": {
            "id": "3iIuYR7cVdePFlEEhYamIY",
            "explicit": false,
            "album": "Up Down (Do This All Day) (feat. B.o.B)",
            "release_date": "2013-08-13",
            "genres": [
                "dance pop",
                "gangster rap",
                "hip hop",
                "pop rap",
                "r&b",
                "rap",
                "southern hip hop",
                "trap",
                "urban contemporary",
                "atl hip hop",
                "dance pop",
                "pop rap",
                "rap",
                "southern hip hop"
            ],
            "duration": 231627,
            "acousticness": 0.27,
            "danceability": 7.957,
            "instrumentalness": 0,
            "liveness": 0.146,
            "loudness": -5.513,
            "speechiness": 0.0581,
            "time_signature": 4,
            "happiness": 5.212000000000001
        }
    },
    {
        "#": 39,
        "Track Title": "Love Me",
        "Artist": "Lil Wayne, Drake, Future",
        "Key": "4A",
        "Energy": 6.679,
        "Popularity": 4.779999999999999,
        "BPM": 125,
        "DJ Play Count": 0,
        "Rating": "*******",
        "My Tag": [
            "Bach Party",
            "2010s",
            "Hip Hop",
            "Pop",
            "Sexy"
        ],
        "Additional Info": {
            "id": "4lWJjtWbDDALpK9tVG8Dho",
            "explicit": true,
            "album": "Love Me",
            "release_date": "2013-01-01",
            "genres": [
                "hip hop",
                "new orleans rap",
                "pop rap",
                "rap",
                "trap",
                "canadian hip hop",
                "canadian pop",
                "hip hop",
                "rap",
                "toronto rap",
                "atl hip hop",
                "hip hop",
                "rap",
                "southern hip hop",
                "trap"
            ],
            "duration": 255280,
            "acousticness": 0.0124,
            "danceability": 7.048,
            "instrumentalness": 0,
            "liveness": 0.107,
            "loudness": -6.441,
            "speechiness": 0.033,
            "time_signature": 4,
            "happiness": 5.545
        }
    },
    {
        "#": 40,
        "Track Title": "Don't Tell 'Em",
        "Artist": "Jeremih, YG",
        "Key": "10A",
        "Energy": 5.95,
        "Popularity": 1.0,
        "BPM": 131,
        "DJ Play Count": 0,
        "Rating": "*******",
        "My Tag": [
            "Bach Party",
            "2010s",
            "Pop",
            "Hip Hop",
            "Sexy"
        ],
        "Additional Info": {
            "id": "3dkknl96lNbFoSrWrxfAsU",
            "explicit": false,
            "album": "Don't Tell 'Em",
            "release_date": "2014-06-06",
            "genres": [
                "chicago rap",
                "pop rap",
                "r&b",
                "southern hip hop",
                "trap",
                "urban contemporary",
                "cali rap",
                "hip hop",
                "pop rap",
                "rap",
                "southern hip hop",
                "trap"
            ],
            "duration": 266787,
            "acousticness": 0.393,
            "danceability": 6.823,
            "instrumentalness": 0,
            "liveness": 0.107,
            "loudness": -4.507,
            "speechiness": 0.169,
            "time_signature": 5,
            "happiness": 4.087
        }
    },
    {
        "#": 41,
        "Track Title": "Red Nose",
        "Artist": "Sage The Gemini",
        "Key": "1A",
        "Energy": 5.131,
        "Popularity": 4.87,
        "BPM": 98,
        "DJ Play Count": 0,
        "Rating": "*******",
        "My Tag": [
            "Bach Party",
            "2010s",
            "Pop",
            "Hip Hop",
            "Happy",
            "Sexy"
        ],
        "Additional Info": {
            "id": "65rZ4oDVon6GMzTkSBzUnK",
            "explicit": true,
            "album": "Gas Pedal",
            "release_date": "2013-01-01",
            "genres": [
                "hyphy",
                "pop rap",
                "southern hip hop",
                "trap"
            ],
            "duration": 193573,
            "acousticness": 0.438,
            "danceability": 8.74,
            "instrumentalness": 0,
            "liveness": 0.274,
            "loudness": -5.742,
            "speechiness": 0.109,
            "time_signature": 4,
            "happiness": 7.714
        }
    },
    {
        "#": 42,
        "Track Title": "CLONES",
        "Artist": "Tierra Whack",
        "Key": "11B",
        "Energy": 5.446,
        "Popularity": 5.2299999999999995,
        "BPM": 146,
        "DJ Play Count": 0,
        "Rating": "*******",
        "My Tag": [
            "Bach Party",
            "2010s",
            "Sexy"
        ],
        "Additional Info": {
            "id": "6zlBoRMKQv2UyrafMVoQlq",
            "explicit": true,
            "album": "CLONES",
            "release_date": "2019-02-26",
            "genres": [
                "alternative r&b"
            ],
            "duration": 171392,
            "acousticness": 0.184,
            "danceability": 8.119,
            "instrumentalness": 0.0182,
            "liveness": 0.482,
            "loudness": -8.705,
            "speechiness": 0.347,
            "time_signature": 4,
            "happiness": 6.3999999999999995
        }
    },
    {
        "#": 43,
        "Track Title": "Earned It (Fifty Shades Of Grey)",
        "Artist": "The Weeknd",
        "Key": "10A",
        "Energy": 3.6189999999999998,
        "Popularity": 7.75,
        "BPM": 120,
        "DJ Play Count": 0,
        "Rating": "*******",
        "My Tag": [
            "Bach Party",
            "2010s",
            "Pop",
            "Sexy"
        ],
        "Additional Info": {
            "id": "4frLb7nWtsz2ymBE6k2GRP",
            "explicit": true,
            "album": "Beauty Behind The Madness",
            "release_date": "2015-08-28",
            "genres": [
                "canadian contemporary r&b",
                "canadian pop",
                "pop"
            ],
            "duration": 277680,
            "acousticness": 0.405,
            "danceability": 6.931,
            "instrumentalness": 0,
            "liveness": 0.0771,
            "loudness": -8.275,
            "speechiness": 0.0348,
            "time_signature": 3,
            "happiness": 4.654
        }
    },
    {
        "#": 44,
        "Track Title": "Work",
        "Artist": "Rihanna, Drake",
        "Key": "1B",
        "Energy": 5.806,
        "Popularity": 8.2,
        "BPM": 92,
        "DJ Play Count": 0,
        "Rating": "*******",
        "My Tag": [
            "Bach Party",
            "2010s",
            "Pop",
            "Hip Hop",
            "Sexy"
        ],
        "Additional Info": {
            "id": "72TFWvU3wUYdUuxejTTIzt",
            "explicit": true,
            "album": "ANTI (Deluxe)",
            "release_date": "2016-01-28",
            "genres": [
                "barbadian pop",
                "pop",
                "urban contemporary",
                "canadian hip hop",
                "canadian pop",
                "hip hop",
                "rap",
                "toronto rap"
            ],
            "duration": 219320,
            "acousticness": 0.0752,
            "danceability": 7.5249999999999995,
            "instrumentalness": 0,
            "liveness": 0.0919,
            "loudness": -6.238,
            "speechiness": 0.0946,
            "time_signature": 4,
            "happiness": 6.022
        }
    },
    {
        "#": 45,
        "Track Title": "Ahora Dice",
        "Artist": "Chris Jedi, J Balvin, Ozuna, Arcángel",
        "Key": "2B",
        "Energy": 7.236999999999999,
        "Popularity": 1.0,
        "BPM": 144,
        "DJ Play Count": 0,
        "Rating": "*******",
        "My Tag": [
            "Bach Party",
            "2010s",
            "Sexy"
        ],
        "Additional Info": {
            "id": "22eADXu8DfOAUEDw4vU8qy",
            "explicit": false,
            "album": "Ahora Dice",
            "release_date": "2017-03-17",
            "genres": [
                "reggaeton",
                "trap latino",
                "urbano latino",
                "reggaeton",
                "reggaeton colombiano",
                "trap latino",
                "urbano latino",
                "puerto rican pop",
                "reggaeton",
                "trap latino",
                "urbano latino",
                "latin hip hop",
                "reggaeton",
                "trap latino",
                "urbano latino"
            ],
            "duration": 271080,
            "acousticness": 0.246,
            "danceability": 7.372,
            "instrumentalness": 0,
            "liveness": 0.129,
            "loudness": -5.516,
            "speechiness": 0.138,
            "time_signature": 4,
            "happiness": 4.843
        }
    },
    {
        "#": 46,
        "Track Title": "La Ocasion (feat. Arcangel, Ozuna & Anuel Aa)",
        "Artist": "De La Ghetto, Mambo Kingz, DJ Luian, Arcángel, Ozuna, Anuel AA",
        "Key": "11A",
        "Energy": 6.364,
        "Popularity": 1.0,
        "BPM": 134,
        "DJ Play Count": 0,
        "Rating": "*******",
        "My Tag": [
            "Bach Party",
            "2010s",
            "Sexy"
        ],
        "Additional Info": {
            "id": "498YWgZPJWIA4lphXtCNma",
            "explicit": true,
            "album": "La Ocasion (feat. Arcangel, Ozuna & Anuel Aa)",
            "release_date": "2016-02-10",
            "genres": [
                "reggaeton",
                "reggaeton flow",
                "trap latino",
                "urbano latino",
                "reggaeton",
                "reggaeton flow",
                "trap latino",
                "urbano latino",
                "reggaeton",
                "reggaeton flow",
                "trap latino",
                "urbano latino",
                "latin hip hop",
                "reggaeton",
                "trap latino",
                "urbano latino",
                "puerto rican pop",
                "reggaeton",
                "trap latino",
                "urbano latino",
                "reggaeton",
                "reggaeton flow",
                "trap boricua",
                "trap latino",
                "urbano latino"
            ],
            "duration": 334925,
            "acousticness": 0.268,
            "danceability": 7.768,
            "instrumentalness": 0,
            "liveness": 0.149,
            "loudness": -6.558,
            "speechiness": 0.136,
            "time_signature": 4,
            "happiness": 2.944
        }
    },
    {
        "#": 47,
        "Track Title": "Passion Whine - Remastered",
        "Artist": "Farruko, Sean Paul",
        "Key": "6A",
        "Energy": 7.318,
        "Popularity": 1.0,
        "BPM": 81,
        "DJ Play Count": 0,
        "Rating": "*******",
        "My Tag": [
            "Bach Party",
            "2010s",
            "Pop",
            "Dance Remixes",
            "Happy",
            "Sexy"
        ],
        "Additional Info": {
            "id": "3RIK7cSazP9ui98nJIXXDX",
            "explicit": false,
            "album": "Farruko Presents Los Menores",
            "release_date": "2014-10-27",
            "genres": [
                "reggaeton",
                "trap latino",
                "urbano latino",
                "dance pop",
                "dancehall",
                "pop",
                "pop rap"
            ],
            "duration": 213200,
            "acousticness": 0.366,
            "danceability": 8.155000000000001,
            "instrumentalness": 0,
            "liveness": 0.0583,
            "loudness": -3.427,
            "speechiness": 0.0593,
            "time_signature": 4,
            "happiness": 8.047
        }
    },
    {
        "#": 48,
        "Track Title": "Safari",
        "Artist": "J Balvin, Pharrell Williams, BIA, Sky Rompiendo",
        "Key": "8B",
        "Energy": 7.075,
        "Popularity": 7.4799999999999995,
        "BPM": 90,
        "DJ Play Count": 0,
        "Rating": "*******",
        "My Tag": [
            "Bach Party",
            "2010s",
            "Dance Remixes",
            "Sexy"
        ],
        "Additional Info": {
            "id": "456xBIOmLRoLzCvCzZrWge",
            "explicit": false,
            "album": "Energía",
            "release_date": "2016-06-24",
            "genres": [
                "reggaeton",
                "reggaeton colombiano",
                "trap latino",
                "urbano latino",
                "dance pop",
                "pop",
                "rap latina",
                "trap queen",
                "urbano latino"
            ],
            "duration": 205600,
            "acousticness": 0.531,
            "danceability": 7.201,
            "instrumentalness": 3.17e-06,
            "liveness": 0.115,
            "loudness": -4.281,
            "speechiness": 0.32,
            "time_signature": 4,
            "happiness": 6.436
        }
    },
    {
        "#": 49,
        "Track Title": "Mala Mía",
        "Artist": "Maluma",
        "Key": "2B",
        "Energy": 7.768,
        "Popularity": 7.12,
        "BPM": 90,
        "DJ Play Count": 0,
        "Rating": "*******",
        "My Tag": [
            "Bach Party",
            "2010s",
            "Latin",
            "Happy",
            "Sexy"
        ],
        "Additional Info": {
            "id": "62o8KoI44JfN7aYxgTnPvh",
            "explicit": false,
            "album": "Mala Mía",
            "release_date": "2018-08-10",
            "genres": [
                "latin pop",
                "reggaeton",
                "reggaeton colombiano",
                "urbano latino"
            ],
            "duration": 183753,
            "acousticness": 0.31,
            "danceability": 7.741,
            "instrumentalness": 0,
            "liveness": 0.232,
            "loudness": -4.883,
            "speechiness": 0.345,
            "time_signature": 4,
            "happiness": 9.109
        }
    },
    {
        "#": 50,
        "Track Title": "Borro Cassette",
        "Artist": "Maluma",
        "Key": "7A",
        "Energy": 7.308999999999999,
        "Popularity": 8.11,
        "BPM": 88,
        "DJ Play Count": 0,
        "Rating": "*******",
        "My Tag": [
            "Bach Party",
            "2010s",
            "Latin",
            "Happy",
            "Sexy"
        ],
        "Additional Info": {
            "id": "6DUdDIRgLqCGq1DwkNWQTN",
            "explicit": false,
            "album": "Pretty Boy, Dirty Boy",
            "release_date": "2015-10-30",
            "genres": [
                "latin pop",
                "reggaeton",
                "reggaeton colombiano",
                "urbano latino"
            ],
            "duration": 207307,
            "acousticness": 0.132,
            "danceability": 7.57,
            "instrumentalness": 0,
            "liveness": 0.151,
            "loudness": -5.885,
            "speechiness": 0.106,
            "time_signature": 4,
            "happiness": 8.065000000000001
        }
    },
    {
        "#": 51,
        "Track Title": "Criminal",
        "Artist": "NATTI NATASHA, Ozuna",
        "Key": "10A",
        "Energy": 8.317,
        "Popularity": 7.93,
        "BPM": 80,
        "DJ Play Count": 0,
        "Rating": "*******",
        "My Tag": [
            "Bach Party",
            "2010s",
            "Latin",
            "Happy",
            "Sexy"
        ],
        "Additional Info": {
            "id": "6Za3190Sbw39BBC77WSS1C",
            "explicit": false,
            "album": "Criminal",
            "release_date": "2017-09-01",
            "genres": [
                "latin pop",
                "rap latina",
                "reggaeton",
                "urbano latino",
                "puerto rican pop",
                "reggaeton",
                "trap latino",
                "urbano latino"
            ],
            "duration": 232550,
            "acousticness": 0.03,
            "danceability": 8.326,
            "instrumentalness": 9.33e-05,
            "liveness": 0.255,
            "loudness": -3.023,
            "speechiness": 0.0561,
            "time_signature": 4,
            "happiness": 8.551
        }
    },
    {
        "#": 52,
        "Track Title": "Me Gusta",
        "Artist": "NATTI NATASHA",
        "Key": "3A",
        "Energy": 7.2909999999999995,
        "Popularity": 1.0,
        "BPM": 96,
        "DJ Play Count": 0,
        "Rating": "*******",
        "My Tag": [
            "Bach Party",
            "2010s",
            "Latin",
            "Happy",
            "Sexy"
        ],
        "Additional Info": {
            "id": "2hNwoBCLppnljA7HVvwZns",
            "explicit": false,
            "album": "Me Gusta",
            "release_date": "2018-12-02",
            "genres": [
                "latin pop",
                "rap latina",
                "reggaeton",
                "urbano latino"
            ],
            "duration": 197293,
            "acousticness": 0.0719,
            "danceability": 8.677,
            "instrumentalness": 0.0184,
            "liveness": 0.0684,
            "loudness": -4.282,
            "speechiness": 0.0473,
            "time_signature": 4,
            "happiness": 7.12
        }
    },
    {
        "#": 53,
        "Track Title": "El Farsante",
        "Artist": "Ozuna",
        "Key": "2B",
        "Energy": 7.588,
        "Popularity": 5.7700000000000005,
        "BPM": 120,
        "DJ Play Count": 0,
        "Rating": "*******",
        "My Tag": [
            "Bach Party",
            "2010s",
            "Sexy"
        ],
        "Additional Info": {
            "id": "2LW4Zu7FcrwjWm3t5Rv3Oq",
            "explicit": false,
            "album": "El Farsante",
            "release_date": "2017-07-21",
            "genres": [
                "puerto rican pop",
                "reggaeton",
                "trap latino",
                "urbano latino"
            ],
            "duration": 233827,
            "acousticness": 0.214,
            "danceability": 7.777,
            "instrumentalness": 0,
            "liveness": 0.265,
            "loudness": -3.619,
            "speechiness": 0.0562,
            "time_signature": 4,
            "happiness": 3.9250000000000003
        }
    },
    {
        "#": 54,
        "Track Title": "Es Un Secreto",
        "Artist": "Plan B",
        "Key": "2A",
        "Energy": 8.047,
        "Popularity": 1.0,
        "BPM": 95,
        "DJ Play Count": 0,
        "Rating": "*******",
        "My Tag": [
            "Bach Party",
            "2010s",
            "Sexy"
        ],
        "Additional Info": {
            "id": "2qM1Uus4I6Yx2BGlIzXaI0",
            "explicit": false,
            "album": "House of Pleasure",
            "release_date": "2010-07-20",
            "genres": [
                "reggaeton",
                "trap latino",
                "urbano latino"
            ],
            "duration": 190560,
            "acousticness": 0.106,
            "danceability": 8.568999999999999,
            "instrumentalness": 2.49e-06,
            "liveness": 0.0528,
            "loudness": -4.915,
            "speechiness": 0.0432,
            "time_signature": 4,
            "happiness": 5.626
        }
    },
    {
        "#": 55,
        "Track Title": "S&M",
        "Artist": "Rihanna",
        "Key": "3B",
        "Energy": 7.138000000000001,
        "Popularity": 5.95,
        "BPM": 128,
        "DJ Play Count": 0,
        "Rating": "*******",
        "My Tag": [
            "Bach Party",
            "2010s",
            "Pop",
            "Hip Hop",
            "Happy",
            "Sexy"
        ],
        "Additional Info": {
            "id": "08Bfk5Y2S5fCxgxk371Eel",
            "explicit": false,
            "album": "Loud",
            "release_date": "2010-11-16",
            "genres": [
                "barbadian pop",
                "pop",
                "urban contemporary"
            ],
            "duration": 243533,
            "acousticness": 0.0113,
            "danceability": 7.894,
            "instrumentalness": 0.00016,
            "liveness": 0.104,
            "loudness": -5.02,
            "speechiness": 0.0419,
            "time_signature": 4,
            "happiness": 8.497
        }
    },
    {
        "#": 56,
        "Track Title": "Nasty Girl, Fantastic",
        "Artist": "JASC",
        "Key": "2B",
        "Energy": 7.786,
        "Popularity": 4.33,
        "BPM": 98,
        "DJ Play Count": 0,
        "Rating": "*******",
        "My Tag": [
            "Bach Party",
            "2020s",
            "Happy",
            "Sexy"
        ],
        "Additional Info": {
            "id": "0B8tFY6COqUmvCKHm30zY8",
            "explicit": true,
            "album": "Nasty Girl, Fantastic",
            "release_date": "2021-01-29",
            "genres": [],
            "duration": 126514,
            "acousticness": 0.077,
            "danceability": 8.668,
            "instrumentalness": 0.00193,
            "liveness": 0.147,
            "loudness": -7.071,
            "speechiness": 0.102,
            "time_signature": 4,
            "happiness": 7.380999999999999
        }
    },
    {
        "#": 57,
        "Track Title": "Gas Pedal",
        "Artist": "Sage The Gemini, Iamsu!",
        "Key": "3B",
        "Energy": 5.8420000000000005,
        "Popularity": 7.12,
        "BPM": 97,
        "DJ Play Count": 0,
        "Rating": "*******",
        "My Tag": [
            "Bach Party",
            "2010s",
            "Pop",
            "Hip Hop",
            "Sexy"
        ],
        "Additional Info": {
            "id": "1UMKquW1olreYO1LlLmTqi",
            "explicit": true,
            "album": "Remember Me",
            "release_date": "2014-03-25",
            "genres": [
                "hyphy",
                "pop rap",
                "southern hip hop",
                "trap",
                "cali rap"
            ],
            "duration": 208160,
            "acousticness": 0.0273,
            "danceability": 8.587,
            "instrumentalness": 0,
            "liveness": 0.124,
            "loudness": -8.028,
            "speechiness": 0.0833,
            "time_signature": 4,
            "happiness": 4.852
        }
    },
    {
        "#": 58,
        "Track Title": "All the Time (feat. Lil Wayne & Natasha Mosley)",
        "Artist": "Jeremih, Lil Wayne, Natasha Mosley",
        "Key": "7B",
        "Energy": 4.933,
        "Popularity": 1.0,
        "BPM": 110,
        "DJ Play Count": 0,
        "Rating": "*******",
        "My Tag": [
            "Bach Party",
            "2010s",
            "Pop",
            "Hip Hop",
            "Sexy"
        ],
        "Additional Info": {
            "id": "6UGupEQ6B3c8p1LcVYXVWF",
            "explicit": true,
            "album": "Magic Mike XXL (Original Motion Picture Soundtrack)",
            "release_date": "2015-06-30",
            "genres": [
                "chicago rap",
                "pop rap",
                "r&b",
                "southern hip hop",
                "trap",
                "urban contemporary",
                "hip hop",
                "new orleans rap",
                "pop rap",
                "rap",
                "trap",
                "pop r&b"
            ],
            "duration": 265238,
            "acousticness": 0.571,
            "danceability": 7.093,
            "instrumentalness": 9.88e-06,
            "liveness": 0.306,
            "loudness": -9.919,
            "speechiness": 0.361,
            "time_signature": 4,
            "happiness": 1.306
        }
    },
    {
        "#": 59,
        "Track Title": "My Love Is Like...Wo",
        "Artist": "Mýa",
        "Key": "12B",
        "Energy": 7.102,
        "Popularity": 5.7700000000000005,
        "BPM": 133,
        "DJ Play Count": 0,
        "Rating": "*******",
        "My Tag": [
            "Bach Party",
            "2000s",
            "Hip Hop",
            "Happy",
            "Sexy"
        ],
        "Additional Info": {
            "id": "3Gamc2D6VSlXpUcmhPUFYt",
            "explicit": false,
            "album": "Moodring",
            "release_date": "2003-01-01",
            "genres": [
                "contemporary r&b",
                "hip pop",
                "r&b",
                "urban contemporary"
            ],
            "duration": 209490,
            "acousticness": 0.227,
            "danceability": 8.515,
            "instrumentalness": 6.44e-06,
            "liveness": 0.287,
            "loudness": -6.458,
            "speechiness": 0.124,
            "time_signature": 4,
            "happiness": 7.372
        }
    },
    {
        "#": 60,
        "Track Title": "Pour It Up",
        "Artist": "Rihanna",
        "Key": "10B",
        "Energy": 5.302,
        "Popularity": 7.57,
        "BPM": 134,
        "DJ Play Count": 0,
        "Rating": "*******",
        "My Tag": [
            "Bach Party",
            "2010s",
            "Pop",
            "Hip Hop",
            "Sexy"
        ],
        "Additional Info": {
            "id": "76VtA90NKurNqaQpV126Ue",
            "explicit": true,
            "album": "Unapologetic (Deluxe)",
            "release_date": "2012-12-11",
            "genres": [
                "barbadian pop",
                "pop",
                "urban contemporary"
            ],
            "duration": 161200,
            "acousticness": 0.0254,
            "danceability": 8.065000000000001,
            "instrumentalness": 0,
            "liveness": 0.0901,
            "loudness": -8.735,
            "speechiness": 0.0419,
            "time_signature": 4,
            "happiness": 4.51
        }
    },
    {
        "#": 61,
        "Track Title": "Walk It Talk It",
        "Artist": "Migos, Drake",
        "Key": "10B",
        "Energy": 6.697,
        "Popularity": 7.93,
        "BPM": 146,
        "DJ Play Count": 0,
        "Rating": "*******",
        "My Tag": [
            "Bach Party",
            "2010s",
            "Hip Hop",
            "Pop",
            "Sexy"
        ],
        "Additional Info": {
            "id": "6n4U3TlzUGhdSFbUUhTvLP",
            "explicit": true,
            "album": "Culture II",
            "release_date": "2018-01-26",
            "genres": [
                "atl hip hop",
                "hip hop",
                "rap",
                "trap",
                "canadian hip hop",
                "canadian pop",
                "hip hop",
                "rap",
                "toronto rap"
            ],
            "duration": 276147,
            "acousticness": 0.0876,
            "danceability": 9.163,
            "instrumentalness": 2.6e-06,
            "liveness": 0.106,
            "loudness": -5.145,
            "speechiness": 0.184,
            "time_signature": 4,
            "happiness": 4.555
        }
    }
]